gbif_id,species,scientific_name,kingdom,phylum,class,order,family,genus,country,state,locality,latitude,longitude,year,event_date,dataset
3034438331,Tephrodornis pondicerianus,"Tephrodornis pondicerianus pondicerianus (Gmelin, 1789)",Animalia,Chordata,Aves,Passeriformes,Tephrodornithidae,Tephrodornis,India,,"Sinhagad Valley, Pune, Maharashtra",18.3669,73.7512,2026,2026-01-14,
5938027498,Clamator coromandus,"Clamator coromandus (Linnaeus, 1766)",Animalia,Chordata,Aves,Cuculiformes,Cuculidae,Clamator,India,Tamil Nadu,,11.079803,79.828217,2026,2026-01-01T23:28,iNaturalist research-grade observations
5938027505,Psilopogon haemacephalus,"Psilopogon haemacephalus (P.L.S.Müller, 1776)",Animalia,Chordata,Aves,Piciformes,Megalaimidae,Psilopogon,India,Karnataka,,12.311931,77.276921,2026,2026-01-03T07:13,iNaturalist research-grade observations
5938027511,Egretta garzetta,"Egretta garzetta (Linnaeus, 1766)",Animalia,Chordata,Aves,Pelecaniformes,Ardeidae,Egretta,India,Tamil Nadu,,12.782749,80.236628,2026,2026-01-02T12:00,iNaturalist research-grade observations
5938027615,Gasteracantha geminata,"Gasteracantha geminata (Fabricius, 1798)",Animalia,Arthropoda,Arachnida,Araneae,Araneidae,Gasteracantha,India,Tamil Nadu,,12.509176,79.8358,2026,2026-01-02T10:29,iNaturalist research-grade observations
5938027628,Corvus splendens,"Corvus splendens Vieillot, 1817",Animalia,Chordata,Aves,Passeriformes,Corvidae,Corvus,India,Tamil Nadu,,11.891788,77.771567,2026,2026-01-01T16:04,iNaturalist research-grade observations
5938027850,Ardeola grayii,"Ardeola grayii (Sykes, 1832)",Animalia,Chordata,Aves,Pelecaniformes,Ardeidae,Ardeola,India,Tamil Nadu,,12.804274,80.245152,2026,2026-01-02T11:30,iNaturalist research-grade observations
5938027879,Haliastur indus,"Haliastur indus (Boddaert, 1783)",Animalia,Chordata,Aves,Accipitriformes,Accipitridae,Haliastur,India,Karnataka,,13.712335,75.252464,2026,2026-01-03T17:42,iNaturalist research-grade observations
5938028439,Microcarbo niger,"Microcarbo niger (Vieillot, 1817)",Animalia,Chordata,Aves,Suliformes,Phalacrocoracidae,Microcarbo,India,Kerala,,11.818958,75.432428,2026,2026-01-04T18:27:06,iNaturalist research-grade observations
5938028473,Hestiasula brunneriana,"Hestiasula brunneriana Saussure, 1871",Animalia,Arthropoda,Insecta,Mantodea,Hymenopodidae,Hestiasula,India,Tamil Nadu,,12.869336,80.243512,2026,2026-01-03T07:53:51,iNaturalist research-grade observations
5938028568,Zosterops palpebrosus,"Zosterops palpebrosus (Temminck, 1824)",Animalia,Chordata,Aves,Passeriformes,Zosteropidae,Zosterops,India,Karnataka,,12.88164,77.688845,2026,2026-01-01T16:16,iNaturalist research-grade observations
5938028595,Campanula dimorphantha,Campanula dimorphantha Schweinf.,Plantae,Tracheophyta,Magnoliopsida,Asterales,Campanulaceae,Campanula,India,Maharashtra,,18.366014,73.75785,2026,2026-01-04T12:53:34,iNaturalist research-grade observations
5938029315,Lampides boeticus,"Lampides boeticus (Linnaeus, 1767)",Animalia,Arthropoda,Insecta,Lepidoptera,Lycaenidae,Lampides,India,Manipur,,24.724217,93.835142,2026,2026-01-01T14:47:55,iNaturalist research-grade observations
5938029488,Tetramorium lanuginosum,"Tetramorium lanuginosum Mayr, 1870",Animalia,Arthropoda,Insecta,Hymenoptera,Formicidae,Tetramorium,India,Telangana,,17.395891,78.354659,2026,2026-01-01T19:22:59,iNaturalist research-grade observations
5938029610,Turdoides striata,"Argya striata (Dumont, 1823)",Animalia,Chordata,Aves,Passeriformes,Leiothrichidae,Turdoides,India,Uttar Pradesh,,25.407243,81.846918,2026,2026-01-03T09:16:46,iNaturalist research-grade observations
5938029644,Terpsiphone paradisi,"Terpsiphone paradisi (Linnaeus, 1758)",Animalia,Chordata,Aves,Passeriformes,Monarchidae,Terpsiphone,India,Karnataka,,12.311931,77.276921,2026,2026-01-03T08:10,iNaturalist research-grade observations
5938030088,Psittacula krameri,"Psittacula krameri (Scopoli, 1769)",Animalia,Chordata,Aves,Psittaciformes,Psittacidae,Psittacula,India,Karnataka,,12.976945,77.596138,2026,2026-01-05T17:09:32,iNaturalist research-grade observations
5938030984,Ardeola grayii,"Ardeola grayii (Sykes, 1832)",Animalia,Chordata,Aves,Pelecaniformes,Ardeidae,Ardeola,India,Tamil Nadu,,11.507453,77.234319,2026,2026-01-04T12:04:49,iNaturalist research-grade observations
5938030998,Duttaphrynus melanostictus,"Duttaphrynus melanostictus (Schneider, 1799)",Animalia,Chordata,Amphibia,Anura,Bufonidae,Duttaphrynus,India,Andaman and Nicobar,,12.030347,93.000161,2026,2026-01-02T00:27,iNaturalist research-grade observations
5938031006,Spilopelia chinensis,"Spilopelia chinensis (Scopoli, 1786)",Animalia,Chordata,Aves,Columbiformes,Columbidae,Spilopelia,India,Tripura,,24.370366,92.169556,2026,2026-01-04T16:25:34,iNaturalist research-grade observations
5938031712,Polypedates maculatus,"Polypedates maculatus (Gray, 1830)",Animalia,Chordata,Amphibia,Anura,Rhacophoridae,Polypedates,India,Maharashtra,,20.188285,79.323935,2026,2026-01-03T22:18:59,iNaturalist research-grade observations
5938031847,Lantana camara,Lantana camara L.,Plantae,Tracheophyta,Magnoliopsida,Lamiales,Verbenaceae,Lantana,India,Tamil Nadu,,12.820713,77.826347,2026,2026-01-04T09:38:28,iNaturalist research-grade observations
5938031857,Cuculus varius,"Hierococcyx varius (Vahl, 1797)",Animalia,Chordata,Aves,Cuculiformes,Cuculidae,Cuculus,India,Karnataka,,12.918313,77.680097,2026,2026-01-04T08:11,iNaturalist research-grade observations
5938032343,Geokichla citrina,"Geokichla citrina (Latham, 1790)",Animalia,Chordata,Aves,Passeriformes,Turdidae,Geokichla,India,Maharashtra,,15.722331,73.978645,2026,2026-01-02T17:47:25,iNaturalist research-grade observations
5938032487,Numenius arquata,"Numenius arquata (Linnaeus, 1758)",Animalia,Chordata,Aves,Charadriiformes,Scolopacidae,Numenius,India,Maharashtra,,19.015496,73.006286,2026,2026-01-02T09:25,iNaturalist research-grade observations
5938032727,Lanius schach,"Lanius schach Linnaeus, 1758",Animalia,Chordata,Aves,Passeriformes,Laniidae,Lanius,India,Karnataka,,12.819702,77.548591,2026,2026-01-04T09:19,iNaturalist research-grade observations
5938033034,Hirundo rustica,"Hirundo rustica Linnaeus, 1758",Animalia,Chordata,Aves,Passeriformes,Hirundinidae,Hirundo,India,Andhra Pradesh,,16.320483,81.736253,2026,2026-01-03T11:46:51,iNaturalist research-grade observations
5938033035,Acrocephalus stentoreus,"Acrocephalus stentoreus (Hemprich & Ehrenberg, 1833)",Animalia,Chordata,Aves,Passeriformes,Acrocephalidae,Acrocephalus,India,Maharashtra,,19.260592,72.850511,2026,2026-01-03T08:51,iNaturalist research-grade observations
5938033660,Pycnonotus cafer,"Pycnonotus cafer (Linnaeus, 1766)",Animalia,Chordata,Aves,Passeriformes,Pycnonotidae,Pycnonotus,India,Rajasthan,,27.0319,75.889072,2026,2026-01-03T08:22:26,iNaturalist research-grade observations
5938035820,Euchrysops cnejus,"Euchrysops cnejus (Fabricius, 1798)",Animalia,Arthropoda,Insecta,Lepidoptera,Lycaenidae,Euchrysops,India,Andhra Pradesh,,17.540961,83.044047,2026,2026-01-01T14:14:04,iNaturalist research-grade observations
5938035963,Cyornis tickelliae,"Cyornis tickelliae Blyth, 1843",Animalia,Chordata,Aves,Passeriformes,Muscicapidae,Cyornis,India,Telangana,,17.367557,78.36038,2026,2026-01-03T11:05:15,iNaturalist research-grade observations
5938035991,Ceryle rudis,"Ceryle rudis (Linnaeus, 1758)",Animalia,Chordata,Aves,Coraciiformes,Alcedinidae,Ceryle,India,Tamil Nadu,,12.804274,80.245152,2026,2026-01-02T10:49,iNaturalist research-grade observations
5938035997,Sus scrofa,"Sus scrofa cristatus Wagner, 1839",Animalia,Chordata,Mammalia,Artiodactyla,Suidae,Sus,India,Maharashtra,,19.162942,72.892053,2026,2026-01-01T13:06,iNaturalist research-grade observations
5938036136,Saxicola maurus,"Saxicola maurus (Pallas, 1773)",Animalia,Chordata,Aves,Passeriformes,Muscicapidae,Saxicola,India,Gujarat,,22.864649,72.061976,2026,2026-01-01T16:44,iNaturalist research-grade observations
5938036137,Trithemis pallidinervis,"Trithemis pallidinervis (Kirby, 1889)",Animalia,Arthropoda,Insecta,Odonata,Libellulidae,Trithemis,India,Gujarat,,22.861165,72.058217,2026,2026-01-02T11:08,iNaturalist research-grade observations
5938036262,Premna serratifolia,Premna serratifolia L.,Plantae,Tracheophyta,Magnoliopsida,Lamiales,Lamiaceae,Premna,India,Karnataka,,13.207751,74.678862,2026,2026-01-05T16:54:17,iNaturalist research-grade observations
5938036461,Camponotus compressus,"Camponotus compressus (Fabricius, 1787)",Animalia,Arthropoda,Insecta,Hymenoptera,Formicidae,Camponotus,India,Uttar Pradesh,,25.427628,81.843486,2026,2026-01-01T09:37,iNaturalist research-grade observations
5938036464,Ardea cinerea,"Ardea cinerea Linnaeus, 1758",Animalia,Chordata,Aves,Pelecaniformes,Ardeidae,Ardea,India,Tamil Nadu,,12.874312,79.372389,2026,2026-01-02,iNaturalist research-grade observations
5938036551,Corinnomma severum,"Corinnomma severum (Thorell, 1877)",Animalia,Arthropoda,Arachnida,Araneae,Corinnidae,Corinnomma,India,Kerala,,11.585075,75.761553,2026,2026-01-01T20:16:58,iNaturalist research-grade observations
5938036567,Milvus migrans,"Milvus migrans (Boddaert, 1783)",Animalia,Chordata,Aves,Accipitriformes,Accipitridae,Milvus,India,Maharashtra,,19.140178,72.959069,2026,2026-01-03T10:31:22,iNaturalist research-grade observations
5938036678,Mycteria leucocephala,"Mycteria leucocephala (Pennant, 1769)",Animalia,Chordata,Aves,Ciconiiformes,Ciconiidae,Mycteria,India,Tamil Nadu,,12.717904,80.212587,2026,2026-01-02T08:46,iNaturalist research-grade observations
5938036975,Corvus splendens,"Corvus splendens Vieillot, 1817",Animalia,Chordata,Aves,Passeriformes,Corvidae,Corvus,India,NCT of Delhi,,28.592276,77.248769,2026,2026-01-04T09:14:27,iNaturalist research-grade observations
5938037087,Zizina otis,"Zizina otis (Fabricius, 1787)",Animalia,Arthropoda,Insecta,Lepidoptera,Lycaenidae,Zizina,India,Tamil Nadu,,12.867451,79.278236,2026,2026-01-04,iNaturalist research-grade observations
5938037152,Anastomus oscitans,"Anastomus oscitans (Boddaert, 1783)",Animalia,Chordata,Aves,Ciconiiformes,Ciconiidae,Anastomus,India,Madhya Pradesh,,21.531662,76.735081,2026,2026-01-04T13:47,iNaturalist research-grade observations
5938037165,Netta rufina,"Netta rufina (Pallas, 1773)",Animalia,Chordata,Aves,Anseriformes,Anatidae,Netta,India,Madhya Pradesh,,21.336842,76.506083,2026,2026-01-03T17:19,iNaturalist research-grade observations
5938037316,Hypolimnas misippus,"Hypolimnas misippus Linnaeus, 1764",Animalia,Arthropoda,Insecta,Lepidoptera,Nymphalidae,Hypolimnas,India,Telangana,,17.491365,78.302747,2026,2026-01-04T11:44:35,iNaturalist research-grade observations
5938038343,Ardea purpurea,"Ardea purpurea Linnaeus, 1766",Animalia,Chordata,Aves,Pelecaniformes,Ardeidae,Ardea,India,Tamil Nadu,,12.874312,79.372389,2026,2026-01-02,iNaturalist research-grade observations
5938038440,Fowlea piscator,"Fowlea piscator (Schneider, 1799)",Animalia,Chordata,Squamata,,Colubridae,Fowlea,India,Rajasthan,,27.259891,76.461045,2026,2026-01-03T08:53:11,iNaturalist research-grade observations
5938038520,Centropus sinensis,"Centropus sinensis (Stephens, 1815)",Animalia,Chordata,Aves,Cuculiformes,Cuculidae,Centropus,India,Assam,,26.96174,94.627937,2026,2026-01-04T08:08:08,iNaturalist research-grade observations
5938039301,Ardea purpurea,"Ardea purpurea Linnaeus, 1766",Animalia,Chordata,Aves,Pelecaniformes,Ardeidae,Ardea,India,Tamil Nadu,,12.782749,80.236628,2026,2026-01-02T12:09,iNaturalist research-grade observations
5938039311,Tetramorium lanuginosum,"Tetramorium lanuginosum Mayr, 1870",Animalia,Arthropoda,Insecta,Hymenoptera,Formicidae,Tetramorium,India,Telangana,,17.396023,78.354562,2026,2026-01-03T19:52:58,iNaturalist research-grade observations
5938039644,Halcyon smyrnensis,"Halcyon smyrnensis (Linnaeus, 1758)",Animalia,Chordata,Aves,Coraciiformes,Alcedinidae,Halcyon,India,Karnataka,,12.311931,77.276921,2026,2026-01-03T10:10,iNaturalist research-grade observations
5938040396,Buceros bicornis,"Buceros bicornis Linnaeus, 1758",Animalia,Chordata,Aves,Bucerotiformes,Bucerotidae,Buceros,India,Maharashtra,,15.677341,74.102419,2026,2026-01-05T08:11:56,iNaturalist research-grade observations
5938040459,Vanellus duvaucelii,"Vanellus duvaucelii (R.Lesson, 1826)",Animalia,Chordata,Aves,Charadriiformes,Charadriidae,Vanellus,India,Uttarakhand,,30.360587,77.612801,2026,2026-01-03T14:57:39,iNaturalist research-grade observations
5938040469,Psammophilus dorsalis,"Psammophilus dorsalis (Gray, 1831)",Animalia,Chordata,Squamata,,Agamidae,Psammophilus,India,Tamil Nadu,,8.526175,77.287429,2026,2026-01-05T11:03:08,iNaturalist research-grade observations
5938041220,Nycticorax nycticorax,"Nycticorax nycticorax (Linnaeus, 1758)",Animalia,Chordata,Aves,Pelecaniformes,Ardeidae,Nycticorax,India,Goa,,15.440801,73.946371,2026,2026-01-02T09:19:51,iNaturalist research-grade observations
5938041269,Tringa stagnatilis,"Tringa stagnatilis (Bechstein, 1803)",Animalia,Chordata,Aves,Charadriiformes,Scolopacidae,Tringa,India,Maharashtra,,19.015496,73.006286,2026,2026-01-02T09:07,iNaturalist research-grade observations
5938041300,Turdus simillimus,"Turdus simillimus Jerdon, 1839",Animalia,Chordata,Aves,Passeriformes,Turdidae,Turdus,India,Maharashtra,,15.72232,73.97866,2026,2026-01-02T18:15:54,iNaturalist research-grade observations
5938041591,Leptocoma zeylonica,"Leptocoma zeylonica (Linnaeus, 1766)",Animalia,Chordata,Aves,Passeriformes,Nectariniidae,Leptocoma,India,Madhya Pradesh,,23.209978,77.440313,2026,2026-01-02T13:08:09,iNaturalist research-grade observations
5938041605,Cyornis tickelliae,"Cyornis tickelliae Blyth, 1843",Animalia,Chordata,Aves,Passeriformes,Muscicapidae,Cyornis,India,Madhya Pradesh,,23.144908,80.044753,2026,2026-01-02T11:57:20,iNaturalist research-grade observations
5938042301,Ardeola grayii,"Ardeola grayii (Sykes, 1832)",Animalia,Chordata,Aves,Pelecaniformes,Ardeidae,Ardeola,India,Uttar Pradesh,,25.407119,81.847236,2026,2026-01-03T11:06:51,iNaturalist research-grade observations
5938042448,Circus aeruginosus,"Circus aeruginosus (Linnaeus, 1758)",Animalia,Chordata,Aves,Accipitriformes,Accipitridae,Circus,India,Tamil Nadu,,12.331572,80.014708,2026,2026-01-04T09:26,iNaturalist research-grade observations
5938043683,Columba livia,"Columba livia var. domestica J.F.Gmelin, 1789",Animalia,Chordata,Aves,Columbiformes,Columbidae,Columba,India,Uttar Pradesh,,25.407238,81.846921,2026,2026-01-01T09:14:47,iNaturalist research-grade observations
5938043808,Polyrhachis exercita,"Polyrhachis exercita (Walker, 1859)",Animalia,Arthropoda,Insecta,Hymenoptera,Formicidae,Polyrhachis,India,Kerala,,10.19243,76.292022,2026,2026-01-01T20:27:45,iNaturalist research-grade observations
5938043951,Ardea alba,"Ardea alba Linnaeus, 1758",Animalia,Chordata,Aves,Pelecaniformes,Ardeidae,Ardea,India,Tamil Nadu,,12.717904,80.212587,2026,2026-01-02T08:54,iNaturalist research-grade observations
5938044180,Riparia riparia,"Riparia riparia (Linnaeus, 1758)",Animalia,Chordata,Aves,Passeriformes,Hirundinidae,Riparia,India,Gujarat,,22.832273,72.052914,2026,2026-01-01T14:08,iNaturalist research-grade observations
5938044262,Orthomorpha coarctata,"Orthomorpha coarctata (Saussure, 1860)",Animalia,Arthropoda,Diplopoda,Polydesmida,Paradoxosomatidae,Orthomorpha,India,Kerala,,10.041275,76.322944,2026,2026-01-05T08:44:50,iNaturalist research-grade observations
5938044312,Halcyon smyrnensis,"Halcyon smyrnensis (Linnaeus, 1758)",Animalia,Chordata,Aves,Coraciiformes,Alcedinidae,Halcyon,India,Telangana,,17.455961,78.360017,2026,2026-01-01T15:12:29,iNaturalist research-grade observations
5938044634,Euphorbia hypericifolia,Euphorbia hypericifolia L.,Plantae,Tracheophyta,Magnoliopsida,Malpighiales,Euphorbiaceae,Euphorbia,India,Telangana,,17.421877,78.549208,2026,2026-01-03T11:24:43,iNaturalist research-grade observations
5938044656,Oriolus kundoo,"Oriolus kundoo Sykes, 1832",Animalia,Chordata,Aves,Passeriformes,Oriolidae,Oriolus,India,Maharashtra,,19.260592,72.850511,2026,2026-01-03T10:39:12,iNaturalist research-grade observations
5938044677,Monomorium floricola,"Monomorium floricola (Jerdon, 1851)",Animalia,Arthropoda,Insecta,Hymenoptera,Formicidae,Monomorium,India,Kerala,,10.041281,76.322967,2026,2026-01-03T17:27:50,iNaturalist research-grade observations
5938044711,Rhopocichla atriceps,"Dumetia atriceps (Jerdon, 1839)",Animalia,Chordata,Aves,Passeriformes,Timaliidae,Rhopocichla,India,Maharashtra,,15.809248,74.15748,2026,2026-01-03T16:25:26,iNaturalist research-grade observations
5938044802,Leptosia nina,"Leptosia nina (Fabricius, 1793)",Animalia,Arthropoda,Insecta,Lepidoptera,Pieridae,Leptosia,India,Andaman and Nicobar,,12.027968,93.00163,2026,2026-01-04T07:59:48,iNaturalist research-grade observations
5938044853,Capra hircus,"Capra hircus hircus Linnaeus, 1758",Animalia,Chordata,Mammalia,Artiodactyla,Bovidae,Capra,India,Maharashtra,,19.163917,72.882128,2026,2026-01-04T15:41:49,iNaturalist research-grade observations
5938044870,Anthus rufulus,"Anthus rufulus Vieillot, 1818",Animalia,Chordata,Aves,Passeriformes,Motacillidae,Anthus,India,Karnataka,,12.819435,77.550318,2026,2026-01-04T11:15,iNaturalist research-grade observations
5938046068,Motacilla alba,"Motacilla alba Linnaeus, 1758",Animalia,Chordata,Aves,Passeriformes,Motacillidae,Motacilla,India,Uttar Pradesh,,25.407104,81.84721,2026,2026-01-03T11:07:22,iNaturalist research-grade observations
5938046655,Myrmicaria brunnea,"Myrmicaria brunnea Saunders, 1842",Animalia,Arthropoda,Insecta,Hymenoptera,Formicidae,Myrmicaria,India,Kerala,,10.043828,76.326003,2026,2026-01-02T10:20:07,iNaturalist research-grade observations
5938047374,Upupa epops,"Upupa epops Linnaeus, 1758",Animalia,Chordata,Aves,Bucerotiformes,Upupidae,Upupa,India,Maharashtra,,18.661927,72.865929,2026,2026-01-01T09:36,iNaturalist research-grade observations
5938047418,Halcyon smyrnensis,"Halcyon smyrnensis (Linnaeus, 1758)",Animalia,Chordata,Aves,Coraciiformes,Alcedinidae,Halcyon,India,Gujarat,,22.133081,73.413782,2026,2026-01-01T17:31:01,iNaturalist research-grade observations
5938047419,Merops orientalis,"Merops orientalis Latham, 1801",Animalia,Chordata,Aves,Coraciiformes,Meropidae,Merops,India,Gujarat,,22.133081,73.413782,2026,2026-01-01T17:29:42,iNaturalist research-grade observations
5938047421,Cocos nucifera,Cocos nucifera L.,Plantae,Tracheophyta,Liliopsida,Arecales,Arecaceae,Cocos,India,Tamil Nadu,,12.313767,79.717833,2026,2026-01-01T12:03:29,iNaturalist research-grade observations
5938048074,Lanius schach,"Lanius schach Linnaeus, 1758",Animalia,Chordata,Aves,Passeriformes,Laniidae,Lanius,India,Maharashtra,,18.853588,73.878447,2026,2026-01-01T17:48:41,iNaturalist research-grade observations
5938048180,Fowlea piscator,"Fowlea piscator (Schneider, 1799)",Animalia,Chordata,Squamata,,Colubridae,Fowlea,India,Telangana,,17.431367,78.390914,2026,2026-01-01T08:44,iNaturalist research-grade observations
5938048230,Corvus macrorhynchos,"Corvus macrorhynchos Wagler, 1827",Animalia,Chordata,Aves,Passeriformes,Corvidae,Corvus,India,Maharashtra,,18.795067,72.925728,2026,2026-01-02T08:24,iNaturalist research-grade observations
5938048324,Varanus salvator,"Varanus salvator andamanensis Deraniyagala, 1944",Animalia,Chordata,Squamata,,Varanidae,Varanus,India,Andaman and Nicobar,,11.822415,93.061289,2026,2026-01-02T16:57:17,iNaturalist research-grade observations
5938048412,Papilio polytes,"Papilio polytes Linnaeus, 1758",Animalia,Arthropoda,Insecta,Lepidoptera,Papilionidae,Papilio,India,Odisha,,19.344983,83.783175,2026,2026-01-04T18:00,iNaturalist research-grade observations
5938049869,Cyrtophora cicatrosa,"Cyrtophora cicatrosa (Stoliczka, 1869)",Animalia,Arthropoda,Arachnida,Araneae,Araneidae,Cyrtophora,India,Maharashtra,,19.260592,72.850511,2026,2026-01-03T09:14:46,iNaturalist research-grade observations
5938049873,Danaus chrysippus,"Danaus chrysippus (Linnaeus, 1758)",Animalia,Arthropoda,Insecta,Lepidoptera,Nymphalidae,Danaus,India,Tamil Nadu,,12.717904,80.212587,2026,2026-01-02T08:21,iNaturalist research-grade observations
5938050000,Chilades laius,"Chilades laius (Cramer, 1782)",Animalia,Arthropoda,Insecta,Lepidoptera,Lycaenidae,Chilades,India,Tamil Nadu,,12.931101,80.168266,2026,2026-01-04T08:34,iNaturalist research-grade observations
5938050052,Pseudibis papillosa,"Pseudibis papillosa (Temminck, 1824)",Animalia,Chordata,Aves,Pelecaniformes,Threskiornithidae,Pseudibis,India,Madhya Pradesh,,21.531662,76.735081,2026,2026-01-04T12:59,iNaturalist research-grade observations
5938050880,,"Pelagella Gray, 1850",Animalia,Mollusca,Gastropoda,Nudibranchia,Goniodorididae,Pelagella,India,Maharashtra,,18.959225,72.796967,2026,2026-01-02T17:02:53,iNaturalist research-grade observations
5938052482,Cyornis tickelliae,"Cyornis tickelliae Blyth, 1843",Animalia,Chordata,Aves,Passeriformes,Muscicapidae,Cyornis,India,Maharashtra,,18.376903,73.75367,2026,2026-01-02T19:10,iNaturalist research-grade observations
5938052484,Euodice malabarica,"Euodice malabarica (Linnaeus, 1758)",Animalia,Chordata,Aves,Passeriformes,Estrildidae,Euodice,India,Tamil Nadu,,12.874312,79.372389,2026,2026-01-02,iNaturalist research-grade observations
5938052485,Motacilla flava,"Motacilla flava Linnaeus, 1758",Animalia,Chordata,Aves,Passeriformes,Motacillidae,Motacilla,India,Tamil Nadu,,11.891788,77.771567,2026,2026-01-01T16:03,iNaturalist research-grade observations
5938052503,Physeter macrocephalus,"Physeter macrocephalus Linnaeus, 1758",Animalia,Chordata,Mammalia,Cetacea,Physeteridae,Physeter,India,Andaman and Nicobar,,12.560781,92.932591,2026,2026-01-02T17:44,iNaturalist research-grade observations
5938052854,Catochrysops strabo,"Catochrysops strabo (Fabricius, 1793)",Animalia,Arthropoda,Insecta,Lepidoptera,Lycaenidae,Catochrysops,India,Tamil Nadu,,10.950633,76.806358,2026,2026-01-01T10:12:12,iNaturalist research-grade observations
5938053003,Alcedo atthis,"Alcedo atthis (Linnaeus, 1758)",Animalia,Chordata,Aves,Coraciiformes,Alcedinidae,Alcedo,India,Maharashtra,,19.016591,73.00594,2026,2026-01-04T10:08,iNaturalist research-grade observations
5938053107,Calotropis gigantea,Calotropis gigantea (L.) W.T.Aiton,Plantae,Tracheophyta,Magnoliopsida,Gentianales,Apocynaceae,Calotropis,India,Kerala,,8.77946,76.674678,2026,2026-01-01T17:48:04,iNaturalist research-grade observations
5938053249,Talicada nyseus,"Talicada nyseus (Guérin-Méneville, 1843)",Animalia,Arthropoda,Insecta,Lepidoptera,Lycaenidae,Talicada,India,Maharashtra,,18.481843,73.810617,2026,2026-01-02T19:10,iNaturalist research-grade observations
5938053358,Psittacula krameri,"Psittacula krameri (Scopoli, 1769)",Animalia,Chordata,Aves,Psittaciformes,Psittacidae,Psittacula,India,Gujarat,,23.030242,72.57593,2026,2026-01-04T08:31:20,iNaturalist research-grade observations
5938053380,Prinia socialis,"Prinia socialis Sykes, 1832",Animalia,Chordata,Aves,Passeriformes,Cisticolidae,Prinia,India,Karnataka,,12.982146,77.669404,2026,2026-01-04T04:16:08,iNaturalist research-grade observations
5938053982,Anhinga melanogaster,"Anhinga melanogaster Pennant, 1769",Animalia,Chordata,Aves,Suliformes,Anhingidae,Anhinga,India,Tamil Nadu,,11.687405,78.180668,2026,2026-01-01T10:32:53,iNaturalist research-grade observations
5938054059,Streptopelia decaocto,"Streptopelia decaocto (Frivaldszky, 1838)",Animalia,Chordata,Aves,Columbiformes,Columbidae,Streptopelia,India,Rajasthan,,26.925794,75.823671,2026,2026-01-01T17:07:51,iNaturalist research-grade observations
5938055384,Jamides celeno,"Jamides celeno (Cramer, 1775)",Animalia,Arthropoda,Insecta,Lepidoptera,Lycaenidae,Jamides,India,Kerala,,9.031683,76.895694,2026,2026-01-01T10:43:39,iNaturalist research-grade observations
5938055435,Pistia stratiotes,Pistia stratiotes L.,Plantae,Tracheophyta,Liliopsida,Alismatales,Araceae,Pistia,India,Tamil Nadu,,12.874312,79.372389,2026,2026-01-02,iNaturalist research-grade observations
5938055955,Turnera ulmifolia,Turnera ulmifolia L.,Plantae,Tracheophyta,Magnoliopsida,Malpighiales,Turneraceae,Turnera,India,Maharashtra,,17.386973,73.528168,2026,2026-01-04T09:38:02,iNaturalist research-grade observations
5938056158,Mareca strepera,"Mareca strepera (Linnaeus, 1758)",Animalia,Chordata,Aves,Anseriformes,Anatidae,Mareca,India,Madhya Pradesh,,21.336842,76.506083,2026,2026-01-03T16:32,iNaturalist research-grade observations
5938056496,Hypsipetes leucocephalus,"Hypsipetes leucocephalus (Gmelin, 1789)",Animalia,Chordata,Aves,Passeriformes,Pycnonotidae,Hypsipetes,India,Himachal Pradesh,,31.420114,76.733022,2026,2026-01-01T11:25:26,iNaturalist research-grade observations
5938056750,Gamochaeta pensylvanica,Gamochaeta pensylvanica (Willd.) Cabrera,Plantae,Tracheophyta,Magnoliopsida,Asterales,Asteraceae,Gamochaeta,India,Bihar,,25.609097,85.014328,2026,2026-01-01T14:53:35,iNaturalist research-grade observations
5938058486,Lycodon aulicus,"Lycodon aulicus (Linnaeus, 1758)",Animalia,Chordata,Squamata,,Colubridae,Lycodon,India,Maharashtra,,19.51638,73.907507,2026,2026-01-04T09:43:16,iNaturalist research-grade observations
5938058490,Anas acuta,"Anas acuta Linnaeus, 1758",Animalia,Chordata,Aves,Anseriformes,Anatidae,Anas,India,Madhya Pradesh,,21.336842,76.506083,2026,2026-01-03T16:55,iNaturalist research-grade observations
5938058601,Culicicapa ceylonensis,"Culicicapa ceylonensis (Swainson, 1820)",Animalia,Chordata,Aves,Passeriformes,Stenostiridae,Culicicapa,India,Gujarat,,22.828903,72.056429,2026,2026-01-01T11:34,iNaturalist research-grade observations
5938058660,Fulica atra,"Fulica atra Linnaeus, 1758",Animalia,Chordata,Aves,Gruiformes,Rallidae,Fulica,India,Madhya Pradesh,,21.531662,76.735081,2026,2026-01-04T13:26,iNaturalist research-grade observations
5938060281,Ploceus benghalensis,"Ploceus benghalensis (Linnaeus, 1758)",Animalia,Chordata,Aves,Passeriformes,Ploceidae,Ploceus,India,Gujarat,,22.826563,72.106315,2026,2026-01-01T08:35:16,iNaturalist research-grade observations
5938061384,Halcyon smyrnensis,"Halcyon smyrnensis (Linnaeus, 1758)",Animalia,Chordata,Aves,Coraciiformes,Alcedinidae,Halcyon,India,Telangana,,17.430041,78.389459,2026,2026-01-01T09:13:08,iNaturalist research-grade observations
5938061446,Hypolimnas bolina,"Hypolimnas bolina (Linnaeus, 1758)",Animalia,Arthropoda,Insecta,Lepidoptera,Nymphalidae,Hypolimnas,India,Odisha,,20.164903,85.612809,2026,2026-01-03T13:34:24,iNaturalist research-grade observations
5938061569,Boiga trigonata,"Boiga trigonata (Schneider, 1802)",Animalia,Chordata,Squamata,,Colubridae,Boiga,India,Tamil Nadu,,12.493589,77.677606,2026,2026-01-05T13:10:04,iNaturalist research-grade observations
5938061593,Tringa stagnatilis,"Tringa stagnatilis (Bechstein, 1803)",Animalia,Chordata,Aves,Charadriiformes,Scolopacidae,Tringa,India,Tamil Nadu,,12.329965,80.017507,2026,2026-01-04T08:24,iNaturalist research-grade observations
5938062229,,"Ardea Linnaeus, 1758",Animalia,Chordata,Aves,Pelecaniformes,Ardeidae,Ardea,India,Tamil Nadu,,11.698508,78.177655,2026,2026-01-01T10:46:13,iNaturalist research-grade observations
5938062610,Macaca radiata,"Macaca radiata (É.Geoffroy Saint-Hilaire, 1812)",Animalia,Chordata,Mammalia,Primates,Cercopithecidae,Macaca,India,Tamil Nadu,,11.418587,76.712242,2026,2026-01-01T16:30:44,iNaturalist research-grade observations
5938062705,Chroicocephalus brunnicephalus,"Chroicocephalus brunnicephalus (Jerdon, 1840)",Animalia,Chordata,Aves,Charadriiformes,Laridae,Chroicocephalus,India,Kerala,,9.13327,76.463428,2026,2026-01-02T08:46,iNaturalist research-grade observations
5938063551,Graphium agamemnon,"Graphium agamemnon (Linnaeus, 1758)",Animalia,Arthropoda,Insecta,Lepidoptera,Papilionidae,Graphium,India,Tamil Nadu,,13.025052,80.224777,2026,2026-01-05T08:24,iNaturalist research-grade observations
5938063665,Lepas anserifera,"Lepas anserifera Linnaeus, 1767",Animalia,Arthropoda,Maxillopoda,Pedunculata,Lepadidae,Lepas,India,Andaman and Nicobar,,11.627861,92.751983,2026,2026-01-05T14:53:40,iNaturalist research-grade observations
5938063694,Oecophylla smaragdina,"Oecophylla smaragdina (Fabricius, 1775)",Animalia,Arthropoda,Insecta,Hymenoptera,Formicidae,Oecophylla,India,Kerala,,10.220095,76.201276,2026,2026-01-05T18:06:15,iNaturalist research-grade observations
5938063926,Leptosia nina,"Leptosia nina (Fabricius, 1793)",Animalia,Arthropoda,Insecta,Lepidoptera,Pieridae,Leptosia,India,Andhra Pradesh,,17.684941,83.199113,2026,2026-01-04T13:02:42,iNaturalist research-grade observations
5938064083,Gallinula chloropus,"Gallinula chloropus (Linnaeus, 1758)",Animalia,Chordata,Aves,Gruiformes,Rallidae,Gallinula,India,Uttarakhand,,30.286711,77.973576,2026,2026-01-02T10:01:22,iNaturalist research-grade observations
5938064141,Streptopelia decaocto,"Streptopelia decaocto (Frivaldszky, 1838)",Animalia,Chordata,Aves,Columbiformes,Columbidae,Streptopelia,India,NCT of Delhi,,28.552188,77.25221,2026,2026-01-05T10:41:05,iNaturalist research-grade observations
5938065060,Graphium agamemnon,"Graphium agamemnon (Linnaeus, 1758)",Animalia,Arthropoda,Insecta,Lepidoptera,Papilionidae,Graphium,India,Maharashtra,,19.267938,72.971154,2026,2026-01-04T13:30,iNaturalist research-grade observations
5938065099,Euchrysops cnejus,"Euchrysops cnejus (Fabricius, 1798)",Animalia,Arthropoda,Insecta,Lepidoptera,Lycaenidae,Euchrysops,India,Gujarat,,22.876965,72.059228,2026,2026-01-02T10:43,iNaturalist research-grade observations
5938065191,Castalius rosimon,"Castalius rosimon (Fabricius, 1775)",Animalia,Arthropoda,Insecta,Lepidoptera,Lycaenidae,Castalius,India,Tamil Nadu,,12.931101,80.168266,2026,2026-01-04T08:33,iNaturalist research-grade observations
5938065193,Pernis ptilorhynchus,"Pernis ptilorhynchus ruficollis Lesson, 1830",Animalia,Chordata,Aves,Accipitriformes,Accipitridae,Pernis,India,Maharashtra,,18.112498,74.091894,2026,2026-01-02T10:48:45,iNaturalist research-grade observations
5938066340,Aythya fuligula,"Aythya fuligula (Linnaeus, 1758)",Animalia,Chordata,Aves,Anseriformes,Anatidae,Aythya,India,Madhya Pradesh,,21.531662,76.735081,2026,2026-01-04T13:25,iNaturalist research-grade observations
5938066483,Halcyon smyrnensis,"Halcyon smyrnensis (Linnaeus, 1758)",Animalia,Chordata,Aves,Coraciiformes,Alcedinidae,Halcyon,India,Gujarat,,22.702328,71.676322,2026,2026-01-03T08:12:22,iNaturalist research-grade observations
5938066492,Castalius rosimon,"Castalius rosimon (Fabricius, 1775)",Animalia,Arthropoda,Insecta,Lepidoptera,Lycaenidae,Castalius,India,Andhra Pradesh,,17.541679,83.044418,2026,2026-01-05T12:45:27,iNaturalist research-grade observations
5938066627,Netta rufina,"Netta rufina (Pallas, 1773)",Animalia,Chordata,Aves,Anseriformes,Anatidae,Netta,India,Madhya Pradesh,,21.370947,76.64796,2026,2026-01-03T12:19,iNaturalist research-grade observations
5938067229,Oecophylla smaragdina,"Oecophylla smaragdina (Fabricius, 1775)",Animalia,Arthropoda,Insecta,Hymenoptera,Formicidae,Oecophylla,India,Kerala,,10.041398,76.323103,2026,2026-01-01T12:10:59,iNaturalist research-grade observations
5938067390,Nephila pilipes,"Nephila pilipes (Fabricius, 1793)",Animalia,Arthropoda,Arachnida,Araneae,Araneidae,Nephila,India,Karnataka,,11.965797,77.179774,2026,2026-01-03,iNaturalist research-grade observations
5938067581,Plocamopherus ceylonicus,"Plocamopherus ceylonicus (Kelaart, 1858)",Animalia,Mollusca,Gastropoda,Nudibranchia,Polyceridae,Plocamopherus,India,Maharashtra,,18.958642,72.796463,2026,2026-01-02T17:22:32,iNaturalist research-grade observations
5938068327,Saxicola maurus,"Saxicola maurus (Pallas, 1773)",Animalia,Chordata,Aves,Passeriformes,Muscicapidae,Saxicola,India,Madhya Pradesh,,21.336842,76.506083,2026,2026-01-03T16:43,iNaturalist research-grade observations
5938068344,Motacilla maderaspatensis,"Motacilla maderaspatensis Gmelin, 1789",Animalia,Chordata,Aves,Passeriformes,Motacillidae,Motacilla,India,Uttarakhand,,30.381213,77.797188,2026,2026-01-03T14:42:25,iNaturalist research-grade observations
5938068753,Burhinus indicus,"Burhinus indicus (Salvadori, 1866)",Animalia,Chordata,Aves,Charadriiformes,Burhinidae,Burhinus,India,Gujarat,,22.831378,72.086644,2026,2026-01-01T10:14:35,iNaturalist research-grade observations
5938068767,Orthomorpha coarctata,"Orthomorpha coarctata (Saussure, 1860)",Animalia,Arthropoda,Diplopoda,Polydesmida,Paradoxosomatidae,Orthomorpha,India,Kerala,,10.041283,76.322947,2026,2026-01-01T12:01:34,iNaturalist research-grade observations
5938068774,Ardea cinerea,"Ardea cinerea Linnaeus, 1758",Animalia,Chordata,Aves,Pelecaniformes,Ardeidae,Ardea,India,Maharashtra,,19.156861,72.9581,2026,2026-01-01T11:04:42,iNaturalist research-grade observations
5938068916,Microcarbo niger,"Microcarbo niger (Vieillot, 1817)",Animalia,Chordata,Aves,Suliformes,Phalacrocoracidae,Microcarbo,India,Maharashtra,,19.138886,72.958464,2026,2026-01-03T11:00:02,iNaturalist research-grade observations
5938069279,Porphyrio porphyrio,"Porphyrio poliocephalus (Latham, 1801)",Animalia,Chordata,Aves,Gruiformes,Rallidae,Porphyrio,India,Goa,,15.553537,73.912404,2026,2026-01-04T13:15,iNaturalist research-grade observations
5938070697,Ardeola grayii,"Ardeola grayii (Sykes, 1832)",Animalia,Chordata,Aves,Pelecaniformes,Ardeidae,Ardeola,India,Kerala,,9.826583,76.311107,2026,2026-01-02T14:06:59,iNaturalist research-grade observations
5938070723,Plocamopherus ceylonicus,"Plocamopherus ceylonicus (Kelaart, 1858)",Animalia,Mollusca,Gastropoda,Nudibranchia,Polyceridae,Plocamopherus,India,Andhra Pradesh,,17.782441,83.382778,2026,2026-01-04T14:55:56,iNaturalist research-grade observations
5938070805,Sphagneticola trilobata,Sphagneticola trilobata (L.) Pruski,Plantae,Tracheophyta,Magnoliopsida,Asterales,Asteraceae,Sphagneticola,India,Tamil Nadu,,12.824147,80.041242,2026,2026-01-02T11:38:02,iNaturalist research-grade observations
5938070889,Lepidochelys olivacea,"Lepidochelys olivacea (Eschscholtz, 1829)",Animalia,Chordata,Testudines,,Cheloniidae,Lepidochelys,India,Andhra Pradesh,,17.909553,83.537664,2026,2026-01-03T01:22:51,iNaturalist research-grade observations
5938071080,Leucauge decorata,"Leucauge decorata (Blackwall, 1864)",Animalia,Arthropoda,Arachnida,Araneae,Tetragnathidae,Leucauge,India,Tamil Nadu,,13.08622,80.269798,2026,2026-01-02T12:16,iNaturalist research-grade observations
5938071150,Emberiza melanocephala,"Emberiza melanocephala Scopoli, 1769",Animalia,Chordata,Aves,Passeriformes,Emberizidae,Emberiza,India,Maharashtra,,18.795067,72.925728,2026,2026-01-02T09:21,iNaturalist research-grade observations
5938072384,Craspedocephalus macrolepis,"Craspedocephalus macrolepis Beddome, 1862",Animalia,Chordata,Squamata,,Viperidae,Craspedocephalus,India,Kerala,,10.15452,77.167157,2026,2026-01-01T07:19:54,iNaturalist research-grade observations
5938072524,Delias eucharis,"Delias eucharis (Drury, 1773)",Animalia,Arthropoda,Insecta,Lepidoptera,Pieridae,Delias,India,Karnataka,,13.276357,74.757301,2026,2026-01-05T16:48:02,iNaturalist research-grade observations
5938074064,Anastomus oscitans,"Anastomus oscitans (Boddaert, 1783)",Animalia,Chordata,Aves,Ciconiiformes,Ciconiidae,Anastomus,India,Karnataka,,13.45087,74.69737,2026,2026-01-02T18:12,iNaturalist research-grade observations
5938074149,Solanum torvum,Solanum torvum Sw.,Plantae,Tracheophyta,Magnoliopsida,Solanales,Solanaceae,Solanum,India,Tamil Nadu,,10.877694,79.093469,2026,2026-01-03T08:21:09,iNaturalist research-grade observations
5938075095,Pycnonotus leucotis,"Pycnonotus leucotis (Gould, 1836)",Animalia,Chordata,Aves,Passeriformes,Pycnonotidae,Pycnonotus,India,Gujarat,,22.82565,72.109518,2026,2026-01-01T08:14:01,iNaturalist research-grade observations
5938075278,Anser anser,"Anser anser (Linnaeus, 1758)",Animalia,Chordata,Aves,Anseriformes,Anatidae,Anser,India,Gujarat,,22.914714,71.973683,2026,2026-01-02T16:28:06,iNaturalist research-grade observations
5938075536,Funambulus pennantii,"Funambulus pennantii Wroughton, 1905",Animalia,Chordata,Mammalia,Rodentia,Sciuridae,Funambulus,India,Uttar Pradesh,,25.406201,81.839012,2026,2026-01-01T13:59:02,iNaturalist research-grade observations
5938075927,Saxicoloides fulicatus,"Copsychus fulicatus (Linnaeus, 1766)",Animalia,Chordata,Aves,Passeriformes,Muscicapidae,Saxicoloides,India,Rajasthan,,26.894976,75.814718,2026,2026-01-02T15:22:29,iNaturalist research-grade observations
5938076434,Egretta garzetta,"Egretta garzetta (Linnaeus, 1766)",Animalia,Chordata,Aves,Pelecaniformes,Ardeidae,Egretta,India,Maharashtra,,19.140336,72.962661,2026,2026-01-03T09:27:05,iNaturalist research-grade observations
5938076540,Tridax procumbens,Tridax procumbens L.,Plantae,Tracheophyta,Magnoliopsida,Asterales,Asteraceae,Tridax,India,Maharashtra,,20.598054,79.86906,2026,2026-01-04T16:19,iNaturalist research-grade observations
5938076568,Pastor roseus,"Pastor roseus (Linnaeus, 1758)",Animalia,Chordata,Aves,Passeriformes,Sturnidae,Pastor,India,Gujarat,,22.816927,72.106545,2026,2026-01-01T08:58,iNaturalist research-grade observations
5938076699,,"Thinornis G.R.Gray, 1844",Animalia,Chordata,Aves,Charadriiformes,Charadriidae,Thinornis,India,Tamil Nadu,,12.331495,80.014338,2026,2026-01-04T09:32,iNaturalist research-grade observations
5938077737,Turdoides striata,"Argya striata (Dumont, 1823)",Animalia,Chordata,Aves,Passeriformes,Leiothrichidae,Turdoides,India,Gujarat,,22.289718,73.191251,2026,2026-01-01T15:43:57,iNaturalist research-grade observations
5938078609,Myrmicaria brunnea,"Myrmicaria brunnea Saunders, 1842",Animalia,Arthropoda,Insecta,Hymenoptera,Formicidae,Myrmicaria,India,Kerala,,10.220139,76.201278,2026,2026-01-05T18:05:33,iNaturalist research-grade observations
5938078948,Scatophagus argus,"Scatophagus argus (Linnaeus, 1766)",Animalia,Chordata,,Perciformes,Scatophagidae,Scatophagus,India,Goa,,15.472509,73.997855,2026,2026-01-04T18:01:40,iNaturalist research-grade observations
5938079007,Tadorna ferruginea,"Tadorna ferruginea (Pallas, 1764)",Animalia,Chordata,Aves,Anseriformes,Anatidae,Tadorna,India,Madhya Pradesh,,21.336842,76.506083,2026,2026-01-03T16:55,iNaturalist research-grade observations
5938080211,Dicrurus macrocercus,"Dicrurus macrocercus Vieillot, 1817",Animalia,Chordata,Aves,Passeriformes,Dicruridae,Dicrurus,India,Maharashtra,,18.661927,72.865929,2026,2026-01-01T09:40,iNaturalist research-grade observations
5938080315,Ariadne merione,"Ariadne merione (Cramer, 1779)",Animalia,Arthropoda,Insecta,Lepidoptera,Nymphalidae,Ariadne,India,Odisha,,19.4237,84.827633,2026,2026-01-04T12:59:59,iNaturalist research-grade observations
5938080351,Milvus migrans,"Milvus migrans (Boddaert, 1783)",Animalia,Chordata,Aves,Accipitriformes,Accipitridae,Milvus,India,Kerala,,9.907018,76.316322,2026,2026-01-02T13:32:09,iNaturalist research-grade observations
5938081177,Thelacantha brevispina,"Thelacantha brevispina (Doleschall, 1857)",Animalia,Arthropoda,Arachnida,Araneae,Araneidae,Thelacantha,India,Maharashtra,,19.139622,72.957447,2026,2026-01-03T08:29:56,iNaturalist research-grade observations
5938082731,Spatula clypeata,"Spatula clypeata (Linnaeus, 1758)",Animalia,Chordata,Aves,Anseriformes,Anatidae,Spatula,India,Maharashtra,,19.140303,72.961078,2026,2026-01-03T10:24:34,iNaturalist research-grade observations
5938083338,Ophisops leschenaultii,"Ophisops leschenaultii (Milne-Edwards, 1829)",Animalia,Chordata,Squamata,,Lacertidae,Ophisops,India,Karnataka,,13.570119,77.993669,2026,2026-01-01T11:43:52,iNaturalist research-grade observations
5938083949,Centropus sinensis,"Centropus sinensis (Stephens, 1815)",Animalia,Chordata,Aves,Cuculiformes,Cuculidae,Centropus,India,Karnataka,,13.051896,77.752508,2026,2026-01-01T09:16:36,iNaturalist research-grade observations
5938084146,Copsychus saularis,"Copsychus saularis (Linnaeus, 1758)",Animalia,Chordata,Aves,Passeriformes,Muscicapidae,Copsychus,India,Kerala,,9.030278,76.896036,2026,2026-01-01T07:47:19,iNaturalist research-grade observations
5938084208,Lagocephalus laevigatus,"Lagocephalus laevigatus (Linnaeus, 1766)",Animalia,Chordata,,Tetraodontiformes,Tetraodontidae,Lagocephalus,India,Kerala,,12.130643,75.148503,2026,2026-01-02,iNaturalist research-grade observations
5938084344,Acraea terpsicore,"Acraea terpsicore (Linnaeus, 1758)",Animalia,Arthropoda,Insecta,Lepidoptera,Nymphalidae,Acraea,India,Tamil Nadu,,9.154089,77.465574,2026,2026-01-01T01:09,iNaturalist research-grade observations
5938085138,Pavo cristatus,"Pavo cristatus Linnaeus, 1758",Animalia,Chordata,Aves,Galliformes,Phasianidae,Pavo,India,Telangana,,17.454906,78.360978,2026,2026-01-01T14:32:18,iNaturalist research-grade observations
5938085585,Danaus genutia,"Danaus genutia (Cramer, 1779)",Animalia,Arthropoda,Insecta,Lepidoptera,Nymphalidae,Danaus,India,Tamil Nadu,,11.254508,77.65818,2026,2026-01-02T10:03:03,iNaturalist research-grade observations
5938085767,Euthalia aconthea,"Euthalia aconthea Cramer, 1779",Animalia,Arthropoda,Insecta,Lepidoptera,Nymphalidae,Euthalia,India,Karnataka,,12.960297,77.52512,2026,2026-01-03T11:21,iNaturalist research-grade observations
5938085792,Platalea leucorodia,"Platalea leucorodia Linnaeus, 1758",Animalia,Chordata,Aves,Pelecaniformes,Threskiornithidae,Platalea,India,Tamil Nadu,,12.717904,80.212587,2026,2026-01-02T08:33,iNaturalist research-grade observations
5938086029,Junonia atlites,"Junonia atlites (Linnaeus, 1763)",Animalia,Arthropoda,Insecta,Lepidoptera,Nymphalidae,Junonia,India,Maharashtra,,15.775938,74.082253,2026,2026-01-05T09:35:46,iNaturalist research-grade observations
5938087162,,"Tachyspiza Kaup, 1844",Animalia,Chordata,Aves,,,Tachyspiza,India,Karnataka,,12.847007,77.646632,2026,2026-01-02T13:28,iNaturalist research-grade observations
5938087362,Ardea purpurea,"Ardea purpurea Linnaeus, 1766",Animalia,Chordata,Aves,Pelecaniformes,Ardeidae,Ardea,India,Goa,,15.293755,73.909294,2026,2026-01-04T03:04:41,iNaturalist research-grade observations
5938087917,Amaurornis phoenicurus,"Amaurornis phoenicurus (Pennant, 1769)",Animalia,Chordata,Aves,Gruiformes,Rallidae,Amaurornis,India,Kerala,,11.818014,75.432492,2026,2026-01-04T18:03:35,iNaturalist research-grade observations
5938089121,Ardea cinerea,"Ardea cinerea Linnaeus, 1758",Animalia,Chordata,Aves,Pelecaniformes,Ardeidae,Ardea,India,Tamil Nadu,,11.891788,77.771567,2026,2026-01-01T17:26,iNaturalist research-grade observations
5938089291,Codiaeum variegatum,Codiaeum variegatum (L.) Rumph. ex A.Juss.,Plantae,Tracheophyta,Magnoliopsida,Malpighiales,Euphorbiaceae,Codiaeum,India,Maharashtra,,19.869471,75.371408,2026,2026-01-03T11:12:57,iNaturalist research-grade observations
5938089353,Leptosia nina,"Leptosia nina (Fabricius, 1793)",Animalia,Arthropoda,Insecta,Lepidoptera,Pieridae,Leptosia,India,Telangana,,17.491333,78.302732,2026,2026-01-04T12:07:38,iNaturalist research-grade observations
5938089394,Euodice malabarica,"Euodice malabarica (Linnaeus, 1758)",Animalia,Chordata,Aves,Passeriformes,Estrildidae,Euodice,India,Gujarat,,22.909568,72.209451,2026,2026-01-03T08:09,iNaturalist research-grade observations
5938089524,Adoxomyia heminopla,"Adoxomyia heminopla (Wiedemann, 1819)",Animalia,Arthropoda,Insecta,Diptera,Stratiomyidae,Adoxomyia,India,Kerala,,10.041444,76.323079,2026,2026-01-01T11:58:40,iNaturalist research-grade observations
5938089545,Ropalidia variegata,"Ropalidia variegata (Smith, 1852)",Animalia,Arthropoda,Insecta,Hymenoptera,Vespidae,Ropalidia,India,Uttar Pradesh,,25.449271,81.781615,2026,2026-01-01T15:25:10,iNaturalist research-grade observations
5938092301,Copsychus saularis,"Copsychus saularis (Linnaeus, 1758)",Animalia,Chordata,Aves,Passeriformes,Muscicapidae,Copsychus,India,Uttar Pradesh,,25.413314,81.846528,2026,2026-01-05T10:44:25,iNaturalist research-grade observations
5938092332,Anoplolepis gracilipes,"Anoplolepis gracilipes (Smith, 1857)",Animalia,Arthropoda,Insecta,Hymenoptera,Formicidae,Anoplolepis,India,Kerala,,10.227283,76.198606,2026,2026-01-05T17:21:11,iNaturalist research-grade observations
5938092431,Euthalia aconthea,"Euthalia aconthea Cramer, 1779",Animalia,Arthropoda,Insecta,Lepidoptera,Nymphalidae,Euthalia,India,Karnataka,,12.891503,77.592306,2026,2026-01-04T11:18,iNaturalist research-grade observations
5938092699,Dicrurus macrocercus,"Dicrurus macrocercus Vieillot, 1817",Animalia,Chordata,Aves,Passeriformes,Dicruridae,Dicrurus,India,Madhya Pradesh,,21.531662,76.735081,2026,2026-01-04T13:14,iNaturalist research-grade observations
5938093165,Lantana camara,Lantana camara L.,Plantae,Tracheophyta,Magnoliopsida,Lamiales,Verbenaceae,Lantana,India,Uttar Pradesh,,25.413314,81.846528,2026,2026-01-05T10:56:43,iNaturalist research-grade observations
5938093193,Crossopriza lyoni,"Crossopriza lyoni (Blackwall, 1867)",Animalia,Arthropoda,Arachnida,Araneae,Pholcidae,Crossopriza,India,Kerala,,10.053525,76.32267,2026,2026-01-05T20:30:47,iNaturalist research-grade observations
5938093289,Milvus migrans,"Milvus migrans (Boddaert, 1783)",Animalia,Chordata,Aves,Accipitriformes,Accipitridae,Milvus,India,Maharashtra,,19.141906,72.964628,2026,2026-01-04T10:53,iNaturalist research-grade observations
5938093396,Monomorium atomum,"Monomorium atomum Forel, 1902",Animalia,Arthropoda,Insecta,Hymenoptera,Formicidae,Monomorium,India,Kerala,,10.04133,76.323074,2026,2026-01-01T19:35:37,iNaturalist research-grade observations
5938093622,Merops orientalis,"Merops orientalis Latham, 1801",Animalia,Chordata,Aves,Coraciiformes,Meropidae,Merops,India,Telangana,,17.424803,78.545365,2026,2026-01-02T17:52:34,iNaturalist research-grade observations
5938093759,Junonia lemonias,"Junonia lemonias (Linnaeus, 1758)",Animalia,Arthropoda,Insecta,Lepidoptera,Nymphalidae,Junonia,India,Kerala,,10.104459,76.289785,2026,2026-01-04T16:39:28,iNaturalist research-grade observations
5938093760,Danaus chrysippus,"Danaus chrysippus (Linnaeus, 1758)",Animalia,Arthropoda,Insecta,Lepidoptera,Nymphalidae,Danaus,India,Maharashtra,,19.03582,73.041245,2026,2026-01-04T15:50:38,iNaturalist research-grade observations
5938093828,Mycteria leucocephala,"Mycteria leucocephala (Pennant, 1769)",Animalia,Chordata,Aves,Ciconiiformes,Ciconiidae,Mycteria,India,Gujarat,,22.894678,72.091601,2026,2026-01-02T09:10,iNaturalist research-grade observations
5938094029,Cheilomenes sexmaculata,"Cheilomenes sexmaculata (Fabricius, 1781)",Animalia,Arthropoda,Insecta,Coleoptera,Coccinellidae,Cheilomenes,India,Telangana,,17.421126,78.547612,2026,2026-01-03T11:08:07,iNaturalist research-grade observations
5938094241,Pandion haliaetus,"Pandion haliaetus (Linnaeus, 1758)",Animalia,Chordata,Aves,Accipitriformes,Pandionidae,Pandion,India,Goa,,15.449365,73.930287,2026,2026-01-02T10:09:01,iNaturalist research-grade observations
5938096208,Zemeros flegyas,"Zemeros flegyas Cramer, 1780",Animalia,Arthropoda,Insecta,Lepidoptera,Riodinidae,Zemeros,India,Assam,,26.680315,93.975318,2026,2026-01-01T14:42:11,iNaturalist research-grade observations
5938098081,Actitis hypoleucos,"Actitis hypoleucos (Linnaeus, 1758)",Animalia,Chordata,Aves,Charadriiformes,Scolopacidae,Actitis,India,Karnataka,,13.632324,74.670222,2026,2026-01-01T08:40,iNaturalist research-grade observations
5938098105,Parathyma nefte,Athyma inara Doubleday,Animalia,Arthropoda,Insecta,Lepidoptera,Nymphalidae,Parathyma,India,Assam,,26.680315,93.975318,2026,2026-01-01T14:36:23,iNaturalist research-grade observations
5938098694,Oenanthe fusca,"Oenanthe fusca (Blyth, 1851)",Animalia,Chordata,Aves,Passeriformes,Muscicapidae,Oenanthe,India,Maharashtra,,20.598189,79.869236,2026,2026-01-01T18:00,iNaturalist research-grade observations
5938098739,Nephila pilipes,"Nephila pilipes (Fabricius, 1793)",Animalia,Arthropoda,Arachnida,Araneae,Araneidae,Nephila,India,Tamil Nadu,,10.357678,76.887505,2026,2026-01-02T11:09:12,iNaturalist research-grade observations
5938098861,Ceriagrion coromandelianum,"Ceriagrion coromandelianum (Fabricius, 1798)",Animalia,Arthropoda,Insecta,Odonata,Coenagrionidae,Ceriagrion,India,Gujarat,,21.154268,71.745139,2026,2026-01-04T10:06:09,iNaturalist research-grade observations
5938098881,Hirundo rustica,"Hirundo rustica Linnaeus, 1758",Animalia,Chordata,Aves,Passeriformes,Hirundinidae,Hirundo,India,Maharashtra,,19.141906,72.964628,2026,2026-01-04T10:29,iNaturalist research-grade observations
5938099009,Pseudibis papillosa,"Pseudibis papillosa (Temminck, 1824)",Animalia,Chordata,Aves,Pelecaniformes,Threskiornithidae,Pseudibis,India,Karnataka,,13.7895,76.840725,2026,2026-01-01T15:12:55,iNaturalist research-grade observations
5938099603,Spoladea recurvalis,"Spoladea recurvalis (Fabricius, 1775)",Animalia,Arthropoda,Insecta,Lepidoptera,Crambidae,Spoladea,India,Maharashtra,,18.478767,73.830987,2026,2026-01-02T19:48:58,iNaturalist research-grade observations
5938099616,,Colubridae,Animalia,Chordata,Squamata,,Colubridae,,India,Karnataka,,12.554858,75.799142,2026,2026-01-02T08:57:47,iNaturalist research-grade observations
5938099631,Palythoa mutuki,"Palythoa mutuki (Haddon & Shackleton, 1891)",Animalia,Cnidaria,Anthozoa,Zoantharia,Sphenopidae,Palythoa,India,Maharashtra,,18.956918,72.795007,2026,2026-01-02T16:47:27,iNaturalist research-grade observations
5938100352,Dicrurus paradiseus,"Dicrurus paradiseus (Linnaeus, 1766)",Animalia,Chordata,Aves,Passeriformes,Dicruridae,Dicrurus,India,Maharashtra,,15.726366,73.986857,2026,2026-01-02T16:44:09,iNaturalist research-grade observations
5938100394,Lonchura striata,"Lonchura striata (Linnaeus, 1766)",Animalia,Chordata,Aves,Passeriformes,Estrildidae,Lonchura,India,Kerala,,10.538997,76.1863,2026,2026-01-02T16:30,iNaturalist research-grade observations
5938100670,Papilio polytes,"Papilio polytes Linnaeus, 1758",Animalia,Arthropoda,Insecta,Lepidoptera,Papilionidae,Papilio,India,Tamil Nadu,,11.098628,77.214543,2026,2026-01-01T11:31:42,iNaturalist research-grade observations
5938100822,Neoscona theisi,"Neoscona theisi (Walckenaer, 1841)",Animalia,Arthropoda,Arachnida,Araneae,Araneidae,Neoscona,India,Maharashtra,,19.990262,72.739658,2026,2026-01-02T20:29:43,iNaturalist research-grade observations
5938100833,Pycnonotus leucotis,"Pycnonotus leucotis (Gould, 1836)",Animalia,Chordata,Aves,Passeriformes,Pycnonotidae,Pycnonotus,India,Maharashtra,,18.795067,72.925728,2026,2026-01-02T09:06,iNaturalist research-grade observations
5938101772,Glareola lactea,"Glareola lactea Temminck, 1820",Animalia,Chordata,Aves,Charadriiformes,Glareolidae,Glareola,India,Maharashtra,,18.124145,74.044401,2026,2026-01-03T13:09:23,iNaturalist research-grade observations
5938101893,Neptis jumbah,"Neptis jumbah Moore, 1857",Animalia,Arthropoda,Insecta,Lepidoptera,Nymphalidae,Neptis,India,Karnataka,,12.891503,77.592306,2026,2026-01-04T11:19,iNaturalist research-grade observations
5938102316,Euploea core,"Euploea core (Cramer, 1780)",Animalia,Arthropoda,Insecta,Lepidoptera,Nymphalidae,Euploea,India,Tamil Nadu,,10.85382,77.67492,2026,2026-01-02T16:34:53,iNaturalist research-grade observations
5938102358,Camponotus compressus,"Camponotus compressus (Fabricius, 1787)",Animalia,Arthropoda,Insecta,Hymenoptera,Formicidae,Camponotus,India,Telangana,,17.396766,78.334772,2026,2026-01-02T23:20:17,iNaturalist research-grade observations
5938102397,Ardea cinerea,"Ardea cinerea Linnaeus, 1758",Animalia,Chordata,Aves,Pelecaniformes,Ardeidae,Ardea,India,Karnataka,,13.789542,76.840669,2026,2026-01-01T15:16:08,iNaturalist research-grade observations
5938102852,Prosotas nora,"Prosotas nora (Felder, 1860)",Animalia,Arthropoda,Insecta,Lepidoptera,Lycaenidae,Prosotas,India,Telangana,,17.491341,78.302739,2026,2026-01-03T11:30:42,iNaturalist research-grade observations
5938102877,Lepidochelys olivacea,"Lepidochelys olivacea (Eschscholtz, 1829)",Animalia,Chordata,Testudines,,Cheloniidae,Lepidochelys,India,Andhra Pradesh,,17.880188,83.505967,2026,2026-01-03T01:22:02,iNaturalist research-grade observations
5938102936,Junonia iphita,"Junonia iphita (Cramer, 1782)",Animalia,Arthropoda,Insecta,Lepidoptera,Nymphalidae,Junonia,India,Karnataka,,13.065081,77.648006,2026,2026-01-03T14:26:58,iNaturalist research-grade observations
5938102965,Panthera pardus,"Panthera pardus fusca (Meyer, 1794)",Animalia,Chordata,Mammalia,Carnivora,Felidae,Panthera,India,Maharashtra,,19.127343,72.98195,2026,2026-01-01T23:40,iNaturalist research-grade observations
5938103298,Tirumala septentrionis,"Tirumala septentrionis (Butler, 1874)",Animalia,Arthropoda,Insecta,Lepidoptera,Nymphalidae,Tirumala,India,Kerala,,10.389883,76.100994,2026,2026-01-04T14:11,iNaturalist research-grade observations
5938104070,Zizina otis,"Zizina otis (Fabricius, 1787)",Animalia,Arthropoda,Insecta,Lepidoptera,Lycaenidae,Zizina,India,Assam,,26.680315,93.975318,2026,2026-01-01T13:47:48,iNaturalist research-grade observations
5938106013,Nephila pilipes,"Nephila pilipes (Fabricius, 1793)",Animalia,Arthropoda,Arachnida,Araneae,Araneidae,Nephila,India,Tamil Nadu,,10.357662,76.887505,2026,2026-01-02T11:08:18,iNaturalist research-grade observations
5938106051,Zizina otis,"Zizina otis (Fabricius, 1787)",Animalia,Arthropoda,Insecta,Lepidoptera,Lycaenidae,Zizina,India,Telangana,,17.36775,78.356663,2026,2026-01-03T11:45:05,iNaturalist research-grade observations
5938106365,Lanius schach,"Lanius schach Linnaeus, 1758",Animalia,Chordata,Aves,Passeriformes,Laniidae,Lanius,India,Karnataka,,12.311931,77.276921,2026,2026-01-03T10:42,iNaturalist research-grade observations
5938106754,Earias flavida,"Earias flavida Felder, 1861",Animalia,Arthropoda,Insecta,Lepidoptera,Nolidae,Earias,India,Kerala,,10.173672,76.439129,2026,2026-01-02T20:40:43,iNaturalist research-grade observations
5938106779,Amaurornis phoenicurus,"Amaurornis phoenicurus (Pennant, 1769)",Animalia,Chordata,Aves,Gruiformes,Rallidae,Amaurornis,India,West Bengal,,22.443956,88.301721,2026,2026-01-04T16:35:48,iNaturalist research-grade observations
5938107434,Threskiornis melanocephalus,"Threskiornis melanocephalus (Latham, 1790)",Animalia,Chordata,Aves,Pelecaniformes,Threskiornithidae,Threskiornis,India,Tamil Nadu,,12.717904,80.212587,2026,2026-01-02T07:20,iNaturalist research-grade observations
5938108878,Plegadis falcinellus,"Plegadis falcinellus (Linnaeus, 1766)",Animalia,Chordata,Aves,Pelecaniformes,Threskiornithidae,Plegadis,India,Assam,,26.961605,94.628057,2026,2026-01-01T16:18:39,iNaturalist research-grade observations
5938109421,Suastus gremius,"Suastus gremius (Fabricius, 1798)",Animalia,Arthropoda,Insecta,Lepidoptera,Hesperiidae,Suastus,India,Karnataka,,12.891503,77.592306,2026,2026-01-04T10:44,iNaturalist research-grade observations
5938109538,Microcarbo niger,"Microcarbo niger (Vieillot, 1817)",Animalia,Chordata,Aves,Suliformes,Phalacrocoracidae,Microcarbo,India,Maharashtra,,19.015496,73.006286,2026,2026-01-02T10:18,iNaturalist research-grade observations
5938109550,Haliaeetus leucogaster,"Icthyophaga leucogaster (J.F.Gmelin, 1788)",Animalia,Chordata,Aves,Accipitriformes,Accipitridae,Haliaeetus,India,Karnataka,,13.45087,74.69737,2026,2026-01-02T17:35,iNaturalist research-grade observations
5938109764,Lawana conspersa,"Lawana conspersa (Walker, 1851)",Animalia,Arthropoda,Insecta,Hemiptera,Flatidae,Lawana,India,Odisha,,19.354206,83.787658,2026,2026-01-02T10:18:35,iNaturalist research-grade observations
5938109834,Cheilomenes sexmaculata,"Cheilomenes sexmaculata (Fabricius, 1781)",Animalia,Arthropoda,Insecta,Coleoptera,Coccinellidae,Cheilomenes,India,Telangana,,17.420742,78.547602,2026,2026-01-03T11:04:45,iNaturalist research-grade observations
5938109864,Acraea terpsicore,"Acraea terpsicore (Linnaeus, 1758)",Animalia,Arthropoda,Insecta,Lepidoptera,Nymphalidae,Acraea,India,Maharashtra,,18.554031,73.790458,2026,2026-01-03T12:46,iNaturalist research-grade observations
5938109870,Phalacrocorax fuscicollis,"Phalacrocorax fuscicollis Stephens, 1826",Animalia,Chordata,Aves,Suliformes,Phalacrocoracidae,Phalacrocorax,India,Tamil Nadu,,12.717904,80.212587,2026,2026-01-02T07:45,iNaturalist research-grade observations
5938110100,Zosterops palpebrosus,"Zosterops palpebrosus (Temminck, 1824)",Animalia,Chordata,Aves,Passeriformes,Zosteropidae,Zosterops,India,Uttarakhand,,30.395097,78.09436,2026,2026-01-03T07:56:13,iNaturalist research-grade observations
5938110213,Neptis hylas,"Neptis hylas Linnaeus, 1758",Animalia,Arthropoda,Insecta,Lepidoptera,Nymphalidae,Neptis,India,Tamil Nadu,,12.931101,80.168266,2026,2026-01-04T08:38,iNaturalist research-grade observations
5938110258,Threskiornis melanocephalus,"Threskiornis melanocephalus (Latham, 1790)",Animalia,Chordata,Aves,Pelecaniformes,Threskiornithidae,Threskiornis,India,Madhya Pradesh,,21.336842,76.506083,2026,2026-01-03T17:11,iNaturalist research-grade observations
5938110349,Anas acuta,"Anas acuta Linnaeus, 1758",Animalia,Chordata,Aves,Anseriformes,Anatidae,Anas,India,Madhya Pradesh,,21.336842,76.506083,2026,2026-01-03T17:19,iNaturalist research-grade observations
5938110370,Lepidochelys olivacea,"Lepidochelys olivacea (Eschscholtz, 1829)",Animalia,Chordata,Testudines,,Cheloniidae,Lepidochelys,India,Tamil Nadu,,12.139369,79.992004,2026,2026-01-03T18:16:10,iNaturalist research-grade observations
5938110421,Spilornis cheela,"Spilornis cheela (Latham, 1790)",Animalia,Chordata,Aves,Accipitriformes,Accipitridae,Spilornis,India,Tamil Nadu,,8.484364,77.336707,2026,2026-01-04T13:33:09,iNaturalist research-grade observations
5938110589,Fulica atra,"Fulica atra Linnaeus, 1758",Animalia,Chordata,Aves,Gruiformes,Rallidae,Fulica,India,Tamil Nadu,,12.855572,79.359378,2026,2026-01-05,iNaturalist research-grade observations
5938111071,Oena capensis,"Oena capensis (Linnaeus, 1766)",Animalia,Chordata,Aves,Columbiformes,Columbidae,Oena,India,Gujarat,,22.850543,72.091815,2026,2026-01-01T17:20:12,iNaturalist research-grade observations
5938111266,Dendrocitta vagabunda,"Dendrocitta vagabunda (Latham, 1790)",Animalia,Chordata,Aves,Passeriformes,Corvidae,Dendrocitta,India,Kerala,,8.509595,76.95485,2026,2026-01-02T06:56:05,iNaturalist research-grade observations
5938112153,Leptosia nina,"Leptosia nina (Fabricius, 1793)",Animalia,Arthropoda,Insecta,Lepidoptera,Pieridae,Leptosia,India,Andhra Pradesh,,17.684817,83.199002,2026,2026-01-04T12:57:39,iNaturalist research-grade observations
5938113461,Phalanta phalantha,"Phalanta phalantha (Drury, 1773)",Animalia,Arthropoda,Insecta,Lepidoptera,Nymphalidae,Phalanta,India,Madhya Pradesh,,23.144908,80.044753,2026,2026-01-02T11:32:28,iNaturalist research-grade observations
5938114262,Vanellus indicus,"Vanellus indicus (Boddaert, 1783)",Animalia,Chordata,Aves,Charadriiformes,Charadriidae,Vanellus,India,Telangana,,17.457778,78.357975,2026,2026-01-01T15:29:36,iNaturalist research-grade observations
5938115520,Gasteracantha geminata,"Gasteracantha geminata (Fabricius, 1798)",Animalia,Arthropoda,Arachnida,Araneae,Araneidae,Gasteracantha,India,Tamil Nadu,,11.683845,78.165564,2026,2026-01-01T08:57:28,iNaturalist research-grade observations
5938115525,Coelognathus helena,"Coelognathus helena helena (Daudin, 1803)",Animalia,Chordata,Squamata,,Colubridae,Coelognathus,India,Andhra Pradesh,,14.62373,79.047142,2026,2026-01-01T19:01:26,iNaturalist research-grade observations
5938115664,Ariadne merione,"Ariadne merione (Cramer, 1779)",Animalia,Arthropoda,Insecta,Lepidoptera,Nymphalidae,Ariadne,India,Tamil Nadu,,13.044519,80.279035,2026,2026-01-02T12:21:36,iNaturalist research-grade observations
5938116097,Halcyon smyrnensis,"Halcyon smyrnensis (Linnaeus, 1758)",Animalia,Chordata,Aves,Coraciiformes,Alcedinidae,Halcyon,India,Tamil Nadu,,12.717904,80.212587,2026,2026-01-02T07:37,iNaturalist research-grade observations
5938116631,Paratrechina longicornis,"Paratrechina longicornis (Latreille, 1802)",Animalia,Arthropoda,Insecta,Hymenoptera,Formicidae,Paratrechina,India,Kerala,,10.041259,76.322982,2026,2026-01-01T12:13:45,iNaturalist research-grade observations
5938116731,,"Thinornis G.R.Gray, 1844",Animalia,Chordata,Aves,Charadriiformes,Charadriidae,Thinornis,India,Tamil Nadu,,12.874312,79.372389,2026,2026-01-02,iNaturalist research-grade observations
5938116824,Circus aeruginosus,"Circus aeruginosus (Linnaeus, 1758)",Animalia,Chordata,Aves,Accipitriformes,Accipitridae,Circus,India,Maharashtra,,19.1406,72.959944,2026,2026-01-03T07:46:07,iNaturalist research-grade observations
5938116831,Anas acuta,"Anas acuta Linnaeus, 1758",Animalia,Chordata,Aves,Anseriformes,Anatidae,Anas,India,Tamil Nadu,,12.717904,80.212587,2026,2026-01-02T09:14,iNaturalist research-grade observations
5938116854,Ceryle rudis,"Ceryle rudis (Linnaeus, 1758)",Animalia,Chordata,Aves,Coraciiformes,Alcedinidae,Ceryle,India,Tamil Nadu,,12.80469,80.241398,2026,2026-01-02T12:56,iNaturalist research-grade observations
5938116964,Euthalia aconthea,"Euthalia aconthea Cramer, 1779",Animalia,Arthropoda,Insecta,Lepidoptera,Nymphalidae,Euthalia,India,Kerala,,9.950119,76.74619,2026,2026-01-04T12:09:03,iNaturalist research-grade observations
5938116979,Pachliopta pandiyana,"Pachliopta pandiyana (Moore, 1881)",Animalia,Arthropoda,Insecta,Lepidoptera,Papilionidae,Pachliopta,India,Tamil Nadu,,8.645269,77.200924,2026,2026-01-01T12:01:07,iNaturalist research-grade observations
5938117189,Eclipta prostrata,Eclipta prostrata (L.) L.,Plantae,Tracheophyta,Magnoliopsida,Asterales,Asteraceae,Eclipta,India,Uttar Pradesh,,25.427628,81.843486,2026,2026-01-01T09:34:42,iNaturalist research-grade observations
5938117194,Mycteria leucocephala,"Mycteria leucocephala (Pennant, 1769)",Animalia,Chordata,Aves,Ciconiiformes,Ciconiidae,Mycteria,India,Karnataka,,12.975506,77.689801,2026,2026-01-01T08:37,iNaturalist research-grade observations
5938117205,Apis cerana,"Apis cerana Fabricius, 1793",Animalia,Arthropoda,Insecta,Hymenoptera,Apidae,Apis,India,Bihar,,25.606113,85.017334,2026,2026-01-01T14:10:56,iNaturalist research-grade observations
5938117761,Netta rufina,"Netta rufina (Pallas, 1773)",Animalia,Chordata,Aves,Anseriformes,Anatidae,Netta,India,Madhya Pradesh,,21.370947,76.64796,2026,2026-01-03T10:26,iNaturalist research-grade observations
5938117780,Aquila clanga,"Clanga clanga (Pallas, 1811)",Animalia,Chordata,Aves,Accipitriformes,Accipitridae,Aquila,India,Tamil Nadu,,12.285612,80.056355,2026,2026-01-04T09:48,iNaturalist research-grade observations
5938117784,Oecophylla smaragdina,"Oecophylla smaragdina (Fabricius, 1775)",Animalia,Arthropoda,Insecta,Hymenoptera,Formicidae,Oecophylla,India,Kerala,,10.22006,76.201332,2026,2026-01-05T18:08:07,iNaturalist research-grade observations
5938117955,Treron chloropterus,"Treron chloropterus Blyth, 1845",Animalia,Chordata,Aves,Columbiformes,Columbidae,Treron,India,Andaman and Nicobar,,12.092662,93.133938,2026,2026-01-01T06:26:44,iNaturalist research-grade observations
5938118019,Pavo cristatus,"Pavo cristatus Linnaeus, 1758",Animalia,Chordata,Aves,Galliformes,Phasianidae,Pavo,India,Tamil Nadu,,11.430077,77.745648,2026,2026-01-02T09:00,iNaturalist research-grade observations
5938118168,Sylvia curruca,"Curruca curruca (Linnaeus, 1758)",Animalia,Chordata,Aves,Passeriformes,Sylviidae,Sylvia,India,Rajasthan,,25.116988,73.143812,2026,2026-01-03T11:41:38,iNaturalist research-grade observations
5938118200,Phalacrocorax carbo,"Phalacrocorax carbo (Linnaeus, 1758)",Animalia,Chordata,Aves,Suliformes,Phalacrocoracidae,Phalacrocorax,India,Tamil Nadu,,12.804274,80.245152,2026,2026-01-02T11:31,iNaturalist research-grade observations
5938118209,Hieraaetus pennatus,"Hieraaetus pennatus (Gmelin, 1788)",Animalia,Chordata,Aves,Accipitriformes,Accipitridae,Hieraaetus,India,Kerala,,8.520667,76.906958,2026,2026-01-03T17:42:57,iNaturalist research-grade observations
5938118493,Ceriagrion cerinorubellum,"Ceriagrion cerinorubellum (Brauer, 1865)",Animalia,Arthropoda,Insecta,Odonata,Coenagrionidae,Ceriagrion,India,Kerala,,10.289583,76.205722,2026,2026-01-02T15:18:37,iNaturalist research-grade observations
5938118672,Oxyopes shweta,"Oxyopes shweta Tikader, 1970",Animalia,Arthropoda,Arachnida,Araneae,Oxyopidae,Oxyopes,India,Karnataka,,12.377589,76.66204,2026,2026-01-04T08:00,iNaturalist research-grade observations
5938118879,Porpita porpita,"Porpita porpita (Linnaeus, 1758)",Animalia,Cnidaria,Hydrozoa,Anthoathecata,Porpitidae,Porpita,India,Andaman and Nicobar,,11.62768,92.752016,2026,2026-01-05T14:47:25,iNaturalist research-grade observations
5938120581,Tirumala limniace,"Tirumala limniace (Cramer, 1775)",Animalia,Arthropoda,Insecta,Lepidoptera,Nymphalidae,Tirumala,India,Maharashtra,,19.867162,72.897877,2026,2026-01-02T11:58:24,iNaturalist research-grade observations
5938120602,Passer domesticus,"Passer domesticus (Linnaeus, 1758)",Animalia,Chordata,Aves,Passeriformes,Passeridae,Passer,India,Rajasthan,,26.894274,75.815543,2026,2026-01-02T15:36:35,iNaturalist research-grade observations
5938120610,Pycnonotus leucotis,"Pycnonotus leucotis (Gould, 1836)",Animalia,Chordata,Aves,Passeriformes,Pycnonotidae,Pycnonotus,India,Maharashtra,,19.015496,73.006286,2026,2026-01-02T10:19,iNaturalist research-grade observations
5938120686,Ardeola grayii,"Ardeola grayii (Sykes, 1832)",Animalia,Chordata,Aves,Pelecaniformes,Ardeidae,Ardeola,India,Tamil Nadu,,11.40873,77.618065,2026,2026-01-02T09:06,iNaturalist research-grade observations
5938121013,Eurema laeta,"Eurema laeta (Boisduval, 1836)",Animalia,Arthropoda,Insecta,Lepidoptera,Pieridae,Eurema,India,Maharashtra,,18.554031,73.790458,2026,2026-01-03T13:09,iNaturalist research-grade observations
5938121035,Actitis hypoleucos,"Actitis hypoleucos (Linnaeus, 1758)",Animalia,Chordata,Aves,Charadriiformes,Scolopacidae,Actitis,India,Tamil Nadu,,12.804274,80.245152,2026,2026-01-02T10:56,iNaturalist research-grade observations
5938121201,Boselaphus tragocamelus,"Boselaphus tragocamelus (Pallas, 1766)",Animalia,Chordata,Mammalia,Artiodactyla,Bovidae,Boselaphus,India,Gujarat,,22.866364,72.055273,2026,2026-01-02T11:34,iNaturalist research-grade observations
5938123402,Mirabilis jalapa,Mirabilis jalapa L.,Plantae,Tracheophyta,Magnoliopsida,Caryophyllales,Nyctaginaceae,Mirabilis,India,Uttar Pradesh,,25.407016,81.847208,2026,2026-01-04T08:47:54,iNaturalist research-grade observations
5938123434,Dendrocitta vagabunda,"Dendrocitta vagabunda (Latham, 1790)",Animalia,Chordata,Aves,Passeriformes,Corvidae,Dendrocitta,India,Karnataka,,12.918313,77.680097,2026,2026-01-04T07:53,iNaturalist research-grade observations
5938124459,Chromolaena odorata,Chromolaena odorata (L.) R.M.King & H.Rob.,Plantae,Tracheophyta,Magnoliopsida,Asterales,Asteraceae,Chromolaena,India,Tamil Nadu,,11.255133,77.649257,2026,2026-01-02T08:08:41,iNaturalist research-grade observations
5938125253,Ocyceros birostris,"Ocyceros birostris (Scopoli, 1786)",Animalia,Chordata,Aves,Bucerotiformes,Bucerotidae,Ocyceros,India,Telangana,,17.418228,78.547257,2026,2026-01-05T08:12:51,iNaturalist research-grade observations
5938125516,Charadrius alexandrinus,Anarhynchus alexandrinus,Animalia,Chordata,Aves,Charadriiformes,Charadriidae,Charadrius,India,Goa,,15.481292,73.806811,2026,2026-01-01T09:05:26,iNaturalist research-grade observations
5938125562,Upupa epops,"Upupa epops Linnaeus, 1758",Animalia,Chordata,Aves,Bucerotiformes,Upupidae,Upupa,India,Karnataka,,13.712335,75.252464,2026,2026-01-01T09:01,iNaturalist research-grade observations
5938126412,Indomenella indica,"Indomenella indica (Ghate & Mukherjee, 2004)",Animalia,Arthropoda,Insecta,Mantodea,Deroplatyidae,Indomenella,India,Kerala,,11.616153,75.809631,2026,2026-01-03T14:51:48,iNaturalist research-grade observations
5938126433,Cratena pawarshindeorum,"Cratena pawarshindeorum Bharate, Padula, Apte & Shimpi, 2020",Animalia,Mollusca,Gastropoda,Nudibranchia,Facelinidae,Cratena,India,Maharashtra,,18.982475,72.805672,2026,2026-01-03T17:19:57,iNaturalist research-grade observations
5938126568,Ischnura rubilio,"Ischnura rubilio Selys, 1876",Animalia,Arthropoda,Insecta,Odonata,Coenagrionidae,Ischnura,India,Tamil Nadu,,9.888717,78.049529,2026,2026-01-04T07:48:56,iNaturalist research-grade observations
5938126866,Zizula hylax,"Zizula hylax (Fabricius, 1775)",Animalia,Arthropoda,Insecta,Lepidoptera,Lycaenidae,Zizula,India,Maharashtra,,19.141906,72.964628,2026,2026-01-04T09:40,iNaturalist research-grade observations
5938133453,Axis axis,"Axis axis (Erxleben, 1777)",Animalia,,Mammalia,Artiodactyla,Cervidae,Axis,India,Karnataka,,12.311931,77.276921,2026,2026-01-03T09:39,iNaturalist research-grade observations
5938136881,Funambulus tristriatus,"Funambulus tristriatus (Waterhouse, 1837)",Animalia,,Mammalia,Rodentia,Sciuridae,Funambulus,India,Kerala,,9.790394,76.304693,2026,2026-01-02T09:50:12,iNaturalist research-grade observations
5938155211,Panthera pardus,"Panthera pardus fusca (Meyer, 1794)",Animalia,,Mammalia,Carnivora,Felidae,Panthera,India,Maharashtra,,19.014949,72.824004,2026,2026-01-02T03:07,iNaturalist research-grade observations
5938157213,Funambulus pennantii,"Funambulus pennantii Wroughton, 1905",Animalia,,Mammalia,Rodentia,Sciuridae,Funambulus,India,NCT of Delhi,,28.59305,77.245453,2026,2026-01-04T08:34:47,iNaturalist research-grade observations
5938185753,Panthera pardus,"Panthera pardus fusca (Meyer, 1794)",Animalia,,Mammalia,Carnivora,Felidae,Panthera,India,Maharashtra,,19.002179,72.957496,2026,2026-01-02T03:09,iNaturalist research-grade observations
5938201207,Funambulus pennantii,"Funambulus pennantii Wroughton, 1905",Animalia,,Mammalia,Rodentia,Sciuridae,Funambulus,India,Uttar Pradesh,,28.464539,80.776861,2026,2026-01-03T14:58,iNaturalist research-grade observations
5938212494,Funambulus pennantii,"Funambulus pennantii Wroughton, 1905",Animalia,,Mammalia,Rodentia,Sciuridae,Funambulus,India,NCT of Delhi,,28.640317,77.251122,2026,2026-01-04T10:21:02,iNaturalist research-grade observations
5938242103,Lutrogale perspicillata,"Lutra perspicillata I.Geoffroy Saint-Hilaire, 1826",Animalia,,Mammalia,Carnivora,Mustelidae,Lutrogale,India,Uttar Pradesh,,28.494368,80.662087,2026,2026-01-05T12:22,iNaturalist research-grade observations
5938255943,Sus scrofa,"Sus scrofa cristatus Wagner, 1839",Animalia,,Mammalia,Artiodactyla,Suidae,Sus,India,Maharashtra,,19.162942,72.89205,2026,2026-01-02T00:11,iNaturalist research-grade observations
5938257474,Herpestes edwardsi,"Urva edwardsii (É.Geoffroy Saint-Hilaire, 1818)",Animalia,,Mammalia,Carnivora,Herpestidae,Herpestes,India,Maharashtra,,19.006238,73.020283,2026,2026-01-04T16:31:51,iNaturalist research-grade observations
5938271236,Felis catus,"Felis catus Linnaeus, 1758",Animalia,,Mammalia,Carnivora,Felidae,Felis,India,Karnataka,,13.731216,76.896861,2026,2026-01-03T14:56:57,iNaturalist research-grade observations
5938271634,Macaca mulatta,"Macaca mulatta (Zimmermann, 1780)",Animalia,,Mammalia,Primates,Cercopithecidae,Macaca,India,NCT of Delhi,,28.612453,77.209288,2026,2026-01-03T15:27:38,iNaturalist research-grade observations
5938276184,Moschiola indica,"Moschiola indica (Gray, 1852)",Animalia,,Mammalia,Artiodactyla,Tragulidae,Moschiola,India,Tamil Nadu,,8.634441,77.208525,2026,2026-01-01T12:32:24,iNaturalist research-grade observations
5938297751,Semnopithecus hypoleucos,"Semnopithecus hypoleucos Blyth, 1841",Animalia,,Mammalia,Primates,Cercopithecidae,Semnopithecus,India,Maharashtra,,19.207093,72.904663,2026,2026-01-03T09:21:39,iNaturalist research-grade observations
5938305962,Canis lupus,"Canis familiaris Linnaeus, 1758",Animalia,,Mammalia,Carnivora,Canidae,Canis,India,Tamil Nadu,,13.08492,80.2684,2026,2026-01-02T06:41:02,iNaturalist research-grade observations
5938311511,Lutrogale perspicillata,"Lutra perspicillata I.Geoffroy Saint-Hilaire, 1826",Animalia,,Mammalia,Carnivora,Mustelidae,Lutrogale,India,Uttar Pradesh,,28.506635,80.726103,2026,2026-01-05T12:34,iNaturalist research-grade observations
5938314388,Macaca radiata,"Macaca radiata (É.Geoffroy Saint-Hilaire, 1812)",Animalia,,Mammalia,Primates,Cercopithecidae,Macaca,India,Karnataka,,12.311931,77.276921,2026,2026-01-03T09:39,iNaturalist research-grade observations
5938318930,Funambulus pennantii,"Funambulus pennantii Wroughton, 1905",Animalia,,Mammalia,Rodentia,Sciuridae,Funambulus,India,Gujarat,,22.827789,72.056124,2026,2026-01-01T11:43,iNaturalist research-grade observations
5938341498,Canis aureus,"Canis aureus naria Wroughton, 1916",Animalia,,Mammalia,Carnivora,Canidae,Canis,India,Kerala,,11.822919,75.429228,2026,2026-01-03T11:08:11,iNaturalist research-grade observations
5938345978,Panthera pardus,"Panthera pardus (Linnaeus, 1758)",Animalia,,Mammalia,Carnivora,Felidae,Panthera,India,Maharashtra,,19.278292,72.979373,2026,2026-01-03T09:01:57,iNaturalist research-grade observations
5938349064,Funambulus pennantii,"Funambulus pennantii Wroughton, 1905",Animalia,,Mammalia,Rodentia,Sciuridae,Funambulus,India,Rajasthan,,26.894976,75.814718,2026,2026-01-02T15:37:15,iNaturalist research-grade observations
5938350723,Pteropus medius,"Pteropus medius Temminck, 1825",Animalia,,Mammalia,Chiroptera,Pteropodidae,Pteropus,India,Maharashtra,,18.645342,73.811478,2026,2026-01-01T14:08:48,iNaturalist research-grade observations
5938350834,Semnopithecus entellus,"Semnopithecus entellus (Dufresne, 1797)",Animalia,,Mammalia,Primates,Cercopithecidae,Semnopithecus,India,Gujarat,,21.882009,73.607056,2026,2026-01-01T19:27:56,iNaturalist research-grade observations
5938364393,Axis axis,"Axis axis (Erxleben, 1777)",Animalia,,Mammalia,Artiodactyla,Cervidae,Axis,India,Maharashtra,,19.162628,72.891911,2026,2026-01-03T15:34:23,iNaturalist research-grade observations
5938378539,Macaca mulatta,"Macaca mulatta (Zimmermann, 1780)",Animalia,,Mammalia,Primates,Cercopithecidae,Macaca,India,Uttar Pradesh,,27.177773,78.022783,2026,2026-01-05T16:24:19,iNaturalist research-grade observations
5938381418,Prionailurus bengalensis,"Prionailurus bengalensis bengalensis (Kerr, 1792)",Animalia,,Mammalia,Carnivora,Felidae,Prionailurus,India,Himachal Pradesh,,32.142697,76.307868,2026,2026-01-04T01:05:08,iNaturalist research-grade observations
5938385184,Macaca radiata,"Macaca radiata (É.Geoffroy Saint-Hilaire, 1812)",Animalia,,Mammalia,Primates,Cercopithecidae,Macaca,India,Karnataka,,12.311931,77.276921,2026,2026-01-03T09:01,iNaturalist research-grade observations
5938402756,Panthera tigris,"Panthera tigris tigris (Linnaeus, 1758)",Animalia,,Mammalia,Carnivora,Felidae,Panthera,India,Uttar Pradesh,,28.437124,80.73231,2026,2026-01-03T12:40,iNaturalist research-grade observations
5938417519,Pteropus medius,"Pteropus medius Temminck, 1825",Animalia,,Mammalia,Chiroptera,Pteropodidae,Pteropus,India,Uttar Pradesh,,26.393002,83.345709,2026,2026-01-02T13:19:25,iNaturalist research-grade observations
5938430269,Lutrogale perspicillata,"Lutra perspicillata I.Geoffroy Saint-Hilaire, 1826",Animalia,,Mammalia,Carnivora,Mustelidae,Lutrogale,India,Uttar Pradesh,,28.535888,80.712428,2026,2026-01-05T12:22,iNaturalist research-grade observations
5938441581,Semnopithecus entellus,"Semnopithecus entellus (Dufresne, 1797)",Animalia,,Mammalia,Primates,Cercopithecidae,Semnopithecus,India,Maharashtra,,19.94428,75.21733,2026,2026-01-03T16:30:43,iNaturalist research-grade observations
5938459262,Canis lupus,"Canis familiaris Linnaeus, 1758",Animalia,,Mammalia,Carnivora,Canidae,Canis,India,Haryana,,29.603402,76.151717,2026,2026-01-01T17:36:06,iNaturalist research-grade observations
5938462593,Sus scrofa,"Sus scrofa cristatus Wagner, 1839",Animalia,,Mammalia,Artiodactyla,Suidae,Sus,India,Maharashtra,,19.162942,72.892047,2026,2026-01-02T04:59,iNaturalist research-grade observations
5938473001,Sus scrofa,"Sus scrofa cristatus Wagner, 1839",Animalia,,Mammalia,Artiodactyla,Suidae,Sus,India,Maharashtra,,19.162942,72.892053,2026,2026-01-01T22:57,iNaturalist research-grade observations
5938479666,Funambulus pennantii,"Funambulus pennantii Wroughton, 1905",Animalia,,Mammalia,Rodentia,Sciuridae,Funambulus,India,Uttar Pradesh,,25.427628,81.843486,2026,2026-01-01T09:39:28,iNaturalist research-grade observations
5938485740,Felis catus,"Felis catus Linnaeus, 1758",Animalia,,Mammalia,Carnivora,Felidae,Felis,India,Andhra Pradesh,,16.475545,81.845572,2026,2026-01-02T17:04:22,iNaturalist research-grade observations
5938500550,Funambulus palmarum,"Funambulus palmarum (Linnaeus, 1766)",Animalia,,Mammalia,Rodentia,Sciuridae,Funambulus,India,Gujarat,,22.289718,73.191251,2026,2026-01-01T16:24:41,iNaturalist research-grade observations
5938519457,Panthera pardus,"Panthera pardus fusca (Meyer, 1794)",Animalia,,Mammalia,Carnivora,Felidae,Panthera,India,Maharashtra,,19.087999,72.830361,2026,2026-01-02T02:30,iNaturalist research-grade observations
5938527519,Lutrogale perspicillata,"Lutra perspicillata I.Geoffroy Saint-Hilaire, 1826",Animalia,,Mammalia,Carnivora,Mustelidae,Lutrogale,India,Uttar Pradesh,,28.559917,80.687805,2026,2026-01-05T12:07,iNaturalist research-grade observations
5938538409,Macaca mulatta,"Macaca mulatta (Zimmermann, 1780)",Animalia,,Mammalia,Primates,Cercopithecidae,Macaca,India,NCT of Delhi,,28.61247,77.20928,2026,2026-01-03T15:27:24,iNaturalist research-grade observations
5938598202,Elephas maximus,"Elephas maximus indicus Cuvier, 1798",Animalia,,Mammalia,Proboscidea,Elephantidae,Elephas,India,Tamil Nadu,,8.558325,77.26532,2026,2026-01-04T13:49:13,iNaturalist research-grade observations
5938605872,Canis lupus,"Canis familiaris Linnaeus, 1758",Animalia,,Mammalia,Carnivora,Canidae,Canis,India,Haryana,,29.602222,76.143578,2026,2026-01-01T17:58:32,iNaturalist research-grade observations
5938617283,Macaca mulatta,"Macaca mulatta (Zimmermann, 1780)",Animalia,,Mammalia,Primates,Cercopithecidae,Macaca,India,Uttarakhand,,29.827199,80.142083,2026,2026-01-03T11:36:33,iNaturalist research-grade observations
5938631715,Panthera pardus,"Panthera pardus fusca (Meyer, 1794)",Animalia,,Mammalia,Carnivora,Felidae,Panthera,India,Himachal Pradesh,,31.481504,76.642457,2026,2026-01-04T11:26:58,iNaturalist research-grade observations
5938655769,Panthera pardus,"Panthera pardus fusca (Meyer, 1794)",Animalia,,Mammalia,Carnivora,Felidae,Panthera,India,Maharashtra,,19.161395,72.923416,2026,2026-01-02T02:10,iNaturalist research-grade observations
5938666615,Herpestes edwardsi,"Urva edwardsii (É.Geoffroy Saint-Hilaire, 1818)",Animalia,,Mammalia,Carnivora,Herpestidae,Herpestes,India,Himachal Pradesh,,31.41904,76.735307,2026,2026-01-03T14:55:18,iNaturalist research-grade observations
5938673614,Martes flavigula,"Martes flavigula flavigula (Boddaert, 1785)",Animalia,,Mammalia,Carnivora,Mustelidae,Martes,India,Himachal Pradesh,,31.567726,76.848215,2026,2026-01-03T17:16:15,iNaturalist research-grade observations
5938677781,Axis axis,"Axis axis (Erxleben, 1777)",Animalia,,Mammalia,Artiodactyla,Cervidae,Axis,India,Maharashtra,,19.162942,72.89205,2026,2026-01-01T09:09,iNaturalist research-grade observations
5938701719,Macaca mulatta,"Macaca mulatta (Zimmermann, 1780)",Animalia,,Mammalia,Primates,Cercopithecidae,Macaca,India,NCT of Delhi,,28.612463,77.209288,2026,2026-01-03T15:27:31,iNaturalist research-grade observations
5938708532,Canis aureus,"Canis aureus Linnaeus, 1758",Animalia,,Mammalia,Carnivora,Canidae,Canis,India,Kerala,,11.822919,75.429228,2026,2026-01-03T11:08:11,iNaturalist research-grade observations
6129813400,Boselaphus tragocamelus,"Boselaphus tragocamelus (Pallas, 1766)",Animalia,,Mammalia,Artiodactyla,Bovidae,Boselaphus,India,Uttarakhand,,29.367374,79.19538,2026,2026-01-20T14:55:46,iNaturalist research-grade observations
6129824233,Pteropus medius,"Pteropus medius Temminck, 1825",Animalia,,Mammalia,Chiroptera,Pteropodidae,Pteropus,India,Kerala,,9.458597,76.385403,2026,2026-01-18T17:34:23,iNaturalist research-grade observations
6129827786,Elephas maximus,"Elephas maximus indicus Cuvier, 1798",Animalia,,Mammalia,Proboscidea,Elephantidae,Elephas,India,Kerala,,11.814485,76.085317,2026,2026-01-21T18:40:25,iNaturalist research-grade observations
6129830911,Sus scrofa,"Sus scrofa Linnaeus, 1758",Animalia,,Mammalia,Artiodactyla,Suidae,Sus,India,Andaman and Nicobar,,11.977582,92.998115,2026,2026-01-25T09:54:36,iNaturalist research-grade observations
6129846968,Antilope cervicapra,"Antilope cervicapra (Linnaeus, 1758)",Animalia,,Mammalia,Artiodactyla,Bovidae,Antilope,India,Maharashtra,,18.437701,74.9238,2026,2026-01-10T10:19:50,iNaturalist research-grade observations
6129848694,Macaca mulatta,"Macaca mulatta (Zimmermann, 1780)",Animalia,,Mammalia,Primates,Cercopithecidae,Macaca,India,Rajasthan,,27.275727,75.570983,2026,2026-01-21,iNaturalist research-grade observations
6129852139,Canis aureus,"Canis aureus indicus Hodgson, 1833",Animalia,,Mammalia,Carnivora,Canidae,Canis,India,NCT of Delhi,,28.553009,77.154448,2026,2026-01-26T17:35:28,iNaturalist research-grade observations
6129852305,Semnopithecus entellus,"Semnopithecus entellus (Dufresne, 1797)",Animalia,,Mammalia,Primates,Cercopithecidae,Semnopithecus,India,Uttar Pradesh,,25.44874,81.785053,2026,2026-01-15,iNaturalist research-grade observations
6129853643,Macaca assamensis,"Macaca assamensis (McClelland, 1840)",Animalia,,Mammalia,Primates,Cercopithecidae,Macaca,India,Arunachal Pradesh,,28.736844,95.833102,2026,2026-01-18T00:32:20,iNaturalist research-grade observations
6129853682,Canis lupus,"Canis familiaris Linnaeus, 1758",Animalia,,Mammalia,Carnivora,Canidae,Canis,India,Rajasthan,,26.577128,74.826905,2026,2026-01-18T17:41:12,iNaturalist research-grade observations
6129855504,Pteropus medius,"Pteropus medius Temminck, 1825",Animalia,,Mammalia,Chiroptera,Pteropodidae,Pteropus,India,Telangana,,17.43117,78.476908,2026,2026-01-24T10:31:05,iNaturalist research-grade observations
6129856128,Funambulus pennantii,"Funambulus pennantii Wroughton, 1905",Animalia,,Mammalia,Rodentia,Sciuridae,Funambulus,India,Madhya Pradesh,,23.241187,77.375244,2026,2026-01-25T11:23:27,iNaturalist research-grade observations
6129858326,Capra hircus,"Capra hircus Linnaeus, 1758",Animalia,,Mammalia,Artiodactyla,Bovidae,Capra,India,Uttar Pradesh,,25.407825,81.825458,2026,2026-01-24T10:48:06,iNaturalist research-grade observations
6129860420,Funambulus pennantii,"Funambulus pennantii Wroughton, 1905",Animalia,,Mammalia,Rodentia,Sciuridae,Funambulus,India,Uttar Pradesh,,25.413314,81.846528,2026,2026-01-06T12:14:34,iNaturalist research-grade observations
6129866998,Rusa unicolor,"Rusa unicolor unicolor (Kerr, 1792)",Animalia,,Mammalia,Artiodactyla,Cervidae,Rusa,India,Tamil Nadu,,10.260487,76.988033,2026,2026-01-06T07:48:18,iNaturalist research-grade observations
6129875030,Semnopithecus entellus,"Semnopithecus entellus (Dufresne, 1797)",Animalia,,Mammalia,Primates,Cercopithecidae,Semnopithecus,India,Rajasthan,,26.99097,75.847602,2026,2026-01-19T13:29,iNaturalist research-grade observations
6129882254,Antilope cervicapra,"Antilope cervicapra cervicapra (Linnaeus, 1758)",Animalia,,Mammalia,Artiodactyla,Bovidae,Antilope,India,Telangana,,17.236802,78.492555,2026,2026-01-25T15:48:17,iNaturalist research-grade observations
6129887025,Bubalus bubalis,"Bubalus bubalis (Linnaeus, 1758)",Animalia,,Mammalia,Artiodactyla,Bovidae,Bubalus,India,Rajasthan,,26.99016,75.845405,2026,2026-01-19T13:40,iNaturalist research-grade observations
6129887786,Capra hircus,"Capra hircus Linnaeus, 1758",Animalia,,Mammalia,Artiodactyla,Bovidae,Capra,India,Uttar Pradesh,,25.417217,81.837346,2026,2026-01-24T10:23:05,iNaturalist research-grade observations
6129889714,Axis axis,"Axis axis (Erxleben, 1777)",Animalia,,Mammalia,Artiodactyla,Cervidae,Axis,India,Uttarakhand,,29.430431,79.095665,2026,2026-01-08T14:32:35,iNaturalist research-grade observations
6129898270,Antilope cervicapra,"Antilope cervicapra cervicapra (Linnaeus, 1758)",Animalia,,Mammalia,Artiodactyla,Bovidae,Antilope,India,Telangana,,17.293603,78.502632,2026,2026-01-25T15:47:45,iNaturalist research-grade observations
6129913050,Herpestes vitticollis,"Urva vitticollis (Bennett, 1835)",Animalia,,Mammalia,Carnivora,Herpestidae,Herpestes,India,Tamil Nadu,,10.364354,76.978218,2026,2026-01-11T17:11:57,iNaturalist research-grade observations
6129915888,Bos taurus,"Bos taurus Linnaeus, 1758",Animalia,,Mammalia,Artiodactyla,Bovidae,Bos,India,Rajasthan,,26.798638,74.075138,2026,2026-01-17T14:26,iNaturalist research-grade observations
6129916620,Axis axis,"Axis axis (Erxleben, 1777)",Animalia,,Mammalia,Artiodactyla,Cervidae,Axis,India,Tamil Nadu,,11.572177,76.642715,2026,2026-01-08T11:21,iNaturalist research-grade observations
6129918203,Antilope cervicapra,"Antilope cervicapra cervicapra (Linnaeus, 1758)",Animalia,,Mammalia,Artiodactyla,Bovidae,Antilope,India,Telangana,,17.399447,78.410439,2026,2026-01-25T15:52:36,iNaturalist research-grade observations
6129918207,Funambulus palmarum,"Funambulus palmarum (Linnaeus, 1766)",Animalia,,Mammalia,Rodentia,Sciuridae,Funambulus,India,Tamil Nadu,,12.42554,77.647902,2026,2026-01-25T08:51:11,iNaturalist research-grade observations
6129918895,Felis catus,"Felis catus Linnaeus, 1758",Animalia,,Mammalia,Carnivora,Felidae,Felis,India,Rajasthan,,26.625753,75.027245,2026,2026-01-13T17:56:38,iNaturalist research-grade observations
6129920399,Semnopithecus entellus,"Semnopithecus entellus (Dufresne, 1797)",Animalia,,Mammalia,Primates,Cercopithecidae,Semnopithecus,India,Odisha,,20.834102,86.332606,2026,2026-01-17T18:18,iNaturalist research-grade observations
6129922073,Ratufa indica,"Ratufa indica (Erxleben, 1777)",Animalia,,Mammalia,Rodentia,Sciuridae,Ratufa,India,Kerala,,10.052879,77.07426,2026,2026-01-20T15:40:42,iNaturalist research-grade observations
6129924199,Macaca silenus,"Macaca silenus (Linnaeus, 1758)",Animalia,,Mammalia,Primates,Cercopithecidae,Macaca,India,Tamil Nadu,,10.399423,76.895762,2026,2026-01-08T17:03:13,iNaturalist research-grade observations
6129930207,Funambulus pennantii,"Funambulus pennantii Wroughton, 1905",Animalia,,Mammalia,Rodentia,Sciuridae,Funambulus,India,Uttar Pradesh,,25.385185,81.878367,2026,2026-01-11T08:37:01,iNaturalist research-grade observations
6129931555,Macaca mulatta,"Macaca mulatta (Zimmermann, 1780)",Animalia,,Mammalia,Primates,Cercopithecidae,Macaca,India,Telangana,,18.046216,78.263175,2026,2026-01-11,iNaturalist research-grade observations
6129939923,Funambulus pennantii,"Funambulus pennantii Wroughton, 1905",Animalia,,Mammalia,Rodentia,Sciuridae,Funambulus,India,Rajasthan,,27.165592,77.524872,2026,2026-01-17T14:53,iNaturalist research-grade observations
6129944768,Sus scrofa,"Sus scrofa cristatus Wagner, 1839",Animalia,,Mammalia,Artiodactyla,Suidae,Sus,India,Uttar Pradesh,,28.52673,77.575363,2026,2026-01-19,iNaturalist research-grade observations
6129945932,Canis lupus,"Canis familiaris Linnaeus, 1758",Animalia,,Mammalia,Carnivora,Canidae,Canis,India,Kerala,,9.780771,76.397835,2026,2026-01-09T14:41:22,iNaturalist research-grade observations
6129948392,Rucervus duvaucelii,"Rucervus duvaucelii duvaucelii (G.Cuvier, 1823)",Animalia,,Mammalia,Artiodactyla,Cervidae,Rucervus,India,Uttar Pradesh,,28.238038,80.792583,2026,2026-01-19T10:52,iNaturalist research-grade observations
6129954192,Melursus ursinus,"Melursus ursinus ursinus (Shaw, 1791)",Animalia,,Mammalia,Carnivora,Ursidae,Melursus,India,Madhya Pradesh,,22.582183,78.180552,2026,2026-01-10T09:08,iNaturalist research-grade observations
6129959910,Suncus murinus,"Suncus murinus (Linnaeus, 1766)",Animalia,,Mammalia,Soricomorpha,Soricidae,Suncus,India,Telangana,,17.466972,78.371442,2026,2026-01-12T11:02:24,iNaturalist research-grade observations
6129959976,Semnopithecus hypoleucos,"Semnopithecus hypoleucos Blyth, 1841",Animalia,,Mammalia,Primates,Cercopithecidae,Semnopithecus,India,Maharashtra,,18.378617,73.768049,2026,2026-01-11T09:36,iNaturalist research-grade observations
6129960687,Semnopithecus entellus,"Semnopithecus entellus (Dufresne, 1797)",Animalia,,Mammalia,Primates,Cercopithecidae,Semnopithecus,India,Rajasthan,,25.077383,73.455416,2026,2026-01-12T13:51,iNaturalist research-grade observations
6129961962,Elephas maximus,"Elephas maximus indicus Cuvier, 1798",Animalia,,Mammalia,Proboscidea,Elephantidae,Elephas,India,Uttar Pradesh,,28.445072,80.723536,2026,2026-01-22T14:18,iNaturalist research-grade observations
6129967817,Axis axis,"Axis axis (Erxleben, 1777)",Animalia,,Mammalia,Artiodactyla,Cervidae,Axis,India,Tamil Nadu,,13.006681,80.240797,2026,2026-01-03T11:03:01,iNaturalist research-grade observations
6129971002,Semnopithecus priam,"Semnopithecus priam Blyth, 1844",Animalia,,Mammalia,Primates,Cercopithecidae,Semnopithecus,India,Tamil Nadu,,11.452236,76.436337,2026,2026-01-15T10:57:05,iNaturalist research-grade observations
6129973326,Canis aureus,"Canis aureus naria Wroughton, 1916",Animalia,,Mammalia,Carnivora,Canidae,Canis,India,Kerala,,11.823406,75.430769,2026,2026-01-07T08:03:38,iNaturalist research-grade observations
6129977018,Boselaphus tragocamelus,"Boselaphus tragocamelus (Pallas, 1766)",Animalia,,Mammalia,Artiodactyla,Bovidae,Boselaphus,India,Rajasthan,,27.221145,73.47216,2026,2026-01-17T12:42,iNaturalist research-grade observations
6129979947,Semnopithecus entellus,"Semnopithecus entellus (Dufresne, 1797)",Animalia,,Mammalia,Primates,Cercopithecidae,Semnopithecus,India,Rajasthan,,25.446843,75.636365,2026,2026-01-10T08:35:30,iNaturalist research-grade observations
6129980319,Macaca mulatta,"Macaca mulatta (Zimmermann, 1780)",Animalia,,Mammalia,Primates,Cercopithecidae,Macaca,India,Odisha,,21.593115,86.29454,2026,2026-01-11T09:37,iNaturalist research-grade observations
6129980666,Rucervus duvaucelii,"Rucervus duvaucelii duvaucelii (G.Cuvier, 1823)",Animalia,,Mammalia,Artiodactyla,Cervidae,Rucervus,India,Uttar Pradesh,,28.598756,80.736961,2026,2026-01-22T12:13,iNaturalist research-grade observations
6129981043,Antilope cervicapra,"Antilope cervicapra cervicapra (Linnaeus, 1758)",Animalia,,Mammalia,Artiodactyla,Bovidae,Antilope,India,Telangana,,17.266975,78.55481,2026,2026-01-25T15:52:49,iNaturalist research-grade observations
6129984810,Boselaphus tragocamelus,"Boselaphus tragocamelus (Pallas, 1766)",Animalia,,Mammalia,Artiodactyla,Bovidae,Boselaphus,India,Haryana,,28.466219,76.891774,2026,2026-01-16T05:10:27,iNaturalist research-grade observations
6129987173,Pteropus medius,"Pteropus medius Temminck, 1825",Animalia,,Mammalia,Chiroptera,Pteropodidae,Pteropus,India,Kerala,,10.082187,76.364483,2026,2026-01-18T10:35:43,iNaturalist research-grade observations
6129991214,Boselaphus tragocamelus,"Boselaphus tragocamelus (Pallas, 1766)",Animalia,,Mammalia,Artiodactyla,Bovidae,Boselaphus,India,Rajasthan,,26.834743,70.746859,2026,2026-01-14T14:45,iNaturalist research-grade observations
6129994127,Semnopithecus entellus,"Semnopithecus entellus (Dufresne, 1797)",Animalia,,Mammalia,Primates,Cercopithecidae,Semnopithecus,India,Rajasthan,,25.044794,75.715887,2026,2026-01-24T11:39,iNaturalist research-grade observations
6130000732,Bos frontalis,"Bos gaurus C.H.Smith, 1827",Animalia,,Mammalia,Artiodactyla,Bovidae,Bos,India,Karnataka,,11.88261,77.162191,2026,2026-01-25T17:08:12,iNaturalist research-grade observations
6130003068,Rusa unicolor,"Rusa unicolor unicolor (Kerr, 1792)",Animalia,,Mammalia,Artiodactyla,Cervidae,Rusa,India,Madhya Pradesh,,21.906193,79.347395,2026,2026-01-13T07:57,iNaturalist research-grade observations
6130003277,Boselaphus tragocamelus,"Boselaphus tragocamelus (Pallas, 1766)",Animalia,,Mammalia,Artiodactyla,Bovidae,Boselaphus,India,Gujarat,,23.21352,72.683876,2026,2026-01-05T13:58:42,iNaturalist research-grade observations
6130004450,Funambulus pennantii,"Funambulus pennantii Wroughton, 1905",Animalia,,Mammalia,Rodentia,Sciuridae,Funambulus,India,Uttar Pradesh,,25.385185,81.878367,2026,2026-01-11T08:38:12,iNaturalist research-grade observations
6130008195,Axis porcinus,"Axis porcinus porcinus (Zimmermann, 1780)",Animalia,,Mammalia,Artiodactyla,Cervidae,Axis,India,Uttar Pradesh,,28.797216,80.169662,2026,2026-01-21T10:24:23,iNaturalist research-grade observations
6130017813,Paradoxurus hermaphroditus,"Paradoxurus hermaphroditus (Pallas, 1777)",Animalia,,Mammalia,Carnivora,Viverridae,Paradoxurus,India,Telangana,,18.087808,80.690769,2026,2026-01-21T09:34:14,iNaturalist research-grade observations
6130023839,Ratufa indica,"Ratufa indica (Erxleben, 1777)",Animalia,,Mammalia,Rodentia,Sciuridae,Ratufa,India,Kerala,,10.287269,76.570556,2026,2026-01-07T15:31:22,iNaturalist research-grade observations
6130024618,Felis catus,"Felis catus Linnaeus, 1758",Animalia,,Mammalia,Carnivora,Felidae,Felis,India,Tamil Nadu,,13.125988,80.201948,2026,2026-01-23T17:28:19,iNaturalist research-grade observations
6130027969,Vulpes bengalensis,"Vulpes bengalensis (Shaw, 1800)",Animalia,,Mammalia,Carnivora,Canidae,Vulpes,India,Rajasthan,,26.042581,76.405395,2026,2026-01-07T13:13:38,iNaturalist research-grade observations
6130030773,Ratufa indica,"Ratufa indica (Erxleben, 1777)",Animalia,,Mammalia,Rodentia,Sciuridae,Ratufa,India,Andhra Pradesh,,17.634931,81.63305,2026,2026-01-25T11:01:34,iNaturalist research-grade observations
6130031992,Sus scrofa,"Sus scrofa cristatus Wagner, 1839",Animalia,,Mammalia,Artiodactyla,Suidae,Sus,India,Uttar Pradesh,,28.52673,77.575363,2026,2026-01-19,iNaturalist research-grade observations
6130037984,Axis axis,"Axis axis (Erxleben, 1777)",Animalia,,Mammalia,Artiodactyla,Cervidae,Axis,India,Uttarakhand,,29.432233,79.095735,2026,2026-01-08T14:10:53,iNaturalist research-grade observations
6130038151,Boselaphus tragocamelus,"Boselaphus tragocamelus (Pallas, 1766)",Animalia,,Mammalia,Artiodactyla,Bovidae,Boselaphus,India,Uttarakhand,,30.045289,78.254435,2026,2026-01-17T09:31:05,iNaturalist research-grade observations
6130043119,Elephas maximus,"Elephas maximus indicus Cuvier, 1798",Animalia,,Mammalia,Proboscidea,Elephantidae,Elephas,India,Karnataka,,12.32854,76.171272,2026,2026-01-18T18:15:21,iNaturalist research-grade observations
6130044308,Macaca radiata,"Macaca radiata (É.Geoffroy Saint-Hilaire, 1812)",Animalia,,Mammalia,Primates,Cercopithecidae,Macaca,India,Tamil Nadu,,9.716511,77.626561,2026,2026-01-16T10:07:21,iNaturalist research-grade observations
6130044919,Funambulus pennantii,"Funambulus pennantii Wroughton, 1905",Animalia,,Mammalia,Rodentia,Sciuridae,Funambulus,India,Uttar Pradesh,,25.385185,81.878367,2026,2026-01-11T08:37:45,iNaturalist research-grade observations
6130045458,Bos frontalis,"Bos gaurus C.H.Smith, 1827",Animalia,,Mammalia,Artiodactyla,Bovidae,Bos,India,Tamil Nadu,,10.242423,76.994409,2026,2026-01-19T08:42:24,iNaturalist research-grade observations
6130047132,Hystrix indica,"Hystrix indica Kerr, 1792",Animalia,,Mammalia,Rodentia,Hystricidae,Hystrix,India,NCT of Delhi,,28.546358,77.141146,2026,2026-01-24T18:26:04,iNaturalist research-grade observations
6130050603,Macaca mulatta,"Macaca mulatta (Zimmermann, 1780)",Animalia,,Mammalia,Primates,Cercopithecidae,Macaca,India,Telangana,,18.039608,80.725772,2026,2026-01-21T09:50:52,iNaturalist research-grade observations
6130054182,Semnopithecus entellus,"Semnopithecus entellus (Dufresne, 1797)",Animalia,,Mammalia,Primates,Cercopithecidae,Semnopithecus,India,West Bengal,,23.678942,87.673835,2026,2026-01-07T13:25:42,iNaturalist research-grade observations
6130056535,Bos taurus,"Bos taurus Linnaeus, 1758",Animalia,,Mammalia,Artiodactyla,Bovidae,Bos,India,Rajasthan,,26.496463,74.682717,2026,2026-01-21T07:24:03,iNaturalist research-grade observations
6130062293,Panthera tigris,"Panthera tigris tigris (Linnaeus, 1758)",Animalia,,Mammalia,Carnivora,Felidae,Panthera,India,Madhya Pradesh,,22.41689,78.161214,2026,2026-01-11T07:33,iNaturalist research-grade observations
6130067603,Rusa unicolor,"Rusa unicolor unicolor (Kerr, 1792)",Animalia,,Mammalia,Artiodactyla,Cervidae,Rusa,India,Himachal Pradesh,,32.143147,76.221086,2026,2026-01-12T01:51:07,iNaturalist research-grade observations
6130070445,Funambulus palmarum,"Funambulus palmarum (Linnaeus, 1766)",Animalia,,Mammalia,Rodentia,Sciuridae,Funambulus,India,Tamil Nadu,,12.772329,77.876813,2026,2026-01-18T09:38:51,iNaturalist research-grade observations
6130072282,Herpestes javanicus,"Urva auropunctata (Hodgson, 1836)",Animalia,,Mammalia,Carnivora,Herpestidae,Herpestes,India,NCT of Delhi,,28.553165,77.192853,2026,2026-01-11T14:07,iNaturalist research-grade observations
6130073292,Macaca radiata,"Macaca radiata (É.Geoffroy Saint-Hilaire, 1812)",Animalia,,Mammalia,Primates,Cercopithecidae,Macaca,India,Kerala,,11.922488,75.792953,2026,2026-01-16T16:08:13,iNaturalist research-grade observations
6130097645,Panthera tigris,"Panthera tigris tigris (Linnaeus, 1758)",Animalia,,Mammalia,Carnivora,Felidae,Panthera,India,Madhya Pradesh,,23.489009,81.01441,2026,2026-01-11T22:17:01,iNaturalist research-grade observations
6130098535,Macaca radiata,"Macaca radiata (É.Geoffroy Saint-Hilaire, 1812)",Animalia,,Mammalia,Primates,Cercopithecidae,Macaca,India,Kerala,,11.631392,76.231863,2026,2026-01-22T12:33:06,iNaturalist research-grade observations
6130102272,Pteropus medius,"Pteropus medius Temminck, 1825",Animalia,,Mammalia,Chiroptera,Pteropodidae,Pteropus,India,Madhya Pradesh,,22.580225,78.136544,2026,2026-01-09T22:32,iNaturalist research-grade observations
6130103342,Bos taurus,"Bos taurus Linnaeus, 1758",Animalia,,Mammalia,Artiodactyla,Bovidae,Bos,India,Punjab,,30.473463,75.329833,2026,2026-01-06T19:00:32,iNaturalist research-grade observations
6130104808,Funambulus palmarum,"Funambulus palmarum (Linnaeus, 1766)",Animalia,,Mammalia,Rodentia,Sciuridae,Funambulus,India,Tamil Nadu,,12.42554,77.647902,2026,2026-01-25T08:51:11,iNaturalist research-grade observations
6130107426,Elephas maximus,"Elephas maximus indicus Cuvier, 1798",Animalia,,Mammalia,Proboscidea,Elephantidae,Elephas,India,Tamil Nadu,,11.470553,76.523152,2026,2026-01-15T10:55:11,iNaturalist research-grade observations
6130110889,Antilope cervicapra,"Antilope cervicapra cervicapra (Linnaeus, 1758)",Animalia,,Mammalia,Artiodactyla,Bovidae,Antilope,India,Telangana,,17.217836,78.565552,2026,2026-01-25T15:48:02,iNaturalist research-grade observations
6130110911,Bos frontalis,"Bos gaurus C.H.Smith, 1827",Animalia,,Mammalia,Artiodactyla,Bovidae,Bos,India,Tamil Nadu,,11.550886,76.591838,2026,2026-01-25T08:28:28,iNaturalist research-grade observations
6130117685,Macaca mulatta,"Macaca mulatta (Zimmermann, 1780)",Animalia,,Mammalia,Primates,Cercopithecidae,Macaca,India,Punjab,,30.520063,76.10585,2026,2026-01-09T12:12:03,iNaturalist research-grade observations
6130120788,Antilope cervicapra,"Antilope cervicapra (Linnaeus, 1758)",Animalia,,Mammalia,Artiodactyla,Bovidae,Antilope,India,Tamil Nadu,,12.991493,80.233691,2026,2026-01-11T12:38:38,iNaturalist research-grade observations
6130121492,Rusa unicolor,"Rusa unicolor unicolor (Kerr, 1792)",Animalia,,Mammalia,Artiodactyla,Cervidae,Rusa,India,Madhya Pradesh,,23.325566,77.292753,2026,2026-01-25T10:14:27,iNaturalist research-grade observations
6130124815,Ratufa indica,"Ratufa indica (Erxleben, 1777)",Animalia,,Mammalia,Rodentia,Sciuridae,Ratufa,India,Andhra Pradesh,,14.565073,78.984136,2026,2026-01-21T10:15,iNaturalist research-grade observations
6130135924,Felis catus,"Felis catus Linnaeus, 1758",Animalia,,Mammalia,Carnivora,Felidae,Felis,India,Punjab,,30.694283,76.103317,2026,2026-01-08T16:25:56,iNaturalist research-grade observations
6130146300,Pteropus medius,"Pteropus medius Temminck, 1825",Animalia,,Mammalia,Chiroptera,Pteropodidae,Pteropus,India,Maharashtra,,18.50251,73.818294,2026,2026-01-15T17:28:34,iNaturalist research-grade observations
6130146930,Panthera tigris,"Panthera tigris (Linnaeus, 1758)",Animalia,,Mammalia,Carnivora,Felidae,Panthera,India,Uttarakhand,,29.220251,79.057611,2026,2026-01-17T14:52:13,iNaturalist research-grade observations
6130146957,Canis lupus,"Canis familiaris Linnaeus, 1758",Animalia,,Mammalia,Carnivora,Canidae,Canis,India,Uttar Pradesh,,25.413314,81.846528,2026,2026-01-20T10:31:18,iNaturalist research-grade observations
6130149086,Funambulus pennantii,"Funambulus pennantii Wroughton, 1905",Animalia,,Mammalia,Rodentia,Sciuridae,Funambulus,India,Uttar Pradesh,,25.413314,81.846528,2026,2026-01-19T11:29:39,iNaturalist research-grade observations
6130157259,Semnopithecus entellus,"Semnopithecus entellus (Dufresne, 1797)",Animalia,,Mammalia,Primates,Cercopithecidae,Semnopithecus,India,Gujarat,,23.2023,72.660298,2026,2026-01-02T16:28,iNaturalist research-grade observations
6130157684,Canis lupus,"Canis familiaris Linnaeus, 1758",Animalia,,Mammalia,Carnivora,Canidae,Canis,India,NCT of Delhi,,28.68808,77.120647,2026,2026-01-21T10:24:02,iNaturalist research-grade observations
6130157704,Axis axis,"Axis axis (Erxleben, 1777)",Animalia,,Mammalia,Artiodactyla,Cervidae,Axis,India,Telangana,,19.095057,79.106436,2026,2026-01-21T07:29:44,iNaturalist research-grade observations
6130160168,Macaca mulatta,"Macaca mulatta (Zimmermann, 1780)",Animalia,,Mammalia,Primates,Cercopithecidae,Macaca,India,Uttar Pradesh,,25.385185,81.878367,2026,2026-01-11T09:15:18,iNaturalist research-grade observations
6130168268,Funambulus pennantii,"Funambulus pennantii Wroughton, 1905",Animalia,,Mammalia,Rodentia,Sciuridae,Funambulus,India,West Bengal,,22.728533,88.382967,2026,2026-01-23T11:33:05,iNaturalist research-grade observations
6130170652,Capricornis sumatraensis,"Capricornis sumatraensis (Bechstein, 1799)",Animalia,,Mammalia,Artiodactyla,Bovidae,Capricornis,India,Uttarakhand,,29.253564,79.434851,2026,2026-01-15T08:19:50,iNaturalist research-grade observations
6130178964,Funambulus pennantii,"Funambulus pennantii Wroughton, 1905",Animalia,,Mammalia,Rodentia,Sciuridae,Funambulus,India,Gujarat,,23.202428,72.659278,2026,2026-01-02T16:25,iNaturalist research-grade observations
6130185833,Axis axis,"Axis axis (Erxleben, 1777)",Animalia,,Mammalia,Artiodactyla,Cervidae,Axis,India,Rajasthan,,26.012801,76.399005,2026,2026-01-07T10:55,iNaturalist research-grade observations
6130186115,Axis axis,"Axis axis (Erxleben, 1777)",Animalia,,Mammalia,Artiodactyla,Cervidae,Axis,India,Rajasthan,,26.013997,76.40583,2026,2026-01-08T06:07,iNaturalist research-grade observations
6130186919,Boselaphus tragocamelus,"Boselaphus tragocamelus (Pallas, 1766)",Animalia,,Mammalia,Artiodactyla,Bovidae,Boselaphus,India,Uttar Pradesh,,25.413314,81.846528,2026,2026-01-06T10:29:35,iNaturalist research-grade observations
6130194910,Felis catus,"Felis catus Linnaeus, 1758",Animalia,,Mammalia,Carnivora,Felidae,Felis,India,Odisha,,19.304724,84.816195,2026,2026-01-25T09:31:05,iNaturalist research-grade observations
6130196563,Macaca mulatta,"Macaca mulatta (Zimmermann, 1780)",Animalia,,Mammalia,Primates,Cercopithecidae,Macaca,India,Rajasthan,,26.892407,75.961299,2026,2026-01-21T12:48:41,iNaturalist research-grade observations
6130196572,Herpestes vitticollis,"Urva vitticollis (Bennett, 1835)",Animalia,,Mammalia,Carnivora,Herpestidae,Herpestes,India,Tamil Nadu,,10.330197,76.95995,2026,2026-01-21T17:36:54,iNaturalist research-grade observations
6130199291,Macaca radiata,"Macaca radiata (É.Geoffroy Saint-Hilaire, 1812)",Animalia,,Mammalia,Primates,Cercopithecidae,Macaca,India,Tamil Nadu,,10.450212,76.983898,2026,2026-01-19T15:28:47,iNaturalist research-grade observations
6130199387,Canis lupus,"Canis familiaris Linnaeus, 1758",Animalia,,Mammalia,Carnivora,Canidae,Canis,India,Punjab,,30.47838,74.515137,2026,2026-01-06T21:05:21,iNaturalist research-grade observations
6130199736,Canis lupus,"Canis familiaris Linnaeus, 1758",Animalia,,Mammalia,Carnivora,Canidae,Canis,India,Chandigarh,,30.755775,76.765703,2026,2026-01-20T13:16:02,iNaturalist research-grade observations
6130200979,Rusa unicolor,"Rusa unicolor unicolor (Kerr, 1792)",Animalia,,Mammalia,Artiodactyla,Cervidae,Rusa,India,Madhya Pradesh,,23.501098,81.171539,2026,2026-01-11T15:44:18,iNaturalist research-grade observations
6130206404,Macaca radiata,"Macaca radiata (É.Geoffroy Saint-Hilaire, 1812)",Animalia,,Mammalia,Primates,Cercopithecidae,Macaca,India,Tamil Nadu,,12.991595,80.237641,2026,2026-01-05T15:24:55,iNaturalist research-grade observations
6130210323,Canis lupus,"Canis familiaris Linnaeus, 1758",Animalia,,Mammalia,Carnivora,Canidae,Canis,India,Rajasthan,,26.626055,75.031883,2026,2026-01-14T10:07:05,iNaturalist research-grade observations
6130210344,Canis aureus,"Canis aureus Linnaeus, 1758",Animalia,,Mammalia,Carnivora,Canidae,Canis,India,Madhya Pradesh,,23.517929,81.096587,2026,2026-01-11T03:59:01,iNaturalist research-grade observations
6130214452,Axis axis,"Axis axis (Erxleben, 1777)",Animalia,,Mammalia,Artiodactyla,Cervidae,Axis,India,NCT of Delhi,,28.554952,77.19165,2026,2026-01-11T14:37,iNaturalist research-grade observations
6130215425,Macaca silenus,"Macaca silenus (Linnaeus, 1758)",Animalia,,Mammalia,Primates,Cercopithecidae,Macaca,India,Tamil Nadu,,10.35934,76.917808,2026,2026-01-19T09:11:27,iNaturalist research-grade observations
6130218788,Capra hircus,"Capra hircus Linnaeus, 1758",Animalia,,Mammalia,Artiodactyla,Bovidae,Capra,India,Uttar Pradesh,,25.413314,81.846528,2026,2026-01-21T12:41:50,iNaturalist research-grade observations
6130220754,Hemitragus jemlahicus,"Hemitragus jemlahicus (C.H.Smith, 1826)",Animalia,,Mammalia,Artiodactyla,Bovidae,Hemitragus,India,Uttarakhand,,30.576373,79.039558,2026,2026-01-16T08:56,iNaturalist research-grade observations
6130221824,Canis lupus,"Canis familiaris Linnaeus, 1758",Animalia,,Mammalia,Carnivora,Canidae,Canis,India,Punjab,,30.737853,76.099844,2026,2026-01-08T11:07,iNaturalist research-grade observations
6130224146,Macaca mulatta,"Macaca mulatta (Zimmermann, 1780)",Animalia,,Mammalia,Primates,Cercopithecidae,Macaca,India,Chhattisgarh,,18.91395,81.865109,2026,2026-01-16T10:57:35,iNaturalist research-grade observations
6130224468,Canis lupus,"Canis familiaris Linnaeus, 1758",Animalia,,Mammalia,Carnivora,Canidae,Canis,India,Haryana,,29.606963,76.108672,2026,2026-01-10T17:36:53,iNaturalist research-grade observations
6130224473,Semnopithecus entellus,"Semnopithecus entellus (Dufresne, 1797)",Animalia,,Mammalia,Primates,Cercopithecidae,Semnopithecus,India,Rajasthan,,26.032178,76.460824,2026,2026-01-07T17:16,iNaturalist research-grade observations
6130226182,Sus scrofa,"Sus scrofa cristatus Wagner, 1839",Animalia,,Mammalia,Artiodactyla,Suidae,Sus,India,Madhya Pradesh,,23.523536,81.093066,2026,2026-01-11T15:02:51,iNaturalist research-grade observations
6130228850,Rusa unicolor,"Rusa unicolor unicolor (Kerr, 1792)",Animalia,,Mammalia,Artiodactyla,Cervidae,Rusa,India,Uttarakhand,,29.530006,78.860904,2026,2026-01-08T07:18:11,iNaturalist research-grade observations
6130235465,Axis axis,"Axis axis (Erxleben, 1777)",Animalia,,Mammalia,Artiodactyla,Cervidae,Axis,India,Gujarat,,21.170602,70.596397,2026,2026-01-22T08:32,iNaturalist research-grade observations
6130235489,Pteropus medius,"Pteropus medius Temminck, 1825",Animalia,,Mammalia,Chiroptera,Pteropodidae,Pteropus,India,Telangana,,17.431843,78.477117,2026,2026-01-24T10:20:02,iNaturalist research-grade observations
6130238984,Semnopithecus entellus,"Semnopithecus entellus (Dufresne, 1797)",Animalia,,Mammalia,Primates,Cercopithecidae,Semnopithecus,India,Odisha,,19.688794,83.36886,2026,2026-01-04T16:37,iNaturalist research-grade observations
6130240080,Herpestes edwardsi,"Urva edwardsii (É.Geoffroy Saint-Hilaire, 1818)",Animalia,,Mammalia,Carnivora,Herpestidae,Herpestes,India,Rajasthan,,25.367481,76.128189,2026,2026-01-11T11:14:34,iNaturalist research-grade observations
6130242702,Macaca mulatta,"Macaca mulatta (Zimmermann, 1780)",Animalia,,Mammalia,Primates,Cercopithecidae,Macaca,India,Rajasthan,,25.446856,75.636365,2026,2026-01-09T17:51:04,iNaturalist research-grade observations
6130244997,Pteropus medius,"Pteropus medius Temminck, 1825",Animalia,,Mammalia,Chiroptera,Pteropodidae,Pteropus,India,Karnataka,,16.199545,75.724525,2026,2026-01-10T09:06:47,iNaturalist research-grade observations
6130246415,Axis axis,"Axis axis (Erxleben, 1777)",Animalia,,Mammalia,Artiodactyla,Cervidae,Axis,India,Tamil Nadu,,11.5611,76.64022,2026,2026-01-22T14:17:13,iNaturalist research-grade observations
6130249021,Semnopithecus entellus,"Semnopithecus entellus (Dufresne, 1797)",Animalia,,Mammalia,Primates,Cercopithecidae,Semnopithecus,India,Rajasthan,,27.264625,75.574126,2026,2026-01-10T10:19:53,iNaturalist research-grade observations
6130251260,Pteropus medius,"Pteropus medius Temminck, 1825",Animalia,,Mammalia,Chiroptera,Pteropodidae,Pteropus,India,Karnataka,,12.310395,76.630441,2026,2026-01-10T18:24,iNaturalist research-grade observations
6130258340,Bubalus bubalis,"Bubalus bubalis (Linnaeus, 1758)",Animalia,,Mammalia,Artiodactyla,Bovidae,Bubalus,India,Maharashtra,,15.765021,74.165036,2026,2026-01-02T23:20,iNaturalist research-grade observations
6130259027,Bos taurus,"Bos taurus Linnaeus, 1758",Animalia,,Mammalia,Artiodactyla,Bovidae,Bos,India,Tamil Nadu,,13.084247,80.264512,2026,2026-01-09T17:59:31,iNaturalist research-grade observations
6130261726,Bos taurus,"Bos taurus Linnaeus, 1758",Animalia,,Mammalia,Artiodactyla,Bovidae,Bos,India,Tamil Nadu,,12.404856,77.871028,2026,2026-01-26T11:58:52,iNaturalist research-grade observations
6130269201,Semnopithecus hypoleucos,"Semnopithecus hypoleucos Blyth, 1841",Animalia,,Mammalia,Primates,Cercopithecidae,Semnopithecus,India,Maharashtra,,19.127265,72.90485,2026,2026-01-25T11:24,iNaturalist research-grade observations
6130274596,Loris lydekkerianus,"Loris lydekkerianus Cabrera, 1908",Animalia,,Mammalia,Primates,Lorisidae,Loris,India,Karnataka,,11.898016,75.852878,2026,2026-01-21T21:43:12,iNaturalist research-grade observations
6130275703,Funambulus tristriatus,"Funambulus tristriatus (Waterhouse, 1837)",Animalia,,Mammalia,Rodentia,Sciuridae,Funambulus,India,Kerala,,10.143375,76.673379,2026,2026-01-04T15:27:46,iNaturalist research-grade observations
6130280943,Ratufa indica,"Ratufa indica (Erxleben, 1777)",Animalia,,Mammalia,Rodentia,Sciuridae,Ratufa,India,Kerala,,9.574167,77.181709,2026,2026-01-09T12:00,iNaturalist research-grade observations
6130285573,Bos taurus,"Bos taurus Linnaeus, 1758",Animalia,,Mammalia,Artiodactyla,Bovidae,Bos,India,Haryana,,29.589103,76.108475,2026,2026-01-10T16:39,iNaturalist research-grade observations
6130287539,Herpestes vitticollis,"Urva vitticollis (Bennett, 1835)",Animalia,,Mammalia,Carnivora,Herpestidae,Herpestes,India,Tamil Nadu,,10.330217,76.959967,2026,2026-01-19T17:09:10,iNaturalist research-grade observations
6130290341,Boselaphus tragocamelus,"Boselaphus tragocamelus (Pallas, 1766)",Animalia,,Mammalia,Artiodactyla,Bovidae,Boselaphus,India,Uttar Pradesh,,25.413314,81.846528,2026,2026-01-07T11:06:36,iNaturalist research-grade observations
6130290623,Macaca mulatta,"Macaca mulatta (Zimmermann, 1780)",Animalia,,Mammalia,Primates,Cercopithecidae,Macaca,India,Uttar Pradesh,,25.385185,81.878367,2026,2026-01-11T09:15:20,iNaturalist research-grade observations
6130302538,Boselaphus tragocamelus,"Boselaphus tragocamelus (Pallas, 1766)",Animalia,,Mammalia,Artiodactyla,Bovidae,Boselaphus,India,Maharashtra,,20.111236,77.130308,2026,2026-01-14T18:26:54,iNaturalist research-grade observations
6130303620,Canis lupus,"Canis familiaris Linnaeus, 1758",Animalia,,Mammalia,Carnivora,Canidae,Canis,India,Haryana,,29.591395,76.103875,2026,2026-01-10T16:43:26,iNaturalist research-grade observations
6130306578,Capra hircus,"Capra hircus Linnaeus, 1758",Animalia,,Mammalia,Artiodactyla,Bovidae,Capra,India,Rajasthan,,26.987217,75.850997,2026,2026-01-06T11:17:30,iNaturalist research-grade observations
6130313353,Macaca radiata,"Macaca radiata (É.Geoffroy Saint-Hilaire, 1812)",Animalia,,Mammalia,Primates,Cercopithecidae,Macaca,India,Tamil Nadu,,12.988739,80.232883,2026,2026-01-09T13:43:33,iNaturalist research-grade observations
6130318314,Funambulus palmarum,"Funambulus palmarum (Linnaeus, 1766)",Animalia,,Mammalia,Rodentia,Sciuridae,Funambulus,India,Kerala,,11.213021,75.799032,2026,2026-01-07T18:09:10,iNaturalist research-grade observations
6130320670,Semnopithecus hector,"Semnopithecus hector (Pocock, 1928)",Animalia,,Mammalia,Primates,Cercopithecidae,Semnopithecus,India,Uttarakhand,,29.210129,79.19053,2026,2026-01-21T01:12,iNaturalist research-grade observations
6130333365,Canis lupus,"Canis familiaris Linnaeus, 1758",Animalia,,Mammalia,Carnivora,Canidae,Canis,India,Chandigarh,,30.755055,76.755088,2026,2026-01-20T12:50:38,iNaturalist research-grade observations
6130339462,Sus scrofa,"Sus scrofa Linnaeus, 1758",Animalia,,Mammalia,Artiodactyla,Suidae,Sus,India,Madhya Pradesh,,23.239524,77.367373,2026,2026-01-25T09:59:11,iNaturalist research-grade observations
6130344770,Macaca mulatta,"Macaca mulatta (Zimmermann, 1780)",Animalia,,Mammalia,Primates,Cercopithecidae,Macaca,India,Uttarakhand,,29.430431,79.095665,2026,2026-01-08T14:36:09,iNaturalist research-grade observations
6130354149,Canis aureus,"Canis aureus indicus Hodgson, 1833",Animalia,,Mammalia,Carnivora,Canidae,Canis,India,Madhya Pradesh,,22.317727,76.615386,2026,2026-01-06T17:24,iNaturalist research-grade observations
6130360174,Herpestes edwardsi,"Urva edwardsii (É.Geoffroy Saint-Hilaire, 1818)",Animalia,,Mammalia,Carnivora,Herpestidae,Herpestes,India,Karnataka,,15.369407,76.475884,2026,2026-01-10T10:40:07,iNaturalist research-grade observations
6130360734,Canis lupus,"Canis familiaris Linnaeus, 1758",Animalia,,Mammalia,Carnivora,Canidae,Canis,India,Punjab,,30.28595,75.600447,2026,2026-01-06T16:37:18,iNaturalist research-grade observations
6130371375,Boselaphus tragocamelus,"Boselaphus tragocamelus (Pallas, 1766)",Animalia,,Mammalia,Artiodactyla,Bovidae,Boselaphus,India,Haryana,,29.602462,76.102111,2026,2026-01-10T17:05:13,iNaturalist research-grade observations
6130376517,Funambulus pennantii,"Funambulus pennantii Wroughton, 1905",Animalia,,Mammalia,Rodentia,Sciuridae,Funambulus,India,Uttar Pradesh,,25.413314,81.846528,2026,2026-01-19T11:29:09,iNaturalist research-grade observations
6130376871,Pteropus medius,"Pteropus medius Temminck, 1825",Animalia,,Mammalia,Chiroptera,Pteropodidae,Pteropus,India,Telangana,,17.43186,78.477018,2026,2026-01-24T10:21:58,iNaturalist research-grade observations
6130384783,Canis lupus,"Canis familiaris Linnaeus, 1758",Animalia,,Mammalia,Carnivora,Canidae,Canis,India,Uttar Pradesh,,25.406996,81.847262,2026,2026-01-15T09:33:37,iNaturalist research-grade observations
6130388140,Semnopithecus hypoleucos,"Semnopithecus hypoleucos Blyth, 1841",Animalia,,Mammalia,Primates,Cercopithecidae,Semnopithecus,India,Maharashtra,,19.136781,72.917978,2026,2026-01-23T12:05,iNaturalist research-grade observations
6130389297,Macaca mulatta,"Macaca mulatta (Zimmermann, 1780)",Animalia,,Mammalia,Primates,Cercopithecidae,Macaca,India,Rajasthan,,27.20303,77.505578,2026,2026-01-17T16:01:24,iNaturalist research-grade observations
6130393253,Canis lupus,"Canis familiaris Linnaeus, 1758",Animalia,,Mammalia,Carnivora,Canidae,Canis,India,Rajasthan,,26.62742,75.032228,2026,2026-01-24T17:47:12,iNaturalist research-grade observations
6130412921,Macaca radiata,"Macaca radiata (É.Geoffroy Saint-Hilaire, 1812)",Animalia,,Mammalia,Primates,Cercopithecidae,Macaca,India,Kerala,,10.288229,76.565469,2026,2026-01-21T12:42:16,iNaturalist research-grade observations
6130413796,Macaca radiata,"Macaca radiata (É.Geoffroy Saint-Hilaire, 1812)",Animalia,,Mammalia,Primates,Cercopithecidae,Macaca,India,Kerala,,10.28643,76.570463,2026,2026-01-18T11:11:31,iNaturalist research-grade observations
6130415774,Canis lupus,"Canis familiaris Linnaeus, 1758",Animalia,,Mammalia,Carnivora,Canidae,Canis,India,Uttar Pradesh,,25.413314,81.846528,2026,2026-01-20T10:31:27,iNaturalist research-grade observations
6130423149,Semnopithecus entellus,"Semnopithecus entellus (Dufresne, 1797)",Animalia,,Mammalia,Primates,Cercopithecidae,Semnopithecus,India,Rajasthan,,26.99097,75.847602,2026,2026-01-19T13:30,iNaturalist research-grade observations
6130425908,Funambulus palmarum,"Funambulus palmarum (Linnaeus, 1766)",Animalia,,Mammalia,Rodentia,Sciuridae,Funambulus,India,Maharashtra,,19.066497,73.065544,2026,2026-01-23T11:28:27,iNaturalist research-grade observations
6130441700,Felis catus,"Felis catus Linnaeus, 1758",Animalia,,Mammalia,Carnivora,Felidae,Felis,India,Rajasthan,,26.61428,75.048333,2026,2026-01-25T18:42:54,iNaturalist research-grade observations
6130446437,Rusa unicolor,"Rusa unicolor unicolor (Kerr, 1792)",Animalia,,Mammalia,Artiodactyla,Cervidae,Rusa,India,Uttarakhand,,29.430462,79.080084,2026,2026-01-08T14:54:44,iNaturalist research-grade observations
6130448682,Naemorhedus goral,"Naemorhedus goral (Hardwicke, 1825)",Animalia,,Mammalia,Artiodactyla,Bovidae,Naemorhedus,India,Uttarakhand,,30.17091,80.286071,2026,2026-01-20T08:16:49,iNaturalist research-grade observations
6130450115,Axis axis,"Axis axis (Erxleben, 1777)",Animalia,,Mammalia,Artiodactyla,Cervidae,Axis,India,Telangana,,17.2034,78.485118,2026,2026-01-25T15:52:04,iNaturalist research-grade observations
6130450806,Macaca mulatta,"Macaca mulatta (Zimmermann, 1780)",Animalia,,Mammalia,Primates,Cercopithecidae,Macaca,India,Odisha,,21.593115,86.29454,2026,2026-01-11T09:35,iNaturalist research-grade observations
6130457213,Axis axis,"Axis axis (Erxleben, 1777)",Animalia,,Mammalia,Artiodactyla,Cervidae,Axis,India,Odisha,,21.593115,86.29454,2026,2026-01-10T13:21,iNaturalist research-grade observations
6130460341,Macaca radiata,"Macaca radiata (É.Geoffroy Saint-Hilaire, 1812)",Animalia,,Mammalia,Primates,Cercopithecidae,Macaca,India,Karnataka,,13.168623,77.222624,2026,2026-01-10T08:35:52,iNaturalist research-grade observations
6130472917,Macaca radiata,"Macaca radiata (É.Geoffroy Saint-Hilaire, 1812)",Animalia,,Mammalia,Primates,Cercopithecidae,Macaca,India,Karnataka,,12.282585,77.375872,2026,2026-01-10T06:48,iNaturalist research-grade observations
6130477361,Felis catus,"Felis catus Linnaeus, 1758",Animalia,,Mammalia,Carnivora,Felidae,Felis,India,Uttar Pradesh,,25.414728,81.842095,2026,2026-01-14T20:41:05,iNaturalist research-grade observations
6130491422,Herpestes vitticollis,"Urva vitticollis (Bennett, 1835)",Animalia,,Mammalia,Carnivora,Herpestidae,Herpestes,India,Karnataka,,11.962651,76.330226,2026,2026-01-26T04:09:29,iNaturalist research-grade observations
6130492472,Canis aureus,"Canis aureus Linnaeus, 1758",Animalia,,Mammalia,Carnivora,Canidae,Canis,India,Gujarat,,24.368557,71.530075,2026,2026-01-05T20:09,iNaturalist research-grade observations
6130496583,Funambulus pennantii,"Funambulus pennantii Wroughton, 1905",Animalia,,Mammalia,Rodentia,Sciuridae,Funambulus,India,Odisha,,20.295985,85.82461,2026,2026-01-08T12:45,iNaturalist research-grade observations
6130498508,Felis catus,"Felis catus Linnaeus, 1758",Animalia,,Mammalia,Carnivora,Felidae,Felis,India,Telangana,,17.43197,78.553655,2026,2026-01-20T12:16:01,iNaturalist research-grade observations
6130504272,Axis axis,"Axis axis (Erxleben, 1777)",Animalia,,Mammalia,Artiodactyla,Cervidae,Axis,India,Tamil Nadu,,12.986514,80.235344,2026,2026-01-09T13:51:24,iNaturalist research-grade observations
6130510352,Loris lydekkerianus,"Loris lydekkerianus Cabrera, 1908",Animalia,,Mammalia,Primates,Lorisidae,Loris,India,Karnataka,,13.568514,75.135035,2026,2026-01-16T21:16,iNaturalist research-grade observations
6130517881,Macaca mulatta,"Macaca mulatta (Zimmermann, 1780)",Animalia,,Mammalia,Primates,Cercopithecidae,Macaca,India,Uttar Pradesh,,25.385185,81.878367,2026,2026-01-11T09:15:18,iNaturalist research-grade observations
6130518869,Panthera tigris,"Panthera tigris tigris (Linnaeus, 1758)",Animalia,,Mammalia,Carnivora,Felidae,Panthera,India,Uttar Pradesh,,28.512564,79.849762,2026,2026-01-02T18:20:39,iNaturalist research-grade observations
6130526446,Funambulus pennantii,"Funambulus pennantii Wroughton, 1905",Animalia,,Mammalia,Rodentia,Sciuridae,Funambulus,India,Uttar Pradesh,,25.385185,81.878367,2026,2026-01-11T08:42:23,iNaturalist research-grade observations
6130528905,Semnopithecus entellus,"Semnopithecus entellus (Dufresne, 1797)",Animalia,,Mammalia,Primates,Cercopithecidae,Semnopithecus,India,Rajasthan,,25.12904,75.960294,2026,2026-01-17T10:50,iNaturalist research-grade observations
6130532772,Ratufa indica,"Ratufa indica (Erxleben, 1777)",Animalia,,Mammalia,Rodentia,Sciuridae,Ratufa,India,Karnataka,,12.445909,75.685014,2026,2026-01-13T08:21:30,iNaturalist research-grade observations
6130533273,Macaca mulatta,"Macaca mulatta (Zimmermann, 1780)",Animalia,,Mammalia,Primates,Cercopithecidae,Macaca,India,Uttar Pradesh,,25.385185,81.878367,2026,2026-01-11T09:15:39,iNaturalist research-grade observations
6130534149,Paradoxurus hermaphroditus,"Paradoxurus hermaphroditus (Pallas, 1777)",Animalia,,Mammalia,Carnivora,Viverridae,Paradoxurus,India,Madhya Pradesh,,22.581188,78.137017,2026,2026-01-09T21:42,iNaturalist research-grade observations
6130534493,Macaca mulatta,"Macaca mulatta (Zimmermann, 1780)",Animalia,,Mammalia,Primates,Cercopithecidae,Macaca,India,Telangana,,17.505553,78.358794,2026,2026-01-05T15:56,iNaturalist research-grade observations
6130536314,Melursus ursinus,"Melursus ursinus ursinus (Shaw, 1791)",Animalia,,Mammalia,Carnivora,Ursidae,Melursus,India,Rajasthan,,25.898555,76.233279,2026,2026-01-07T13:04,iNaturalist research-grade observations
6130542536,Canis aureus,"Canis aureus indicus Hodgson, 1833",Animalia,,Mammalia,Carnivora,Canidae,Canis,India,Uttarakhand,,29.408252,79.010126,2026,2026-01-24T10:27:09,iNaturalist research-grade observations
6130549751,Boselaphus tragocamelus,"Boselaphus tragocamelus (Pallas, 1766)",Animalia,,Mammalia,Artiodactyla,Bovidae,Boselaphus,India,NCT of Delhi,,28.567281,77.163869,2026,2026-01-10T23:58:01,iNaturalist research-grade observations
6130553748,Semnopithecus schistaceus,"Semnopithecus schistaceus Hodgson, 1840",Animalia,,Mammalia,Primates,Cercopithecidae,Semnopithecus,India,Himachal Pradesh,,31.102443,77.183215,2026,2026-01-19T13:14,iNaturalist research-grade observations
6130571940,Felis catus,"Felis catus Linnaeus, 1758",Animalia,,Mammalia,Carnivora,Felidae,Felis,India,Odisha,,19.348259,83.782313,2026,2026-01-18,iNaturalist research-grade observations
6130575329,Macaca mulatta,"Macaca mulatta (Zimmermann, 1780)",Animalia,,Mammalia,Primates,Cercopithecidae,Macaca,India,Uttarakhand,,30.127688,78.331447,2026,2026-01-12T12:47:32,iNaturalist research-grade observations
6130575672,Rusa unicolor,"Rusa unicolor (Kerr, 1792)",Animalia,,Mammalia,Artiodactyla,Cervidae,Rusa,India,Gujarat,,21.093433,70.596928,2026,2026-01-22T08:01:36,iNaturalist research-grade observations
6130578065,Viverricula indica,"Viverricula indica (É.Geoffroy Saint-Hilaire, 1803)",Animalia,,Mammalia,Carnivora,Viverridae,Viverricula,India,Karnataka,,12.938153,75.775022,2026,2026-01-16T07:23:04,iNaturalist research-grade observations
6130580400,Sus scrofa,"Sus scrofa cristatus Wagner, 1839",Animalia,,Mammalia,Artiodactyla,Suidae,Sus,India,Andhra Pradesh,,14.627922,79.047614,2026,2026-01-14T19:06:51,iNaturalist research-grade observations
6130592492,Boselaphus tragocamelus,"Boselaphus tragocamelus (Pallas, 1766)",Animalia,,Mammalia,Artiodactyla,Bovidae,Boselaphus,India,Uttar Pradesh,,28.52673,77.575363,2026,2026-01-25,iNaturalist research-grade observations
6130593628,Panthera tigris,"Panthera tigris tigris (Linnaeus, 1758)",Animalia,,Mammalia,Carnivora,Felidae,Panthera,India,Rajasthan,,26.158722,76.437852,2026,2026-01-08T17:13:19,iNaturalist research-grade observations
6130598806,Macaca mulatta,"Macaca mulatta (Zimmermann, 1780)",Animalia,,Mammalia,Primates,Cercopithecidae,Macaca,India,Bihar,,25.026173,85.417374,2026,2026-01-14T11:55,iNaturalist research-grade observations
6130600208,Canis lupus,"Canis familiaris Linnaeus, 1758",Animalia,,Mammalia,Carnivora,Canidae,Canis,India,Kerala,,9.769743,76.305209,2026,2026-01-11T09:09:32,iNaturalist research-grade observations
6130600778,Funambulus pennantii,"Funambulus pennantii Wroughton, 1905",Animalia,,Mammalia,Rodentia,Sciuridae,Funambulus,India,Uttarakhand,,30.0539,78.25944,2026,2026-01-04T14:03:10,iNaturalist research-grade observations
6130601120,Funambulus palmarum,"Funambulus palmarum (Linnaeus, 1766)",Animalia,,Mammalia,Rodentia,Sciuridae,Funambulus,India,Tamil Nadu,,9.607703,77.166153,2026,2026-01-16T10:21:50,iNaturalist research-grade observations
6130610669,Capra hircus,"Capra hircus Linnaeus, 1758",Animalia,,Mammalia,Artiodactyla,Bovidae,Capra,India,Rajasthan,,26.868803,70.785148,2026,2026-01-14T14:13,iNaturalist research-grade observations
6130612716,Panthera pardus,"Panthera pardus fusca (Meyer, 1794)",Animalia,,Mammalia,Carnivora,Felidae,Panthera,India,Gujarat,,20.440496,73.278306,2026,2026-01-07T04:00:27,iNaturalist research-grade observations
6130620182,Nycticebus bengalensis,"Nycticebus bengalensis (Lacépède, 1800)",Animalia,,Mammalia,Primates,Lorisidae,Nycticebus,India,Assam,,25.122158,93.043496,2026,2026-01-05T21:12:19,iNaturalist research-grade observations
6130620483,Semnopithecus hector,"Semnopithecus hector (Pocock, 1928)",Animalia,,Mammalia,Primates,Cercopithecidae,Semnopithecus,India,Uttarakhand,,29.470645,79.03164,2026,2026-01-08T14:11:22,iNaturalist research-grade observations
6130631530,Funambulus pennantii,"Funambulus pennantii Wroughton, 1905",Animalia,,Mammalia,Rodentia,Sciuridae,Funambulus,India,Rajasthan,,27.268958,75.572493,2026,2026-01-21T15:50,iNaturalist research-grade observations
6130644072,Rusa unicolor,"Rusa unicolor unicolor (Kerr, 1792)",Animalia,,Mammalia,Artiodactyla,Cervidae,Rusa,India,Rajasthan,,26.010536,76.547472,2026,2026-01-07T16:12,iNaturalist research-grade observations
6130647030,Sus scrofa,"Sus scrofa Linnaeus, 1758",Animalia,,Mammalia,Artiodactyla,Suidae,Sus,India,Karnataka,,11.90375,77.122056,2026,2026-01-26T08:57:27,iNaturalist research-grade observations
6130648615,Funambulus pennantii,"Funambulus pennantii Wroughton, 1905",Animalia,,Mammalia,Rodentia,Sciuridae,Funambulus,India,Uttar Pradesh,,25.455212,81.848668,2026,2026-01-17T11:54:30,iNaturalist research-grade observations
6130656359,Hemitragus hylocrius,"Nilgiritragus hylocrius (Ogilby, 1838)",Animalia,,Mammalia,Artiodactyla,Bovidae,Hemitragus,India,Kerala,,10.114291,77.095493,2026,2026-01-17T08:45:58,iNaturalist research-grade observations
6130666088,Felis catus,"Felis catus Linnaeus, 1758",Animalia,,Mammalia,Carnivora,Felidae,Felis,India,West Bengal,,22.726077,88.380523,2026,2026-01-13T17:32:46,iNaturalist research-grade observations
6130667495,Canis lupus,"Canis familiaris Linnaeus, 1758",Animalia,,Mammalia,Carnivora,Canidae,Canis,India,Haryana,,29.61565,76.123245,2026,2026-01-11T17:47:27,iNaturalist research-grade observations
6130680624,Funambulus pennantii,"Funambulus pennantii Wroughton, 1905",Animalia,,Mammalia,Rodentia,Sciuridae,Funambulus,India,Maharashtra,,19.017282,73.007805,2026,2026-01-06T10:05:23,iNaturalist research-grade observations
6130683967,Canis lupus,"Canis familiaris Linnaeus, 1758",Animalia,,Mammalia,Carnivora,Canidae,Canis,India,Uttar Pradesh,,25.413314,81.846528,2026,2026-01-20T10:31:18,iNaturalist research-grade observations
6130689791,Axis axis,"Axis axis (Erxleben, 1777)",Animalia,,Mammalia,Artiodactyla,Cervidae,Axis,India,Kerala,,11.904408,76.023286,2026,2026-01-21T17:51:22,iNaturalist research-grade observations
6130693444,Pteropus medius,"Pteropus medius Temminck, 1825",Animalia,,Mammalia,Chiroptera,Pteropodidae,Pteropus,India,West Bengal,,26.525294,88.713321,2026,2026-01-09T12:54:25,iNaturalist research-grade observations
6130693809,Felis catus,"Felis catus Linnaeus, 1758",Animalia,,Mammalia,Carnivora,Felidae,Felis,India,Rajasthan,,26.296627,73.01708,2026,2026-01-13T12:50,iNaturalist research-grade observations
6130694716,Macaca mulatta,"Macaca mulatta (Zimmermann, 1780)",Animalia,,Mammalia,Primates,Cercopithecidae,Macaca,India,Telangana,,17.327183,78.571734,2026,2026-01-25T15:54:19,iNaturalist research-grade observations
6130703598,Semnopithecus entellus,"Semnopithecus entellus (Dufresne, 1797)",Animalia,,Mammalia,Primates,Cercopithecidae,Semnopithecus,India,Rajasthan,,25.075481,73.452774,2026,2026-01-08T11:27:16,iNaturalist research-grade observations
6130717759,Pteropus medius,"Pteropus medius Temminck, 1825",Animalia,,Mammalia,Chiroptera,Pteropodidae,Pteropus,India,Rajasthan,,27.165672,77.524483,2026,2026-01-17T13:53:38,iNaturalist research-grade observations
6130718232,Capra hircus,"Capra hircus Linnaeus, 1758",Animalia,,Mammalia,Artiodactyla,Bovidae,Capra,India,Uttar Pradesh,,25.40104,81.81554,2026,2026-01-24T11:24:08,iNaturalist research-grade observations
6130718763,Sus scrofa,"Sus scrofa Linnaeus, 1758",Animalia,,Mammalia,Artiodactyla,Suidae,Sus,India,Madhya Pradesh,,22.317727,76.615386,2026,2026-01-06T02:17,iNaturalist research-grade observations
6130719518,Macaca mulatta,"Macaca mulatta (Zimmermann, 1780)",Animalia,,Mammalia,Primates,Cercopithecidae,Macaca,India,Uttar Pradesh,,25.385185,81.878367,2026,2026-01-11T09:15:22,iNaturalist research-grade observations
6130721854,Equus caballus,"Equus caballus Linnaeus, 1758",Animalia,,Mammalia,Perissodactyla,Equidae,Equus,India,Tamil Nadu,,10.299112,79.84561,2026,2026-01-11T09:45,iNaturalist research-grade observations
6130722448,Axis axis,"Axis axis (Erxleben, 1777)",Animalia,,Mammalia,Artiodactyla,Cervidae,Axis,India,Karnataka,,11.684389,76.629175,2026,2026-01-15T10:22:28,iNaturalist research-grade observations
6130722741,Macaca radiata,"Macaca radiata (É.Geoffroy Saint-Hilaire, 1812)",Animalia,,Mammalia,Primates,Cercopithecidae,Macaca,India,Tamil Nadu,,11.401364,76.735867,2026,2026-01-17T11:34:36,iNaturalist research-grade observations
6130726490,Macaca mulatta,"Macaca mulatta (Zimmermann, 1780)",Animalia,,Mammalia,Primates,Cercopithecidae,Macaca,India,Odisha,,19.813455,85.831236,2026,2026-01-15T12:24,iNaturalist research-grade observations
6130736745,Funambulus pennantii,"Funambulus pennantii Wroughton, 1905",Animalia,,Mammalia,Rodentia,Sciuridae,Funambulus,India,Uttar Pradesh,,25.413314,81.846528,2026,2026-01-19T11:29:44,iNaturalist research-grade observations
6130738114,Rusa unicolor,"Rusa unicolor unicolor (Kerr, 1792)",Animalia,,Mammalia,Artiodactyla,Cervidae,Rusa,India,Himachal Pradesh,,31.634535,76.929874,2026,2026-01-05T13:45:56,iNaturalist research-grade observations
6130740099,Funambulus palmarum,"Funambulus palmarum (Linnaeus, 1766)",Animalia,,Mammalia,Rodentia,Sciuridae,Funambulus,India,Tamil Nadu,,10.800637,78.760372,2026,2026-01-21T09:22,iNaturalist research-grade observations
6130748055,Boselaphus tragocamelus,"Boselaphus tragocamelus (Pallas, 1766)",Animalia,,Mammalia,Artiodactyla,Bovidae,Boselaphus,India,Uttar Pradesh,,25.413314,81.846528,2026,2026-01-07T11:06:31,iNaturalist research-grade observations
6130752024,Sus scrofa,"Sus scrofa cristatus Wagner, 1839",Animalia,,Mammalia,Artiodactyla,Suidae,Sus,India,Madhya Pradesh,,23.229008,77.364025,2026,2026-01-18T08:56:59,iNaturalist research-grade observations
6130754533,Pteropus medius,"Pteropus medius Temminck, 1825",Animalia,,Mammalia,Chiroptera,Pteropodidae,Pteropus,India,Telangana,,17.440601,78.493131,2026,2026-01-24T10:23:51,iNaturalist research-grade observations
6130754620,Macaca radiata,"Macaca radiata (É.Geoffroy Saint-Hilaire, 1812)",Animalia,,Mammalia,Primates,Cercopithecidae,Macaca,India,Kerala,,10.120956,76.756367,2026,2026-01-22T08:47,iNaturalist research-grade observations
6130754742,Bos taurus,"Bos taurus indicus Linnaeus, 1758",Animalia,,Mammalia,Artiodactyla,Bovidae,Bos,India,Rajasthan,,26.612253,75.03765,2026,2026-01-25T19:15:56,iNaturalist research-grade observations
6130759953,Semnopithecus entellus,"Semnopithecus entellus (Dufresne, 1797)",Animalia,,Mammalia,Primates,Cercopithecidae,Semnopithecus,India,Madhya Pradesh,,22.557199,78.144958,2026,2026-01-09T17:38,iNaturalist research-grade observations
6130769704,Rucervus duvaucelii,"Rucervus duvaucelii duvaucelii (G.Cuvier, 1823)",Animalia,,Mammalia,Artiodactyla,Cervidae,Rucervus,India,Uttar Pradesh,,28.386236,80.400044,2026,2026-01-20T13:17,iNaturalist research-grade observations
6130770962,Panthera tigris,"Panthera tigris tigris (Linnaeus, 1758)",Animalia,,Mammalia,Carnivora,Felidae,Panthera,India,Madhya Pradesh,,23.203479,77.209529,2026,2026-01-25T10:15:06,iNaturalist research-grade observations
6130776019,Axis axis,"Axis axis (Erxleben, 1777)",Animalia,,Mammalia,Artiodactyla,Cervidae,Axis,India,Madhya Pradesh,,22.197574,80.730329,2026,2026-01-03T16:15:59,iNaturalist research-grade observations
6130776037,Axis axis,"Axis axis (Erxleben, 1777)",Animalia,,Mammalia,Artiodactyla,Cervidae,Axis,India,Uttarakhand,,29.48433,79.071199,2026,2026-01-08T15:12:30,iNaturalist research-grade observations
6130785970,Hystrix indica,"Hystrix indica Kerr, 1792",Animalia,,Mammalia,Rodentia,Hystricidae,Hystrix,India,Rajasthan,,25.0597,75.721706,2026,2026-01-24T09:21:33,iNaturalist research-grade observations
6130785990,Capra hircus,"Capra hircus Linnaeus, 1758",Animalia,,Mammalia,Artiodactyla,Bovidae,Capra,India,Maharashtra,,20.982838,75.616193,2026,2026-01-04T10:47,iNaturalist research-grade observations
6130795134,Axis axis,"Axis axis (Erxleben, 1777)",Animalia,,Mammalia,Artiodactyla,Cervidae,Axis,India,Rajasthan,,27.171203,77.508842,2026,2026-01-17T15:22:47,iNaturalist research-grade observations
6130802406,Felis catus,"Felis catus Linnaeus, 1758",Animalia,,Mammalia,Carnivora,Felidae,Felis,India,Tamil Nadu,,9.878802,78.054684,2026,2026-01-24T10:30:28,iNaturalist research-grade observations
6130807170,Canis lupus,"Canis familiaris Linnaeus, 1758",Animalia,,Mammalia,Carnivora,Canidae,Canis,India,Punjab,,30.690772,76.1174,2026,2026-01-09T10:59:08,iNaturalist research-grade observations
6130810149,Funambulus pennantii,"Funambulus pennantii Wroughton, 1905",Animalia,,Mammalia,Rodentia,Sciuridae,Funambulus,India,Rajasthan,,26.992504,75.940154,2026,2026-01-21T13:10:01,iNaturalist research-grade observations
6130810248,Canis lupus,"Canis familiaris Linnaeus, 1758",Animalia,,Mammalia,Carnivora,Canidae,Canis,India,Uttar Pradesh,,25.409877,81.851176,2026,2026-01-22T11:04:14,iNaturalist research-grade observations
6130812485,Funambulus pennantii,"Funambulus pennantii Wroughton, 1905",Animalia,,Mammalia,Rodentia,Sciuridae,Funambulus,India,Maharashtra,,18.563178,73.79423,2026,2026-01-18T10:36,iNaturalist research-grade observations
6130812758,Funambulus pennantii,"Funambulus pennantii Wroughton, 1905",Animalia,,Mammalia,Rodentia,Sciuridae,Funambulus,India,Uttar Pradesh,,26.860832,80.925395,2026,2026-01-26T14:36:31,iNaturalist research-grade observations
6130816738,Macaca mulatta,"Macaca mulatta (Zimmermann, 1780)",Animalia,,Mammalia,Primates,Cercopithecidae,Macaca,India,Uttar Pradesh,,29.443334,78.881899,2026,2026-01-08T09:19:52,iNaturalist research-grade observations
6130818578,Sus scrofa,"Sus scrofa Linnaeus, 1758",Animalia,,Mammalia,Artiodactyla,Suidae,Sus,India,Haryana,,29.598113,76.099067,2026,2026-01-10T16:46:59,iNaturalist research-grade observations
6130820478,Canis lupus,"Canis familiaris Linnaeus, 1758",Animalia,,Mammalia,Carnivora,Canidae,Canis,India,Rajasthan,,26.627528,75.032272,2026,2026-01-23T13:49:55,iNaturalist research-grade observations
6130823584,Boselaphus tragocamelus,"Boselaphus tragocamelus (Pallas, 1766)",Animalia,,Mammalia,Artiodactyla,Bovidae,Boselaphus,India,Gujarat,,23.192892,72.651643,2026,2026-01-02T17:48,iNaturalist research-grade observations
6130823742,Funambulus tristriatus,"Funambulus tristriatus (Waterhouse, 1837)",Animalia,,Mammalia,Rodentia,Sciuridae,Funambulus,India,Maharashtra,,18.564806,73.824024,2026,2026-01-17T08:54,iNaturalist research-grade observations
6130824691,Muntiacus muntjak,"Muntiacus vaginalis (Boddaert, 1785)",Animalia,,Mammalia,Artiodactyla,Cervidae,Muntiacus,India,Andhra Pradesh,,17.635498,81.584221,2026,2026-01-24T11:30:46,iNaturalist research-grade observations
6130831465,Boselaphus tragocamelus,"Boselaphus tragocamelus (Pallas, 1766)",Animalia,,Mammalia,Artiodactyla,Bovidae,Boselaphus,India,Uttar Pradesh,,28.9875,78.8466,2026,2026-01-25T00:46:24,iNaturalist research-grade observations
6130834499,Axis axis,"Axis axis (Erxleben, 1777)",Animalia,,Mammalia,Artiodactyla,Cervidae,Axis,India,Uttarakhand,,29.430431,79.095665,2026,2026-01-08T14:31:21,iNaturalist research-grade observations
6130839602,Funambulus palmarum,"Funambulus palmarum (Linnaeus, 1766)",Animalia,,Mammalia,Rodentia,Sciuridae,Funambulus,India,Maharashtra,,18.541078,73.632678,2026,2026-01-14T11:36:45,iNaturalist research-grade observations
6130843704,Semnopithecus entellus,"Semnopithecus entellus (Dufresne, 1797)",Animalia,,Mammalia,Primates,Cercopithecidae,Semnopithecus,India,Rajasthan,,24.890658,74.645395,2026,2026-01-10T14:18:31,iNaturalist research-grade observations
6130845005,Antilope cervicapra,"Antilope cervicapra (Linnaeus, 1758)",Animalia,,Mammalia,Artiodactyla,Bovidae,Antilope,India,Gujarat,,21.873348,72.126802,2026,2026-01-25T16:18:06,iNaturalist research-grade observations
6130847159,Axis axis,"Axis axis (Erxleben, 1777)",Animalia,,Mammalia,Artiodactyla,Cervidae,Axis,India,Rajasthan,,26.029564,76.453067,2026,2026-01-08T16:16,iNaturalist research-grade observations
6130848805,Hemitragus hylocrius,"Nilgiritragus hylocrius (Ogilby, 1838)",Animalia,,Mammalia,Artiodactyla,Bovidae,Hemitragus,India,Kerala,,10.124414,77.089124,2026,2026-01-13T11:55:36,iNaturalist research-grade observations
6130852120,Macaca silenus,"Macaca silenus (Linnaeus, 1758)",Animalia,,Mammalia,Primates,Cercopithecidae,Macaca,India,Tamil Nadu,,10.30992,76.924487,2026,2026-01-08T17:03:22,iNaturalist research-grade observations
6130854174,Macaca mulatta,"Macaca mulatta (Zimmermann, 1780)",Animalia,,Mammalia,Primates,Cercopithecidae,Macaca,India,Madhya Pradesh,,21.746209,79.289666,2026,2026-01-12T09:03,iNaturalist research-grade observations
6130854187,Semnopithecus entellus,"Semnopithecus entellus (Dufresne, 1797)",Animalia,,Mammalia,Primates,Cercopithecidae,Semnopithecus,India,Gujarat,,23.104794,72.750358,2026,2026-01-02T17:50,iNaturalist research-grade observations
6130856263,Funambulus pennantii,"Funambulus pennantii Wroughton, 1905",Animalia,,Mammalia,Rodentia,Sciuridae,Funambulus,India,Uttar Pradesh,,25.385185,81.878367,2026,2026-01-11T08:41:37,iNaturalist research-grade observations
6130860366,Canis lupus,"Canis familiaris Linnaeus, 1758",Animalia,,Mammalia,Carnivora,Canidae,Canis,India,Punjab,,30.694158,76.10672,2026,2026-01-08T11:31:07,iNaturalist research-grade observations
6130861447,Funambulus pennantii,"Funambulus pennantii Wroughton, 1905",Animalia,,Mammalia,Rodentia,Sciuridae,Funambulus,India,Uttar Pradesh,,25.413314,81.846528,2026,2026-01-19T11:24:31,iNaturalist research-grade observations
6130874418,Semnopithecus entellus,"Semnopithecus entellus (Dufresne, 1797)",Animalia,,Mammalia,Primates,Cercopithecidae,Semnopithecus,India,Rajasthan,,26.006595,76.413211,2026,2026-01-08T12:02,iNaturalist research-grade observations
6130885846,Semnopithecus entellus,"Semnopithecus entellus (Dufresne, 1797)",Animalia,,Mammalia,Primates,Cercopithecidae,Semnopithecus,India,Rajasthan,,26.021798,76.454105,2026,2026-01-08T17:07,iNaturalist research-grade observations
6130889402,Gazella bennettii,"Gazella bennettii (Sykes, 1831)",Animalia,,Mammalia,Artiodactyla,Bovidae,Gazella,India,Maharashtra,,18.156375,74.823536,2026,2026-01-24T09:23:58,iNaturalist research-grade observations
6130895438,Semnopithecus entellus,"Semnopithecus entellus (Dufresne, 1797)",Animalia,,Mammalia,Primates,Cercopithecidae,Semnopithecus,India,Rajasthan,,26.99097,75.847602,2026,2026-01-19T13:29,iNaturalist research-grade observations
6130899525,Pteropus medius,"Pteropus medius Temminck, 1825",Animalia,,Mammalia,Chiroptera,Pteropodidae,Pteropus,India,Maharashtra,,18.595256,73.790147,2026,2026-01-14T18:38:35,iNaturalist research-grade observations
6130899643,Macaca mulatta,"Macaca mulatta (Zimmermann, 1780)",Animalia,,Mammalia,Primates,Cercopithecidae,Macaca,India,Uttarakhand,,29.450312,78.9129,2026,2026-01-08T09:19:11,iNaturalist research-grade observations
6130903079,Antilope cervicapra,"Antilope cervicapra cervicapra (Linnaeus, 1758)",Animalia,,Mammalia,Artiodactyla,Bovidae,Antilope,India,Telangana,,17.283925,78.531651,2026,2026-01-25T15:51:54,iNaturalist research-grade observations
6130913689,Ratufa indica,"Ratufa indica (Erxleben, 1777)",Animalia,,Mammalia,Rodentia,Sciuridae,Ratufa,India,Kerala,,11.904003,76.02392,2026,2026-01-21T14:41:21,iNaturalist research-grade observations
6130916304,Panthera tigris,"Panthera tigris (Linnaeus, 1758)",Animalia,,Mammalia,Carnivora,Felidae,Panthera,India,Uttarakhand,,29.231303,79.101998,2026,2026-01-21T01:12,iNaturalist research-grade observations
6130916350,Canis lupus,"Canis familiaris Linnaeus, 1758",Animalia,,Mammalia,Carnivora,Canidae,Canis,India,Telangana,,17.381447,80.779888,2026,2026-01-21T10:09:02,iNaturalist research-grade observations
6130926047,Axis axis,"Axis axis (Erxleben, 1777)",Animalia,,Mammalia,Artiodactyla,Cervidae,Axis,India,Uttar Pradesh,,28.749331,80.086022,2026,2026-01-20T15:19:17,iNaturalist research-grade observations
6130928223,Herpestes edwardsi,"Urva edwardsii (É.Geoffroy Saint-Hilaire, 1818)",Animalia,,Mammalia,Carnivora,Herpestidae,Herpestes,India,Maharashtra,,19.018513,73.005745,2026,2026-01-05T10:15:07,iNaturalist research-grade observations
6130929222,Macaca mulatta,"Macaca mulatta (Zimmermann, 1780)",Animalia,,Mammalia,Primates,Cercopithecidae,Macaca,India,Madhya Pradesh,,23.144908,80.044753,2026,2026-01-07T11:31:16,iNaturalist research-grade observations
6130930549,Pteropus medius,"Pteropus medius Temminck, 1825",Animalia,,Mammalia,Chiroptera,Pteropodidae,Pteropus,India,Gujarat,,22.48053,72.803092,2026,2026-01-21T14:49:40,iNaturalist research-grade observations
6130930646,Macaca mulatta,"Macaca mulatta (Zimmermann, 1780)",Animalia,,Mammalia,Primates,Cercopithecidae,Macaca,India,NCT of Delhi,,28.631763,77.192208,2026,2026-01-11T16:18:38,iNaturalist research-grade observations
6130931620,Macaca mulatta,"Macaca mulatta (Zimmermann, 1780)",Animalia,,Mammalia,Primates,Cercopithecidae,Macaca,India,Rajasthan,,25.203036,75.791586,2026,2026-01-20T15:01:14,iNaturalist research-grade observations
6130931636,Ratufa indica,"Ratufa indica (Erxleben, 1777)",Animalia,,Mammalia,Rodentia,Sciuridae,Ratufa,India,Kerala,,11.922225,75.791972,2026,2026-01-17T07:39:31,iNaturalist research-grade observations
6130936643,Canis lupus,"Canis familiaris Linnaeus, 1758",Animalia,,Mammalia,Carnivora,Canidae,Canis,India,Rajasthan,,26.627522,75.032281,2026,2026-01-23T13:49:49,iNaturalist research-grade observations
6130937228,Canis lupus,"Canis familiaris Linnaeus, 1758",Animalia,,Mammalia,Carnivora,Canidae,Canis,India,Uttar Pradesh,,25.416456,81.837386,2026,2026-01-24T10:43:20,iNaturalist research-grade observations
6130944911,Bos taurus,"Bos taurus Linnaeus, 1758",Animalia,,Mammalia,Artiodactyla,Bovidae,Bos,India,Odisha,,21.593115,86.29454,2026,2026-01-11T08:10,iNaturalist research-grade observations
6130947836,Lepus nigricollis,"Lepus nigricollis F.Cuvier, 1823",Animalia,,Mammalia,Lagomorpha,Leporidae,Lepus,India,Uttar Pradesh,,28.42277,80.843315,2026,2026-01-19T18:39,iNaturalist research-grade observations
6130958718,Camelus dromedarius,"Camelus dromedarius Linnaeus, 1758",Animalia,,Mammalia,Artiodactyla,Camelidae,Camelus,India,Rajasthan,,26.821532,72.310454,2026,2026-01-14T08:46:49,iNaturalist research-grade observations
6130975034,Axis axis,"Axis axis (Erxleben, 1777)",Animalia,,Mammalia,Artiodactyla,Cervidae,Axis,India,Uttarakhand,,29.43629,79.083455,2026,2026-01-08T14:31:39,iNaturalist research-grade observations
6130976541,Funambulus pennantii,"Funambulus pennantii Wroughton, 1905",Animalia,,Mammalia,Rodentia,Sciuridae,Funambulus,India,Uttar Pradesh,,25.385185,81.878367,2026,2026-01-11T08:42:23,iNaturalist research-grade observations
6130982000,Panthera tigris,"Panthera tigris tigris (Linnaeus, 1758)",Animalia,,Mammalia,Carnivora,Felidae,Panthera,India,Arunachal Pradesh,,28.262061,95.951691,2026,2026-01-18T18:25,iNaturalist research-grade observations
6130984080,Funambulus pennantii,"Funambulus pennantii Wroughton, 1905",Animalia,,Mammalia,Rodentia,Sciuridae,Funambulus,India,Maharashtra,,21.027562,75.565717,2026,2026-01-01T09:49,iNaturalist research-grade observations
6130991989,Bos taurus,"Bos taurus indicus Linnaeus, 1758",Animalia,,Mammalia,Artiodactyla,Bovidae,Bos,India,Haryana,,29.586713,76.112572,2026,2026-01-10T16:36:21,iNaturalist research-grade observations
6130993495,Sus scrofa,"Sus scrofa Linnaeus, 1758",Animalia,,Mammalia,Artiodactyla,Suidae,Sus,India,Karnataka,,14.426946,76.577915,2026,2026-01-17T21:20,iNaturalist research-grade observations
6130995281,Pteropus medius,"Pteropus medius Temminck, 1825",Animalia,,Mammalia,Chiroptera,Pteropodidae,Pteropus,India,Karnataka,,12.424753,76.6538,2026,2026-01-25T13:15:55,iNaturalist research-grade observations
6131000185,Herpestes vitticollis,"Urva vitticollis (Bennett, 1835)",Animalia,,Mammalia,Carnivora,Herpestidae,Herpestes,India,Karnataka,,11.997079,75.88573,2026,2026-01-19T14:07:37,iNaturalist research-grade observations
6131018415,Boselaphus tragocamelus,"Boselaphus tragocamelus (Pallas, 1766)",Animalia,,Mammalia,Artiodactyla,Bovidae,Boselaphus,India,Gujarat,,21.880306,72.117788,2026,2026-01-25T18:04:29,iNaturalist research-grade observations
6131018434,Sus scrofa,"Sus scrofa domesticus Linnaeus, 1758",Animalia,,Mammalia,Artiodactyla,Suidae,Sus,India,Rajasthan,,26.274739,73.019932,2026,2026-01-13T11:08,iNaturalist research-grade observations
6131019203,Semnopithecus entellus,"Semnopithecus entellus (Dufresne, 1797)",Animalia,,Mammalia,Primates,Cercopithecidae,Semnopithecus,India,Uttar Pradesh,,25.448691,81.78504,2026,2026-01-15T17:29:19,iNaturalist research-grade observations
6131023444,Antilope cervicapra,"Antilope cervicapra (Linnaeus, 1758)",Animalia,,Mammalia,Artiodactyla,Bovidae,Antilope,India,Tamil Nadu,,13.007428,80.275094,2026,2026-01-03T11:42:30,iNaturalist research-grade observations
6131029303,Semnopithecus entellus,"Semnopithecus entellus (Dufresne, 1797)",Animalia,,Mammalia,Primates,Cercopithecidae,Semnopithecus,India,Rajasthan,,26.352714,73.032574,2026,2026-01-13T15:22,iNaturalist research-grade observations
6131030889,Axis axis,"Axis axis (Erxleben, 1777)",Animalia,,Mammalia,Artiodactyla,Cervidae,Axis,India,Rajasthan,,26.031994,76.460007,2026,2026-01-07T16:14,iNaturalist research-grade observations
6131045131,Lepus nigricollis,"Lepus nigricollis F.Cuvier, 1823",Animalia,,Mammalia,Lagomorpha,Leporidae,Lepus,India,Kerala,,9.752439,76.843453,2026,2026-01-18T16:49:20,iNaturalist research-grade observations
6131047283,Rattus rattus,"Rattus rattus (Linnaeus, 1758)",Animalia,,Mammalia,Rodentia,Muridae,Rattus,India,Karnataka,,12.377517,76.662012,2026,2026-01-07T07:30,iNaturalist research-grade observations
6131047690,Vulpes vulpes,"Vulpes vulpes pusilla Blyth, 1854",Animalia,,Mammalia,Carnivora,Canidae,Vulpes,India,Rajasthan,,26.84466,70.485711,2026,2026-01-10T12:32,iNaturalist research-grade observations
6131055828,Ratufa indica,"Ratufa indica (Erxleben, 1777)",Animalia,,Mammalia,Rodentia,Sciuridae,Ratufa,India,Karnataka,,12.445909,75.685014,2026,2026-01-13T07:51:01,iNaturalist research-grade observations
6131068472,Pteropus medius,"Pteropus medius Temminck, 1825",Animalia,,Mammalia,Chiroptera,Pteropodidae,Pteropus,India,Maharashtra,,18.92588,72.832687,2026,2026-01-05T16:17,iNaturalist research-grade observations
6131073888,Felis chaus,"Felis chaus Schreber, 1777",Animalia,,Mammalia,Carnivora,Felidae,Felis,India,Maharashtra,,21.036672,75.538369,2026,2026-01-06T10:21,iNaturalist research-grade observations
6131074784,Bubalus bubalis,"Bubalus bubalis (Linnaeus, 1758)",Animalia,,Mammalia,Artiodactyla,Bovidae,Bubalus,India,Uttar Pradesh,,25.413314,81.846528,2026,2026-01-05T10:26:03,iNaturalist research-grade observations
6131076050,Ratufa indica,"Ratufa indica (Erxleben, 1777)",Animalia,,Mammalia,Rodentia,Sciuridae,Ratufa,India,Kerala,,11.922072,75.816169,2026,2026-01-17T11:02:41,iNaturalist research-grade observations
6131076107,Antilope cervicapra,"Antilope cervicapra cervicapra (Linnaeus, 1758)",Animalia,,Mammalia,Artiodactyla,Bovidae,Antilope,India,Tamil Nadu,,12.991493,80.233691,2026,2026-01-08T14:11:20,iNaturalist research-grade observations
6131082247,Bos frontalis,"Bos gaurus C.H.Smith, 1827",Animalia,,Mammalia,Artiodactyla,Bovidae,Bos,India,Tamil Nadu,,10.330841,76.970015,2026,2026-01-19T08:45:49,iNaturalist research-grade observations
6131085020,Macaca mulatta,"Macaca mulatta (Zimmermann, 1780)",Animalia,,Mammalia,Primates,Cercopithecidae,Macaca,India,Telangana,,17.348577,78.472339,2026,2026-01-25T15:18:03,iNaturalist research-grade observations
6131085350,Pteropus medius,"Pteropus medius Temminck, 1825",Animalia,,Mammalia,Chiroptera,Pteropodidae,Pteropus,India,Maharashtra,,18.533592,73.811207,2026,2026-01-16T21:17,iNaturalist research-grade observations
6131090422,Pteropus medius,"Pteropus medius Temminck, 1825",Animalia,,Mammalia,Chiroptera,Pteropodidae,Pteropus,India,Telangana,,17.4315,78.47712,2026,2026-01-24T10:28:09,iNaturalist research-grade observations
6131092434,Macaca mulatta,"Macaca mulatta (Zimmermann, 1780)",Animalia,,Mammalia,Primates,Cercopithecidae,Macaca,India,Uttar Pradesh,,25.385185,81.878367,2026,2026-01-11T09:15:27,iNaturalist research-grade observations
6131093115,Macaca mulatta,"Macaca mulatta (Zimmermann, 1780)",Animalia,,Mammalia,Primates,Cercopithecidae,Macaca,India,Himachal Pradesh,,31.102558,77.183166,2026,2026-01-19T13:03,iNaturalist research-grade observations
6131096805,Canis lupus,"Canis familiaris Linnaeus, 1758",Animalia,,Mammalia,Carnivora,Canidae,Canis,India,Tamil Nadu,,11.216459,77.390952,2026,2026-01-12T10:08:26,iNaturalist research-grade observations
6131100141,Antilope cervicapra,"Antilope cervicapra (Linnaeus, 1758)",Animalia,,Mammalia,Artiodactyla,Bovidae,Antilope,India,Tamil Nadu,,12.987206,80.233339,2026,2026-01-09T15:03:43,iNaturalist research-grade observations
6131114405,Axis axis,"Axis axis (Erxleben, 1777)",Animalia,,Mammalia,Artiodactyla,Cervidae,Axis,India,Gujarat,,21.170602,70.596397,2026,2026-01-22T07:35:45,iNaturalist research-grade observations
6131117182,Canis aureus,"Canis aureus Linnaeus, 1758",Animalia,,Mammalia,Carnivora,Canidae,Canis,India,Karnataka,,13.747981,76.855206,2026,2026-01-01T16:38:45,iNaturalist research-grade observations
6131122342,Macaca radiata,"Macaca radiata (É.Geoffroy Saint-Hilaire, 1812)",Animalia,,Mammalia,Primates,Cercopithecidae,Macaca,India,Karnataka,,12.969337,77.57946,2026,2026-01-24T09:40:29,iNaturalist research-grade observations
6131125713,Macaca radiata,"Macaca radiata (É.Geoffroy Saint-Hilaire, 1812)",Animalia,,Mammalia,Primates,Cercopithecidae,Macaca,India,Karnataka,,12.970137,77.57958,2026,2026-01-24T08:54:05,iNaturalist research-grade observations
6131129128,Macaca mulatta,"Macaca mulatta (Zimmermann, 1780)",Animalia,,Mammalia,Primates,Cercopithecidae,Macaca,India,Haryana,,29.598622,76.098458,2026,2026-01-10T16:49:05,iNaturalist research-grade observations
6131131877,Canis lupus,"Canis familiaris Linnaeus, 1758",Animalia,,Mammalia,Carnivora,Canidae,Canis,India,Madhya Pradesh,,23.282954,77.364384,2026,2026-01-26T10:39:33,iNaturalist research-grade observations
6131134424,Canis aureus,"Canis aureus Linnaeus, 1758",Animalia,,Mammalia,Carnivora,Canidae,Canis,India,Maharashtra,,17.446556,75.168931,2026,2026-01-18T11:15:19,iNaturalist research-grade observations
6131135093,Pteropus medius,"Pteropus medius Temminck, 1825",Animalia,,Mammalia,Chiroptera,Pteropodidae,Pteropus,India,Maharashtra,,18.564606,73.795163,2026,2026-01-18T09:08,iNaturalist research-grade observations
6131138945,Muntiacus muntjak,"Muntiacus vaginalis (Boddaert, 1785)",Animalia,,Mammalia,Artiodactyla,Cervidae,Muntiacus,India,Uttarakhand,,29.430431,79.095665,2026,2026-01-08T15:12:40,iNaturalist research-grade observations
6131140077,Canis lupus,"Canis familiaris Linnaeus, 1758",Animalia,,Mammalia,Carnivora,Canidae,Canis,India,Punjab,,30.283612,75.647147,2026,2026-01-06T16:26:03,iNaturalist research-grade observations
6131144000,Macaca mulatta,"Macaca mulatta (Zimmermann, 1780)",Animalia,,Mammalia,Primates,Cercopithecidae,Macaca,India,Himachal Pradesh,,32.200648,76.319916,2026,2026-01-24T12:12:06,iNaturalist research-grade observations
6131144600,Funambulus palmarum,"Funambulus palmarum (Linnaeus, 1766)",Animalia,,Mammalia,Rodentia,Sciuridae,Funambulus,India,Maharashtra,,18.525324,73.817134,2026,2026-01-19T10:49,iNaturalist research-grade observations
6131150199,Semnopithecus johnii,"Semnopithecus johnii (J.Fischer, 1829)",Animalia,,Mammalia,Primates,Cercopithecidae,Semnopithecus,India,Tamil Nadu,,11.412456,76.772762,2026,2026-01-21T17:00,iNaturalist research-grade observations
6131150823,Panthera tigris,"Panthera tigris tigris (Linnaeus, 1758)",Animalia,,Mammalia,Carnivora,Felidae,Panthera,India,Uttar Pradesh,,28.583373,80.716785,2026,2026-01-08T10:37,iNaturalist research-grade observations
6131159711,Macaca radiata,"Macaca radiata (É.Geoffroy Saint-Hilaire, 1812)",Animalia,,Mammalia,Primates,Cercopithecidae,Macaca,India,Karnataka,,12.275355,76.669297,2026,2026-01-02T10:03:38,iNaturalist research-grade observations
6131166961,Cuon alpinus,"Cuon alpinus (Pallas, 1811)",Animalia,,Mammalia,Carnivora,Canidae,Cuon,India,Madhya Pradesh,,22.58754,78.10317,2026,2026-01-10T15:31,iNaturalist research-grade observations
6131170590,Ratufa indica,"Ratufa indica (Erxleben, 1777)",Animalia,,Mammalia,Rodentia,Sciuridae,Ratufa,India,Kerala,,8.709838,77.129101,2026,2026-01-01T16:03,iNaturalist research-grade observations
6131175628,Elephas maximus,"Elephas maximus indicus Cuvier, 1798",Animalia,,Mammalia,Proboscidea,Elephantidae,Elephas,India,Tamil Nadu,,12.436958,77.773303,2026,2026-01-15T14:46:34,iNaturalist research-grade observations
6131179476,Sus scrofa,"Sus scrofa Linnaeus, 1758",Animalia,,Mammalia,Artiodactyla,Suidae,Sus,India,Uttar Pradesh,,29.453208,78.904349,2026,2026-01-08T07:45:29,iNaturalist research-grade observations
6131182593,Semnopithecus entellus,"Semnopithecus entellus (Dufresne, 1797)",Animalia,,Mammalia,Primates,Cercopithecidae,Semnopithecus,India,Rajasthan,,25.076658,73.455217,2026,2026-01-12T13:38,iNaturalist research-grade observations
6131186320,Sus scrofa,"Sus scrofa cristatus Wagner, 1839",Animalia,,Mammalia,Artiodactyla,Suidae,Sus,India,Gujarat,,23.193686,72.6531,2026,2026-01-02T17:49,iNaturalist research-grade observations
6131188276,Macaca radiata,"Macaca radiata (É.Geoffroy Saint-Hilaire, 1812)",Animalia,,Mammalia,Primates,Cercopithecidae,Macaca,India,Karnataka,,12.97071,77.57987,2026,2026-01-24T09:16:15,iNaturalist research-grade observations
6131195579,Canis lupus,"Canis familiaris Linnaeus, 1758",Animalia,,Mammalia,Carnivora,Canidae,Canis,India,Maharashtra,,20.59809,79.868972,2026,2026-01-07T11:05,iNaturalist research-grade observations
6131195726,Macaca radiata,"Macaca radiata (É.Geoffroy Saint-Hilaire, 1812)",Animalia,,Mammalia,Primates,Cercopithecidae,Macaca,India,Karnataka,,15.331229,76.468377,2026,2026-01-09T18:00:50,iNaturalist research-grade observations
6131197643,Semnopithecus entellus,"Semnopithecus entellus (Dufresne, 1797)",Animalia,,Mammalia,Primates,Cercopithecidae,Semnopithecus,India,NCT of Delhi,,28.554952,77.19165,2026,2026-01-11T13:40,iNaturalist research-grade observations
6131198995,Canis lupus,"Canis familiaris Linnaeus, 1758",Animalia,,Mammalia,Carnivora,Canidae,Canis,India,Haryana,,29.614567,76.121545,2026,2026-01-11T17:29:10,iNaturalist research-grade observations
6131201991,Funambulus pennantii,"Funambulus pennantii Wroughton, 1905",Animalia,,Mammalia,Rodentia,Sciuridae,Funambulus,India,Uttar Pradesh,,25.413314,81.846528,2026,2026-01-19T11:29:08,iNaturalist research-grade observations
6131203180,Felis catus,"Felis catus Linnaeus, 1758",Animalia,,Mammalia,Carnivora,Felidae,Felis,India,Maharashtra,,19.016673,73.005939,2026,2026-01-06T09:42:56,iNaturalist research-grade observations
6131203542,Rhinoceros unicornis,"Rhinoceros unicornis Linnaeus, 1758",Animalia,,Mammalia,Perissodactyla,Rhinocerotidae,Rhinoceros,India,Uttar Pradesh,,28.417966,80.665558,2026,2026-01-13T12:13,iNaturalist research-grade observations
6131214675,Hystrix indica,"Hystrix indica Kerr, 1792",Animalia,,Mammalia,Rodentia,Hystricidae,Hystrix,India,Uttar Pradesh,,28.428289,80.702889,2026,2026-01-06T14:35:44,iNaturalist research-grade observations
6131214810,Canis lupus,"Canis familiaris Linnaeus, 1758",Animalia,,Mammalia,Carnivora,Canidae,Canis,India,Punjab,,30.283613,75.647117,2026,2026-01-06T16:26:14,iNaturalist research-grade observations
6131216020,Hyaena hyaena,"Hyaena hyaena (Linnaeus, 1758)",Animalia,,Mammalia,Carnivora,Hyaenidae,Hyaena,India,Maharashtra,,18.100041,74.747282,2026,2026-01-17T07:05,iNaturalist research-grade observations
6131216364,Muntiacus muntjak,"Muntiacus vaginalis (Boddaert, 1785)",Animalia,,Mammalia,Artiodactyla,Cervidae,Muntiacus,India,Uttarakhand,,29.48433,79.071199,2026,2026-01-08T15:12:33,iNaturalist research-grade observations
6131219031,Funambulus pennantii,"Funambulus pennantii Wroughton, 1905",Animalia,,Mammalia,Rodentia,Sciuridae,Funambulus,India,Madhya Pradesh,,23.479143,77.739606,2026,2026-01-25T14:25:32,iNaturalist research-grade observations
6131226091,Axis axis,"Axis axis (Erxleben, 1777)",Animalia,,Mammalia,Artiodactyla,Cervidae,Axis,India,Tamil Nadu,,12.991493,80.233691,2026,2026-01-08T14:26:02,iNaturalist research-grade observations
6131226719,Funambulus palmarum,"Funambulus palmarum (Linnaeus, 1766)",Animalia,,Mammalia,Rodentia,Sciuridae,Funambulus,India,Madhya Pradesh,,22.580039,78.137262,2026,2026-01-10T13:10,iNaturalist research-grade observations
6131233760,Bos taurus,"Bos taurus indicus Linnaeus, 1758",Animalia,,Mammalia,Artiodactyla,Bovidae,Bos,India,Rajasthan,,26.687355,70.789192,2026,2026-01-15T07:41:36,iNaturalist research-grade observations
6131234378,Funambulus pennantii,"Funambulus pennantii Wroughton, 1905",Animalia,,Mammalia,Rodentia,Sciuridae,Funambulus,India,Maharashtra,,18.567812,73.786874,2026,2026-01-18T12:43,iNaturalist research-grade observations
6131238411,Axis axis,"Axis axis (Erxleben, 1777)",Animalia,,Mammalia,Artiodactyla,Cervidae,Axis,India,Rajasthan,,26.021405,76.411838,2026,2026-01-08T13:19,iNaturalist research-grade observations
6131246641,Canis aureus,"Canis aureus indicus Hodgson, 1833",Animalia,,Mammalia,Carnivora,Canidae,Canis,India,Madhya Pradesh,,21.813716,79.323531,2026,2026-01-13T07:52,iNaturalist research-grade observations
6131258617,Hemitragus hylocrius,"Nilgiritragus hylocrius (Ogilby, 1838)",Animalia,,Mammalia,Artiodactyla,Bovidae,Hemitragus,India,Kerala,,10.165124,77.080143,2026,2026-01-20T15:06:11,iNaturalist research-grade observations
6131260836,Pteropus medius,"Pteropus medius Temminck, 1825",Animalia,,Mammalia,Chiroptera,Pteropodidae,Pteropus,India,Kerala,,9.790546,76.303886,2026,2026-01-07T18:17:32,iNaturalist research-grade observations
6131261208,Funambulus tristriatus,"Funambulus tristriatus (Waterhouse, 1837)",Animalia,,Mammalia,Rodentia,Sciuridae,Funambulus,India,Kerala,,10.29075,76.204786,2026,2026-01-02T15:33:30,iNaturalist research-grade observations
6131264032,Canis lupus,"Canis familiaris Linnaeus, 1758",Animalia,,Mammalia,Carnivora,Canidae,Canis,India,Haryana,,29.617692,76.119003,2026,2026-01-11T17:33:31,iNaturalist research-grade observations
6131279085,Funambulus pennantii,"Funambulus pennantii Wroughton, 1905",Animalia,,Mammalia,Rodentia,Sciuridae,Funambulus,India,NCT of Delhi,,28.524475,77.18552,2026,2026-01-09T16:04:29,iNaturalist research-grade observations
6131279089,Panthera tigris,"Panthera tigris tigris (Linnaeus, 1758)",Animalia,,Mammalia,Carnivora,Felidae,Panthera,India,Rajasthan,,26.14698,76.411308,2026,2026-01-08T08:03:31,iNaturalist research-grade observations
6131279935,Gazella bennettii,"Gazella bennettii (Sykes, 1831)",Animalia,,Mammalia,Artiodactyla,Bovidae,Gazella,India,Rajasthan,,27.577108,71.912991,2026,2026-01-10T09:32,iNaturalist research-grade observations
6131280044,Hystrix indica,"Hystrix indica Kerr, 1792",Animalia,,Mammalia,Rodentia,Hystricidae,Hystrix,India,Karnataka,,12.860994,77.498509,2026,2026-01-11T09:12,iNaturalist research-grade observations
6131286277,Canis lupus,"Canis familiaris Linnaeus, 1758",Animalia,,Mammalia,Carnivora,Canidae,Canis,India,Punjab,,30.694588,76.104453,2026,2026-01-08T11:53:29,iNaturalist research-grade observations
6131291641,Ratufa indica,"Ratufa indica (Erxleben, 1777)",Animalia,,Mammalia,Rodentia,Sciuridae,Ratufa,India,Andhra Pradesh,,17.635113,81.633165,2026,2026-01-25,iNaturalist research-grade observations
6131296466,Antilope cervicapra,"Antilope cervicapra cervicapra (Linnaeus, 1758)",Animalia,,Mammalia,Artiodactyla,Bovidae,Antilope,India,Telangana,,17.202006,78.457169,2026,2026-01-25T15:52:58,iNaturalist research-grade observations
6131298809,Macaca radiata,"Macaca radiata (É.Geoffroy Saint-Hilaire, 1812)",Animalia,,Mammalia,Primates,Cercopithecidae,Macaca,India,Tamil Nadu,,13.007428,80.275094,2026,2026-01-03T12:15:31,iNaturalist research-grade observations
6131304073,Macaca radiata,"Macaca radiata (É.Geoffroy Saint-Hilaire, 1812)",Animalia,,Mammalia,Primates,Cercopithecidae,Macaca,India,Tamil Nadu,,12.103936,79.378808,2026,2026-01-25T10:54:46,iNaturalist research-grade observations
6131304113,Semnopithecus entellus,"Semnopithecus entellus (Dufresne, 1797)",Animalia,,Mammalia,Primates,Cercopithecidae,Semnopithecus,India,Madhya Pradesh,,22.937191,77.612182,2026,2026-01-26T14:40:22,iNaturalist research-grade observations
6131304945,Boselaphus tragocamelus,"Boselaphus tragocamelus (Pallas, 1766)",Animalia,,Mammalia,Artiodactyla,Bovidae,Boselaphus,India,Uttar Pradesh,,25.413314,81.846528,2026,2026-01-07T11:06:04,iNaturalist research-grade observations
6131316190,Macaca mulatta,"Macaca mulatta (Zimmermann, 1780)",Animalia,,Mammalia,Primates,Cercopithecidae,Macaca,India,Odisha,,21.593115,86.29454,2026,2026-01-11T10:26,iNaturalist research-grade observations
6131325424,Semnopithecus entellus,"Semnopithecus entellus (Dufresne, 1797)",Animalia,,Mammalia,Primates,Cercopithecidae,Semnopithecus,India,Rajasthan,,26.35277,73.032682,2026,2026-01-13T15:21,iNaturalist research-grade observations
6131329731,Semnopithecus entellus,"Semnopithecus entellus (Dufresne, 1797)",Animalia,,Mammalia,Primates,Cercopithecidae,Semnopithecus,India,Madhya Pradesh,,23.144908,80.044753,2026,2026-01-07T10:44:09,iNaturalist research-grade observations
6131334592,Sus scrofa,"Sus scrofa Linnaeus, 1758",Animalia,,Mammalia,Artiodactyla,Suidae,Sus,India,Rajasthan,,26.011989,76.407718,2026,2026-01-08T05:55,iNaturalist research-grade observations
6131338604,Lutrogale perspicillata,"Lutra perspicillata I.Geoffroy Saint-Hilaire, 1826",Animalia,,Mammalia,Carnivora,Mustelidae,Lutrogale,India,Rajasthan,,24.898506,75.579989,2026,2026-01-15T14:02,iNaturalist research-grade observations
6131344429,Sus scrofa,"Sus scrofa Linnaeus, 1758",Animalia,,Mammalia,Artiodactyla,Suidae,Sus,India,Madhya Pradesh,,22.317727,76.615386,2026,2026-01-07T17:46,iNaturalist research-grade observations
6131345526,Macaca mulatta,"Macaca mulatta (Zimmermann, 1780)",Animalia,,Mammalia,Primates,Cercopithecidae,Macaca,India,NCT of Delhi,,28.610602,77.217257,2026,2026-01-19T17:19:51,iNaturalist research-grade observations
6131345878,Semnopithecus entellus,"Semnopithecus entellus (Dufresne, 1797)",Animalia,,Mammalia,Primates,Cercopithecidae,Semnopithecus,India,Rajasthan,,26.831439,75.951828,2026,2026-01-23T15:34:30,iNaturalist research-grade observations
6131349204,Canis lupus,"Canis familiaris Linnaeus, 1758",Animalia,,Mammalia,Carnivora,Canidae,Canis,India,Uttar Pradesh,,25.407001,81.8472,2026,2026-01-15T09:34:05,iNaturalist research-grade observations
6131352246,Canis lupus,"Canis familiaris Linnaeus, 1758",Animalia,,Mammalia,Carnivora,Canidae,Canis,India,Punjab,,30.47595,74.512572,2026,2026-01-06T22:06:01,iNaturalist research-grade observations
6131354178,Elephas maximus,"Elephas maximus Linnaeus, 1758",Animalia,,Mammalia,Proboscidea,Elephantidae,Elephas,India,Uttarakhand,,29.379398,79.13098,2026,2026-01-20T14:59:43,iNaturalist research-grade observations
6131359013,Felis chaus,"Felis chaus Schreber, 1777",Animalia,,Mammalia,Carnivora,Felidae,Felis,India,Rajasthan,,25.31185,76.077442,2026,2026-01-11T14:02:15,iNaturalist research-grade observations
6131359787,Boselaphus tragocamelus,"Boselaphus tragocamelus (Pallas, 1766)",Animalia,,Mammalia,Artiodactyla,Bovidae,Boselaphus,India,Rajasthan,,27.142843,73.046007,2026,2026-01-17T12:42,iNaturalist research-grade observations
6131366251,Antilope cervicapra,"Antilope cervicapra (Linnaeus, 1758)",Animalia,,Mammalia,Artiodactyla,Bovidae,Antilope,India,Tamil Nadu,,10.284504,79.824072,2026,2026-01-11T09:55,iNaturalist research-grade observations
6131366977,Funambulus pennantii,"Funambulus pennantii Wroughton, 1905",Animalia,,Mammalia,Rodentia,Sciuridae,Funambulus,India,Uttar Pradesh,,25.385185,81.878367,2026,2026-01-11T08:43:02,iNaturalist research-grade observations
6131377066,Canis lupus,"Canis familiaris Linnaeus, 1758",Animalia,,Mammalia,Carnivora,Canidae,Canis,India,Uttar Pradesh,,25.413314,81.846528,2026,2026-01-20T10:31:33,iNaturalist research-grade observations
6131379711,Canis lupus,"Canis familiaris Linnaeus, 1758",Animalia,,Mammalia,Carnivora,Canidae,Canis,India,Haryana,,29.591875,76.119064,2026,2026-01-11T16:43:22,iNaturalist research-grade observations
6131381897,Boselaphus tragocamelus,"Boselaphus tragocamelus (Pallas, 1766)",Animalia,,Mammalia,Artiodactyla,Bovidae,Boselaphus,India,Uttar Pradesh,,25.413314,81.846528,2026,2026-01-07T11:06:44,iNaturalist research-grade observations
6131386171,Macaca mulatta,"Macaca mulatta (Zimmermann, 1780)",Animalia,,Mammalia,Primates,Cercopithecidae,Macaca,India,Rajasthan,,25.203011,75.791644,2026,2026-01-20T14:56:18,iNaturalist research-grade observations
6131386366,Macaca mulatta,"Macaca mulatta (Zimmermann, 1780)",Animalia,,Mammalia,Primates,Cercopithecidae,Macaca,India,Uttar Pradesh,,25.385185,81.878367,2026,2026-01-11T09:15:27,iNaturalist research-grade observations
6131386383,Macaca mulatta,"Macaca mulatta (Zimmermann, 1780)",Animalia,,Mammalia,Primates,Cercopithecidae,Macaca,India,Odisha,,19.813455,85.831236,2026,2026-01-15T11:56,iNaturalist research-grade observations
6131386457,Felis catus,"Felis catus Linnaeus, 1758",Animalia,,Mammalia,Carnivora,Felidae,Felis,India,Telangana,,17.427847,78.54996,2026,2026-01-21T12:09:35,iNaturalist research-grade observations
6131386462,Felis catus,"Felis catus Linnaeus, 1758",Animalia,,Mammalia,Carnivora,Felidae,Felis,India,Tamil Nadu,,11.365484,79.172693,2026,2026-01-18T19:26:31,iNaturalist research-grade observations
6131394481,Felis catus,"Felis catus Linnaeus, 1758",Animalia,,Mammalia,Carnivora,Felidae,Felis,India,Maharashtra,,21.113994,75.475699,2026,2026-01-24T09:32,iNaturalist research-grade observations
6131399380,Antilope cervicapra,"Antilope cervicapra cervicapra (Linnaeus, 1758)",Animalia,,Mammalia,Artiodactyla,Bovidae,Antilope,India,Telangana,,17.350594,78.537142,2026,2026-01-25T15:39:32,iNaturalist research-grade observations
6131400378,Canis lupus,"Canis familiaris Linnaeus, 1758",Animalia,,Mammalia,Carnivora,Canidae,Canis,India,Uttar Pradesh,,25.413314,81.846528,2026,2026-01-22T11:04:20,iNaturalist research-grade observations
6131406245,Felis catus,"Felis catus Linnaeus, 1758",Animalia,,Mammalia,Carnivora,Felidae,Felis,India,Maharashtra,,19.243155,73.142334,2026,2026-01-18T09:40:40,iNaturalist research-grade observations
6131420558,Semnopithecus entellus,"Semnopithecus entellus (Dufresne, 1797)",Animalia,,Mammalia,Primates,Cercopithecidae,Semnopithecus,India,Madhya Pradesh,,22.937168,77.612237,2026,2026-01-26T14:53:41,iNaturalist research-grade observations
6131424629,Funambulus pennantii,"Funambulus pennantii Wroughton, 1905",Animalia,,Mammalia,Rodentia,Sciuridae,Funambulus,India,Uttar Pradesh,,25.385185,81.878367,2026,2026-01-11T08:38:26,iNaturalist research-grade observations
6131424750,Panthera tigris,"Panthera tigris tigris (Linnaeus, 1758)",Animalia,,Mammalia,Carnivora,Felidae,Panthera,India,Uttar Pradesh,,28.588554,80.733238,2026,2026-01-08T10:59,iNaturalist research-grade observations
6131425010,Funambulus pennantii,"Funambulus pennantii Wroughton, 1905",Animalia,,Mammalia,Rodentia,Sciuridae,Funambulus,India,Uttar Pradesh,,25.385185,81.878367,2026,2026-01-11T08:42:05,iNaturalist research-grade observations
6131440260,Canis lupus,"Canis familiaris Linnaeus, 1758",Animalia,,Mammalia,Carnivora,Canidae,Canis,India,Karnataka,,12.754516,77.73877,2026,2026-01-13T07:38,iNaturalist research-grade observations
6131443476,Canis lupus,"Canis familiaris Linnaeus, 1758",Animalia,,Mammalia,Carnivora,Canidae,Canis,India,Kerala,,9.770286,76.305203,2026,2026-01-11T09:08:29,iNaturalist research-grade observations
6131445801,Herpestes edwardsi,"Urva edwardsii (É.Geoffroy Saint-Hilaire, 1818)",Animalia,,Mammalia,Carnivora,Herpestidae,Herpestes,India,Maharashtra,,18.519978,73.855325,2026,2026-01-16T10:39:21,iNaturalist research-grade observations
6131447996,Capra hircus,"Capra hircus Linnaeus, 1758",Animalia,,Mammalia,Artiodactyla,Bovidae,Capra,India,Uttar Pradesh,,25.41638,81.837309,2026,2026-01-24T10:43:32,iNaturalist research-grade observations
6131448542,Sus scrofa,"Sus scrofa Linnaeus, 1758",Animalia,,Mammalia,Artiodactyla,Suidae,Sus,India,Madhya Pradesh,,22.564299,78.152344,2026,2026-01-11T15:47,iNaturalist research-grade observations
6131450964,Macaca mulatta,"Macaca mulatta (Zimmermann, 1780)",Animalia,,Mammalia,Primates,Cercopithecidae,Macaca,India,Rajasthan,,26.925794,75.823671,2026,2026-01-01T16:55:10,iNaturalist research-grade observations
6131458668,Panthera pardus,"Panthera pardus fusca (Meyer, 1794)",Animalia,,Mammalia,Carnivora,Felidae,Panthera,India,Gujarat,,21.101744,70.573924,2026,2026-01-22T08:49:03,iNaturalist research-grade observations
6131461113,Macaca mulatta,"Macaca mulatta (Zimmermann, 1780)",Animalia,,Mammalia,Primates,Cercopithecidae,Macaca,India,Andhra Pradesh,,17.564568,81.711731,2026,2026-01-23T10:08:14,iNaturalist research-grade observations
6131463673,Pteropus medius,"Pteropus medius Temminck, 1825",Animalia,,Mammalia,Chiroptera,Pteropodidae,Pteropus,India,Kerala,,9.774898,76.305569,2026,2026-01-10T08:21:40,iNaturalist research-grade observations
6131465537,Herpestes vitticollis,"Urva vitticollis (Bennett, 1835)",Animalia,,Mammalia,Carnivora,Herpestidae,Herpestes,India,Tamil Nadu,,10.364255,76.978226,2026,2026-01-18T17:16:36,iNaturalist research-grade observations
6131476042,Sus scrofa,"Sus scrofa Linnaeus, 1758",Animalia,,Mammalia,Artiodactyla,Suidae,Sus,India,Maharashtra,,18.420615,73.858064,2026,2026-01-10T10:11:31,iNaturalist research-grade observations
6131482342,Boselaphus tragocamelus,"Boselaphus tragocamelus (Pallas, 1766)",Animalia,,Mammalia,Artiodactyla,Bovidae,Boselaphus,India,Uttar Pradesh,,25.413314,81.846528,2026,2026-01-06T10:29:32,iNaturalist research-grade observations
6131489763,Canis lupus,"Canis familiaris Linnaeus, 1758",Animalia,,Mammalia,Carnivora,Canidae,Canis,India,Haryana,,29.598113,76.099067,2026,2026-01-10T16:47:03,iNaturalist research-grade observations
6131490516,Lutrogale perspicillata,"Lutra perspicillata I.Geoffroy Saint-Hilaire, 1826",Animalia,,Mammalia,Carnivora,Mustelidae,Lutrogale,India,Rajasthan,,24.929145,75.545274,2026,2026-01-15T14:02,iNaturalist research-grade observations
6131493184,Axis porcinus,"Axis porcinus porcinus (Zimmermann, 1780)",Animalia,,Mammalia,Artiodactyla,Cervidae,Axis,India,Uttar Pradesh,,28.224095,80.536971,2026,2026-01-20T12:31,iNaturalist research-grade observations
6131498336,Canis lupus,"Canis familiaris Linnaeus, 1758",Animalia,,Mammalia,Carnivora,Canidae,Canis,India,NCT of Delhi,,28.579426,77.189459,2026,2026-01-16T11:23:16,iNaturalist research-grade observations
6131500609,Canis lupus,"Canis familiaris Linnaeus, 1758",Animalia,,Mammalia,Carnivora,Canidae,Canis,India,Uttar Pradesh,,25.413314,81.846528,2026,2026-01-20T11:02:27,iNaturalist research-grade observations
6131502437,Macaca mulatta,"Macaca mulatta (Zimmermann, 1780)",Animalia,,Mammalia,Primates,Cercopithecidae,Macaca,India,Telangana,,17.35059,78.439638,2026,2026-01-25T15:19:44,iNaturalist research-grade observations
6131510382,Macaca radiata,"Macaca radiata (É.Geoffroy Saint-Hilaire, 1812)",Animalia,,Mammalia,Primates,Cercopithecidae,Macaca,India,Tamil Nadu,,9.60171,77.166937,2026,2026-01-15T15:05:20,iNaturalist research-grade observations
6131511352,Elephas maximus,"Elephas maximus indicus Cuvier, 1798",Animalia,,Mammalia,Proboscidea,Elephantidae,Elephas,India,Karnataka,,12.644363,77.536176,2026,2026-01-14T12:50:07,iNaturalist research-grade observations
6131512941,Herpestes edwardsi,"Urva edwardsii (É.Geoffroy Saint-Hilaire, 1818)",Animalia,,Mammalia,Carnivora,Herpestidae,Herpestes,India,Andhra Pradesh,,16.565034,80.618971,2026,2026-01-16T16:07:55,iNaturalist research-grade observations
6131536701,Rusa unicolor,"Rusa unicolor (Kerr, 1792)",Animalia,,Mammalia,Artiodactyla,Cervidae,Rusa,India,Rajasthan,,26.153164,76.584064,2026,2026-01-07T11:44,iNaturalist research-grade observations
6131553663,Canis lupus,"Canis familiaris Linnaeus, 1758",Animalia,,Mammalia,Carnivora,Canidae,Canis,India,Andhra Pradesh,,15.830439,78.034335,2026,2026-01-21T13:53:33,iNaturalist research-grade observations
6131554362,Vulpes bengalensis,"Vulpes bengalensis (Shaw, 1800)",Animalia,,Mammalia,Carnivora,Canidae,Vulpes,India,Maharashtra,,18.159883,74.822464,2026,2026-01-24T09:33:23,iNaturalist research-grade observations
6131555289,Ratufa macroura,"Ratufa macroura (Pennant, 1769)",Animalia,,Mammalia,Rodentia,Sciuridae,Ratufa,India,Karnataka,,12.386952,77.264822,2026,2026-01-25T11:58:38,iNaturalist research-grade observations
6131557324,Rusa unicolor,"Rusa unicolor unicolor (Kerr, 1792)",Animalia,,Mammalia,Artiodactyla,Cervidae,Rusa,India,Uttarakhand,,29.544014,79.10793,2026,2026-01-24T15:42:51,iNaturalist research-grade observations
6131559354,Axis axis,"Axis axis (Erxleben, 1777)",Animalia,,Mammalia,Artiodactyla,Cervidae,Axis,India,Uttarakhand,,29.40751,79.010584,2026,2026-01-11T17:32:43,iNaturalist research-grade observations
6131564047,Funambulus pennantii,"Funambulus pennantii Wroughton, 1905",Animalia,,Mammalia,Rodentia,Sciuridae,Funambulus,India,Uttar Pradesh,,25.385185,81.878367,2026,2026-01-11T08:38:24,iNaturalist research-grade observations
6131568424,Pteropus medius,"Pteropus medius Temminck, 1825",Animalia,,Mammalia,Chiroptera,Pteropodidae,Pteropus,India,Andhra Pradesh,,14.460897,78.939103,2026,2026-01-12T11:16:21,iNaturalist research-grade observations
6131570971,Ratufa indica,"Ratufa indica (Erxleben, 1777)",Animalia,,Mammalia,Rodentia,Sciuridae,Ratufa,India,Odisha,,21.428014,86.647736,2026,2026-01-10T10:22:07,iNaturalist research-grade observations
6131576036,Canis lupus,"Canis familiaris Linnaeus, 1758",Animalia,,Mammalia,Carnivora,Canidae,Canis,India,Haryana,,29.606928,76.108672,2026,2026-01-10T17:37:19,iNaturalist research-grade observations
6131583034,Panthera tigris,"Panthera tigris tigris (Linnaeus, 1758)",Animalia,,Mammalia,Carnivora,Felidae,Panthera,India,Madhya Pradesh,,23.491274,81.122702,2026,2026-01-13T07:25,iNaturalist research-grade observations
6131587856,Semnopithecus johnii,"Semnopithecus johnii (J.Fischer, 1829)",Animalia,,Mammalia,Primates,Cercopithecidae,Semnopithecus,India,Kerala,,9.52186,77.171249,2026,2026-01-15T16:03:35,iNaturalist research-grade observations
6131598784,Semnopithecus schistaceus,"Semnopithecus schistaceus Hodgson, 1840",Animalia,,Mammalia,Primates,Cercopithecidae,Semnopithecus,India,Uttarakhand,,30.049364,80.223586,2026,2026-01-20T08:14:45,iNaturalist research-grade observations
6131603072,Macaca mulatta,"Macaca mulatta (Zimmermann, 1780)",Animalia,,Mammalia,Primates,Cercopithecidae,Macaca,India,Uttar Pradesh,,25.385185,81.878367,2026,2026-01-11T09:16:21,iNaturalist research-grade observations
6131605479,Gazella bennettii,"Gazella bennettii (Sykes, 1831)",Animalia,,Mammalia,Artiodactyla,Bovidae,Gazella,India,Rajasthan,,27.007849,71.716503,2026,2026-01-17T08:40,iNaturalist research-grade observations
6131606103,Bubalus bubalis,"Bubalus bubalis (Linnaeus, 1758)",Animalia,,Mammalia,Artiodactyla,Bovidae,Bubalus,India,Telangana,,17.399924,78.327768,2026,2026-01-25T08:36:23,iNaturalist research-grade observations
6131609189,Macaca mulatta,"Macaca mulatta (Zimmermann, 1780)",Animalia,,Mammalia,Primates,Cercopithecidae,Macaca,India,Rajasthan,,26.6274,75.033036,2026,2026-01-25T17:56:08,iNaturalist research-grade observations
6131610254,Rattus rattus,"Rattus rattus (Linnaeus, 1758)",Animalia,,Mammalia,Rodentia,Muridae,Rattus,India,Tamil Nadu,,10.786127,78.699783,2026,2026-01-08T16:20:29,iNaturalist research-grade observations
6131611587,Ovis aries,"Ovis aries aries Linnaeus, 1758",Animalia,,Mammalia,Artiodactyla,Bovidae,Ovis,India,Uttar Pradesh,,25.413314,81.846528,2026,2026-01-20T11:37:53,iNaturalist research-grade observations
6131619146,Boselaphus tragocamelus,"Boselaphus tragocamelus (Pallas, 1766)",Animalia,,Mammalia,Artiodactyla,Bovidae,Boselaphus,India,Gujarat,,21.170602,70.596397,2026,2026-01-22T08:51:23,iNaturalist research-grade observations
6131621330,Boselaphus tragocamelus,"Boselaphus tragocamelus (Pallas, 1766)",Animalia,,Mammalia,Artiodactyla,Bovidae,Boselaphus,India,Rajasthan,,26.974635,71.759973,2026,2026-01-17T08:54,iNaturalist research-grade observations
6131623696,Lepus nigricollis,"Lepus nigricollis F.Cuvier, 1823",Animalia,,Mammalia,Lagomorpha,Leporidae,Lepus,India,Andhra Pradesh,,14.66784,79.263293,2026,2026-01-09T12:24:29,iNaturalist research-grade observations
6131625448,Macaca radiata,"Macaca radiata (É.Geoffroy Saint-Hilaire, 1812)",Animalia,,Mammalia,Primates,Cercopithecidae,Macaca,India,Tamil Nadu,,9.879955,78.071561,2026,2026-01-21T12:25:38,iNaturalist research-grade observations
6131632644,Boselaphus tragocamelus,"Boselaphus tragocamelus (Pallas, 1766)",Animalia,,Mammalia,Artiodactyla,Bovidae,Boselaphus,India,Rajasthan,,26.973596,71.756706,2026,2026-01-17T08:54,iNaturalist research-grade observations
6131637460,Muntiacus muntjak,"Muntiacus vaginalis (Boddaert, 1785)",Animalia,,Mammalia,Artiodactyla,Cervidae,Muntiacus,India,Madhya Pradesh,,22.544256,78.179833,2026,2026-01-10T08:28,iNaturalist research-grade observations
6131638189,Semnopithecus priam,"Semnopithecus priam Blyth, 1844",Animalia,,Mammalia,Primates,Cercopithecidae,Semnopithecus,India,Tamil Nadu,,10.223715,77.350541,2026,2026-01-18T08:25:59,iNaturalist research-grade observations
6131639980,Axis axis,"Axis axis (Erxleben, 1777)",Animalia,,Mammalia,Artiodactyla,Cervidae,Axis,India,Uttar Pradesh,,28.341587,81.127431,2026,2026-01-21T14:21,iNaturalist research-grade observations
6131640572,Lepus nigricollis,"Lepus nigricollis F.Cuvier, 1823",Animalia,,Mammalia,Lagomorpha,Leporidae,Lepus,India,Andhra Pradesh,,14.669422,79.254862,2026,2026-01-09T12:24:13,iNaturalist research-grade observations
6131650313,Funambulus tristriatus,"Funambulus tristriatus (Waterhouse, 1837)",Animalia,,Mammalia,Rodentia,Sciuridae,Funambulus,India,Kerala,,10.192453,76.29207,2026,2026-01-07T17:30:31,iNaturalist research-grade observations
6131662873,Hemitragus hylocrius,"Nilgiritragus hylocrius (Ogilby, 1838)",Animalia,,Mammalia,Artiodactyla,Bovidae,Hemitragus,India,Kerala,,10.030838,77.072522,2026,2026-01-03T21:50,iNaturalist research-grade observations
6131663146,Macaca mulatta,"Macaca mulatta (Zimmermann, 1780)",Animalia,,Mammalia,Primates,Cercopithecidae,Macaca,India,Telangana,,18.606044,77.827686,2026,2026-01-26T15:49:59,iNaturalist research-grade observations
6131663433,Pteropus medius,"Pteropus medius Temminck, 1825",Animalia,,Mammalia,Chiroptera,Pteropodidae,Pteropus,India,Telangana,,17.431653,78.476968,2026,2026-01-24T10:24:56,iNaturalist research-grade observations
6131665718,Boselaphus tragocamelus,"Boselaphus tragocamelus (Pallas, 1766)",Animalia,,Mammalia,Artiodactyla,Bovidae,Boselaphus,India,Uttar Pradesh,,25.413314,81.846528,2026,2026-01-12T11:21:50,iNaturalist research-grade observations
6131672573,Macaca mulatta,"Macaca mulatta (Zimmermann, 1780)",Animalia,,Mammalia,Primates,Cercopithecidae,Macaca,India,Uttar Pradesh,,25.385185,81.878367,2026,2026-01-11T09:16:05,iNaturalist research-grade observations
6131684304,Lyroderma lyra,"Lyroderma lyra (É.Geoffroy Saint-Hilaire, 1810)",Animalia,,Mammalia,Chiroptera,Megadermatidae,Lyroderma,India,Maharashtra,,21.254933,80.025933,2026,2026-01-02T11:41,iNaturalist research-grade observations
6131684879,Semnopithecus hypoleucos,"Semnopithecus hypoleucos Blyth, 1841",Animalia,,Mammalia,Primates,Cercopithecidae,Semnopithecus,India,Maharashtra,,18.521086,73.515461,2026,2026-01-20T09:05:48,iNaturalist research-grade observations
6131685153,Funambulus pennantii,"Funambulus pennantii Wroughton, 1905",Animalia,,Mammalia,Rodentia,Sciuridae,Funambulus,India,Uttar Pradesh,,25.407,81.847295,2026,2026-01-22,iNaturalist research-grade observations
6131685727,Canis lupus,"Canis familiaris Linnaeus, 1758",Animalia,,Mammalia,Carnivora,Canidae,Canis,India,Haryana,,29.617413,76.12497,2026,2026-01-11T17:49:33,iNaturalist research-grade observations
6131690311,Canis lupus,"Canis familiaris Linnaeus, 1758",Animalia,,Mammalia,Carnivora,Canidae,Canis,India,Haryana,,29.617497,76.125039,2026,2026-01-11T17:49:47,iNaturalist research-grade observations
6131691363,Funambulus pennantii,"Funambulus pennantii Wroughton, 1905",Animalia,,Mammalia,Rodentia,Sciuridae,Funambulus,India,Rajasthan,,24.567847,73.679078,2026,2026-01-11T13:08:54,iNaturalist research-grade observations
6133023449,Funambulus pennantii,"Funambulus pennantii Wroughton, 1905",Animalia,,Mammalia,Rodentia,Sciuridae,Funambulus,India,Rajasthan,,25.189699,75.856102,2026,2026-01-27T14:23:28,iNaturalist research-grade observations
6133026669,Pteropus medius,"Pteropus medius Temminck, 1825",Animalia,,Mammalia,Chiroptera,Pteropodidae,Pteropus,India,Rajasthan,,27.165717,77.524803,2026,2026-01-20T15:49,iNaturalist research-grade observations
6133026784,Melursus ursinus,"Melursus ursinus ursinus (Shaw, 1791)",Animalia,,Mammalia,Carnivora,Ursidae,Melursus,India,Uttar Pradesh,,28.426567,80.793146,2026,2026-01-27T16:19:48,iNaturalist research-grade observations
6133030784,Rusa unicolor,"Rusa unicolor unicolor (Kerr, 1792)",Animalia,,Mammalia,Artiodactyla,Cervidae,Rusa,India,Rajasthan,,26.033115,76.469159,2026,2026-01-18T16:57,iNaturalist research-grade observations
6133034735,Pteropus medius,"Pteropus medius Temminck, 1825",Animalia,,Mammalia,Chiroptera,Pteropodidae,Pteropus,India,Uttar Pradesh,,26.504961,80.227104,2026,2026-01-29T18:26:33,iNaturalist research-grade observations
6133041174,Panthera pardus,"Panthera pardus fusca (Meyer, 1794)",Animalia,,Mammalia,Carnivora,Felidae,Panthera,India,Rajasthan,,26.883758,75.819149,2026,2026-01-27T09:18:32,iNaturalist research-grade observations
6133041995,Funambulus pennantii,"Funambulus pennantii Wroughton, 1905",Animalia,,Mammalia,Rodentia,Sciuridae,Funambulus,India,Rajasthan,,26.046407,76.396187,2026,2026-01-18T15:11,iNaturalist research-grade observations
6133043327,Bos frontalis,"Bos gaurus C.H.Smith, 1827",Animalia,,Mammalia,Artiodactyla,Bovidae,Bos,India,Tamil Nadu,,11.46754,76.715233,2026,2026-01-31T17:01:51,iNaturalist research-grade observations
6133046434,Axis axis,"Axis axis (Erxleben, 1777)",Animalia,,Mammalia,Artiodactyla,Cervidae,Axis,India,Rajasthan,,26.061535,76.474025,2026,2026-01-18T16:58,iNaturalist research-grade observations
6133050176,Rusa unicolor,"Rusa unicolor unicolor (Kerr, 1792)",Animalia,,Mammalia,Artiodactyla,Cervidae,Rusa,India,Rajasthan,,26.059864,76.406242,2026,2026-01-18T16:58,iNaturalist research-grade observations
6133050551,Panthera pardus,"Panthera pardus fusca (Meyer, 1794)",Animalia,,Mammalia,Carnivora,Felidae,Panthera,India,Rajasthan,,26.061173,76.458182,2026,2026-01-18T20:03,iNaturalist research-grade observations
6133050662,Pteropus medius,"Pteropus medius Temminck, 1825",Animalia,,Mammalia,Chiroptera,Pteropodidae,Pteropus,India,Kerala,,10.534845,76.258336,2026,2026-01-28T10:47:28,iNaturalist research-grade observations
6133054447,Sus scrofa,"Sus scrofa Linnaeus, 1758",Animalia,,Mammalia,Artiodactyla,Suidae,Sus,India,Rajasthan,,27.159225,77.519563,2026,2026-01-24T15:51,iNaturalist research-grade observations
6133057634,Axis axis,"Axis axis (Erxleben, 1777)",Animalia,,Mammalia,Artiodactyla,Cervidae,Axis,India,Rajasthan,,26.039237,76.453795,2026,2026-01-18T16:43,iNaturalist research-grade observations
6133058435,Boselaphus tragocamelus,"Boselaphus tragocamelus (Pallas, 1766)",Animalia,,Mammalia,Artiodactyla,Bovidae,Boselaphus,India,Gujarat,,23.211475,72.684047,2026,2026-01-20T18:15:58,iNaturalist research-grade observations
6133063669,Felis catus,"Felis catus Linnaeus, 1758",Animalia,,Mammalia,Carnivora,Felidae,Felis,India,Rajasthan,,26.62668,75.032067,2026,2026-01-26T19:51:20,iNaturalist research-grade observations
6133064031,Funambulus pennantii,"Funambulus pennantii Wroughton, 1905",Animalia,,Mammalia,Rodentia,Sciuridae,Funambulus,India,Maharashtra,,20.979018,75.565612,2026,2026-01-26T08:23,iNaturalist research-grade observations
6133068241,Boselaphus tragocamelus,"Boselaphus tragocamelus (Pallas, 1766)",Animalia,,Mammalia,Artiodactyla,Bovidae,Boselaphus,India,Rajasthan,,26.043028,76.403053,2026,2026-01-17T19:21,iNaturalist research-grade observations
6133068589,Boselaphus tragocamelus,"Boselaphus tragocamelus (Pallas, 1766)",Animalia,,Mammalia,Artiodactyla,Bovidae,Boselaphus,India,Rajasthan,,26.04692,76.395687,2026,2026-01-17T19:28,iNaturalist research-grade observations
6133069096,Canis lupus,"Canis familiaris Linnaeus, 1758",Animalia,,Mammalia,Carnivora,Canidae,Canis,India,Uttar Pradesh,,25.450152,81.782365,2026,2026-01-31T13:25:46,iNaturalist research-grade observations
6133073032,Panthera tigris,"Panthera tigris tigris (Linnaeus, 1758)",Animalia,,Mammalia,Carnivora,Felidae,Panthera,India,Uttar Pradesh,,29.527521,78.981379,2026,2026-01-23T10:37,iNaturalist research-grade observations
6133076437,Semnopithecus entellus,"Semnopithecus entellus (Dufresne, 1797)",Animalia,,Mammalia,Primates,Cercopithecidae,Semnopithecus,India,Rajasthan,,26.088855,76.509017,2026,2026-01-18T17:41,iNaturalist research-grade observations
6133079622,Pteropus medius,"Pteropus medius Temminck, 1825",Animalia,,Mammalia,Chiroptera,Pteropodidae,Pteropus,India,Karnataka,,12.424687,76.652733,2026,2026-01-27T16:42:25,iNaturalist research-grade observations
6133079627,Funambulus palmarum,"Funambulus palmarum (Linnaeus, 1766)",Animalia,,Mammalia,Rodentia,Sciuridae,Funambulus,India,Karnataka,,13.276152,77.194802,2026,2026-01-10T11:03,iNaturalist research-grade observations
6133079638,Sus scrofa,"Sus scrofa Linnaeus, 1758",Animalia,,Mammalia,Artiodactyla,Suidae,Sus,India,Rajasthan,,26.088872,76.509012,2026,2026-01-18T17:41,iNaturalist research-grade observations
6133080856,Elephas maximus,"Elephas maximus indicus Cuvier, 1798",Animalia,,Mammalia,Proboscidea,Elephantidae,Elephas,India,Kerala,,9.563453,77.017136,2026,2026-01-31T08:27:15,iNaturalist research-grade observations
6133082055,Rusa unicolor,"Rusa unicolor unicolor (Kerr, 1792)",Animalia,,Mammalia,Artiodactyla,Cervidae,Rusa,India,Rajasthan,,26.083444,76.512226,2026,2026-01-18T11:59,iNaturalist research-grade observations
6133084482,Capra hircus,"Capra hircus Linnaeus, 1758",Animalia,,Mammalia,Artiodactyla,Bovidae,Capra,India,Kerala,,9.96762,76.252288,2026,2026-01-10T15:46:22,iNaturalist research-grade observations
6133085573,Lutrogale perspicillata,"Lutra perspicillata I.Geoffroy Saint-Hilaire, 1826",Animalia,,Mammalia,Carnivora,Mustelidae,Lutrogale,India,Rajasthan,,24.993446,75.510326,2026,2026-01-15T10:09,iNaturalist research-grade observations
6133091830,Lutrogale perspicillata,"Lutra perspicillata I.Geoffroy Saint-Hilaire, 1826",Animalia,,Mammalia,Carnivora,Mustelidae,Lutrogale,India,Rajasthan,,24.943493,75.579473,2026,2026-01-15T08:55,iNaturalist research-grade observations
6133092698,Macaca mulatta,"Macaca mulatta (Zimmermann, 1780)",Animalia,,Mammalia,Primates,Cercopithecidae,Macaca,India,Rajasthan,,25.188375,75.853703,2026,2026-01-27T14:20:08,iNaturalist research-grade observations
6133092725,Axis axis,"Axis axis (Erxleben, 1777)",Animalia,,Mammalia,Artiodactyla,Cervidae,Axis,India,Rajasthan,,27.179338,77.51767,2026,2026-01-20T13:52,iNaturalist research-grade observations
6133095549,Funambulus pennantii,"Funambulus pennantii Wroughton, 1905",Animalia,,Mammalia,Rodentia,Sciuridae,Funambulus,India,Rajasthan,,26.046438,76.396185,2026,2026-01-18T15:10,iNaturalist research-grade observations
6133095952,Semnopithecus entellus,"Semnopithecus entellus (Dufresne, 1797)",Animalia,,Mammalia,Primates,Cercopithecidae,Semnopithecus,India,Rajasthan,,24.568848,72.781788,2026,2026-01-27T14:19:08,iNaturalist research-grade observations
6133103520,Canis lupus,"Canis familiaris Linnaeus, 1758",Animalia,,Mammalia,Carnivora,Canidae,Canis,India,Andhra Pradesh,,13.618249,79.395896,2026,2026-01-27T16:47:39,iNaturalist research-grade observations
6133104664,Semnopithecus entellus,"Semnopithecus entellus (Dufresne, 1797)",Animalia,,Mammalia,Primates,Cercopithecidae,Semnopithecus,India,Rajasthan,,26.090053,76.510268,2026,2026-01-18T19:07,iNaturalist research-grade observations
6133104766,Canis lupus,"Canis familiaris Linnaeus, 1758",Animalia,,Mammalia,Carnivora,Canidae,Canis,India,Maharashtra,,21.023997,75.56982,2026,2026-01-25T10:25,iNaturalist research-grade observations
6133105777,Canis lupus,"Canis familiaris Linnaeus, 1758",Animalia,,Mammalia,Carnivora,Canidae,Canis,India,Andhra Pradesh,,13.618242,79.395918,2026,2026-01-27T16:48:28,iNaturalist research-grade observations
6133107103,Funambulus pennantii,"Funambulus pennantii Wroughton, 1905",Animalia,,Mammalia,Rodentia,Sciuridae,Funambulus,India,Maharashtra,,21.025155,75.572359,2026,2026-01-25T10:30,iNaturalist research-grade observations
6133107118,Boselaphus tragocamelus,"Boselaphus tragocamelus (Pallas, 1766)",Animalia,,Mammalia,Artiodactyla,Bovidae,Boselaphus,India,Rajasthan,,26.062323,76.474605,2026,2026-01-18T17:02,iNaturalist research-grade observations
6133110776,Funambulus palmarum,"Funambulus palmarum (Linnaeus, 1766)",Animalia,,Mammalia,Rodentia,Sciuridae,Funambulus,India,Telangana,,17.505913,78.359797,2026,2026-01-05T09:19,iNaturalist research-grade observations
6133112079,Bos frontalis,"Bos gaurus C.H.Smith, 1827",Animalia,,Mammalia,Artiodactyla,Bovidae,Bos,India,Tamil Nadu,,11.215099,76.677082,2026,2026-01-29T15:09:42,iNaturalist research-grade observations
6133115542,Macaca radiata,"Macaca radiata (É.Geoffroy Saint-Hilaire, 1812)",Animalia,,Mammalia,Primates,Cercopithecidae,Macaca,India,Tamil Nadu,,12.183202,77.723527,2026,2026-01-17T09:50:42,iNaturalist research-grade observations
6133115659,Funambulus pennantii,"Funambulus pennantii Wroughton, 1905",Animalia,,Mammalia,Rodentia,Sciuridae,Funambulus,India,Rajasthan,,25.188375,75.853703,2026,2026-01-27T14:17:46,iNaturalist research-grade observations
6133116897,Herpestes edwardsi,"Urva edwardsii (É.Geoffroy Saint-Hilaire, 1818)",Animalia,,Mammalia,Carnivora,Herpestidae,Herpestes,India,Goa,,15.293639,73.909679,2026,2026-01-31T03:47:09,iNaturalist research-grade observations
6133119271,Vulpes vulpes,"Vulpes vulpes pusilla Blyth, 1854",Animalia,,Mammalia,Carnivora,Canidae,Vulpes,India,Rajasthan,,26.819463,70.518192,2026,2026-01-26T14:50:31,iNaturalist research-grade observations
6133122182,Ratufa indica,"Ratufa indica (Erxleben, 1777)",Animalia,,Mammalia,Rodentia,Sciuridae,Ratufa,India,Tamil Nadu,,10.377482,76.995807,2026,2026-01-31T09:40:31,iNaturalist research-grade observations
6133125097,Elephas maximus,"Elephas maximus Linnaeus, 1758",Animalia,,Mammalia,Proboscidea,Elephantidae,Elephas,India,Tamil Nadu,,11.383967,76.843202,2026,2026-01-21T08:10:43,iNaturalist research-grade observations
6133125319,Sus scrofa,"Sus scrofa Linnaeus, 1758",Animalia,,Mammalia,Artiodactyla,Suidae,Sus,India,Rajasthan,,27.162918,77.523479,2026,2026-01-26T16:50:34,iNaturalist research-grade observations
6133126826,Semnopithecus entellus,"Semnopithecus entellus (Dufresne, 1797)",Animalia,,Mammalia,Primates,Cercopithecidae,Semnopithecus,India,Rajasthan,,26.06145,76.474012,2026,2026-01-18T16:57,iNaturalist research-grade observations
6133126967,Ratufa indica,"Ratufa indica (Erxleben, 1777)",Animalia,,Mammalia,Rodentia,Sciuridae,Ratufa,India,Kerala,,10.859425,76.788972,2026,2026-01-28T17:07:03,iNaturalist research-grade observations
6133127384,Funambulus palmarum,"Funambulus palmarum (Linnaeus, 1766)",Animalia,,Mammalia,Rodentia,Sciuridae,Funambulus,India,Maharashtra,,19.170282,72.869894,2026,2026-01-28T17:31:14,iNaturalist research-grade observations
6133131602,Lepus nigricollis,"Lepus nigricollis F.Cuvier, 1823",Animalia,,Mammalia,Lagomorpha,Leporidae,Lepus,India,Andhra Pradesh,,18.318344,83.213745,2026,2026-01-28T15:10,iNaturalist research-grade observations
6133132282,Axis axis,"Axis axis (Erxleben, 1777)",Animalia,,Mammalia,Artiodactyla,Cervidae,Axis,India,Rajasthan,,26.06152,76.474065,2026,2026-01-18T16:57,iNaturalist research-grade observations
6133134162,Ratufa indica,"Ratufa indica (Erxleben, 1777)",Animalia,,Mammalia,Rodentia,Sciuridae,Ratufa,India,Karnataka,,15.195059,74.544467,2026,2026-01-10T10:37,iNaturalist research-grade observations
6133135797,Ratufa indica,"Ratufa indica (Erxleben, 1777)",Animalia,,Mammalia,Rodentia,Sciuridae,Ratufa,India,Maharashtra,,18.996387,73.274505,2026,2026-01-18T09:15,iNaturalist research-grade observations
6133141156,Funambulus pennantii,"Funambulus pennantii Wroughton, 1905",Animalia,,Mammalia,Rodentia,Sciuridae,Funambulus,India,Haryana,,28.35996,77.046408,2026,2026-01-29T13:07:18,iNaturalist research-grade observations
6133142669,Canis lupus,"Canis familiaris Linnaeus, 1758",Animalia,,Mammalia,Carnivora,Canidae,Canis,India,Andhra Pradesh,,13.618531,79.395262,2026,2026-01-28T16:42:45,iNaturalist research-grade observations
6133143313,Funambulus pennantii,"Funambulus pennantii Wroughton, 1905",Animalia,,Mammalia,Rodentia,Sciuridae,Funambulus,India,Rajasthan,,27.19045,77.53184,2026,2026-01-19T19:23,iNaturalist research-grade observations
6133146724,Pteropus medius,"Pteropus medius Temminck, 1825",Animalia,,Mammalia,Chiroptera,Pteropodidae,Pteropus,India,Karnataka,,12.424795,76.652992,2026,2026-01-27T16:41:16,iNaturalist research-grade observations
6133150175,Capra hircus,"Capra hircus Linnaeus, 1758",Animalia,,Mammalia,Artiodactyla,Bovidae,Capra,India,Uttar Pradesh,,25.40104,81.81554,2026,2026-01-24T10:48:08,iNaturalist research-grade observations
6133154830,Rusa unicolor,"Rusa unicolor unicolor (Kerr, 1792)",Animalia,,Mammalia,Artiodactyla,Cervidae,Rusa,India,Rajasthan,,26.118226,76.501983,2026,2026-01-18T17:37,iNaturalist research-grade observations
6133155910,Rusa unicolor,"Rusa unicolor unicolor (Kerr, 1792)",Animalia,,Mammalia,Artiodactyla,Cervidae,Rusa,India,Rajasthan,,26.136077,76.450301,2026,2026-01-18T17:26,iNaturalist research-grade observations
6133157775,Ratufa indica,"Ratufa indica (Erxleben, 1777)",Animalia,,Mammalia,Rodentia,Sciuridae,Ratufa,India,Kerala,,9.554348,77.18761,2026,2026-01-31T12:14:11,iNaturalist research-grade observations
6133158499,Elephas maximus,"Elephas maximus indicus Cuvier, 1798",Animalia,,Mammalia,Proboscidea,Elephantidae,Elephas,India,Uttar Pradesh,,29.404176,78.963239,2026,2026-01-12T09:01:43,iNaturalist research-grade observations
6133160773,Prionailurus viverrinus,"Prionailurus viverrinus (Bennett, 1833)",Animalia,,Mammalia,Carnivora,Felidae,Prionailurus,India,Assam,,26.736186,93.312628,2026,2026-01-26T19:53,iNaturalist research-grade observations
6133163375,Lyroderma lyra,"Lyroderma lyra (É.Geoffroy Saint-Hilaire, 1810)",Animalia,,Mammalia,Chiroptera,Megadermatidae,Lyroderma,India,Uttar Pradesh,,28.408941,80.835541,2026,2026-01-29T18:08:29,iNaturalist research-grade observations
6133165562,Funambulus palmarum,"Funambulus palmarum (Linnaeus, 1766)",Animalia,,Mammalia,Rodentia,Sciuridae,Funambulus,India,Karnataka,,12.962406,77.596436,2026,2026-01-24T15:03:47,iNaturalist research-grade observations
6133166528,Canis lupus,"Canis familiaris Linnaeus, 1758",Animalia,,Mammalia,Carnivora,Canidae,Canis,India,Goa,,15.510883,73.77903,2026,2026-01-07T16:15,iNaturalist research-grade observations
6133169221,Rusa unicolor,"Rusa unicolor unicolor (Kerr, 1792)",Animalia,,Mammalia,Artiodactyla,Cervidae,Rusa,India,Uttarakhand,,29.487376,79.133002,2026,2026-01-23T17:20,iNaturalist research-grade observations
6133169536,Macaca silenus,"Macaca silenus (Linnaeus, 1758)",Animalia,,Mammalia,Primates,Cercopithecidae,Macaca,India,Tamil Nadu,,10.350463,76.845047,2026,2026-01-31T08:07:20,iNaturalist research-grade observations
6133169834,Rhinolophus rouxii,"Rhinolophus rouxii Temminck, 1835",Animalia,,Mammalia,Chiroptera,Rhinolophidae,Rhinolophus,India,Kerala,,10.526014,76.351946,2026,2026-01-08T00:58,iNaturalist research-grade observations
6133173474,Funambulus pennantii,"Funambulus pennantii Wroughton, 1905",Animalia,,Mammalia,Rodentia,Sciuridae,Funambulus,India,Rajasthan,,27.16556,77.524953,2026,2026-01-20T16:00,iNaturalist research-grade observations
6133175805,Canis aureus,"Canis aureus indicus Hodgson, 1833",Animalia,,Mammalia,Carnivora,Canidae,Canis,India,Andhra Pradesh,,16.65,81.216667,2026,2026-01-31T09:42:28,iNaturalist research-grade observations
6133177027,Pteropus medius,"Pteropus medius Temminck, 1825",Animalia,,Mammalia,Chiroptera,Pteropodidae,Pteropus,India,Karnataka,,12.424896,76.656111,2026,2026-01-19T07:35:13,iNaturalist research-grade observations
6133178852,Macaca radiata,"Macaca radiata (É.Geoffroy Saint-Hilaire, 1812)",Animalia,,Mammalia,Primates,Cercopithecidae,Macaca,India,Maharashtra,,19.241367,73.887665,2026,2026-01-25T17:18:56,iNaturalist research-grade observations
6133181569,Boselaphus tragocamelus,"Boselaphus tragocamelus (Pallas, 1766)",Animalia,,Mammalia,Artiodactyla,Bovidae,Boselaphus,India,Rajasthan,,26.043602,76.403338,2026,2026-01-17T19:46,iNaturalist research-grade observations
6133184650,Boselaphus tragocamelus,"Boselaphus tragocamelus (Pallas, 1766)",Animalia,,Mammalia,Artiodactyla,Bovidae,Boselaphus,India,Rajasthan,,27.159225,77.519563,2026,2026-01-24T16:20,iNaturalist research-grade observations
6133186198,Funambulus pennantii,"Funambulus pennantii Wroughton, 1905",Animalia,,Mammalia,Rodentia,Sciuridae,Funambulus,India,NCT of Delhi,,28.526851,77.253336,2026,2026-01-31T15:24,iNaturalist research-grade observations
6133186517,Funambulus tristriatus,"Funambulus tristriatus (Waterhouse, 1837)",Animalia,,Mammalia,Rodentia,Sciuridae,Funambulus,India,Kerala,,9.622748,77.15912,2026,2026-01-30T13:33:52,iNaturalist research-grade observations
6133188283,Pteropus medius,"Pteropus medius Temminck, 1825",Animalia,,Mammalia,Chiroptera,Pteropodidae,Pteropus,India,Telangana,,17.385553,78.47058,2026,2026-01-29T20:49:22,iNaturalist research-grade observations
6133192287,Bos taurus,"Bos taurus Linnaeus, 1758",Animalia,,Mammalia,Artiodactyla,Bovidae,Bos,India,Odisha,,20.226808,85.852622,2026,2026-01-16T17:26,iNaturalist research-grade observations
6133196819,Macaca mulatta,"Macaca mulatta (Zimmermann, 1780)",Animalia,,Mammalia,Primates,Cercopithecidae,Macaca,India,Uttar Pradesh,,29.4492,78.882678,2026,2026-01-23T10:22,iNaturalist research-grade observations
6133199766,Sus scrofa,"Sus scrofa cristatus Wagner, 1839",Animalia,,Mammalia,Artiodactyla,Suidae,Sus,India,Rajasthan,,26.088845,76.509018,2026,2026-01-18T17:41,iNaturalist research-grade observations
6133203620,Bos frontalis,"Bos gaurus C.H.Smith, 1827",Animalia,,Mammalia,Artiodactyla,Bovidae,Bos,India,Tamil Nadu,,11.225169,76.943791,2026,2026-01-28T12:04:07,iNaturalist research-grade observations
6133209191,Macaca mulatta,"Macaca mulatta (Zimmermann, 1780)",Animalia,,Mammalia,Primates,Cercopithecidae,Macaca,India,Rajasthan,,26.047777,76.39678,2026,2026-01-18T14:26,iNaturalist research-grade observations
6133209710,Ratufa indica,"Ratufa indica (Erxleben, 1777)",Animalia,,Mammalia,Rodentia,Sciuridae,Ratufa,India,Tamil Nadu,,11.337635,76.87912,2026,2026-01-20T09:10:56,iNaturalist research-grade observations
6133209810,Sus scrofa,"Sus scrofa cristatus Wagner, 1839",Animalia,,Mammalia,Artiodactyla,Suidae,Sus,India,Rajasthan,,25.999707,76.4135,2026,2026-01-18T11:54,iNaturalist research-grade observations
6133211209,Semnopithecus priam,"Semnopithecus priam Blyth, 1844",Animalia,,Mammalia,Primates,Cercopithecidae,Semnopithecus,India,Kerala,,10.202036,77.182047,2026,2026-01-30T08:47:47,iNaturalist research-grade observations
6133212262,Rusa unicolor,"Rusa unicolor unicolor (Kerr, 1792)",Animalia,,Mammalia,Artiodactyla,Cervidae,Rusa,India,Rajasthan,,25.983799,76.417296,2026,2026-01-18T10:33,iNaturalist research-grade observations
6133217128,Funambulus palmarum,"Funambulus palmarum (Linnaeus, 1766)",Animalia,,Mammalia,Rodentia,Sciuridae,Funambulus,India,Tamil Nadu,,11.472232,77.796545,2026,2026-01-18T07:27,iNaturalist research-grade observations
6133222310,Semnopithecus hector,"Semnopithecus hector (Pocock, 1928)",Animalia,,Mammalia,Primates,Cercopithecidae,Semnopithecus,India,Uttarakhand,,29.459824,79.051305,2026,2026-01-29T14:39:01,iNaturalist research-grade observations
6133230385,Platanista gangetica,"Platanista gangetica (Lebeck, 1801)",Animalia,,Mammalia,Cetacea,Platanistidae,Platanista,India,West Bengal,,21.520173,88.349784,2026,2026-01-28T16:47:23,iNaturalist research-grade observations
6133231021,Macaca radiata,"Macaca radiata (É.Geoffroy Saint-Hilaire, 1812)",Animalia,,Mammalia,Primates,Cercopithecidae,Macaca,India,Tamil Nadu,,13.006035,80.239932,2026,2026-01-14T14:22:40,iNaturalist research-grade observations
6133233032,Axis axis,"Axis axis (Erxleben, 1777)",Animalia,,Mammalia,Artiodactyla,Cervidae,Axis,India,Madhya Pradesh,,23.518859,81.100161,2026,2026-01-11T21:02:48,iNaturalist research-grade observations
6133233359,Canis lupus,"Canis familiaris Linnaeus, 1758",Animalia,,Mammalia,Carnivora,Canidae,Canis,India,Rajasthan,,26.627758,75.034775,2026,2026-01-28T17:41:28,iNaturalist research-grade observations
6133233893,Hystrix indica,"Hystrix indica Kerr, 1792",Animalia,,Mammalia,Rodentia,Hystricidae,Hystrix,India,Tamil Nadu,,11.338307,76.891701,2026,2026-01-20T08:41:21,iNaturalist research-grade observations
6133234162,Macaca mulatta,"Macaca mulatta (Zimmermann, 1780)",Animalia,,Mammalia,Primates,Cercopithecidae,Macaca,India,Bihar,,24.832812,83.529841,2026,2026-01-28T17:37:57,iNaturalist research-grade observations
6133234794,Macaca mulatta,"Macaca mulatta (Zimmermann, 1780)",Animalia,,Mammalia,Primates,Cercopithecidae,Macaca,India,Rajasthan,,27.159225,77.519563,2026,2026-01-24T09:45,iNaturalist research-grade observations
6133237342,Ratufa indica,"Ratufa indica (Erxleben, 1777)",Animalia,,Mammalia,Rodentia,Sciuridae,Ratufa,India,Kerala,,10.859425,76.788972,2026,2026-01-28T17:06:47,iNaturalist research-grade observations
6133240808,Axis axis,"Axis axis (Erxleben, 1777)",Animalia,,Mammalia,Artiodactyla,Cervidae,Axis,India,Uttarakhand,,29.438702,78.938935,2026,2026-01-23T12:19,iNaturalist research-grade observations
6133241785,Funambulus palmarum,"Funambulus palmarum (Linnaeus, 1766)",Animalia,,Mammalia,Rodentia,Sciuridae,Funambulus,India,Tamil Nadu,,11.408082,77.60508,2026,2026-01-10T10:16,iNaturalist research-grade observations
6133243526,Canis lupus,"Canis familiaris Linnaeus, 1758",Animalia,,Mammalia,Carnivora,Canidae,Canis,India,Maharashtra,,19.073032,72.899384,2026,2026-01-29T09:51:20,iNaturalist research-grade observations
6133244477,Macaca mulatta,"Macaca mulatta (Zimmermann, 1780)",Animalia,,Mammalia,Primates,Cercopithecidae,Macaca,India,Rajasthan,,26.047775,76.396793,2026,2026-01-18T14:23,iNaturalist research-grade observations
6133244733,Macaca mulatta,"Macaca mulatta (Zimmermann, 1780)",Animalia,,Mammalia,Primates,Cercopithecidae,Macaca,India,Rajasthan,,26.03793,76.435013,2026,2026-01-18T12:44,iNaturalist research-grade observations
6133248522,Funambulus palmarum,"Funambulus palmarum (Linnaeus, 1766)",Animalia,,Mammalia,Rodentia,Sciuridae,Funambulus,India,Tamil Nadu,,11.432401,77.485469,2026,2026-01-18T09:57,iNaturalist research-grade observations
6133249229,Semnopithecus entellus,"Semnopithecus entellus (Dufresne, 1797)",Animalia,,Mammalia,Primates,Cercopithecidae,Semnopithecus,India,Jharkhand,,22.525189,85.811982,2026,2026-01-01T14:33:35,iNaturalist research-grade observations
6133254615,Axis axis,"Axis axis (Erxleben, 1777)",Animalia,,Mammalia,Artiodactyla,Cervidae,Axis,India,Rajasthan,,26.00084,76.41431,2026,2026-01-18T11:57,iNaturalist research-grade observations
6133256685,Axis axis,"Axis axis (Erxleben, 1777)",Animalia,,Mammalia,Artiodactyla,Cervidae,Axis,India,Uttarakhand,,29.467358,79.082368,2026,2026-01-23T17:20,iNaturalist research-grade observations
6133256930,Rusa unicolor,"Rusa unicolor unicolor (Kerr, 1792)",Animalia,,Mammalia,Artiodactyla,Cervidae,Rusa,India,Uttarakhand,,29.407639,79.129338,2026,2026-01-23T17:10,iNaturalist research-grade observations
6133257201,Rusa unicolor,"Rusa unicolor unicolor (Kerr, 1792)",Animalia,,Mammalia,Artiodactyla,Cervidae,Rusa,India,Uttarakhand,,29.462842,79.011506,2026,2026-01-23T16:50,iNaturalist research-grade observations
6133260487,Canis lupus,"Canis familiaris Linnaeus, 1758",Animalia,,Mammalia,Carnivora,Canidae,Canis,India,Uttar Pradesh,,25.406977,81.847201,2026,2026-01-03T09:25:04,iNaturalist research-grade observations
6133261387,Rusa unicolor,"Rusa unicolor unicolor (Kerr, 1792)",Animalia,,Mammalia,Artiodactyla,Cervidae,Rusa,India,Rajasthan,,25.81939,76.501608,2026,2026-01-18T10:38,iNaturalist research-grade observations
6133261391,Ratufa indica,"Ratufa indica (Erxleben, 1777)",Animalia,,Mammalia,Rodentia,Sciuridae,Ratufa,India,Tamil Nadu,,11.421222,76.714713,2026,2026-01-27T13:02:27,iNaturalist research-grade observations
6133266369,Boselaphus tragocamelus,"Boselaphus tragocamelus (Pallas, 1766)",Animalia,,Mammalia,Artiodactyla,Bovidae,Boselaphus,India,Rajasthan,,26.04692,76.395687,2026,2026-01-17T19:55,iNaturalist research-grade observations
6133269042,Funambulus pennantii,"Funambulus pennantii Wroughton, 1905",Animalia,,Mammalia,Rodentia,Sciuridae,Funambulus,India,Rajasthan,,26.091365,76.545605,2026,2026-01-18T18:24,iNaturalist research-grade observations
6133271193,Hemitragus hylocrius,"Nilgiritragus hylocrius (Ogilby, 1838)",Animalia,,Mammalia,Artiodactyla,Bovidae,Hemitragus,India,Kerala,,10.199911,77.075233,2026,2026-01-30T11:19:42,iNaturalist research-grade observations
6133273256,Axis axis,"Axis axis (Erxleben, 1777)",Animalia,,Mammalia,Artiodactyla,Cervidae,Axis,India,Uttar Pradesh,,29.443812,78.881793,2026,2026-01-23T10:51,iNaturalist research-grade observations
6133284634,Axis porcinus,"Axis porcinus porcinus (Zimmermann, 1780)",Animalia,,Mammalia,Artiodactyla,Cervidae,Axis,India,Assam,,26.55089,92.819031,2026,2026-01-29T10:43:26,iNaturalist research-grade observations
6133284735,Macaca radiata,"Macaca radiata (É.Geoffroy Saint-Hilaire, 1812)",Animalia,,Mammalia,Primates,Cercopithecidae,Macaca,India,Tamil Nadu,,12.720265,77.808134,2026,2026-01-31T12:21:45,iNaturalist research-grade observations
6133286088,Axis axis,"Axis axis (Erxleben, 1777)",Animalia,,Mammalia,Artiodactyla,Cervidae,Axis,India,Rajasthan,,27.18754,77.513738,2026,2026-01-20T12:35,iNaturalist research-grade observations
6133294943,Funambulus pennantii,"Funambulus pennantii Wroughton, 1905",Animalia,,Mammalia,Rodentia,Sciuridae,Funambulus,India,Maharashtra,,19.04853,72.899312,2026,2026-01-29T08:39:34,iNaturalist research-grade observations
6133294965,Felis catus,"Felis catus Linnaeus, 1758",Animalia,,Mammalia,Carnivora,Felidae,Felis,India,Maharashtra,,20.719241,78.580685,2026,2026-01-29T17:24:41,iNaturalist research-grade observations
6133295919,Funambulus pennantii,"Funambulus pennantii Wroughton, 1905",Animalia,,Mammalia,Rodentia,Sciuridae,Funambulus,India,Rajasthan,,27.189598,77.513005,2026,2026-01-20T12:28,iNaturalist research-grade observations
6133296912,Ratufa indica,"Ratufa indica (Erxleben, 1777)",Animalia,,Mammalia,Rodentia,Sciuridae,Ratufa,India,Kerala,,11.82333,76.093886,2026,2026-01-27T12:28:33,iNaturalist research-grade observations
6133297008,Funambulus pennantii,"Funambulus pennantii Wroughton, 1905",Animalia,,Mammalia,Rodentia,Sciuridae,Funambulus,India,Uttar Pradesh,,25.406977,81.847201,2026,2026-01-03T09:36:36,iNaturalist research-grade observations
6133300556,Funambulus palmarum,"Funambulus palmarum (Linnaeus, 1766)",Animalia,,Mammalia,Rodentia,Sciuridae,Funambulus,India,Andhra Pradesh,,12.798418,78.304105,2026,2026-01-30T14:12:04,iNaturalist research-grade observations
6133302102,Macaca mulatta,"Macaca mulatta (Zimmermann, 1780)",Animalia,,Mammalia,Primates,Cercopithecidae,Macaca,India,NCT of Delhi,,28.526858,77.253341,2026,2026-01-30T17:23,iNaturalist research-grade observations
6133306984,Sus scrofa,"Sus scrofa cristatus Wagner, 1839",Animalia,,Mammalia,Artiodactyla,Suidae,Sus,India,Rajasthan,,26.09073,76.511545,2026,2026-01-18T19:04,iNaturalist research-grade observations
6133307147,Canis lupus,"Canis familiaris Linnaeus, 1758",Animalia,,Mammalia,Carnivora,Canidae,Canis,India,Rajasthan,,26.626712,75.032147,2026,2026-01-28T22:40,iNaturalist research-grade observations
6133307988,Pteropus medius,"Pteropus medius Temminck, 1825",Animalia,,Mammalia,Chiroptera,Pteropodidae,Pteropus,India,Rajasthan,,27.165618,77.52492,2026,2026-01-20T15:51,iNaturalist research-grade observations
6133308473,Rusa unicolor,"Rusa unicolor unicolor (Kerr, 1792)",Animalia,,Mammalia,Artiodactyla,Cervidae,Rusa,India,Rajasthan,,26.112573,76.529417,2026,2026-01-18T16:57,iNaturalist research-grade observations
6133311134,Pteropus medius,"Pteropus medius Temminck, 1825",Animalia,,Mammalia,Chiroptera,Pteropodidae,Pteropus,India,Maharashtra,,19.126177,72.961324,2026,2026-01-28T18:54:54,iNaturalist research-grade observations
6133311240,Herpestes edwardsi,"Urva edwardsii (É.Geoffroy Saint-Hilaire, 1818)",Animalia,,Mammalia,Carnivora,Herpestidae,Herpestes,India,Uttarakhand,,29.438612,78.905137,2026,2026-01-12T14:03:25,iNaturalist research-grade observations
6133316419,Boselaphus tragocamelus,"Boselaphus tragocamelus (Pallas, 1766)",Animalia,,Mammalia,Artiodactyla,Bovidae,Boselaphus,India,Rajasthan,,27.159225,77.519563,2026,2026-01-24T16:16,iNaturalist research-grade observations
6133316797,Macaca mulatta,"Macaca mulatta (Zimmermann, 1780)",Animalia,,Mammalia,Primates,Cercopithecidae,Macaca,India,NCT of Delhi,,28.681067,77.223091,2026,2026-01-31T10:10:17,iNaturalist research-grade observations
6133316984,Elephas maximus,"Elephas maximus indicus Cuvier, 1798",Animalia,,Mammalia,Proboscidea,Elephantidae,Elephas,India,Assam,,26.524602,92.932464,2026,2026-01-29T08:23:59,iNaturalist research-grade observations
6133319227,Pteropus medius,"Pteropus medius Temminck, 1825",Animalia,,Mammalia,Chiroptera,Pteropodidae,Pteropus,India,Rajasthan,,26.04692,76.395687,2026,2026-01-17T20:40,iNaturalist research-grade observations
6133322957,Mus musculus,"Mus musculus Linnaeus, 1758",Animalia,,Mammalia,Rodentia,Muridae,Mus,India,Uttar Pradesh,,25.449232,81.783889,2026,2026-01-29T01:23:39,iNaturalist research-grade observations
6133327380,Petaurista philippensis,"Petaurista philippensis (Elliot, 1839)",Animalia,,Mammalia,Rodentia,Sciuridae,Petaurista,India,Karnataka,,13.616578,75.011022,2026,2026-01-25T21:21,iNaturalist research-grade observations
6133331045,Semnopithecus entellus,"Semnopithecus entellus (Dufresne, 1797)",Animalia,,Mammalia,Primates,Cercopithecidae,Semnopithecus,India,Rajasthan,,26.088877,76.509017,2026,2026-01-18T17:41,iNaturalist research-grade observations
6133332695,Muntiacus muntjak,"Muntiacus vaginalis (Boddaert, 1785)",Animalia,,Mammalia,Artiodactyla,Cervidae,Muntiacus,India,Uttarakhand,,29.373353,79.533305,2026,2026-01-25T18:27,iNaturalist research-grade observations
6133332819,Canis lupus,"Canis familiaris Linnaeus, 1758",Animalia,,Mammalia,Carnivora,Canidae,Canis,India,Andhra Pradesh,,13.618505,79.395333,2026,2026-01-28T16:42:44,iNaturalist research-grade observations
6133334578,Semnopithecus johnii,"Semnopithecus johnii (J.Fischer, 1829)",Animalia,,Mammalia,Primates,Cercopithecidae,Semnopithecus,India,Kerala,,9.575933,77.122983,2026,2026-01-31T06:02:46,iNaturalist research-grade observations
6133335179,Pteropus medius,"Pteropus medius Temminck, 1825",Animalia,,Mammalia,Chiroptera,Pteropodidae,Pteropus,India,Rajasthan,,27.165585,77.524713,2026,2026-01-20T15:20,iNaturalist research-grade observations
6133335364,Funambulus pennantii,"Funambulus pennantii Wroughton, 1905",Animalia,,Mammalia,Rodentia,Sciuridae,Funambulus,India,Uttar Pradesh,,27.171118,78.045433,2026,2026-01-21T15:25,iNaturalist research-grade observations
6133338330,Boselaphus tragocamelus,"Boselaphus tragocamelus (Pallas, 1766)",Animalia,,Mammalia,Artiodactyla,Bovidae,Boselaphus,India,Rajasthan,,27.16501,77.523812,2026,2026-01-20T19:04,iNaturalist research-grade observations
6133338458,Canis lupus,"Canis familiaris Linnaeus, 1758",Animalia,,Mammalia,Carnivora,Canidae,Canis,India,Andhra Pradesh,,13.61851,79.39516,2026,2026-01-28T16:41:26,iNaturalist research-grade observations
6133338551,Macaca mulatta,"Macaca mulatta (Zimmermann, 1780)",Animalia,,Mammalia,Primates,Cercopithecidae,Macaca,India,Uttar Pradesh,,27.175145,78.042142,2026,2026-01-21T13:05,iNaturalist research-grade observations
6133345025,Funambulus pennantii,"Funambulus pennantii Wroughton, 1905",Animalia,,Mammalia,Rodentia,Sciuridae,Funambulus,India,Uttar Pradesh,,25.406977,81.847201,2026,2026-01-16T10:11:38,iNaturalist research-grade observations
6133345712,Macaca mulatta,"Macaca mulatta (Zimmermann, 1780)",Animalia,,Mammalia,Primates,Cercopithecidae,Macaca,India,Uttar Pradesh,,27.171105,78.045705,2026,2026-01-21T12:55,iNaturalist research-grade observations
6133346199,Semnopithecus schistaceus,"Semnopithecus schistaceus Hodgson, 1840",Animalia,,Mammalia,Primates,Cercopithecidae,Semnopithecus,India,Uttarakhand,,29.437863,78.934693,2026,2026-01-23T12:13,iNaturalist research-grade observations
6133351571,Macaca mulatta,"Macaca mulatta (Zimmermann, 1780)",Animalia,,Mammalia,Primates,Cercopithecidae,Macaca,India,Rajasthan,,26.047817,76.396673,2026,2026-01-18T14:25,iNaturalist research-grade observations
6133352450,Axis porcinus,"Axis porcinus porcinus (Zimmermann, 1780)",Animalia,,Mammalia,Artiodactyla,Cervidae,Axis,India,Assam,,26.488604,92.996122,2026,2026-01-29T10:48:42,iNaturalist research-grade observations
6133362481,Ratufa indica,"Ratufa indica (Erxleben, 1777)",Animalia,,Mammalia,Rodentia,Sciuridae,Ratufa,India,Karnataka,,15.195059,74.544467,2026,2026-01-10T10:36,iNaturalist research-grade observations
6133365281,Axis axis,"Axis axis (Erxleben, 1777)",Animalia,,Mammalia,Artiodactyla,Cervidae,Axis,India,Uttar Pradesh,,29.448027,78.893848,2026,2026-01-23T11:22,iNaturalist research-grade observations
6133371643,Sus scrofa,"Sus scrofa Linnaeus, 1758",Animalia,,Mammalia,Artiodactyla,Suidae,Sus,India,Rajasthan,,27.159225,77.519563,2026,2026-01-24T16:49,iNaturalist research-grade observations
6133372466,Funambulus pennantii,"Funambulus pennantii Wroughton, 1905",Animalia,,Mammalia,Rodentia,Sciuridae,Funambulus,India,NCT of Delhi,,28.688219,77.120504,2026,2026-01-21T10:35:21,iNaturalist research-grade observations
6133373218,Axis axis,"Axis axis (Erxleben, 1777)",Animalia,,Mammalia,Artiodactyla,Cervidae,Axis,India,Rajasthan,,27.166576,77.52269,2026,2026-01-23T17:51,iNaturalist research-grade observations
6133380716,Macaca mulatta,"Macaca mulatta (Zimmermann, 1780)",Animalia,,Mammalia,Primates,Cercopithecidae,Macaca,India,Andhra Pradesh,,17.610511,81.708912,2026,2026-01-31T10:05:13,iNaturalist research-grade observations
6133385021,Macaca mulatta,"Macaca mulatta (Zimmermann, 1780)",Animalia,,Mammalia,Primates,Cercopithecidae,Macaca,India,Rajasthan,,27.185208,77.515013,2026,2026-01-20T12:43,iNaturalist research-grade observations
6133385156,Canis lupus,"Canis familiaris Linnaeus, 1758",Animalia,,Mammalia,Carnivora,Canidae,Canis,India,Andhra Pradesh,,13.618775,79.39517,2026,2026-01-28T16:28:52,iNaturalist research-grade observations
6133387804,Pteropus medius,"Pteropus medius Temminck, 1825",Animalia,,Mammalia,Chiroptera,Pteropodidae,Pteropus,India,Rajasthan,,27.165587,77.525085,2026,2026-01-20T15:13,iNaturalist research-grade observations
6133390163,Macaca mulatta,"Macaca mulatta (Zimmermann, 1780)",Animalia,,Mammalia,Primates,Cercopithecidae,Macaca,India,Rajasthan,,27.1874,77.513823,2026,2026-01-20T12:42,iNaturalist research-grade observations
6133394329,Canis lupus,"Canis familiaris Linnaeus, 1758",Animalia,,Mammalia,Carnivora,Canidae,Canis,India,Andhra Pradesh,,13.618619,79.395289,2026,2026-01-28T16:36:16,iNaturalist research-grade observations
6133395218,Pteropus medius,"Pteropus medius Temminck, 1825",Animalia,,Mammalia,Chiroptera,Pteropodidae,Pteropus,India,Rajasthan,,27.165587,77.525158,2026,2026-01-20T15:10,iNaturalist research-grade observations
6133395810,Axis axis,"Axis axis (Erxleben, 1777)",Animalia,,Mammalia,Artiodactyla,Cervidae,Axis,India,Rajasthan,,26.039468,76.4538,2026,2026-01-18T16:44,iNaturalist research-grade observations
6133396937,Sus scrofa,"Sus scrofa Linnaeus, 1758",Animalia,,Mammalia,Artiodactyla,Suidae,Sus,India,Uttar Pradesh,,29.442508,78.886087,2026,2026-01-12T16:48:59,iNaturalist research-grade observations
6133398242,Semnopithecus entellus,"Semnopithecus entellus (Dufresne, 1797)",Animalia,,Mammalia,Primates,Cercopithecidae,Semnopithecus,India,Maharashtra,,18.996387,73.274505,2026,2026-01-18T09:15,iNaturalist research-grade observations
6133400926,Antilope cervicapra,"Antilope cervicapra (Linnaeus, 1758)",Animalia,,Mammalia,Artiodactyla,Bovidae,Antilope,India,Tamil Nadu,,12.99791,80.237873,2026,2026-01-14T15:03:18,iNaturalist research-grade observations
6133409656,Funambulus pennantii,"Funambulus pennantii Wroughton, 1905",Animalia,,Mammalia,Rodentia,Sciuridae,Funambulus,India,Maharashtra,,19.073182,72.900512,2026,2026-01-28T10:03:16,iNaturalist research-grade observations
6133417375,Hemitragus hylocrius,"Nilgiritragus hylocrius (Ogilby, 1838)",Animalia,,Mammalia,Artiodactyla,Bovidae,Hemitragus,India,Kerala,,10.032431,77.066246,2026,2026-01-29T10:11:06,iNaturalist research-grade observations
6133422995,Semnopithecus entellus,"Semnopithecus entellus (Dufresne, 1797)",Animalia,,Mammalia,Primates,Cercopithecidae,Semnopithecus,India,Rajasthan,,25.979115,76.416985,2026,2026-01-18T10:53,iNaturalist research-grade observations
6133426348,Funambulus pennantii,"Funambulus pennantii Wroughton, 1905",Animalia,,Mammalia,Rodentia,Sciuridae,Funambulus,India,Maharashtra,,19.065381,73.064208,2026,2026-01-14T10:25:06,iNaturalist research-grade observations
6133426603,Funambulus pennantii,"Funambulus pennantii Wroughton, 1905",Animalia,,Mammalia,Rodentia,Sciuridae,Funambulus,India,Maharashtra,,21.021125,75.566053,2026,2026-01-25T09:28,iNaturalist research-grade observations
6133427227,Panthera tigris,"Panthera tigris tigris (Linnaeus, 1758)",Animalia,,Mammalia,Carnivora,Felidae,Panthera,India,Uttarakhand,,29.40322,78.970087,2026,2026-01-23T08:05,iNaturalist research-grade observations
6133432327,Axis axis,"Axis axis (Erxleben, 1777)",Animalia,,Mammalia,Artiodactyla,Cervidae,Axis,India,Uttar Pradesh,,29.446023,78.893815,2026,2026-01-23T11:22,iNaturalist research-grade observations
6133433249,Canis aureus,"Canis aureus indicus Hodgson, 1833",Animalia,,Mammalia,Carnivora,Canidae,Canis,India,Rajasthan,,27.159653,77.521877,2026,2026-01-20T18:25,iNaturalist research-grade observations
6133434551,Funambulus pennantii,"Funambulus pennantii Wroughton, 1905",Animalia,,Mammalia,Rodentia,Sciuridae,Funambulus,India,Rajasthan,,27.18739,77.513815,2026,2026-01-20T12:40,iNaturalist research-grade observations
6133444114,Felis chaus,"Felis chaus Schreber, 1777",Animalia,,Mammalia,Carnivora,Felidae,Felis,India,Haryana,,28.458634,76.893615,2026,2026-01-26T15:44,iNaturalist research-grade observations
6133448461,Ursus thibetanus,Ursus thibetanus G,Animalia,,Mammalia,Carnivora,Ursidae,Ursus,India,Arunachal Pradesh,,28.621619,95.89029,2026,2026-01-27,iNaturalist research-grade observations
6133451727,Boselaphus tragocamelus,"Boselaphus tragocamelus (Pallas, 1766)",Animalia,,Mammalia,Artiodactyla,Bovidae,Boselaphus,India,Maharashtra,,19.978054,75.428646,2026,2026-01-25T15:52:01,iNaturalist research-grade observations
6133452805,Axis axis,"Axis axis (Erxleben, 1777)",Animalia,,Mammalia,Artiodactyla,Cervidae,Axis,India,Karnataka,,12.073418,76.151081,2026,2026-01-25T11:42:12,iNaturalist research-grade observations
6133455648,Funambulus pennantii,"Funambulus pennantii Wroughton, 1905",Animalia,,Mammalia,Rodentia,Sciuridae,Funambulus,India,Maharashtra,,19.067764,73.067136,2026,2026-01-14T10:46:28,iNaturalist research-grade observations
6133456408,Bos taurus,"Bos taurus Linnaeus, 1758",Animalia,,Mammalia,Artiodactyla,Bovidae,Bos,India,West Bengal,,22.81311,88.366527,2026,2026-01-24T11:13:37,iNaturalist research-grade observations
6133456409,Funambulus pennantii,"Funambulus pennantii Wroughton, 1905",Animalia,,Mammalia,Rodentia,Sciuridae,Funambulus,India,Rajasthan,,26.046442,76.396152,2026,2026-01-18T15:10,iNaturalist research-grade observations
6133458156,Semnopithecus entellus,"Semnopithecus entellus (Dufresne, 1797)",Animalia,,Mammalia,Primates,Cercopithecidae,Semnopithecus,India,Rajasthan,,26.06154,76.474048,2026,2026-01-18T16:57,iNaturalist research-grade observations
6133459045,Macaca radiata,"Macaca radiata (É.Geoffroy Saint-Hilaire, 1812)",Animalia,,Mammalia,Primates,Cercopithecidae,Macaca,India,Maharashtra,,19.031614,72.904363,2026,2026-01-18T12:36:45,iNaturalist research-grade observations
6133470611,Funambulus pennantii,"Funambulus pennantii Wroughton, 1905",Animalia,,Mammalia,Rodentia,Sciuridae,Funambulus,India,Maharashtra,,20.979018,75.565612,2026,2026-01-26T09:21,iNaturalist research-grade observations
6133473442,Ratufa indica,"Ratufa indica (Erxleben, 1777)",Animalia,,Mammalia,Rodentia,Sciuridae,Ratufa,India,Kerala,,8.76655,77.097038,2026,2026-01-03T10:09,iNaturalist research-grade observations
6133473846,Funambulus pennantii,"Funambulus pennantii Wroughton, 1905",Animalia,,Mammalia,Rodentia,Sciuridae,Funambulus,India,Maharashtra,,19.073459,72.899859,2026,2026-01-29T09:21:10,iNaturalist research-grade observations
6133474366,Pteropus medius,"Pteropus medius Temminck, 1825",Animalia,,Mammalia,Chiroptera,Pteropodidae,Pteropus,India,Maharashtra,,20.985823,75.569012,2026,2026-01-26T11:29,iNaturalist research-grade observations
6133475604,Macaca mulatta,"Macaca mulatta (Zimmermann, 1780)",Animalia,,Mammalia,Primates,Cercopithecidae,Macaca,India,NCT of Delhi,,28.683848,77.216328,2026,2026-01-31T10:12:11,iNaturalist research-grade observations
6133476206,Rusa unicolor,"Rusa unicolor unicolor (Kerr, 1792)",Animalia,,Mammalia,Artiodactyla,Cervidae,Rusa,India,Rajasthan,,26.10353,76.468646,2026,2026-01-18T17:18,iNaturalist research-grade observations
6133477283,Axis axis,"Axis axis (Erxleben, 1777)",Animalia,,Mammalia,Artiodactyla,Cervidae,Axis,India,Rajasthan,,26.001163,76.41414,2026,2026-01-18T12:12,iNaturalist research-grade observations
6133492613,Funambulus pennantii,"Funambulus pennantii Wroughton, 1905",Animalia,,Mammalia,Rodentia,Sciuridae,Funambulus,India,Rajasthan,,27.159225,77.519563,2026,2026-01-24T15:41,iNaturalist research-grade observations
6133494242,Axis axis,"Axis axis (Erxleben, 1777)",Animalia,,Mammalia,Artiodactyla,Cervidae,Axis,India,Tamil Nadu,,13.003466,80.237651,2026,2026-01-14T14:46:30,iNaturalist research-grade observations
6133501448,Boselaphus tragocamelus,"Boselaphus tragocamelus (Pallas, 1766)",Animalia,,Mammalia,Artiodactyla,Bovidae,Boselaphus,India,Rajasthan,,26.04692,76.395687,2026,2026-01-17T19:18,iNaturalist research-grade observations
6133505544,Pteropus medius,"Pteropus medius Temminck, 1825",Animalia,,Mammalia,Chiroptera,Pteropodidae,Pteropus,India,Rajasthan,,27.16561,77.525052,2026,2026-01-20T15:11,iNaturalist research-grade observations
6133509410,Macaca radiata,"Macaca radiata (É.Geoffroy Saint-Hilaire, 1812)",Animalia,,Mammalia,Primates,Cercopithecidae,Macaca,India,Tamil Nadu,,11.82299,78.724947,2026,2026-01-29T16:22:57,iNaturalist research-grade observations
6133521724,Axis axis,"Axis axis (Erxleben, 1777)",Animalia,,Mammalia,Artiodactyla,Cervidae,Axis,India,Rajasthan,,26.029178,76.443738,2026,2026-01-18T16:42,iNaturalist research-grade observations
6133523909,Macaca mulatta,"Macaca mulatta (Zimmermann, 1780)",Animalia,,Mammalia,Primates,Cercopithecidae,Macaca,India,Rajasthan,,25.187833,75.854542,2026,2026-01-27T14:26:33,iNaturalist research-grade observations
6133524512,Macaca mulatta,"Macaca mulatta (Zimmermann, 1780)",Animalia,,Mammalia,Primates,Cercopithecidae,Macaca,India,Uttarakhand,,29.553672,79.193663,2026,2026-01-09T08:16:17,iNaturalist research-grade observations
6133530409,Semnopithecus hypoleucos,"Semnopithecus hypoleucos Blyth, 1841",Animalia,,Mammalia,Primates,Cercopithecidae,Semnopithecus,India,Maharashtra,,18.268415,73.654167,2026,2026-01-29T16:07:43,iNaturalist research-grade observations
6133543682,Boselaphus tragocamelus,"Boselaphus tragocamelus (Pallas, 1766)",Animalia,,Mammalia,Artiodactyla,Bovidae,Boselaphus,India,Rajasthan,,27.159948,77.532538,2026,2026-01-20T16:47,iNaturalist research-grade observations
6133544003,Bos taurus,"Bos taurus indicus Linnaeus, 1758",Animalia,,Mammalia,Artiodactyla,Bovidae,Bos,India,Haryana,,29.58928,76.108292,2026,2026-01-10T16:39:21,iNaturalist research-grade observations
6133544098,Semnopithecus entellus,"Semnopithecus entellus (Dufresne, 1797)",Animalia,,Mammalia,Primates,Cercopithecidae,Semnopithecus,India,Rajasthan,,26.039042,76.434653,2026,2026-01-18T12:45,iNaturalist research-grade observations
6133544659,Rusa unicolor,"Rusa unicolor unicolor (Kerr, 1792)",Animalia,,Mammalia,Artiodactyla,Cervidae,Rusa,India,Rajasthan,,26.145076,76.46351,2026,2026-01-18T17:23,iNaturalist research-grade observations
6133545838,Semnopithecus schistaceus,"Semnopithecus schistaceus Hodgson, 1840",Animalia,,Mammalia,Primates,Cercopithecidae,Semnopithecus,India,Uttarakhand,,29.228845,79.3994,2026,2026-01-08T14:25:39,iNaturalist research-grade observations
6133546205,Axis axis,"Axis axis (Erxleben, 1777)",Animalia,,Mammalia,Artiodactyla,Cervidae,Axis,India,Rajasthan,,27.187548,77.51374,2026,2026-01-20T12:35,iNaturalist research-grade observations
6133552105,Canis lupus,"Canis familiaris Linnaeus, 1758",Animalia,,Mammalia,Carnivora,Canidae,Canis,India,Maharashtra,,21.022932,75.567302,2026,2026-01-25T09:44,iNaturalist research-grade observations
6133552706,Macaca radiata,"Macaca radiata (É.Geoffroy Saint-Hilaire, 1812)",Animalia,,Mammalia,Primates,Cercopithecidae,Macaca,India,Maharashtra,,18.763608,73.366409,2026,2026-01-25T09:30,iNaturalist research-grade observations
6133555726,Funambulus palmarum,"Funambulus palmarum (Linnaeus, 1766)",Animalia,,Mammalia,Rodentia,Sciuridae,Funambulus,India,Tamil Nadu,,11.577668,77.638104,2026,2026-01-23T15:34,iNaturalist research-grade observations
6133564408,Pteropus medius,"Pteropus medius Temminck, 1825",Animalia,,Mammalia,Chiroptera,Pteropodidae,Pteropus,India,Rajasthan,,27.165593,77.525125,2026,2026-01-20T15:10,iNaturalist research-grade observations
6133566211,Canis aureus,"Canis aureus indicus Hodgson, 1833",Animalia,,Mammalia,Carnivora,Canidae,Canis,India,Rajasthan,,27.187325,77.514032,2026,2026-01-20T19:54,iNaturalist research-grade observations
6133570171,Bos frontalis,"Bos gaurus C.H.Smith, 1827",Animalia,,Mammalia,Artiodactyla,Bovidae,Bos,India,Tamil Nadu,,11.396823,76.757932,2026,2026-01-28T11:30:28,iNaturalist research-grade observations
6133571938,Axis axis,"Axis axis (Erxleben, 1777)",Animalia,,Mammalia,Artiodactyla,Cervidae,Axis,India,Rajasthan,,26.031242,76.44046,2026,2026-01-18T12:28,iNaturalist research-grade observations
6133576701,Semnopithecus entellus,"Semnopithecus entellus (Dufresne, 1797)",Animalia,,Mammalia,Primates,Cercopithecidae,Semnopithecus,India,Rajasthan,,26.91666,75.859892,2026,2026-01-27T14:18,iNaturalist research-grade observations
6133576720,Rusa unicolor,"Rusa unicolor unicolor (Kerr, 1792)",Animalia,,Mammalia,Artiodactyla,Cervidae,Rusa,India,Rajasthan,,26.123755,76.403946,2026,2026-01-18T16:57,iNaturalist research-grade observations
6133577476,Funambulus palmarum,"Funambulus palmarum (Linnaeus, 1766)",Animalia,,Mammalia,Rodentia,Sciuridae,Funambulus,India,Maharashtra,,18.508897,73.819053,2026,2026-01-04T15:28:52,iNaturalist research-grade observations
6133582456,Macaca mulatta,"Macaca mulatta (Zimmermann, 1780)",Animalia,,Mammalia,Primates,Cercopithecidae,Macaca,India,Uttarakhand,,29.358152,79.52758,2026,2026-01-25T13:04,iNaturalist research-grade observations
6133589504,Funambulus pennantii,"Funambulus pennantii Wroughton, 1905",Animalia,,Mammalia,Rodentia,Sciuridae,Funambulus,India,Maharashtra,,20.979018,75.565612,2026,2026-01-26T09:43,iNaturalist research-grade observations
6133597484,Axis axis,"Axis axis (Erxleben, 1777)",Animalia,,Mammalia,Artiodactyla,Cervidae,Axis,India,Uttarakhand,,29.44051,78.911675,2026,2026-01-23T10:07,iNaturalist research-grade observations
6133598609,Funambulus pennantii,"Funambulus pennantii Wroughton, 1905",Animalia,,Mammalia,Rodentia,Sciuridae,Funambulus,India,Uttar Pradesh,,25.406977,81.847201,2026,2026-01-03T09:24:08,iNaturalist research-grade observations
6133607519,Megaderma spasma,"Megaderma spasma (Linnaeus, 1758)",Animalia,,Mammalia,Chiroptera,Megadermatidae,Megaderma,India,Kerala,,10.524217,76.354894,2026,2026-01-07T00:58,iNaturalist research-grade observations
6147166720,Ratufa indica,"Ratufa indica (Erxleben, 1777)",Animalia,,Mammalia,Rodentia,Sciuridae,Ratufa,India,Kerala,,11.922393,75.790339,2026,2026-01-26T08:55,iNaturalist research-grade observations
6147178261,Funambulus pennantii,"Funambulus pennantii Wroughton, 1905",Animalia,,Mammalia,Rodentia,Sciuridae,Funambulus,India,Uttar Pradesh,,25.406977,81.847201,2026,2026-01-03T09:36:30,iNaturalist research-grade observations
6147187215,Macaca mulatta,"Macaca mulatta (Zimmermann, 1780)",Animalia,,Mammalia,Primates,Cercopithecidae,Macaca,India,Rajasthan,,26.04692,76.395687,2026,2026-01-18T14:26,iNaturalist research-grade observations
6147191763,Prionailurus viverrinus,"Prionailurus viverrinus (Bennett, 1833)",Animalia,,Mammalia,Carnivora,Felidae,Prionailurus,India,West Bengal,,21.766834,88.390553,2026,2026-01-31T03:13:34,iNaturalist research-grade observations
6147225421,Rusa unicolor,"Rusa unicolor unicolor (Kerr, 1792)",Animalia,,Mammalia,Artiodactyla,Cervidae,Rusa,India,Rajasthan,,25.81482,76.484945,2026,2026-01-18T17:33,iNaturalist research-grade observations
6147230742,Panthera pardus,"Panthera pardus fusca (Meyer, 1794)",Animalia,,Mammalia,Carnivora,Felidae,Panthera,India,Jammu and Kashmir,,33.177317,75.632529,2026,2026-01-22T06:24:27,iNaturalist research-grade observations
6147234447,Rusa unicolor,"Rusa unicolor unicolor (Kerr, 1792)",Animalia,,Mammalia,Artiodactyla,Cervidae,Rusa,India,Rajasthan,,25.92492,76.41906,2026,2026-01-18T10:35,iNaturalist research-grade observations
6147237694,Herpestes smithii,"Urva smithii (Gray, 1837)",Animalia,,Mammalia,Carnivora,Herpestidae,Herpestes,India,Rajasthan,,25.977587,76.553287,2026,2026-01-18T16:57,iNaturalist research-grade observations
6147245015,Cuon alpinus,"Cuon alpinus (Pallas, 1811)",Animalia,,Mammalia,Carnivora,Canidae,Cuon,India,Maharashtra,,17.102945,73.803553,2026,2026-01-12T08:22,iNaturalist research-grade observations
6147248116,Pteropus medius,"Pteropus medius Temminck, 1825",Animalia,,Mammalia,Chiroptera,Pteropodidae,Pteropus,India,Karnataka,,12.42436,76.656349,2026,2026-01-24T18:03:15,iNaturalist research-grade observations
6147250101,Panthera pardus,"Panthera pardus fusca (Meyer, 1794)",Animalia,,Mammalia,Carnivora,Felidae,Panthera,India,Rajasthan,,25.830691,76.442976,2026,2026-01-18T20:01,iNaturalist research-grade observations
6147251196,Axis axis,"Axis axis (Erxleben, 1777)",Animalia,,Mammalia,Artiodactyla,Cervidae,Axis,India,Rajasthan,,25.977587,76.553287,2026,2026-01-18T12:26,iNaturalist research-grade observations
6147254446,Rusa unicolor,"Rusa unicolor unicolor (Kerr, 1792)",Animalia,,Mammalia,Artiodactyla,Cervidae,Rusa,India,Rajasthan,,25.92417,76.568928,2026,2026-01-18T12:07,iNaturalist research-grade observations
6147268399,Hyaena hyaena,"Hyaena hyaena (Linnaeus, 1758)",Animalia,,Mammalia,Carnivora,Hyaenidae,Hyaena,India,Rajasthan,,26.834624,75.884978,2026,2026-01-22T19:09:44,iNaturalist research-grade observations
6147269871,Rusa unicolor,"Rusa unicolor unicolor (Kerr, 1792)",Animalia,,Mammalia,Artiodactyla,Cervidae,Rusa,India,Tamil Nadu,,11.833911,77.771253,2026,2026-01-31T23:40,iNaturalist research-grade observations
6147271404,Canis aureus,"Canis aureus Linnaeus, 1758",Animalia,,Mammalia,Carnivora,Canidae,Canis,India,Karnataka,,12.183692,76.741541,2026,2026-01-29T08:12,iNaturalist research-grade observations
6147279716,Axis axis,"Axis axis (Erxleben, 1777)",Animalia,,Mammalia,Artiodactyla,Cervidae,Axis,India,Karnataka,,12.073418,76.151081,2026,2026-01-25T11:13,iNaturalist research-grade observations
6147283600,Sus scrofa,"Sus scrofa Linnaeus, 1758",Animalia,,Mammalia,Artiodactyla,Suidae,Sus,India,Rajasthan,,25.977587,76.553287,2026,2026-01-18T12:00,iNaturalist research-grade observations
6147285300,Ratufa indica,"Ratufa indica (Erxleben, 1777)",Animalia,,Mammalia,Rodentia,Sciuridae,Ratufa,India,Odisha,,20.560734,84.794509,2026,2026-01-24T10:04,iNaturalist research-grade observations
6147286523,Axis axis,"Axis axis (Erxleben, 1777)",Animalia,,Mammalia,Artiodactyla,Cervidae,Axis,India,Rajasthan,,25.977587,76.553287,2026,2026-01-18T12:06,iNaturalist research-grade observations
6147292745,Axis axis,"Axis axis (Erxleben, 1777)",Animalia,,Mammalia,Artiodactyla,Cervidae,Axis,India,Karnataka,,12.073437,76.151082,2026,2026-01-25T11:28,iNaturalist research-grade observations
6147306704,Macaca radiata,"Macaca radiata (É.Geoffroy Saint-Hilaire, 1812)",Animalia,,Mammalia,Primates,Cercopithecidae,Macaca,India,Kerala,,11.922047,75.791858,2026,2026-01-25T17:59:54,iNaturalist research-grade observations
6147320715,Gazella bennettii,"Gazella bennettii (Sykes, 1831)",Animalia,,Mammalia,Artiodactyla,Bovidae,Gazella,India,Maharashtra,,18.149557,74.850849,2026,2026-01-31T15:51,iNaturalist research-grade observations
6147325190,Macaca mulatta,"Macaca mulatta (Zimmermann, 1780)",Animalia,,Mammalia,Primates,Cercopithecidae,Macaca,India,Rajasthan,,26.04692,76.395687,2026,2026-01-18T14:24,iNaturalist research-grade observations
6147328054,Felis catus,"Felis catus Linnaeus, 1758",Animalia,,Mammalia,Carnivora,Felidae,Felis,India,NCT of Delhi,,28.596084,77.222979,2026,2026-01-28T20:15:22,iNaturalist research-grade observations
6147328488,Rusa unicolor,"Rusa unicolor unicolor (Kerr, 1792)",Animalia,,Mammalia,Artiodactyla,Cervidae,Rusa,India,Rajasthan,,25.822152,76.548491,2026,2026-01-18T10:41,iNaturalist research-grade observations
6147329770,Canis lupus,"Canis familiaris Linnaeus, 1758",Animalia,,Mammalia,Carnivora,Canidae,Canis,India,NCT of Delhi,,28.596084,77.222979,2026,2026-01-28T20:16:39,iNaturalist research-grade observations
6147333060,Vulpes bengalensis,"Vulpes bengalensis (Shaw, 1800)",Animalia,,Mammalia,Carnivora,Canidae,Vulpes,India,Maharashtra,,18.166601,74.857606,2026,2026-01-31T17:42,iNaturalist research-grade observations
6147338197,Pteropus medius,"Pteropus medius Temminck, 1825",Animalia,,Mammalia,Chiroptera,Pteropodidae,Pteropus,India,Kerala,,9.762303,76.307158,2026,2026-01-31T11:31:55,iNaturalist research-grade observations
6147341294,Ratufa indica,"Ratufa indica (Erxleben, 1777)",Animalia,,Mammalia,Rodentia,Sciuridae,Ratufa,India,Odisha,,20.560734,84.794509,2026,2026-01-24T12:24,iNaturalist research-grade observations
6147344793,Funambulus pennantii,"Funambulus pennantii Wroughton, 1905",Animalia,,Mammalia,Rodentia,Sciuridae,Funambulus,India,Uttar Pradesh,,25.406977,81.847201,2026,2026-01-03T09:36:26,iNaturalist research-grade observations
6147346144,Loris lydekkerianus,"Loris lydekkerianus malabaricus Wroughton, 1917",Animalia,,Mammalia,Primates,Lorisidae,Loris,India,Maharashtra,,15.919284,74.005385,2026,2026-01-11T21:29:29,iNaturalist research-grade observations
6147347784,Boselaphus tragocamelus,"Boselaphus tragocamelus (Pallas, 1766)",Animalia,,Mammalia,Artiodactyla,Bovidae,Boselaphus,India,Rajasthan,,25.977587,76.553287,2026,2026-01-18T17:00,iNaturalist research-grade observations
6147355440,Funambulus pennantii,"Funambulus pennantii Wroughton, 1905",Animalia,,Mammalia,Rodentia,Sciuridae,Funambulus,India,Uttar Pradesh,,25.406977,81.847201,2026,2026-01-03T09:24:06,iNaturalist research-grade observations
6147358245,Bos frontalis,"Bos gaurus C.H.Smith, 1827",Animalia,,Mammalia,Artiodactyla,Bovidae,Bos,India,Maharashtra,,17.093256,73.876466,2026,2026-01-12T17:44,iNaturalist research-grade observations
6147404291,Rusa unicolor,"Rusa unicolor unicolor (Kerr, 1792)",Animalia,,Mammalia,Artiodactyla,Cervidae,Rusa,India,Maharashtra,,17.115976,73.991502,2026,2026-01-14T07:56,iNaturalist research-grade observations
6147406542,Funambulus pennantii,"Funambulus pennantii Wroughton, 1905",Animalia,,Mammalia,Rodentia,Sciuridae,Funambulus,India,Uttar Pradesh,,25.406977,81.847201,2026,2026-01-03T09:18:40,iNaturalist research-grade observations
6147407816,Macaca mulatta,"Macaca mulatta (Zimmermann, 1780)",Animalia,,Mammalia,Primates,Cercopithecidae,Macaca,India,Rajasthan,,26.04692,76.395687,2026,2026-01-18T14:25,iNaturalist research-grade observations
6147412577,Paradoxurus jerdoni,"Paradoxurus jerdoni Blanford, 1885",Animalia,,Mammalia,Carnivora,Viverridae,Paradoxurus,India,Maharashtra,,15.813032,74.055983,2026,2026-01-10T22:00,iNaturalist research-grade observations
6147432163,Pteropus medius,"Pteropus medius Temminck, 1825",Animalia,,Mammalia,Chiroptera,Pteropodidae,Pteropus,India,Tamil Nadu,,12.52005,77.790086,2026,2026-01-31T16:06:38,iNaturalist research-grade observations
6147432903,Muntiacus muntjak,"Muntiacus vaginalis (Boddaert, 1785)",Animalia,,Mammalia,Artiodactyla,Cervidae,Muntiacus,India,Jammu and Kashmir,,32.696705,75.140747,2026,2026-01-19T13:40:24,iNaturalist research-grade observations
6147453152,Rusa unicolor,"Rusa unicolor unicolor (Kerr, 1792)",Animalia,,Mammalia,Artiodactyla,Cervidae,Rusa,India,Rajasthan,,25.850245,76.448666,2026,2026-01-18T10:31,iNaturalist research-grade observations
6147454410,Macaca mulatta,"Macaca mulatta (Zimmermann, 1780)",Animalia,,Mammalia,Primates,Cercopithecidae,Macaca,India,NCT of Delhi,,28.614856,77.212265,2026,2026-01-28T18:00:51,iNaturalist research-grade observations
6147455561,Semnopithecus entellus,"Semnopithecus entellus (Dufresne, 1797)",Animalia,,Mammalia,Primates,Cercopithecidae,Semnopithecus,India,Rajasthan,,25.977587,76.553287,2026,2026-01-18T17:39,iNaturalist research-grade observations
6147457896,Ratufa indica,"Ratufa indica (Erxleben, 1777)",Animalia,,Mammalia,Rodentia,Sciuridae,Ratufa,India,Odisha,,20.560734,84.794509,2026,2026-01-24T12:14,iNaturalist research-grade observations
6147459266,Sus scrofa,"Sus scrofa Linnaeus, 1758",Animalia,,Mammalia,Artiodactyla,Suidae,Sus,India,Rajasthan,,25.977587,76.553287,2026,2026-01-18T17:39,iNaturalist research-grade observations
6147481149,Canis lupus,"Canis lupus pallipes Sykes, 1831",Animalia,,Mammalia,Carnivora,Canidae,Canis,India,Maharashtra,,18.040228,74.863164,2026,2026-01-31T15:44,iNaturalist research-grade observations
6147502283,Funambulus pennantii,"Funambulus pennantii Wroughton, 1905",Animalia,,Mammalia,Rodentia,Sciuridae,Funambulus,India,Rajasthan,,26.04692,76.395687,2026,2026-01-18T15:09,iNaturalist research-grade observations
6147503641,Antilope cervicapra,"Antilope cervicapra (Linnaeus, 1758)",Animalia,,Mammalia,Artiodactyla,Bovidae,Antilope,India,Rajasthan,,27.811694,74.454694,2026,2026-01-21T15:54:07,iNaturalist research-grade observations
6147506138,Funambulus pennantii,"Funambulus pennantii Wroughton, 1905",Animalia,,Mammalia,Rodentia,Sciuridae,Funambulus,India,Uttar Pradesh,,25.406977,81.847201,2026,2026-01-03T09:39:58,iNaturalist research-grade observations
6147524040,Sus scrofa,"Sus scrofa Linnaeus, 1758",Animalia,,Mammalia,Artiodactyla,Suidae,Sus,India,Rajasthan,,25.977587,76.553287,2026,2026-01-18T11:50,iNaturalist research-grade observations
6147529002,Capra hircus,"Capra hircus Linnaeus, 1758",Animalia,,Mammalia,Artiodactyla,Bovidae,Capra,India,Uttar Pradesh,,25.40104,81.81554,2026,2026-01-24T11:18:19,iNaturalist research-grade observations
6147534831,Funambulus pennantii,"Funambulus pennantii Wroughton, 1905",Animalia,,Mammalia,Rodentia,Sciuridae,Funambulus,India,NCT of Delhi,,28.655072,77.238353,2026,2026-01-17T13:33,iNaturalist research-grade observations
6147536338,Funambulus pennantii,"Funambulus pennantii Wroughton, 1905",Animalia,,Mammalia,Rodentia,Sciuridae,Funambulus,India,Uttar Pradesh,,25.406977,81.847201,2026,2026-01-03T09:24:09,iNaturalist research-grade observations
6147536348,Boselaphus tragocamelus,"Boselaphus tragocamelus (Pallas, 1766)",Animalia,,Mammalia,Artiodactyla,Bovidae,Boselaphus,India,Rajasthan,,26.04692,76.395687,2026,2026-01-17T19:45,iNaturalist research-grade observations
6147559488,Ratufa indica,"Ratufa indica (Erxleben, 1777)",Animalia,,Mammalia,Rodentia,Sciuridae,Ratufa,India,Kerala,,11.923936,75.79266,2026,2026-01-25T16:02,iNaturalist research-grade observations
6147566856,Funambulus pennantii,"Funambulus pennantii Wroughton, 1905",Animalia,,Mammalia,Rodentia,Sciuridae,Funambulus,India,Jammu and Kashmir,,32.718802,74.867971,2026,2026-01-09T13:18:26,iNaturalist research-grade observations
6147581919,Prionailurus viverrinus,"Prionailurus viverrinus (Bennett, 1833)",Animalia,,Mammalia,Carnivora,Felidae,Prionailurus,India,Uttar Pradesh,,28.260816,80.46067,2026,2026-01-15T18:50,iNaturalist research-grade observations
6147593520,Ratufa indica,"Ratufa indica (Erxleben, 1777)",Animalia,,Mammalia,Rodentia,Sciuridae,Ratufa,India,Kerala,,8.708106,77.132503,2026,2026-01-01T14:59,iNaturalist research-grade observations
6147620727,Felis catus,"Felis catus Linnaeus, 1758",Animalia,,Mammalia,Carnivora,Felidae,Felis,India,Maharashtra,,19.353517,72.823515,2026,2026-01-10T18:55:54,iNaturalist research-grade observations
6147621616,Funambulus pennantii,"Funambulus pennantii Wroughton, 1905",Animalia,,Mammalia,Rodentia,Sciuridae,Funambulus,India,Rajasthan,,25.977587,76.553287,2026,2026-01-18T18:21,iNaturalist research-grade observations
6147640451,Ratufa indica,"Ratufa indica (Erxleben, 1777)",Animalia,,Mammalia,Rodentia,Sciuridae,Ratufa,India,Odisha,,20.560734,84.794509,2026,2026-01-24T10:04,iNaturalist research-grade observations
6147642931,Elephas maximus,"Elephas maximus indicus Cuvier, 1798",Animalia,,Mammalia,Proboscidea,Elephantidae,Elephas,India,Kerala,,11.87958,76.139106,2026,2026-01-25T12:57:03,iNaturalist research-grade observations
6147652873,Axis axis,"Axis axis (Erxleben, 1777)",Animalia,,Mammalia,Artiodactyla,Cervidae,Axis,India,Rajasthan,,25.977587,76.553287,2026,2026-01-18T16:55,iNaturalist research-grade observations
6147653084,Semnopithecus entellus,"Semnopithecus entellus (Dufresne, 1797)",Animalia,,Mammalia,Primates,Cercopithecidae,Semnopithecus,India,Rajasthan,,25.977587,76.553287,2026,2026-01-18T16:54,iNaturalist research-grade observations
6147653138,Rusa unicolor,"Rusa unicolor unicolor (Kerr, 1792)",Animalia,,Mammalia,Artiodactyla,Cervidae,Rusa,India,Rajasthan,,25.975225,76.590413,2026,2026-01-18T10:45,iNaturalist research-grade observations
6147678441,Herpestes edwardsi,"Urva edwardsii (É.Geoffroy Saint-Hilaire, 1818)",Animalia,,Mammalia,Carnivora,Herpestidae,Herpestes,India,Maharashtra,,19.016591,73.00594,2026,2026-01-11T08:38,iNaturalist research-grade observations
6147701624,Axis axis,"Axis axis (Erxleben, 1777)",Animalia,,Mammalia,Artiodactyla,Cervidae,Axis,India,Rajasthan,,25.977587,76.553287,2026,2026-01-18T12:36,iNaturalist research-grade observations
6147709357,Axis axis,"Axis axis (Erxleben, 1777)",Animalia,,Mammalia,Artiodactyla,Cervidae,Axis,India,Odisha,,20.560734,84.794509,2026,2026-01-24T14:58,iNaturalist research-grade observations
6147711205,Pteropus medius,"Pteropus medius Temminck, 1825",Animalia,,Mammalia,Chiroptera,Pteropodidae,Pteropus,India,Kerala,,9.766236,76.306664,2026,2026-01-31T11:33:43,iNaturalist research-grade observations
6150860315,Funambulus palmarum,"Funambulus palmarum (Linnaeus, 1766)",Animalia,,Mammalia,Rodentia,Sciuridae,Funambulus,India,Karnataka,Karnataka,13.370557,77.684952,2026,2026-01-04,GBIF India
6159159294,Macaca mulatta,"Macaca mulatta (Zimmermann, 1780)",Animalia,,Mammalia,Primates,Cercopithecidae,Macaca,India,Rajasthan,,27.159609,77.521813,2026,2026-01-24T16:36,iNaturalist research-grade observations
6159208793,Sus scrofa,"Sus scrofa Linnaeus, 1758",Animalia,,Mammalia,Artiodactyla,Suidae,Sus,India,Gujarat,,22.04295,72.037639,2026,2026-01-02T14:52,iNaturalist research-grade observations
6159217786,Felis chaus,"Felis chaus affinis Gray, 1830",Animalia,,Mammalia,Carnivora,Felidae,Felis,India,Gujarat,,22.030797,72.032629,2026,2026-01-02T13:14,iNaturalist research-grade observations
6159247908,Canis aureus,"Canis aureus Linnaeus, 1758",Animalia,,Mammalia,Carnivora,Canidae,Canis,India,Gujarat,,22.0634,72.039699,2026,2026-01-03T07:19,iNaturalist research-grade observations
6159257206,Muntiacus muntjak,"Muntiacus vaginalis (Boddaert, 1785)",Animalia,,Mammalia,Artiodactyla,Cervidae,Muntiacus,India,Tamil Nadu,,11.637102,76.521636,2026,2026-01-23T03:50,iNaturalist research-grade observations
6159274287,Rusa unicolor,"Rusa unicolor unicolor (Kerr, 1792)",Animalia,,Mammalia,Artiodactyla,Cervidae,Rusa,India,Gujarat,,21.432607,70.493588,2026,2026-01-25T13:48:49,iNaturalist research-grade observations
6159299420,Felis chaus,"Felis chaus affinis Gray, 1830",Animalia,,Mammalia,Carnivora,Felidae,Felis,India,Gujarat,,22.054127,72.043347,2026,2026-01-02T15:29,iNaturalist research-grade observations
6159302399,Macaca radiata,"Macaca radiata (É.Geoffroy Saint-Hilaire, 1812)",Animalia,,Mammalia,Primates,Cercopithecidae,Macaca,India,Tamil Nadu,,11.092731,76.78693,2026,2026-01-23T18:09:01,iNaturalist research-grade observations
6159306060,Funambulus pennantii,"Funambulus pennantii Wroughton, 1905",Animalia,,Mammalia,Rodentia,Sciuridae,Funambulus,India,Rajasthan,,26.855045,75.83282,2026,2026-01-23T17:48,iNaturalist research-grade observations
6159310372,Ratufa indica,"Ratufa indica (Erxleben, 1777)",Animalia,,Mammalia,Rodentia,Sciuridae,Ratufa,India,Kerala,,8.76655,77.097038,2026,2026-01-03T07:56,iNaturalist research-grade observations
6159316910,Funambulus pennantii,"Funambulus pennantii Wroughton, 1905",Animalia,,Mammalia,Rodentia,Sciuridae,Funambulus,India,Gujarat,,22.050657,72.015976,2026,2026-01-02T12:28,iNaturalist research-grade observations
6159318671,Ratufa indica,"Ratufa indica (Erxleben, 1777)",Animalia,,Mammalia,Rodentia,Sciuridae,Ratufa,India,Karnataka,,15.195059,74.544467,2026,2026-01-10T10:37,iNaturalist research-grade observations
6159325101,Antilope cervicapra,"Antilope cervicapra rajputanae Zukowsky, 1927",Animalia,,Mammalia,Artiodactyla,Bovidae,Antilope,India,Gujarat,,22.048161,72.029013,2026,2026-01-02T15:14,iNaturalist research-grade observations
6159329990,Boselaphus tragocamelus,"Boselaphus tragocamelus (Pallas, 1766)",Animalia,,Mammalia,Artiodactyla,Bovidae,Boselaphus,India,Rajasthan,,27.159609,77.521813,2026,2026-01-24T15:13,iNaturalist research-grade observations
6159336075,Macaca mulatta,"Macaca mulatta (Zimmermann, 1780)",Animalia,,Mammalia,Primates,Cercopithecidae,Macaca,India,Rajasthan,,26.04692,76.395687,2026,2026-01-18T14:34,iNaturalist research-grade observations
6159359742,Felis chaus,"Felis chaus affinis Gray, 1830",Animalia,,Mammalia,Carnivora,Felidae,Felis,India,Gujarat,,22.051867,72.046995,2026,2026-01-03T06:29,iNaturalist research-grade observations
6159365012,Antilope cervicapra,"Antilope cervicapra rajputanae Zukowsky, 1927",Animalia,,Mammalia,Artiodactyla,Bovidae,Antilope,India,Rajasthan,,27.810653,74.435067,2026,2026-01-21T13:21,iNaturalist research-grade observations
6159380626,Semnopithecus priam,"Semnopithecus priam Blyth, 1844",Animalia,,Mammalia,Primates,Cercopithecidae,Semnopithecus,India,Tamil Nadu,,11.660364,76.408931,2026,2026-01-23T04:20,iNaturalist research-grade observations
6159384660,Antilope cervicapra,"Antilope cervicapra rajputanae Zukowsky, 1927",Animalia,,Mammalia,Artiodactyla,Bovidae,Antilope,India,Rajasthan,,27.810653,74.435067,2026,2026-01-21T13:21,iNaturalist research-grade observations
6159389261,Antilope cervicapra,"Antilope cervicapra rajputanae Zukowsky, 1927",Animalia,,Mammalia,Artiodactyla,Bovidae,Antilope,India,Gujarat,,22.053299,72.036438,2026,2026-01-03T06:10,iNaturalist research-grade observations
6159447673,Bandicota indica,"Bandicota indica (Bechstein, 1800)",Animalia,,Mammalia,Rodentia,Muridae,Bandicota,India,Karnataka,,12.823806,77.567443,2026,2026-01-31T13:53:10,iNaturalist research-grade observations
6159462565,Boselaphus tragocamelus,"Boselaphus tragocamelus (Pallas, 1766)",Animalia,,Mammalia,Artiodactyla,Bovidae,Boselaphus,India,Rajasthan,,26.855045,75.83282,2026,2026-01-23T17:48,iNaturalist research-grade observations
6159482253,Elephas maximus,"Elephas maximus indicus Cuvier, 1798",Animalia,,Mammalia,Proboscidea,Elephantidae,Elephas,India,Kerala,,11.878934,76.001817,2026,2026-01-25T12:57:07,iNaturalist research-grade observations
6159494274,Elephas maximus,"Elephas maximus indicus Cuvier, 1798",Animalia,,Mammalia,Proboscidea,Elephantidae,Elephas,India,Karnataka,,12.094071,76.075833,2026,2026-01-25T12:57:02,iNaturalist research-grade observations
6159494734,Antilope cervicapra,"Antilope cervicapra rajputanae Zukowsky, 1927",Animalia,,Mammalia,Artiodactyla,Bovidae,Antilope,India,Gujarat,,22.043066,72.050514,2026,2026-01-03T07:57,iNaturalist research-grade observations
6159500731,Antilope cervicapra,"Antilope cervicapra rajputanae Zukowsky, 1927",Animalia,,Mammalia,Artiodactyla,Bovidae,Antilope,India,Gujarat,,22.030837,72.037651,2026,2026-01-02T13:16,iNaturalist research-grade observations
6159506159,Antilope cervicapra,"Antilope cervicapra rajputanae Zukowsky, 1927",Animalia,,Mammalia,Artiodactyla,Bovidae,Antilope,India,Rajasthan,,27.810653,74.435067,2026,2026-01-21T13:21,iNaturalist research-grade observations
6159545806,Boselaphus tragocamelus,"Boselaphus tragocamelus (Pallas, 1766)",Animalia,,Mammalia,Artiodactyla,Bovidae,Boselaphus,India,Rajasthan,,26.855045,75.83282,2026,2026-01-23T17:48,iNaturalist research-grade observations
6159587796,Canis lupus,"Canis lupus pallipes Sykes, 1831",Animalia,,Mammalia,Carnivora,Canidae,Canis,India,Gujarat,,22.117574,72.109558,2026,2026-01-02T13:16,iNaturalist research-grade observations
6159590703,Boselaphus tragocamelus,"Boselaphus tragocamelus (Pallas, 1766)",Animalia,,Mammalia,Artiodactyla,Bovidae,Boselaphus,India,Gujarat,,22.041438,72.044377,2026,2026-01-02T14:56,iNaturalist research-grade observations
6159591670,Funambulus pennantii,"Funambulus pennantii Wroughton, 1905",Animalia,,Mammalia,Rodentia,Sciuridae,Funambulus,India,Rajasthan,,26.04692,76.395687,2026,2026-01-18T15:19,iNaturalist research-grade observations
6159609485,Macaca radiata,"Macaca radiata (É.Geoffroy Saint-Hilaire, 1812)",Animalia,,Mammalia,Primates,Cercopithecidae,Macaca,India,Kerala,,9.192358,76.903927,2026,2026-01-24T16:04:59,iNaturalist research-grade observations
6159611711,Sus scrofa,"Sus scrofa Linnaeus, 1758",Animalia,,Mammalia,Artiodactyla,Suidae,Sus,India,Gujarat,,22.823565,72.03234,2026,2026-01-26T10:01,iNaturalist research-grade observations
6159637861,Boselaphus tragocamelus,"Boselaphus tragocamelus (Pallas, 1766)",Animalia,,Mammalia,Artiodactyla,Bovidae,Boselaphus,India,Gujarat,,22.031056,72.026087,2026,2026-01-02T13:34,iNaturalist research-grade observations
6159638622,Antilope cervicapra,"Antilope cervicapra rajputanae Zukowsky, 1927",Animalia,,Mammalia,Artiodactyla,Bovidae,Antilope,India,Rajasthan,,27.810653,74.435067,2026,2026-01-21T13:21,iNaturalist research-grade observations
6159640957,Sus scrofa,"Sus scrofa cristatus Wagner, 1839",Animalia,,Mammalia,Artiodactyla,Suidae,Sus,India,Rajasthan,,26.855045,75.83282,2026,2026-01-23T17:48,iNaturalist research-grade observations
6159660041,Semnopithecus entellus,"Semnopithecus entellus (Dufresne, 1797)",Animalia,,Mammalia,Primates,Cercopithecidae,Semnopithecus,India,Gujarat,,22.29433,73.191155,2026,2026-01-30T11:42:44,iNaturalist research-grade observations
6159673458,Uncia uncia,"Panthera uncia (Schreber, 1775)",Animalia,,Mammalia,Carnivora,Felidae,Uncia,India,Himachal Pradesh,,32.328899,77.948354,2026,2026-01-31,iNaturalist research-grade observations
6159677325,Herpestes edwardsi,"Urva edwardsii (É.Geoffroy Saint-Hilaire, 1818)",Animalia,,Mammalia,Carnivora,Herpestidae,Herpestes,India,Gujarat,,22.027972,72.028018,2026,2026-01-02T13:31,iNaturalist research-grade observations
6159678685,Pteropus medius,"Pteropus medius Temminck, 1825",Animalia,,Mammalia,Chiroptera,Pteropodidae,Pteropus,India,Rajasthan,,27.159609,77.521813,2026,2026-01-24T15:13,iNaturalist research-grade observations
6159685524,Rusa unicolor,"Rusa unicolor unicolor (Kerr, 1792)",Animalia,,Mammalia,Artiodactyla,Cervidae,Rusa,India,Tamil Nadu,,11.781886,76.551797,2026,2026-01-23T04:27,iNaturalist research-grade observations
6159710675,Boselaphus tragocamelus,"Boselaphus tragocamelus (Pallas, 1766)",Animalia,,Mammalia,Artiodactyla,Bovidae,Boselaphus,India,Gujarat,,22.035956,72.032061,2026,2026-01-03T05:49,iNaturalist research-grade observations
6162782138,Semnopithecus entellus,"Semnopithecus entellus (Dufresne, 1797)",Animalia,,Mammalia,Primates,Cercopithecidae,Semnopithecus,India,Rajasthan,,26.855045,75.83282,2026,2026-01-22T23:20,iNaturalist research-grade observations
6162805266,Funambulus pennantii,"Funambulus pennantii Wroughton, 1905",Animalia,,Mammalia,Rodentia,Sciuridae,Funambulus,India,Rajasthan,,25.977587,76.553287,2026,2026-01-18T18:29,iNaturalist research-grade observations
6162825602,Axis axis,"Axis axis (Erxleben, 1777)",Animalia,,Mammalia,Artiodactyla,Cervidae,Axis,India,Rajasthan,,26.855045,75.83282,2026,2026-01-22T23:20,iNaturalist research-grade observations
6162842942,Axis axis,"Axis axis (Erxleben, 1777)",Animalia,,Mammalia,Artiodactyla,Cervidae,Axis,India,Rajasthan,,26.855045,75.83282,2026,2026-01-22T23:20,iNaturalist research-grade observations
6162849367,Boselaphus tragocamelus,"Boselaphus tragocamelus (Pallas, 1766)",Animalia,,Mammalia,Artiodactyla,Bovidae,Boselaphus,India,Rajasthan,,26.855045,75.83282,2026,2026-01-22T23:20,iNaturalist research-grade observations
6162872143,Semnopithecus entellus,"Semnopithecus entellus (Dufresne, 1797)",Animalia,,Mammalia,Primates,Cercopithecidae,Semnopithecus,India,Rajasthan,,25.977587,76.553287,2026,2026-01-18T17:05,iNaturalist research-grade observations
6162872735,Trachypithecus pileatus,"Trachypithecus pileatus (Blyth, 1843)",Animalia,,Mammalia,Primates,Cercopithecidae,Trachypithecus,India,Assam,,26.686994,91.123362,2026,2026-01-26T05:00,iNaturalist research-grade observations
6162887728,Panthera pardus,"Panthera pardus fusca (Meyer, 1794)",Animalia,,Mammalia,Carnivora,Felidae,Panthera,India,Rajasthan,,25.091069,73.374102,2026,2026-01-06T05:11,iNaturalist research-grade observations
6162892851,Herpestes vitticollis,"Urva vitticollis (Bennett, 1835)",Animalia,,Mammalia,Carnivora,Herpestidae,Herpestes,India,Kerala,,11.559408,76.066152,2026,2026-01-29T10:23,iNaturalist research-grade observations
6162900754,Muntiacus muntjak,"Muntiacus vaginalis (Boddaert, 1785)",Animalia,,Mammalia,Artiodactyla,Cervidae,Muntiacus,India,Jammu and Kashmir,,32.692366,75.151072,2026,2026-01-19T13:40:14,iNaturalist research-grade observations
6162902126,Axis axis,"Axis axis (Erxleben, 1777)",Animalia,,Mammalia,Artiodactyla,Cervidae,Axis,India,Rajasthan,,26.855045,75.83282,2026,2026-01-22T23:20,iNaturalist research-grade observations
6162915195,Bos grunniens,"Bos grunniens Linnaeus, 1766",Animalia,,Mammalia,Artiodactyla,Bovidae,Bos,India,Arunachal Pradesh,,27.542955,92.039108,2026,2026-01-24T12:40:08,iNaturalist research-grade observations
6162934647,Semnopithecus entellus,"Semnopithecus entellus (Dufresne, 1797)",Animalia,,Mammalia,Primates,Cercopithecidae,Semnopithecus,India,Rajasthan,,25.977587,76.553287,2026,2026-01-18T17:49,iNaturalist research-grade observations
6162969000,Rusa unicolor,"Rusa unicolor unicolor (Kerr, 1792)",Animalia,,Mammalia,Artiodactyla,Cervidae,Rusa,India,Rajasthan,,25.880008,76.494574,2026,2026-01-18T17:06,iNaturalist research-grade observations
6162981177,Boselaphus tragocamelus,"Boselaphus tragocamelus (Pallas, 1766)",Animalia,,Mammalia,Artiodactyla,Bovidae,Boselaphus,India,Rajasthan,,25.977587,76.553287,2026,2026-01-18T17:10,iNaturalist research-grade observations
6162986214,Axis axis,"Axis axis (Erxleben, 1777)",Animalia,,Mammalia,Artiodactyla,Cervidae,Axis,India,Rajasthan,,25.977587,76.553287,2026,2026-01-18T16:51,iNaturalist research-grade observations
6163011994,Rusa unicolor,"Rusa unicolor unicolor (Kerr, 1792)",Animalia,,Mammalia,Artiodactyla,Cervidae,Rusa,India,Rajasthan,,25.849376,76.491012,2026,2026-01-18T17:45,iNaturalist research-grade observations
6163013797,Panthera pardus,"Panthera pardus fusca (Meyer, 1794)",Animalia,,Mammalia,Carnivora,Felidae,Panthera,India,Rajasthan,,26.890091,75.946012,2026,2026-01-22T23:20,iNaturalist research-grade observations
6163024876,Rusa unicolor,"Rusa unicolor unicolor (Kerr, 1792)",Animalia,,Mammalia,Artiodactyla,Cervidae,Rusa,India,Kerala,,8.846315,77.118154,2026,2026-01-03T12:52,iNaturalist research-grade observations
6163044489,Rusa unicolor,"Rusa unicolor unicolor (Kerr, 1792)",Animalia,,Mammalia,Artiodactyla,Cervidae,Rusa,India,Rajasthan,,25.887531,76.456273,2026,2026-01-18T17:26,iNaturalist research-grade observations
6163057210,Axis axis,"Axis axis (Erxleben, 1777)",Animalia,,Mammalia,Artiodactyla,Cervidae,Axis,India,Karnataka,,11.916113,76.185587,2026,2026-01-09T13:26:58,iNaturalist research-grade observations
6163075370,Felis catus,"Felis catus Linnaeus, 1758",Animalia,,Mammalia,Carnivora,Felidae,Felis,India,West Bengal,,22.552766,88.517283,2026,2026-01-01T11:11:20,iNaturalist research-grade observations
6163150691,Hemitragus hylocrius,"Nilgiritragus hylocrius (Ogilby, 1838)",Animalia,,Mammalia,Artiodactyla,Bovidae,Hemitragus,India,Kerala,,10.149384,77.078645,2026,2026-01-04T08:53:57,iNaturalist research-grade observations
6163156456,Bos frontalis,"Bos gaurus C.H.Smith, 1827",Animalia,,Mammalia,Artiodactyla,Bovidae,Bos,India,Assam,,26.878838,91.31652,2026,2026-01-26T11:07,iNaturalist research-grade observations
6163157371,Felis catus,"Felis catus Linnaeus, 1758",Animalia,,Mammalia,Carnivora,Felidae,Felis,India,Rajasthan,,27.259891,76.461045,2026,2026-01-24T11:33:28,iNaturalist research-grade observations
6163249781,Macaca radiata,"Macaca radiata (É.Geoffroy Saint-Hilaire, 1812)",Animalia,,Mammalia,Primates,Cercopithecidae,Macaca,India,Tamil Nadu,,12.514192,77.642336,2026,2026-01-31T17:03:24,iNaturalist research-grade observations
6163276530,Rusa unicolor,"Rusa unicolor unicolor (Kerr, 1792)",Animalia,,Mammalia,Artiodactyla,Cervidae,Rusa,India,Rajasthan,,25.944119,76.489257,2026,2026-01-18T17:31,iNaturalist research-grade observations
6163276976,Ratufa bicolor,"Ratufa bicolor (Sparrman, 1778)",Animalia,,Mammalia,Rodentia,Sciuridae,Ratufa,India,Assam,,26.605349,91.218697,2026,2026-01-26T05:48,iNaturalist research-grade observations
6163280616,Rusa unicolor,"Rusa unicolor unicolor (Kerr, 1792)",Animalia,,Mammalia,Artiodactyla,Cervidae,Rusa,India,Rajasthan,,25.895541,76.550274,2026,2026-01-18T17:34,iNaturalist research-grade observations
6163291556,Panthera pardus,"Panthera pardus fusca (Meyer, 1794)",Animalia,,Mammalia,Carnivora,Felidae,Panthera,India,Rajasthan,,25.191617,73.051316,2026,2026-01-05T08:17,iNaturalist research-grade observations
6163299128,Semnopithecus entellus,"Semnopithecus entellus (Dufresne, 1797)",Animalia,,Mammalia,Primates,Cercopithecidae,Semnopithecus,India,Rajasthan,,25.107118,73.197485,2026,2026-01-05T13:09,iNaturalist research-grade observations
6163347274,Sus scrofa,"Sus scrofa Linnaeus, 1758",Animalia,,Mammalia,Artiodactyla,Suidae,Sus,India,Rajasthan,,25.977587,76.553287,2026,2026-01-18T17:50,iNaturalist research-grade observations
6163379341,Macaca radiata,"Macaca radiata (É.Geoffroy Saint-Hilaire, 1812)",Animalia,,Mammalia,Primates,Cercopithecidae,Macaca,India,Kerala,,10.285828,76.570613,2026,2026-01-08T11:40:46,iNaturalist research-grade observations
6163418942,Panthera pardus,"Panthera pardus fusca (Meyer, 1794)",Animalia,,Mammalia,Carnivora,Felidae,Panthera,India,Rajasthan,,25.034533,73.387148,2026,2026-01-04T15:12,iNaturalist research-grade observations
6168472345,Herpestes vitticollis,"Herpestes vitticollis Bennett, 1835",Animalia,,Mammalia,Carnivora,Herpestidae,Herpestes,India,,,10.3302,76.96002,2026,2026-01-28,GBIF India
6168472353,Rusa unicolor,"Rusa unicolor (Kerr, 1792)",Animalia,,Mammalia,Artiodactyla,Cervidae,Rusa,India,,,10.3638,76.97754,2026,2026-01-08,GBIF India
6168472381,Muntiacus muntjak,"Muntiacus muntjak (Zimmermann, 1780)",Animalia,,Mammalia,Artiodactyla,Cervidae,Muntiacus,India,,,10.27681,77.0252,2026,2026-01-12,GBIF India
6168472387,Ratufa indica,"Ratufa indica (Erxleben, 1777)",Animalia,,Mammalia,Rodentia,Sciuridae,Ratufa,India,,,10.3506,76.936,2026,2026-01-06,GBIF India
6168472409,Ratufa indica,"Ratufa indica (Erxleben, 1777)",Animalia,,Mammalia,Rodentia,Sciuridae,Ratufa,India,,,10.35732,76.93492,2026,2026-01-07,GBIF India
6168472416,Semnopithecus priam,"Semnopithecus priam Blyth, 1844",Animalia,,Mammalia,Primates,Cercopithecidae,Semnopithecus,India,,,10.45444,76.97857,2026,2026-01-22,GBIF India
6168472423,Paradoxurus hermaphroditus,"Paradoxurus hermaphroditus (Pallas, 1777)",Animalia,,Mammalia,Carnivora,Viverridae,Paradoxurus,India,,,10.36399,76.97783,2026,2026-01-12,GBIF India
6168472428,Melursus ursinus,"Melursus ursinus (Shaw, 1791)",Animalia,,Mammalia,Carnivora,Ursidae,Melursus,India,,,10.40412,77.05412,2026,2026-01-08,GBIF India
6168472485,Semnopithecus johnii,"Semnopithecus johnii (J.Fischer, 1829)",Animalia,,Mammalia,Primates,Cercopithecidae,Semnopithecus,India,,,10.3423,76.90324,2026,2026-01-07,GBIF India
6168472501,Muntiacus muntjak,"Muntiacus muntjak (Zimmermann, 1780)",Animalia,,Mammalia,Artiodactyla,Cervidae,Muntiacus,India,,,10.35652,76.89456,2026,2026-01-21,GBIF India
6168472539,Lepus nigricollis,"Lepus nigricollis F.Cuvier, 1823",Animalia,,Mammalia,Lagomorpha,Leporidae,Lepus,India,,,10.36493,76.98207,2026,2026-01-16,GBIF India
6168472541,Rusa unicolor,"Rusa unicolor (Kerr, 1792)",Animalia,,Mammalia,Artiodactyla,Cervidae,Rusa,India,,,10.32192,76.95203,2026,2026-01-25,GBIF India
6168472582,Rusa unicolor,"Rusa unicolor (Kerr, 1792)",Animalia,,Mammalia,Artiodactyla,Cervidae,Rusa,India,,,10.47997,76.93976,2026,2026-01-16,GBIF India
6168472587,Herpestes vitticollis,"Herpestes vitticollis Bennett, 1835",Animalia,,Mammalia,Carnivora,Herpestidae,Herpestes,India,,,10.3302,76.96001,2026,2026-01-06,GBIF India
6168472589,Bos frontalis,"Bos frontalis gaurus C.H.Smith, 1827",Animalia,,Mammalia,Artiodactyla,Bovidae,Bos,India,,,10.35171,76.97222,2026,2026-01-30,GBIF India
6168472603,Sus scrofa,"Sus scrofa Linnaeus, 1758",Animalia,,Mammalia,Artiodactyla,Suidae,Sus,India,,,10.36336,76.978,2026,2026-01-25,GBIF India
6168472611,Hemitragus hylocrius,"Hemitragus hylocrius (Ogilby, 1838)",Animalia,,Mammalia,Artiodactyla,Bovidae,Hemitragus,India,,,10.44981,76.9806,2026,2026-01-27,GBIF India
6168472613,Bos frontalis,"Bos frontalis gaurus C.H.Smith, 1827",Animalia,,Mammalia,Artiodactyla,Bovidae,Bos,India,,,10.35882,76.95626,2026,2026-01-29,GBIF India
6168472619,Lepus nigricollis,"Lepus nigricollis F.Cuvier, 1823",Animalia,,Mammalia,Lagomorpha,Leporidae,Lepus,India,,,10.37064,76.92488,2026,2026-01-19,GBIF India
6168472707,Semnopithecus johnii,"Semnopithecus johnii (J.Fischer, 1829)",Animalia,,Mammalia,Primates,Cercopithecidae,Semnopithecus,India,,,10.34835,76.89987,2026,2026-01-07,GBIF India
6168472735,Ratufa indica,"Ratufa indica (Erxleben, 1777)",Animalia,,Mammalia,Rodentia,Sciuridae,Ratufa,India,,,10.27623,77.02071,2026,2026-01-24,GBIF India
6168472779,Semnopithecus johnii,"Semnopithecus johnii (J.Fischer, 1829)",Animalia,,Mammalia,Primates,Cercopithecidae,Semnopithecus,India,,,10.36174,76.92771,2026,2026-01-09,GBIF India
6168472795,Ratufa indica,"Ratufa indica (Erxleben, 1777)",Animalia,,Mammalia,Rodentia,Sciuridae,Ratufa,India,,,10.35816,76.88913,2026,2026-01-27,GBIF India
6168472807,Funambulus tristriatus,"Funambulus tristriatus (Waterhouse, 1837)",Animalia,,Mammalia,Rodentia,Sciuridae,Funambulus,India,,,10.30879,76.84799,2026,2026-01-06,GBIF India
6168472830,Semnopithecus johnii,"Semnopithecus johnii (J.Fischer, 1829)",Animalia,,Mammalia,Primates,Cercopithecidae,Semnopithecus,India,,,10.35892,76.9293,2026,2026-01-09,GBIF India
6168472833,Semnopithecus johnii,"Semnopithecus johnii (J.Fischer, 1829)",Animalia,,Mammalia,Primates,Cercopithecidae,Semnopithecus,India,,,10.27584,77.0186,2026,2026-01-24,GBIF India
6168472841,Semnopithecus johnii,"Semnopithecus johnii (J.Fischer, 1829)",Animalia,,Mammalia,Primates,Cercopithecidae,Semnopithecus,India,,,10.37058,76.99323,2026,2026-01-31,GBIF India
6168472867,Ratufa indica,"Ratufa indica (Erxleben, 1777)",Animalia,,Mammalia,Rodentia,Sciuridae,Ratufa,India,,,10.33805,76.96339,2026,2026-01-30,GBIF India
6168472872,Macaca silenus,"Macaca silenus (Linnaeus, 1758)",Animalia,,Mammalia,Primates,Cercopithecidae,Macaca,India,,,10.35238,76.93843,2026,2026-01-27,GBIF India
6168472890,Semnopithecus johnii,"Semnopithecus johnii (J.Fischer, 1829)",Animalia,,Mammalia,Primates,Cercopithecidae,Semnopithecus,India,,,10.36772,76.9978,2026,2026-01-07,GBIF India
6168472893,Elephas maximus,"Elephas maximus Linnaeus, 1758",Animalia,,Mammalia,Proboscidea,Elephantidae,Elephas,India,,,10.35684,76.89179,2026,2026-01-02,GBIF India
6168472902,Cuon alpinus,"Cuon alpinus (Pallas, 1811)",Animalia,,Mammalia,Carnivora,Canidae,Cuon,India,,,10.33817,76.96326,2026,2026-01-02,GBIF India
6168472933,Bos frontalis,"Bos frontalis gaurus C.H.Smith, 1827",Animalia,,Mammalia,Artiodactyla,Bovidae,Bos,India,,,10.29727,76.96805,2026,2026-01-08,GBIF India
6168472956,Rusa unicolor,"Rusa unicolor (Kerr, 1792)",Animalia,,Mammalia,Artiodactyla,Cervidae,Rusa,India,,,10.32403,76.94544,2026,2026-01-26,GBIF India
6168472961,Macaca silenus,"Macaca silenus (Linnaeus, 1758)",Animalia,,Mammalia,Primates,Cercopithecidae,Macaca,India,,,10.34394,76.96938,2026,2026-01-26,GBIF India
6168473005,Lepus nigricollis,"Lepus nigricollis F.Cuvier, 1823",Animalia,,Mammalia,Lagomorpha,Leporidae,Lepus,India,,,10.35694,76.97245,2026,2026-01-08,GBIF India
6168473019,Macaca silenus,"Macaca silenus (Linnaeus, 1758)",Animalia,,Mammalia,Primates,Cercopithecidae,Macaca,India,,,10.33939,76.96481,2026,2026-01-13,GBIF India
6168473031,Semnopithecus johnii,"Semnopithecus johnii (J.Fischer, 1829)",Animalia,,Mammalia,Primates,Cercopithecidae,Semnopithecus,India,,,10.35729,76.93429,2026,2026-01-20,GBIF India
6168473042,Macaca silenus,"Macaca silenus (Linnaeus, 1758)",Animalia,,Mammalia,Primates,Cercopithecidae,Macaca,India,,,10.34756,76.90146,2026,2026-01-29,GBIF India
6168473064,Herpestes fuscus,"Herpestes fuscus Waterhouse, 1838",Animalia,,Mammalia,Carnivora,Herpestidae,Herpestes,India,,,10.33022,76.95998,2026,2026-01-07,GBIF India
6168473067,Semnopithecus johnii,"Semnopithecus johnii (J.Fischer, 1829)",Animalia,,Mammalia,Primates,Cercopithecidae,Semnopithecus,India,,,10.3486,76.89787,2026,2026-01-17,GBIF India
6168473075,Ratufa indica,"Ratufa indica (Erxleben, 1777)",Animalia,,Mammalia,Rodentia,Sciuridae,Ratufa,India,,,10.3699,76.99286,2026,2026-01-31,GBIF India
6168473076,Macaca silenus,"Macaca silenus (Linnaeus, 1758)",Animalia,,Mammalia,Primates,Cercopithecidae,Macaca,India,,,10.34994,76.97272,2026,2026-01-24,GBIF India
6168473091,Hemitragus hylocrius,"Hemitragus hylocrius (Ogilby, 1838)",Animalia,,Mammalia,Artiodactyla,Bovidae,Hemitragus,India,,,10.45076,76.98273,2026,2026-01-26,GBIF India
6168473097,Semnopithecus johnii,"Semnopithecus johnii (J.Fischer, 1829)",Animalia,,Mammalia,Primates,Cercopithecidae,Semnopithecus,India,,,10.3577,76.93284,2026,2026-01-14,GBIF India
6168473099,Herpestes edwardsi,"Herpestes edwardsi (É.Geoffroy Saint-Hilaire, 1818)",Animalia,,Mammalia,Carnivora,Herpestidae,Herpestes,India,,,11.29376,76.73656,2026,2026-01-30,GBIF India
6168473106,Bos frontalis,"Bos frontalis gaurus C.H.Smith, 1827",Animalia,,Mammalia,Artiodactyla,Bovidae,Bos,India,,,10.35436,76.95153,2026,2026-01-23,GBIF India
6168473126,Semnopithecus johnii,"Semnopithecus johnii (J.Fischer, 1829)",Animalia,,Mammalia,Primates,Cercopithecidae,Semnopithecus,India,,,10.35795,76.88665,2026,2026-01-21,GBIF India
6168473144,Ratufa indica,"Ratufa indica (Erxleben, 1777)",Animalia,,Mammalia,Rodentia,Sciuridae,Ratufa,India,,,10.30712,76.87317,2026,2026-01-08,GBIF India
6168473163,Melursus ursinus,"Melursus ursinus (Shaw, 1791)",Animalia,,Mammalia,Carnivora,Ursidae,Melursus,India,,,10.34951,76.97292,2026,2026-01-23,GBIF India
6168473191,Semnopithecus johnii,"Semnopithecus johnii (J.Fischer, 1829)",Animalia,,Mammalia,Primates,Cercopithecidae,Semnopithecus,India,,,10.34968,76.93486,2026,2026-01-13,GBIF India
6168473204,Funambulus tristriatus,"Funambulus tristriatus (Waterhouse, 1837)",Animalia,,Mammalia,Rodentia,Sciuridae,Funambulus,India,,,10.32996,76.95822,2026,2026-01-30,GBIF India
6168473208,Bos frontalis,"Bos frontalis gaurus C.H.Smith, 1827",Animalia,,Mammalia,Artiodactyla,Bovidae,Bos,India,,,10.34833,76.97286,2026,2026-01-20,GBIF India
6168473239,Herpestes fuscus,"Herpestes fuscus Waterhouse, 1838",Animalia,,Mammalia,Carnivora,Herpestidae,Herpestes,India,,,10.3302,76.96002,2026,2026-01-21,GBIF India
6168473267,Semnopithecus johnii,"Semnopithecus johnii (J.Fischer, 1829)",Animalia,,Mammalia,Primates,Cercopithecidae,Semnopithecus,India,,,10.2752,77.01658,2026,2026-01-12,GBIF India
6168473269,Semnopithecus johnii,"Semnopithecus johnii (J.Fischer, 1829)",Animalia,,Mammalia,Primates,Cercopithecidae,Semnopithecus,India,,,10.34886,76.88789,2026,2026-01-19,GBIF India
6168473270,Lepus nigricollis,"Lepus nigricollis F.Cuvier, 1823",Animalia,,Mammalia,Lagomorpha,Leporidae,Lepus,India,,,10.3399,76.93388,2026,2026-01-26,GBIF India
6168473274,Semnopithecus johnii,"Semnopithecus johnii (J.Fischer, 1829)",Animalia,,Mammalia,Primates,Cercopithecidae,Semnopithecus,India,,,10.34957,76.9348,2026,2026-01-08,GBIF India
6168473280,Lepus nigricollis,"Lepus nigricollis F.Cuvier, 1823",Animalia,,Mammalia,Lagomorpha,Leporidae,Lepus,India,,,10.29609,76.96195,2026,2026-01-08,GBIF India
6168473315,Bos frontalis,"Bos frontalis gaurus C.H.Smith, 1827",Animalia,,Mammalia,Artiodactyla,Bovidae,Bos,India,,,10.28715,77.00588,2026,2026-01-10,GBIF India
6168473348,Semnopithecus johnii,"Semnopithecus johnii (J.Fischer, 1829)",Animalia,,Mammalia,Primates,Cercopithecidae,Semnopithecus,India,,,10.36601,77.00119,2026,2026-01-07,GBIF India
6168473361,Ratufa indica,"Ratufa indica (Erxleben, 1777)",Animalia,,Mammalia,Rodentia,Sciuridae,Ratufa,India,,,10.34825,76.89782,2026,2026-01-07,GBIF India
6168473367,Semnopithecus johnii,"Semnopithecus johnii (J.Fischer, 1829)",Animalia,,Mammalia,Primates,Cercopithecidae,Semnopithecus,India,,,10.34961,76.93504,2026,2026-01-09,GBIF India
6168473375,Macaca radiata,"Macaca radiata (É.Geoffroy Saint-Hilaire, 1812)",Animalia,,Mammalia,Primates,Cercopithecidae,Macaca,India,,,10.35742,76.93455,2026,2026-01-07,GBIF India
6168473390,Bos frontalis,"Bos frontalis gaurus C.H.Smith, 1827",Animalia,,Mammalia,Artiodactyla,Bovidae,Bos,India,,,10.33677,76.96354,2026,2026-01-31,GBIF India
6168473395,Bos frontalis,"Bos frontalis gaurus C.H.Smith, 1827",Animalia,,Mammalia,Artiodactyla,Bovidae,Bos,India,,,10.35853,76.93037,2026,2026-01-09,GBIF India
6168473396,Herpestes vitticollis,"Herpestes vitticollis Bennett, 1835",Animalia,,Mammalia,Carnivora,Herpestidae,Herpestes,India,,,10.3302,76.96001,2026,2026-01-05,GBIF India
6168473412,Bos frontalis,"Bos frontalis gaurus C.H.Smith, 1827",Animalia,,Mammalia,Artiodactyla,Bovidae,Bos,India,,,10.36374,76.97753,2026,2026-01-25,GBIF India
6168473466,Rusa unicolor,"Rusa unicolor (Kerr, 1792)",Animalia,,Mammalia,Artiodactyla,Cervidae,Rusa,India,,,10.35808,76.9706,2026,2026-01-13,GBIF India
6168473472,Macaca radiata,"Macaca radiata (É.Geoffroy Saint-Hilaire, 1812)",Animalia,,Mammalia,Primates,Cercopithecidae,Macaca,India,,,10.35545,76.93579,2026,2026-01-05,GBIF India
6168473481,Viverricula indica,"Viverricula indica (É.Geoffroy Saint-Hilaire, 1803)",Animalia,,Mammalia,Carnivora,Viverridae,Viverricula,India,,,10.3401,76.93385,2026,2026-01-26,GBIF India
6168473484,Semnopithecus johnii,"Semnopithecus johnii (J.Fischer, 1829)",Animalia,,Mammalia,Primates,Cercopithecidae,Semnopithecus,India,,,10.33019,76.96001,2026,2026-01-12,GBIF India
6168473493,Semnopithecus priam,"Semnopithecus priam Blyth, 1844",Animalia,,Mammalia,Primates,Cercopithecidae,Semnopithecus,India,,,10.46825,76.96316,2026,2026-01-01,GBIF India
6168473496,Macaca silenus,"Macaca silenus (Linnaeus, 1758)",Animalia,,Mammalia,Primates,Cercopithecidae,Macaca,India,,,10.33046,76.95923,2026,2026-01-20,GBIF India
6168473498,Macaca radiata,"Macaca radiata (É.Geoffroy Saint-Hilaire, 1812)",Animalia,,Mammalia,Primates,Cercopithecidae,Macaca,India,,,10.3529,76.94129,2026,2026-01-03,GBIF India
6168473558,Semnopithecus johnii,"Semnopithecus johnii (J.Fischer, 1829)",Animalia,,Mammalia,Primates,Cercopithecidae,Semnopithecus,India,,,10.37477,76.99238,2026,2026-01-18,GBIF India
6168473603,Semnopithecus johnii,"Semnopithecus johnii (J.Fischer, 1829)",Animalia,,Mammalia,Primates,Cercopithecidae,Semnopithecus,India,,,10.27626,77.02079,2026,2026-01-12,GBIF India
6168473613,Funambulus tristriatus,"Funambulus tristriatus (Waterhouse, 1837)",Animalia,,Mammalia,Rodentia,Sciuridae,Funambulus,India,,,10.35828,76.9603,2026,2026-01-06,GBIF India
6168473635,Rusa unicolor,"Rusa unicolor (Kerr, 1792)",Animalia,,Mammalia,Artiodactyla,Cervidae,Rusa,India,,,10.3241,76.95008,2026,2026-01-08,GBIF India
6168473662,Ratufa indica,"Ratufa indica (Erxleben, 1777)",Animalia,,Mammalia,Rodentia,Sciuridae,Ratufa,India,,,10.26357,76.95495,2026,2026-01-27,GBIF India
6168473706,Panthera tigris,"Panthera tigris (Linnaeus, 1758)",Animalia,,Mammalia,Carnivora,Felidae,Panthera,India,,,10.35043,76.88882,2026,2026-01-19,GBIF India
6168473710,Herpestes vitticollis,"Herpestes vitticollis Bennett, 1835",Animalia,,Mammalia,Carnivora,Herpestidae,Herpestes,India,,,10.33019,76.96001,2026,2026-01-12,GBIF India
6168473715,Ratufa indica,"Ratufa indica (Erxleben, 1777)",Animalia,,Mammalia,Rodentia,Sciuridae,Ratufa,India,,,10.35851,76.93055,2026,2026-01-24,GBIF India
6168473724,Herpestes edwardsi,"Herpestes edwardsi (É.Geoffroy Saint-Hilaire, 1818)",Animalia,,Mammalia,Carnivora,Herpestidae,Herpestes,India,,,11.29486,76.73653,2026,2026-01-14,GBIF India
6168473734,Bos frontalis,"Bos frontalis gaurus C.H.Smith, 1827",Animalia,,Mammalia,Artiodactyla,Bovidae,Bos,India,,,10.3452,76.97279,2026,2026-01-13,GBIF India
6168473757,Macaca silenus,"Macaca silenus (Linnaeus, 1758)",Animalia,,Mammalia,Primates,Cercopithecidae,Macaca,India,,,10.35295,76.93984,2026,2026-01-08,GBIF India
6168473786,Semnopithecus johnii,"Semnopithecus johnii (J.Fischer, 1829)",Animalia,,Mammalia,Primates,Cercopithecidae,Semnopithecus,India,,,10.2882,77.00081,2026,2026-01-10,GBIF India
6168473903,Herpestes vitticollis,"Herpestes vitticollis Bennett, 1835",Animalia,,Mammalia,Carnivora,Herpestidae,Herpestes,India,,,10.33019,76.96002,2026,2026-01-30,GBIF India
6168473933,Semnopithecus johnii,"Semnopithecus johnii (J.Fischer, 1829)",Animalia,,Mammalia,Primates,Cercopithecidae,Semnopithecus,India,,,10.27671,77.0252,2026,2026-01-12,GBIF India
6168473943,Bos frontalis,"Bos frontalis gaurus C.H.Smith, 1827",Animalia,,Mammalia,Artiodactyla,Bovidae,Bos,India,,,10.36456,76.98014,2026,2026-01-29,GBIF India
6168473947,Macaca silenus,"Macaca silenus (Linnaeus, 1758)",Animalia,,Mammalia,Primates,Cercopithecidae,Macaca,India,,,10.32939,76.95722,2026,2026-01-13,GBIF India
6168473950,Rusa unicolor,"Rusa unicolor (Kerr, 1792)",Animalia,,Mammalia,Artiodactyla,Cervidae,Rusa,India,,,10.33023,76.95998,2026,2026-01-22,GBIF India
6168473961,Sus scrofa,"Sus scrofa Linnaeus, 1758",Animalia,,Mammalia,Artiodactyla,Suidae,Sus,India,,,10.44559,76.98538,2026,2026-01-27,GBIF India
6168473978,Rusa unicolor,"Rusa unicolor (Kerr, 1792)",Animalia,,Mammalia,Artiodactyla,Cervidae,Rusa,India,,,10.33808,76.96346,2026,2026-01-19,GBIF India
6168473993,Semnopithecus johnii,"Semnopithecus johnii (J.Fischer, 1829)",Animalia,,Mammalia,Primates,Cercopithecidae,Semnopithecus,India,,,10.34838,76.89751,2026,2026-01-02,GBIF India
6168474022,Lepus nigricollis,"Lepus nigricollis F.Cuvier, 1823",Animalia,,Mammalia,Lagomorpha,Leporidae,Lepus,India,,,10.36447,76.981,2026,2026-01-15,GBIF India
6168474049,Semnopithecus johnii,"Semnopithecus johnii (J.Fischer, 1829)",Animalia,,Mammalia,Primates,Cercopithecidae,Semnopithecus,India,,,10.35847,76.93067,2026,2026-01-24,GBIF India
6168474051,Ratufa indica,"Ratufa indica (Erxleben, 1777)",Animalia,,Mammalia,Rodentia,Sciuridae,Ratufa,India,,,10.36283,77.00051,2026,2026-01-07,GBIF India
6168474134,Rusa unicolor,"Rusa unicolor (Kerr, 1792)",Animalia,,Mammalia,Artiodactyla,Cervidae,Rusa,India,,,11.33766,76.93325,2026,2026-01-21,GBIF India
6168474154,Semnopithecus johnii,"Semnopithecus johnii (J.Fischer, 1829)",Animalia,,Mammalia,Primates,Cercopithecidae,Semnopithecus,India,,,10.37755,76.86111,2026,2026-01-29,GBIF India
6168474168,Semnopithecus johnii,"Semnopithecus johnii (J.Fischer, 1829)",Animalia,,Mammalia,Primates,Cercopithecidae,Semnopithecus,India,,,10.36834,76.99348,2026,2026-01-04,GBIF India
6168474171,Macaca radiata,"Macaca radiata (É.Geoffroy Saint-Hilaire, 1812)",Animalia,,Mammalia,Primates,Cercopithecidae,Macaca,India,,,10.3573,76.93488,2026,2026-01-08,GBIF India
6168474239,Rusa unicolor,"Rusa unicolor (Kerr, 1792)",Animalia,,Mammalia,Artiodactyla,Cervidae,Rusa,India,,,10.35832,76.93532,2026,2026-01-05,GBIF India
6168474262,Bos frontalis,"Bos frontalis gaurus C.H.Smith, 1827",Animalia,,Mammalia,Artiodactyla,Bovidae,Bos,India,,,10.35169,76.96274,2026,2026-01-30,GBIF India
6168474293,Lepus nigricollis,"Lepus nigricollis F.Cuvier, 1823",Animalia,,Mammalia,Lagomorpha,Leporidae,Lepus,India,,,10.47665,76.8871,2026,2026-01-16,GBIF India
6168475303,Semnopithecus johnii,"Semnopithecus johnii (J.Fischer, 1829)",Animalia,,Mammalia,Primates,Cercopithecidae,Semnopithecus,India,,,10.28644,77.02954,2026,2026-01-25,GBIF India
6168475330,Ratufa indica,"Ratufa indica (Erxleben, 1777)",Animalia,,Mammalia,Rodentia,Sciuridae,Ratufa,India,,,10.35992,76.89036,2026,2026-01-02,GBIF India
6168475333,Ratufa indica,"Ratufa indica (Erxleben, 1777)",Animalia,,Mammalia,Rodentia,Sciuridae,Ratufa,India,,,10.35903,76.88807,2026,2026-01-02,GBIF India
6168475342,Herpestes vitticollis,"Herpestes vitticollis Bennett, 1835",Animalia,,Mammalia,Carnivora,Herpestidae,Herpestes,India,,,10.3302,76.96001,2026,2026-01-08,GBIF India
6168475389,Macaca radiata,"Macaca radiata (É.Geoffroy Saint-Hilaire, 1812)",Animalia,,Mammalia,Primates,Cercopithecidae,Macaca,India,,,10.35239,76.941,2026,2026-01-14,GBIF India
6168475430,Macaca silenus,"Macaca silenus (Linnaeus, 1758)",Animalia,,Mammalia,Primates,Cercopithecidae,Macaca,India,,,10.29038,77.00916,2026,2026-01-23,GBIF India
6168475460,Bos frontalis,"Bos frontalis gaurus C.H.Smith, 1827",Animalia,,Mammalia,Artiodactyla,Bovidae,Bos,India,,,10.32466,76.92607,2026,2026-01-05,GBIF India
6168475512,Macaca silenus,"Macaca silenus (Linnaeus, 1758)",Animalia,,Mammalia,Primates,Cercopithecidae,Macaca,India,,,10.34954,76.89721,2026,2026-01-20,GBIF India
6168475524,Rusa unicolor,"Rusa unicolor (Kerr, 1792)",Animalia,,Mammalia,Artiodactyla,Cervidae,Rusa,India,,,10.34502,76.97219,2026,2026-01-08,GBIF India
6168475529,Ratufa indica,"Ratufa indica (Erxleben, 1777)",Animalia,,Mammalia,Rodentia,Sciuridae,Ratufa,India,,,10.34979,76.89716,2026,2026-01-07,GBIF India
6168475594,Ratufa indica,"Ratufa indica (Erxleben, 1777)",Animalia,,Mammalia,Rodentia,Sciuridae,Ratufa,India,,,12.92933,75.65794,2026,2026-01-05,GBIF India
6168475604,Macaca radiata,"Macaca radiata (É.Geoffroy Saint-Hilaire, 1812)",Animalia,,Mammalia,Primates,Cercopithecidae,Macaca,India,,,10.35881,76.88793,2026,2026-01-02,GBIF India
6168475637,Elephas maximus,"Elephas maximus Linnaeus, 1758",Animalia,,Mammalia,Proboscidea,Elephantidae,Elephas,India,,,10.34275,76.91864,2026,2026-01-07,GBIF India
6168475652,Macaca silenus,"Macaca silenus (Linnaeus, 1758)",Animalia,,Mammalia,Primates,Cercopithecidae,Macaca,India,,,10.39472,76.99182,2026,2026-01-01,GBIF India
6168475674,Ratufa indica,"Ratufa indica (Erxleben, 1777)",Animalia,,Mammalia,Rodentia,Sciuridae,Ratufa,India,,,10.34197,76.90354,2026,2026-01-07,GBIF India
6168475678,Semnopithecus johnii,"Semnopithecus johnii (J.Fischer, 1829)",Animalia,,Mammalia,Primates,Cercopithecidae,Semnopithecus,India,,,10.28419,77.01929,2026,2026-01-25,GBIF India
6168475682,Lepus nigricollis,"Lepus nigricollis F.Cuvier, 1823",Animalia,,Mammalia,Lagomorpha,Leporidae,Lepus,India,,,10.36439,76.98084,2026,2026-01-15,GBIF India
6168475688,Bos frontalis,"Bos frontalis gaurus C.H.Smith, 1827",Animalia,,Mammalia,Artiodactyla,Bovidae,Bos,India,,,10.35839,76.93029,2026,2026-01-24,GBIF India
6168475692,Lepus nigricollis,"Lepus nigricollis F.Cuvier, 1823",Animalia,,Mammalia,Lagomorpha,Leporidae,Lepus,India,,,10.48397,76.90025,2026,2026-01-16,GBIF India
6168475694,Macaca silenus,"Macaca silenus (Linnaeus, 1758)",Animalia,,Mammalia,Primates,Cercopithecidae,Macaca,India,,,10.35284,76.93935,2026,2026-01-08,GBIF India
6168475716,Semnopithecus johnii,"Semnopithecus johnii (J.Fischer, 1829)",Animalia,,Mammalia,Primates,Cercopithecidae,Semnopithecus,India,,,10.3512,76.93681,2026,2026-01-06,GBIF India
6168475813,Lepus nigricollis,"Lepus nigricollis F.Cuvier, 1823",Animalia,,Mammalia,Lagomorpha,Leporidae,Lepus,India,,,10.3657,76.99158,2026,2026-01-26,GBIF India
6168475821,Elephas maximus,"Elephas maximus Linnaeus, 1758",Animalia,,Mammalia,Proboscidea,Elephantidae,Elephas,India,,,10.36836,76.90816,2026,2026-01-10,GBIF India
6168475827,Semnopithecus johnii,"Semnopithecus johnii (J.Fischer, 1829)",Animalia,,Mammalia,Primates,Cercopithecidae,Semnopithecus,India,,,10.37649,76.99117,2026,2026-01-31,GBIF India
6168475852,Semnopithecus johnii,"Semnopithecus johnii (J.Fischer, 1829)",Animalia,,Mammalia,Primates,Cercopithecidae,Semnopithecus,India,,,10.31605,76.83119,2026,2026-01-03,GBIF India
6168475899,Ratufa indica,"Ratufa indica (Erxleben, 1777)",Animalia,,Mammalia,Rodentia,Sciuridae,Ratufa,India,,,10.34783,76.9728,2026,2026-01-30,GBIF India
6168475900,Bos frontalis,"Bos frontalis gaurus C.H.Smith, 1827",Animalia,,Mammalia,Artiodactyla,Bovidae,Bos,India,,,10.34733,76.9729,2026,2026-01-22,GBIF India
6168475925,Herpestes vitticollis,"Herpestes vitticollis Bennett, 1835",Animalia,,Mammalia,Carnivora,Herpestidae,Herpestes,India,,,10.36222,76.98048,2026,2026-01-07,GBIF India
6168475938,Ratufa indica,"Ratufa indica (Erxleben, 1777)",Animalia,,Mammalia,Rodentia,Sciuridae,Ratufa,India,,,10.37926,76.86175,2026,2026-01-29,GBIF India
6168475948,Bos frontalis,"Bos frontalis gaurus C.H.Smith, 1827",Animalia,,Mammalia,Artiodactyla,Bovidae,Bos,India,,,10.36458,76.97766,2026,2026-01-26,GBIF India
6168476003,Ratufa indica,"Ratufa indica (Erxleben, 1777)",Animalia,,Mammalia,Rodentia,Sciuridae,Ratufa,India,,,10.3392,76.96512,2026,2026-01-13,GBIF India
6168476050,Rusa unicolor,"Rusa unicolor (Kerr, 1792)",Animalia,,Mammalia,Artiodactyla,Cervidae,Rusa,India,,,10.33881,76.96564,2026,2026-01-08,GBIF India
6168476064,Macaca silenus,"Macaca silenus (Linnaeus, 1758)",Animalia,,Mammalia,Primates,Cercopithecidae,Macaca,India,,,10.35211,76.93666,2026,2026-01-14,GBIF India
6168476074,Macaca radiata,"Macaca radiata (É.Geoffroy Saint-Hilaire, 1812)",Animalia,,Mammalia,Primates,Cercopithecidae,Macaca,India,,,10.41306,77.03762,2026,2026-01-08,GBIF India
6168476080,Viverricula indica,"Viverricula indica (É.Geoffroy Saint-Hilaire, 1803)",Animalia,,Mammalia,Carnivora,Viverridae,Viverricula,India,,,10.43183,76.98406,2026,2026-01-16,GBIF India
6168476118,Bos frontalis,"Bos frontalis gaurus C.H.Smith, 1827",Animalia,,Mammalia,Artiodactyla,Bovidae,Bos,India,,,10.28645,77.0057,2026,2026-01-10,GBIF India
6168476131,Bos frontalis,"Bos frontalis gaurus C.H.Smith, 1827",Animalia,,Mammalia,Artiodactyla,Bovidae,Bos,India,,,10.36191,76.9277,2026,2026-01-09,GBIF India
6168476133,Ratufa indica,"Ratufa indica (Erxleben, 1777)",Animalia,,Mammalia,Rodentia,Sciuridae,Ratufa,India,,,10.33931,76.96624,2026,2026-01-13,GBIF India
6168476140,Hystrix indica,"Hystrix indica Kerr, 1792",Animalia,,Mammalia,Rodentia,Hystricidae,Hystrix,India,,,10.3661,76.9857,2026,2026-01-04,GBIF India
6168476141,Sus scrofa,"Sus scrofa Linnaeus, 1758",Animalia,,Mammalia,Artiodactyla,Suidae,Sus,India,,,10.44379,76.98576,2026,2026-01-01,GBIF India
6168476145,Macaca silenus,"Macaca silenus (Linnaeus, 1758)",Animalia,,Mammalia,Primates,Cercopithecidae,Macaca,India,,,10.36565,76.99701,2026,2026-01-07,GBIF India
6168476170,Bos frontalis,"Bos frontalis gaurus C.H.Smith, 1827",Animalia,,Mammalia,Artiodactyla,Bovidae,Bos,India,,,10.28933,77.00628,2026,2026-01-23,GBIF India
6168476172,Macaca silenus,"Macaca silenus (Linnaeus, 1758)",Animalia,,Mammalia,Primates,Cercopithecidae,Macaca,India,,,10.32996,76.9581,2026,2026-01-23,GBIF India
6168476173,Semnopithecus johnii,"Semnopithecus johnii (J.Fischer, 1829)",Animalia,,Mammalia,Primates,Cercopithecidae,Semnopithecus,India,,,10.35867,76.93556,2026,2026-01-05,GBIF India
6168476199,Macaca silenus,"Macaca silenus (Linnaeus, 1758)",Animalia,,Mammalia,Primates,Cercopithecidae,Macaca,India,,,10.33926,76.96622,2026,2026-01-13,GBIF India
6168476238,Macaca silenus,"Macaca silenus (Linnaeus, 1758)",Animalia,,Mammalia,Primates,Cercopithecidae,Macaca,India,,,10.34359,76.9693,2026,2026-01-24,GBIF India
6168476269,Semnopithecus johnii,"Semnopithecus johnii (J.Fischer, 1829)",Animalia,,Mammalia,Primates,Cercopithecidae,Semnopithecus,India,,,10.34129,76.89973,2026,2026-01-08,GBIF India
6168476277,Rusa unicolor,"Rusa unicolor (Kerr, 1792)",Animalia,,Mammalia,Artiodactyla,Cervidae,Rusa,India,,,10.33854,76.96472,2026,2026-01-05,GBIF India
6168476295,Bos frontalis,"Bos frontalis gaurus C.H.Smith, 1827",Animalia,,Mammalia,Artiodactyla,Bovidae,Bos,India,,,10.2997,76.96628,2026,2026-01-08,GBIF India
6168476316,Semnopithecus johnii,"Semnopithecus johnii (J.Fischer, 1829)",Animalia,,Mammalia,Primates,Cercopithecidae,Semnopithecus,India,,,10.28631,77.02975,2026,2026-01-21,GBIF India
6168476324,Rusa unicolor,"Rusa unicolor (Kerr, 1792)",Animalia,,Mammalia,Artiodactyla,Cervidae,Rusa,India,,,10.32552,76.95236,2026,2026-01-08,GBIF India
6168476331,Ratufa indica,"Ratufa indica (Erxleben, 1777)",Animalia,,Mammalia,Rodentia,Sciuridae,Ratufa,India,,,10.35812,76.88926,2026,2026-01-06,GBIF India
6168476334,Semnopithecus johnii,"Semnopithecus johnii (J.Fischer, 1829)",Animalia,,Mammalia,Primates,Cercopithecidae,Semnopithecus,India,,,10.38778,76.98213,2026,2026-01-05,GBIF India
6168476341,Herpestes vitticollis,"Herpestes vitticollis Bennett, 1835",Animalia,,Mammalia,Carnivora,Herpestidae,Herpestes,India,,,10.3109,76.91044,2026,2026-01-05,GBIF India
6168476361,Rusa unicolor,"Rusa unicolor (Kerr, 1792)",Animalia,,Mammalia,Artiodactyla,Cervidae,Rusa,India,,,11.27669,76.73847,2026,2026-01-19,GBIF India
6168476366,Macaca radiata,"Macaca radiata (É.Geoffroy Saint-Hilaire, 1812)",Animalia,,Mammalia,Primates,Cercopithecidae,Macaca,India,,,10.35312,76.93598,2026,2026-01-12,GBIF India
6168476401,Ratufa indica,"Ratufa indica (Erxleben, 1777)",Animalia,,Mammalia,Rodentia,Sciuridae,Ratufa,India,,,10.33873,76.96375,2026,2026-01-25,GBIF India
6168476403,Macaca silenus,"Macaca silenus (Linnaeus, 1758)",Animalia,,Mammalia,Primates,Cercopithecidae,Macaca,India,,,10.35024,76.93557,2026,2026-01-13,GBIF India
6168476415,Herpestes vitticollis,"Herpestes vitticollis Bennett, 1835",Animalia,,Mammalia,Carnivora,Herpestidae,Herpestes,India,,,10.3302,76.96002,2026,2026-01-19,GBIF India
6168476464,Ratufa indica,"Ratufa indica (Erxleben, 1777)",Animalia,,Mammalia,Rodentia,Sciuridae,Ratufa,India,,,10.3429,76.93394,2026,2026-01-23,GBIF India
6168476480,Ratufa indica,"Ratufa indica (Erxleben, 1777)",Animalia,,Mammalia,Rodentia,Sciuridae,Ratufa,India,,,10.26196,76.95504,2026,2026-01-27,GBIF India
6168476497,Bos frontalis,"Bos frontalis gaurus C.H.Smith, 1827",Animalia,,Mammalia,Artiodactyla,Bovidae,Bos,India,,,10.346,76.97272,2026,2026-01-30,GBIF India
6168476591,Elephas maximus,"Elephas maximus Linnaeus, 1758",Animalia,,Mammalia,Proboscidea,Elephantidae,Elephas,India,,,10.34265,76.84393,2026,2026-01-20,GBIF India
6168476632,Herpestes vitticollis,"Herpestes vitticollis Bennett, 1835",Animalia,,Mammalia,Carnivora,Herpestidae,Herpestes,India,,,10.3302,76.96002,2026,2026-01-18,GBIF India
6168476667,Ratufa indica,"Ratufa indica (Erxleben, 1777)",Animalia,,Mammalia,Rodentia,Sciuridae,Ratufa,India,,,11.27651,76.73822,2026,2026-01-19,GBIF India
6168476676,Semnopithecus johnii,"Semnopithecus johnii (J.Fischer, 1829)",Animalia,,Mammalia,Primates,Cercopithecidae,Semnopithecus,India,,,10.35862,76.93712,2026,2026-01-29,GBIF India
6168476685,Herpestes vitticollis,"Herpestes vitticollis Bennett, 1835",Animalia,,Mammalia,Carnivora,Herpestidae,Herpestes,India,,,10.3302,76.96001,2026,2026-01-07,GBIF India
6168476743,Semnopithecus johnii,"Semnopithecus johnii (J.Fischer, 1829)",Animalia,,Mammalia,Primates,Cercopithecidae,Semnopithecus,India,,,10.34587,76.90292,2026,2026-01-21,GBIF India
6168476749,Bos frontalis,"Bos frontalis gaurus C.H.Smith, 1827",Animalia,,Mammalia,Artiodactyla,Bovidae,Bos,India,,,10.35301,76.96519,2026,2026-01-30,GBIF India
6168476756,Macaca radiata,"Macaca radiata (É.Geoffroy Saint-Hilaire, 1812)",Animalia,,Mammalia,Primates,Cercopithecidae,Macaca,India,,,10.36216,76.92775,2026,2026-01-09,GBIF India
6168476787,Bos frontalis,"Bos frontalis gaurus C.H.Smith, 1827",Animalia,,Mammalia,Artiodactyla,Bovidae,Bos,India,,,10.30348,76.9647,2026,2026-01-24,GBIF India
6168476812,Ratufa indica,"Ratufa indica (Erxleben, 1777)",Animalia,,Mammalia,Rodentia,Sciuridae,Ratufa,India,,,10.28875,77.00913,2026,2026-01-25,GBIF India
6168476878,Macaca silenus,"Macaca silenus (Linnaeus, 1758)",Animalia,,Mammalia,Primates,Cercopithecidae,Macaca,India,,,10.3809,76.91516,2026,2026-01-10,GBIF India
6168476910,Semnopithecus priam,"Semnopithecus priam Blyth, 1844",Animalia,,Mammalia,Primates,Cercopithecidae,Semnopithecus,India,,,11.26244,76.76181,2026,2026-01-24,GBIF India
6168476915,Ratufa indica,"Ratufa indica (Erxleben, 1777)",Animalia,,Mammalia,Rodentia,Sciuridae,Ratufa,India,,,10.36933,76.99406,2026,2026-01-01,GBIF India
6168476931,Petaurista philippensis,"Petaurista philippensis (Elliot, 1839)",Animalia,,Mammalia,Rodentia,Sciuridae,Petaurista,India,,,10.35169,76.93997,2026,2026-01-26,GBIF India
6168476985,Axis axis,"Axis axis (Erxleben, 1777)",Animalia,,Mammalia,Artiodactyla,Cervidae,Axis,India,,,11.33757,76.93576,2026,2026-01-21,GBIF India
6168476993,Hystrix indica,"Hystrix indica Kerr, 1792",Animalia,,Mammalia,Rodentia,Hystricidae,Hystrix,India,,,10.35735,76.95421,2026,2026-01-23,GBIF India
6168476994,Bos frontalis,"Bos frontalis gaurus C.H.Smith, 1827",Animalia,,Mammalia,Artiodactyla,Bovidae,Bos,India,,,10.28923,77.00963,2026,2026-01-24,GBIF India
6168477005,Lepus nigricollis,"Lepus nigricollis F.Cuvier, 1823",Animalia,,Mammalia,Lagomorpha,Leporidae,Lepus,India,,,10.37058,76.92612,2026,2026-01-19,GBIF India
6168477025,Ratufa indica,"Ratufa indica (Erxleben, 1777)",Animalia,,Mammalia,Rodentia,Sciuridae,Ratufa,India,,,10.34837,76.89784,2026,2026-01-02,GBIF India
6168477027,Herpestes vitticollis,"Herpestes vitticollis Bennett, 1835",Animalia,,Mammalia,Carnivora,Herpestidae,Herpestes,India,,,10.3302,76.96001,2026,2026-01-04,GBIF India
6168477043,Semnopithecus johnii,"Semnopithecus johnii (J.Fischer, 1829)",Animalia,,Mammalia,Primates,Cercopithecidae,Semnopithecus,India,,,10.34127,76.89909,2026,2026-01-09,GBIF India
6168477072,Macaca radiata,"Macaca radiata (É.Geoffroy Saint-Hilaire, 1812)",Animalia,,Mammalia,Primates,Cercopithecidae,Macaca,India,,,10.35914,76.88802,2026,2026-01-02,GBIF India
6168477076,Muntiacus muntjak,"Muntiacus muntjak (Zimmermann, 1780)",Animalia,,Mammalia,Artiodactyla,Cervidae,Muntiacus,India,,,10.28764,77.00995,2026,2026-01-23,GBIF India
6168477082,Hystrix indica,"Hystrix indica Kerr, 1792",Animalia,,Mammalia,Rodentia,Hystricidae,Hystrix,India,,,10.32414,76.9455,2026,2026-01-26,GBIF India
6168477083,Muntiacus muntjak,"Muntiacus muntjak (Zimmermann, 1780)",Animalia,,Mammalia,Artiodactyla,Cervidae,Muntiacus,India,,,10.34779,76.93631,2026,2026-01-03,GBIF India
6168477102,Herpestes vitticollis,"Herpestes vitticollis Bennett, 1835",Animalia,,Mammalia,Carnivora,Herpestidae,Herpestes,India,,,10.3302,76.96002,2026,2026-01-22,GBIF India
6168477113,Sus scrofa,"Sus scrofa Linnaeus, 1758",Animalia,,Mammalia,Artiodactyla,Suidae,Sus,India,,,10.45079,76.98418,2026,2026-01-16,GBIF India
6168477124,Viverricula indica,"Viverricula indica (É.Geoffroy Saint-Hilaire, 1803)",Animalia,,Mammalia,Carnivora,Viverridae,Viverricula,India,,,10.33019,76.95987,2026,2026-01-22,GBIF India
6168477129,Herpestes edwardsi,"Herpestes edwardsi (É.Geoffroy Saint-Hilaire, 1818)",Animalia,,Mammalia,Carnivora,Herpestidae,Herpestes,India,,,11.28741,76.73506,2026,2026-01-21,GBIF India
6168477163,Semnopithecus johnii,"Semnopithecus johnii (J.Fischer, 1829)",Animalia,,Mammalia,Primates,Cercopithecidae,Semnopithecus,India,,,10.35593,76.93061,2026,2026-01-02,GBIF India
6168477165,Semnopithecus johnii,"Semnopithecus johnii (J.Fischer, 1829)",Animalia,,Mammalia,Primates,Cercopithecidae,Semnopithecus,India,,,10.34926,76.93478,2026,2026-01-06,GBIF India
6168477168,Lepus nigricollis,"Lepus nigricollis F.Cuvier, 1823",Animalia,,Mammalia,Lagomorpha,Leporidae,Lepus,India,,,10.30378,76.9709,2026,2026-01-24,GBIF India
6168477198,Ratufa indica,"Ratufa indica (Erxleben, 1777)",Animalia,,Mammalia,Rodentia,Sciuridae,Ratufa,India,,,10.34143,76.89927,2026,2026-01-30,GBIF India
6168477200,Macaca silenus,"Macaca silenus (Linnaeus, 1758)",Animalia,,Mammalia,Primates,Cercopithecidae,Macaca,India,,,10.35758,76.89008,2026,2026-01-20,GBIF India
6168477222,Bos frontalis,"Bos frontalis gaurus C.H.Smith, 1827",Animalia,,Mammalia,Artiodactyla,Bovidae,Bos,India,,,10.35429,76.97271,2026,2026-01-29,GBIF India
6168477230,Macaca silenus,"Macaca silenus (Linnaeus, 1758)",Animalia,,Mammalia,Primates,Cercopithecidae,Macaca,India,,,10.33821,76.9635,2026,2026-01-06,GBIF India
6168477246,Macaca radiata,"Macaca radiata (É.Geoffroy Saint-Hilaire, 1812)",Animalia,,Mammalia,Primates,Cercopithecidae,Macaca,India,,,10.39536,77.04624,2026,2026-01-08,GBIF India
6168477265,Semnopithecus johnii,"Semnopithecus johnii (J.Fischer, 1829)",Animalia,,Mammalia,Primates,Cercopithecidae,Semnopithecus,India,,,10.35911,76.92756,2026,2026-01-09,GBIF India
6168477271,Semnopithecus johnii,"Semnopithecus johnii (J.Fischer, 1829)",Animalia,,Mammalia,Primates,Cercopithecidae,Semnopithecus,India,,,10.33433,76.85104,2026,2026-01-20,GBIF India
6168477289,Macaca silenus,"Macaca silenus (Linnaeus, 1758)",Animalia,,Mammalia,Primates,Cercopithecidae,Macaca,India,,,10.36915,76.99235,2026,2026-01-01,GBIF India
6168477307,Semnopithecus johnii,"Semnopithecus johnii (J.Fischer, 1829)",Animalia,,Mammalia,Primates,Cercopithecidae,Semnopithecus,India,,,10.3636,77.00181,2026,2026-01-07,GBIF India
6168477319,Macaca radiata,"Macaca radiata (É.Geoffroy Saint-Hilaire, 1812)",Animalia,,Mammalia,Primates,Cercopithecidae,Macaca,India,,,10.35337,76.94514,2026,2026-01-20,GBIF India
6168477332,Semnopithecus johnii,"Semnopithecus johnii (J.Fischer, 1829)",Animalia,,Mammalia,Primates,Cercopithecidae,Semnopithecus,India,,,10.28847,76.99295,2026,2026-01-21,GBIF India
6168477359,Ratufa indica,"Ratufa indica (Erxleben, 1777)",Animalia,,Mammalia,Rodentia,Sciuridae,Ratufa,India,,,10.34829,76.89785,2026,2026-01-17,GBIF India
6168477399,Ratufa indica,"Ratufa indica (Erxleben, 1777)",Animalia,,Mammalia,Rodentia,Sciuridae,Ratufa,India,,,10.28624,77.02986,2026,2026-01-21,GBIF India
6168477426,Bos frontalis,"Bos frontalis gaurus C.H.Smith, 1827",Animalia,,Mammalia,Artiodactyla,Bovidae,Bos,India,,,10.2836,76.97952,2026,2026-01-25,GBIF India
6168477435,Bos frontalis,"Bos frontalis gaurus C.H.Smith, 1827",Animalia,,Mammalia,Artiodactyla,Bovidae,Bos,India,,,10.30665,76.96155,2026,2026-01-23,GBIF India
6168477437,Herpestes vitticollis,"Herpestes vitticollis Bennett, 1835",Animalia,,Mammalia,Carnivora,Herpestidae,Herpestes,India,,,10.3944,76.99304,2026,2026-01-04,GBIF India
6170832859,Semnopithecus johnii,"Semnopithecus johnii (J.Fischer, 1829)",Animalia,,Mammalia,Primates,Cercopithecidae,Semnopithecus,India,Kerala,,10.016985,77.039038,2026,2026-01-31T00:01,iNaturalist research-grade observations
6170854226,Panthera pardus,"Panthera pardus fusca (Meyer, 1794)",Animalia,,Mammalia,Carnivora,Felidae,Panthera,India,Rajasthan,,25.886052,76.400401,2026,2026-01-18T20:10,iNaturalist research-grade observations
6170856919,Pteropus medius,"Pteropus medius Temminck, 1825",Animalia,,Mammalia,Chiroptera,Pteropodidae,Pteropus,India,Goa,,15.442358,73.936867,2026,2026-01-09T09:08,iNaturalist research-grade observations
6170898344,Callosciurus pygerythrus,"Callosciurus pygerythrus (I.Geoffroy Saint-Hilaire, 1833)",Animalia,,Mammalia,Rodentia,Sciuridae,Callosciurus,India,Assam,,24.833447,92.77744,2026,2026-01-05T13:12,iNaturalist research-grade observations
6170906578,Macaca silenus,"Macaca silenus (Linnaeus, 1758)",Animalia,,Mammalia,Primates,Cercopithecidae,Macaca,India,Tamil Nadu,,10.458886,77.160358,2026,2026-01-27T20:47,iNaturalist research-grade observations
6170944875,Rhinoceros unicornis,"Rhinoceros unicornis Linnaeus, 1758",Animalia,,Mammalia,Perissodactyla,Rhinocerotidae,Rhinoceros,India,Assam,,26.274715,92.081631,2026,2026-01-09T11:34,iNaturalist research-grade observations
6171048223,Melursus ursinus,"Melursus ursinus ursinus (Shaw, 1791)",Animalia,,Mammalia,Carnivora,Ursidae,Melursus,India,Rajasthan,,25.955707,76.453063,2026,2026-01-24T16:40:12,iNaturalist research-grade observations
6171066362,Boselaphus tragocamelus,"Boselaphus tragocamelus (Pallas, 1766)",Animalia,,Mammalia,Artiodactyla,Bovidae,Boselaphus,India,Rajasthan,,25.977564,76.553287,2026,2026-01-24T08:10:11,iNaturalist research-grade observations
6171073681,Pteropus medius,"Pteropus medius Temminck, 1825",Animalia,,Mammalia,Chiroptera,Pteropodidae,Pteropus,India,Kerala,,10.120632,76.386242,2026,2026-01-25T09:13:13,iNaturalist research-grade observations
6171198340,Macaca silenus,"Macaca silenus (Linnaeus, 1758)",Animalia,,Mammalia,Primates,Cercopithecidae,Macaca,India,Tamil Nadu,,10.210683,76.822212,2026,2026-01-27T07:32,iNaturalist research-grade observations
6171206320,Paradoxurus hermaphroditus,"Paradoxurus hermaphroditus (Pallas, 1777)",Animalia,,Mammalia,Carnivora,Viverridae,Paradoxurus,India,Karnataka,,15.890735,74.543399,2026,2026-01-18T13:03:35,iNaturalist research-grade observations
6171258146,Axis axis,"Axis axis (Erxleben, 1777)",Animalia,,Mammalia,Artiodactyla,Cervidae,Axis,India,Kerala,,10.010102,76.729162,2026,2026-01-24T21:36,iNaturalist research-grade observations
6171267104,Hemitragus hylocrius,"Nilgiritragus hylocrius (Ogilby, 1838)",Animalia,,Mammalia,Artiodactyla,Bovidae,Hemitragus,India,Kerala,,10.149732,77.000873,2026,2026-01-30T01:36,iNaturalist research-grade observations
6171327851,Panthera tigris,"Panthera tigris tigris (Linnaeus, 1758)",Animalia,,Mammalia,Carnivora,Felidae,Panthera,India,Rajasthan,,25.935685,76.503254,2026,2026-01-25T09:07:34,iNaturalist research-grade observations
6178281447,Tupaia nicobarica,"Tupaia nicobarica (Zelebor, 1869)",Animalia,,Mammalia,Scandentia,Tupaiidae,Tupaia,India,,"Vijay Nagar, Great Nicobar, Andaman and Nicobar Islands",6.9432,93.8992,2026,2026-01-01,GBIF India
6178304271,Macaca radiata,"Macaca radiata (É.Geoffroy Saint-Hilaire, 1812)",Animalia,,Mammalia,Primates,Cercopithecidae,Macaca,India,Tamil Nadu,,12.250098,79.394847,2026,2026-01-01T13:26:03,iNaturalist research-grade observations
6178412499,Tupaia belangeri,"Tupaia belangeri (Wagner, 1841)",Animalia,,Mammalia,Scandentia,Tupaiidae,Tupaia,India,Assam,,27.414379,94.368149,2026,2026-01-26T12:56,iNaturalist research-grade observations
6178420642,Axis axis,"Axis axis (Erxleben, 1777)",Animalia,,Mammalia,Artiodactyla,Cervidae,Axis,India,Rajasthan,,25.977564,76.553287,2026,2026-01-24T09:11:24,iNaturalist research-grade observations
6178427834,Semnopithecus entellus,"Semnopithecus entellus (Dufresne, 1797)",Animalia,,Mammalia,Primates,Cercopithecidae,Semnopithecus,India,Gujarat,,23.038136,72.55438,2026,2026-01-18T14:36:11,iNaturalist research-grade observations
6178429919,Hystrix indica,"Hystrix indica Kerr, 1792",Animalia,,Mammalia,Rodentia,Hystricidae,Hystrix,India,Tamil Nadu,,8.418533,77.598739,2026,2026-01-29T10:56,iNaturalist research-grade observations
6178487531,Axis axis,"Axis axis (Erxleben, 1777)",Animalia,,Mammalia,Artiodactyla,Cervidae,Axis,India,Rajasthan,,26.015716,76.452864,2026,2026-01-08T06:48,iNaturalist research-grade observations
6178490117,Panthera tigris,"Panthera tigris tigris (Linnaeus, 1758)",Animalia,,Mammalia,Carnivora,Felidae,Panthera,India,Rajasthan,,25.815782,76.442034,2026,2026-01-08T07:28,iNaturalist research-grade observations
6178516726,Rusa unicolor,"Rusa unicolor unicolor (Kerr, 1792)",Animalia,,Mammalia,Artiodactyla,Cervidae,Rusa,India,Rajasthan,,25.920012,76.401547,2026,2026-01-08T13:15,iNaturalist research-grade observations
6178524957,Rusa unicolor,"Rusa unicolor unicolor (Kerr, 1792)",Animalia,,Mammalia,Artiodactyla,Cervidae,Rusa,India,Rajasthan,,25.838206,76.462547,2026,2026-01-24T14:51:47,iNaturalist research-grade observations
6178527174,Gazella bennettii,"Gazella bennettii (Sykes, 1831)",Animalia,,Mammalia,Artiodactyla,Bovidae,Gazella,India,Rajasthan,,25.944462,76.451797,2026,2026-01-09T05:38,iNaturalist research-grade observations
6178572091,Axis axis,"Axis axis (Erxleben, 1777)",Animalia,,Mammalia,Artiodactyla,Cervidae,Axis,India,Rajasthan,,25.944462,76.451797,2026,2026-01-09T07:23,iNaturalist research-grade observations
6178593532,Panthera pardus,"Panthera pardus fusca (Meyer, 1794)",Animalia,,Mammalia,Carnivora,Felidae,Panthera,India,Rajasthan,,25.126505,73.129338,2026,2026-01-26T17:41,iNaturalist research-grade observations
6178605752,Melursus ursinus,"Melursus ursinus ursinus (Shaw, 1791)",Animalia,,Mammalia,Carnivora,Ursidae,Melursus,India,Rajasthan,,25.161525,73.171672,2026,2026-01-27T07:35,iNaturalist research-grade observations
6178608665,Panthera pardus,"Panthera pardus (Linnaeus, 1758)",Animalia,,Mammalia,Carnivora,Felidae,Panthera,India,Karnataka,,13.918122,75.473485,2026,2026-01-25T20:02,iNaturalist research-grade observations
6178613787,Rusa unicolor,"Rusa unicolor unicolor (Kerr, 1792)",Animalia,,Mammalia,Artiodactyla,Cervidae,Rusa,India,Rajasthan,,26.005473,76.532742,2026,2026-01-08T06:39,iNaturalist research-grade observations
6178629313,Boselaphus tragocamelus,"Boselaphus tragocamelus (Pallas, 1766)",Animalia,,Mammalia,Artiodactyla,Bovidae,Boselaphus,India,Gujarat,,22.054229,72.043251,2026,2026-01-07T08:26:24,iNaturalist research-grade observations
6178665500,Axis axis,"Axis axis (Erxleben, 1777)",Animalia,,Mammalia,Artiodactyla,Cervidae,Axis,India,Rajasthan,,25.944462,76.451797,2026,2026-01-09T06:46,iNaturalist research-grade observations
6178774756,Canis lupus,"Canis familiaris Linnaeus, 1758",Animalia,,Mammalia,Carnivora,Canidae,Canis,India,Maharashtra,,18.527878,73.825454,2026,2026-01-21T20:36:58,iNaturalist research-grade observations
6178790152,Sus scrofa,"Sus scrofa Linnaeus, 1758",Animalia,,Mammalia,Artiodactyla,Suidae,Sus,India,Rajasthan,,25.944462,76.451797,2026,2026-01-09T13:53,iNaturalist research-grade observations
6178817612,Rusa unicolor,"Rusa unicolor unicolor (Kerr, 1792)",Animalia,,Mammalia,Artiodactyla,Cervidae,Rusa,India,Rajasthan,,25.890647,76.430483,2026,2026-01-09T12:20,iNaturalist research-grade observations
6178836489,Vulpes vulpes,"Vulpes vulpes montana (Pearson, 1836)",Animalia,,Mammalia,Carnivora,Canidae,Vulpes,India,Himachal Pradesh,,31.378967,78.364312,2026,2026-01-18T08:57:27,iNaturalist research-grade observations
6178856096,Semnopithecus entellus,"Semnopithecus entellus (Dufresne, 1797)",Animalia,,Mammalia,Primates,Cercopithecidae,Semnopithecus,India,Gujarat,,23.038859,72.554614,2026,2026-01-22T13:51:14,iNaturalist research-grade observations
6178865745,Boselaphus tragocamelus,"Boselaphus tragocamelus (Pallas, 1766)",Animalia,,Mammalia,Artiodactyla,Bovidae,Boselaphus,India,Rajasthan,,25.944462,76.451797,2026,2026-01-09T12:01,iNaturalist research-grade observations
6178985550,Macaca mulatta,"Macaca mulatta (Zimmermann, 1780)",Animalia,,Mammalia,Primates,Cercopithecidae,Macaca,India,Rajasthan,,25.944462,76.451797,2026,2026-01-09T15:03,iNaturalist research-grade observations
6179072441,Sus scrofa,"Sus scrofa Linnaeus, 1758",Animalia,,Mammalia,Artiodactyla,Suidae,Sus,India,Rajasthan,,25.944462,76.451797,2026,2026-01-10T06:20,iNaturalist research-grade observations
6179087954,Felis chaus,"Felis chaus affinis Gray, 1830",Animalia,,Mammalia,Carnivora,Felidae,Felis,India,Gujarat,,23.6141,69.349,2026,2026-01-26T15:20:58,iNaturalist research-grade observations
6179171089,Tursiops aduncus,"Tursiops aduncus (Ehrenberg, 1833)",Animalia,,Mammalia,Cetacea,Delphinidae,Tursiops,India,,,17.630205,88.775616,2026,2026-01-19T10:48,iNaturalist research-grade observations
6179186236,Canis aureus,"Canis aureus aureus Linnaeus, 1758",Animalia,,Mammalia,Carnivora,Canidae,Canis,India,Gujarat,,23.609,69.2986,2026,2026-01-26T15:43:55,iNaturalist research-grade observations
6179254628,Semnopithecus entellus,"Semnopithecus entellus (Dufresne, 1797)",Animalia,,Mammalia,Primates,Cercopithecidae,Semnopithecus,India,Odisha,,20.834102,86.332606,2026,2026-01-17T13:42,iNaturalist research-grade observations
6179280808,Panthera tigris,"Panthera tigris tigris (Linnaeus, 1758)",Animalia,,Mammalia,Carnivora,Felidae,Panthera,India,Madhya Pradesh,,23.714582,81.09086,2026,2026-01-30,iNaturalist research-grade observations
6179281946,Semnopithecus entellus,"Semnopithecus entellus (Dufresne, 1797)",Animalia,,Mammalia,Primates,Cercopithecidae,Semnopithecus,India,Odisha,,20.834102,86.332606,2026,2026-01-17T13:36,iNaturalist research-grade observations
6179282414,Elephas maximus,"Elephas maximus indicus Cuvier, 1798",Animalia,,Mammalia,Proboscidea,Elephantidae,Elephas,India,Assam,,26.418964,93.265579,2026,2026-01-05T11:45,iNaturalist research-grade observations
6179309091,Axis axis,"Axis axis (Erxleben, 1777)",Animalia,,Mammalia,Artiodactyla,Cervidae,Axis,India,Rajasthan,,25.944462,76.451797,2026,2026-01-09T13:17,iNaturalist research-grade observations
6179312043,Felis catus,"Felis catus Linnaeus, 1758",Animalia,,Mammalia,Carnivora,Felidae,Felis,India,Maharashtra,,19.219155,73.086927,2026,2026-01-19T08:33:52,iNaturalist research-grade observations
6179326247,Rhinoceros unicornis,"Rhinoceros unicornis Linnaeus, 1758",Animalia,,Mammalia,Perissodactyla,Rhinocerotidae,Rhinoceros,India,Assam,,26.831104,91.267025,2026,2026-01-07,iNaturalist research-grade observations
6179442679,Rusa unicolor,"Rusa unicolor (Kerr, 1792)",Animalia,,Mammalia,Artiodactyla,Cervidae,Rusa,India,Gujarat,,21.548857,70.513261,2026,2026-01-21T18:20:09,iNaturalist research-grade observations
6179457938,Melursus ursinus,"Melursus ursinus ursinus (Shaw, 1791)",Animalia,,Mammalia,Carnivora,Ursidae,Melursus,India,Karnataka,,13.245877,77.080188,2026,2026-01-17T18:30:29,iNaturalist research-grade observations
6179469946,Macaca radiata,"Macaca radiata (É.Geoffroy Saint-Hilaire, 1812)",Animalia,,Mammalia,Primates,Cercopithecidae,Macaca,India,Kerala,,11.960436,75.796751,2026,2026-01-25T17:59:56,iNaturalist research-grade observations
6179579656,Rusa unicolor,"Rusa unicolor (Kerr, 1792)",Animalia,,Mammalia,Artiodactyla,Cervidae,Rusa,India,Gujarat,,21.455578,70.519544,2026,2026-01-30T13:39:59,iNaturalist research-grade observations
6179590185,Funambulus pennantii,"Funambulus pennantii Wroughton, 1905",Animalia,,Mammalia,Rodentia,Sciuridae,Funambulus,India,Rajasthan,,27.190999,77.532463,2026,2026-01-19T19:31,iNaturalist research-grade observations
6183431118,Funambulus palmarum,"Funambulus palmarum (Linnaeus, 1766)",Animalia,,Mammalia,Rodentia,Sciuridae,Funambulus,India,Karnataka,Karnataka,13.370557,77.684952,2026,2026-01-04,GBIF India
6184732643,Macaca radiata,"Macaca radiata (É.Geoffroy Saint-Hilaire, 1812)",Animalia,,Mammalia,Primates,Cercopithecidae,Macaca,India,Goa,,14.963495,74.187066,2026,2026-01-10T07:20,iNaturalist research-grade observations
6184781358,Macaca radiata,"Macaca radiata (É.Geoffroy Saint-Hilaire, 1812)",Animalia,,Mammalia,Primates,Cercopithecidae,Macaca,India,Goa,,14.963495,74.187066,2026,2026-01-10T07:25,iNaturalist research-grade observations
6184851966,Boselaphus tragocamelus,"Boselaphus tragocamelus (Pallas, 1766)",Animalia,,Mammalia,Artiodactyla,Bovidae,Boselaphus,India,NCT of Delhi,,28.543558,77.166542,2026,2026-01-26T17:03,iNaturalist research-grade observations
6184870584,Bubalus bubalis,"Bubalus bubalis (Linnaeus, 1758)",Animalia,,Mammalia,Artiodactyla,Bovidae,Bubalus,India,Tamil Nadu,,12.719345,80.208661,2026,2026-01-21,iNaturalist research-grade observations
6184941501,Bos frontalis,"Bos gaurus C.H.Smith, 1827",Animalia,,Mammalia,Artiodactyla,Bovidae,Bos,India,Kerala,,10.021196,77.38232,2026,2026-01-23T17:00:50,iNaturalist research-grade observations
6184941596,Hemitragus hylocrius,"Nilgiritragus hylocrius (Ogilby, 1838)",Animalia,,Mammalia,Artiodactyla,Bovidae,Hemitragus,India,Kerala,,10.09144,77.009463,2026,2026-01-22T12:59:56,iNaturalist research-grade observations
6184983266,Bos taurus,"Bos taurus indicus Linnaeus, 1758",Animalia,,Mammalia,Artiodactyla,Bovidae,Bos,India,Haryana,,29.599703,76.11547,2026,2026-01-11T16:55:55,iNaturalist research-grade observations
6185016544,Muntiacus muntjak,"Muntiacus vaginalis (Boddaert, 1785)",Animalia,,Mammalia,Artiodactyla,Cervidae,Muntiacus,India,Assam,,26.163779,91.781395,2026,2026-01-03T14:08,iNaturalist research-grade observations
6185025830,Boselaphus tragocamelus,"Boselaphus tragocamelus (Pallas, 1766)",Animalia,,Mammalia,Artiodactyla,Bovidae,Boselaphus,India,Maharashtra,,21.193333,79.041424,2026,2026-01-22T08:43:27,iNaturalist research-grade observations
6185033485,Macaca radiata,"Macaca radiata (É.Geoffroy Saint-Hilaire, 1812)",Animalia,,Mammalia,Primates,Cercopithecidae,Macaca,India,Goa,,14.9771,74.151757,2026,2026-01-10T10:22,iNaturalist research-grade observations
6185054829,Semnopithecus johnii,"Semnopithecus johnii (J.Fischer, 1829)",Animalia,,Mammalia,Primates,Cercopithecidae,Semnopithecus,India,Kerala,,10.060198,77.390465,2026,2026-01-23T16:58:11,iNaturalist research-grade observations
6185125585,Felis catus,"Felis catus Linnaeus, 1758",Animalia,,Mammalia,Carnivora,Felidae,Felis,India,NCT of Delhi,,28.54735,77.17025,2026,2026-01-18T15:56,iNaturalist research-grade observations
6185132574,Canis aureus,"Canis aureus indicus Hodgson, 1833",Animalia,,Mammalia,Carnivora,Canidae,Canis,India,NCT of Delhi,,28.539069,77.170906,2026,2026-01-05T16:35,iNaturalist research-grade observations
6185139226,Felis catus,"Felis catus Linnaeus, 1758",Animalia,,Mammalia,Carnivora,Felidae,Felis,India,Gujarat,,22.309711,73.262346,2026,2026-01-02T15:59:51,iNaturalist research-grade observations
6185193135,Semnopithecus entellus,"Semnopithecus entellus (Dufresne, 1797)",Animalia,,Mammalia,Primates,Cercopithecidae,Semnopithecus,India,Rajasthan,,24.574625,72.765197,2026,2026-01-11T10:28:09,iNaturalist research-grade observations
6185265389,Axis axis,"Axis axis (Erxleben, 1777)",Animalia,,Mammalia,Artiodactyla,Cervidae,Axis,India,Tamil Nadu,,11.572177,76.642715,2026,2026-01-12T01:17:58,iNaturalist research-grade observations
6185284753,Semnopithecus entellus,"Semnopithecus entellus (Dufresne, 1797)",Animalia,,Mammalia,Primates,Cercopithecidae,Semnopithecus,India,Gujarat,,23.212198,72.681938,2026,2026-01-14T18:02:43,iNaturalist research-grade observations
6185382608,Herpestes vitticollis,"Urva vitticollis (Bennett, 1835)",Animalia,,Mammalia,Carnivora,Herpestidae,Herpestes,India,Kerala,,11.543073,76.070684,2026,2026-01-29,iNaturalist research-grade observations
6185383259,Canis lupus,"Canis familiaris Linnaeus, 1758",Animalia,,Mammalia,Carnivora,Canidae,Canis,India,Haryana,,29.60335,76.151603,2026,2026-01-01T17:34:16,iNaturalist research-grade observations
6185403925,Macaca radiata,"Macaca radiata (É.Geoffroy Saint-Hilaire, 1812)",Animalia,,Mammalia,Primates,Cercopithecidae,Macaca,India,Tamil Nadu,,11.572177,76.642715,2026,2026-01-12T02:46:17,iNaturalist research-grade observations
6185406582,Melursus ursinus,"Melursus ursinus ursinus (Shaw, 1791)",Animalia,,Mammalia,Carnivora,Ursidae,Melursus,India,Tamil Nadu,,11.467282,76.634938,2026,2026-01-12T02:10:34,iNaturalist research-grade observations
6185476499,Elephas maximus,"Elephas maximus indicus Cuvier, 1798",Animalia,,Mammalia,Proboscidea,Elephantidae,Elephas,India,Tamil Nadu,,11.43869,76.649055,2026,2026-01-12T02:34:53,iNaturalist research-grade observations
6185535183,Rusa unicolor,"Rusa unicolor unicolor (Kerr, 1792)",Animalia,,Mammalia,Artiodactyla,Cervidae,Rusa,India,Assam,,26.486537,92.96378,2026,2026-01-01T17:18,iNaturalist research-grade observations
6185567331,Hystrix indica,"Hystrix indica Kerr, 1792",Animalia,,Mammalia,Rodentia,Hystricidae,Hystrix,India,Maharashtra,,19.920421,75.316074,2026,2026-01-21T13:06:18,iNaturalist research-grade observations
6185581546,Gazella bennettii,"Gazella bennettii (Sykes, 1831)",Animalia,,Mammalia,Artiodactyla,Bovidae,Gazella,India,Rajasthan,,26.921652,70.400398,2026,2026-01-18T23:38,iNaturalist research-grade observations
6185729295,Boselaphus tragocamelus,"Boselaphus tragocamelus (Pallas, 1766)",Animalia,,Mammalia,Artiodactyla,Bovidae,Boselaphus,India,Gujarat,,23.211395,72.681455,2026,2026-01-14T18:00:51,iNaturalist research-grade observations
6185762834,Elephas maximus,"Elephas maximus indicus Cuvier, 1798",Animalia,,Mammalia,Proboscidea,Elephantidae,Elephas,India,Kerala,,9.753026,76.57673,2026,2026-01-21T16:43:50,iNaturalist research-grade observations
6185770731,Axis porcinus,"Axis porcinus porcinus (Zimmermann, 1780)",Animalia,,Mammalia,Artiodactyla,Cervidae,Axis,India,Assam,,26.424245,92.917064,2026,2026-01-01T17:18,iNaturalist research-grade observations
6185771238,Axis porcinus,"Axis porcinus porcinus (Zimmermann, 1780)",Animalia,,Mammalia,Artiodactyla,Cervidae,Axis,India,Assam,,26.403878,92.844746,2026,2026-01-01T17:18,iNaturalist research-grade observations
6185788671,Axis porcinus,"Axis porcinus porcinus (Zimmermann, 1780)",Animalia,,Mammalia,Artiodactyla,Cervidae,Axis,India,Assam,,26.550589,92.985626,2026,2026-01-01T17:18,iNaturalist research-grade observations
6185846041,Macaca radiata,"Macaca radiata (É.Geoffroy Saint-Hilaire, 1812)",Animalia,,Mammalia,Primates,Cercopithecidae,Macaca,India,Goa,,14.963496,74.187066,2026,2026-01-10T07:22,iNaturalist research-grade observations
6185868807,Macaca radiata,"Macaca radiata (É.Geoffroy Saint-Hilaire, 1812)",Animalia,,Mammalia,Primates,Cercopithecidae,Macaca,India,Goa,,14.9771,74.151757,2026,2026-01-10T10:19,iNaturalist research-grade observations
6185896617,Melursus ursinus,"Melursus ursinus ursinus (Shaw, 1791)",Animalia,,Mammalia,Carnivora,Ursidae,Melursus,India,Rajasthan,,24.45098,72.669636,2026,2026-01-10T18:51:33,iNaturalist research-grade observations
6185925213,Canis lupus,"Canis familiaris Linnaeus, 1758",Animalia,,Mammalia,Carnivora,Canidae,Canis,India,Chandigarh,,30.761337,76.768285,2026,2026-01-19T14:41:20,iNaturalist research-grade observations
6185942542,Axis porcinus,"Axis porcinus porcinus (Zimmermann, 1780)",Animalia,,Mammalia,Artiodactyla,Cervidae,Axis,India,Assam,,26.521284,92.979459,2026,2026-01-01T17:18,iNaturalist research-grade observations
6186132695,Rusa unicolor,"Rusa unicolor unicolor (Kerr, 1792)",Animalia,,Mammalia,Artiodactyla,Cervidae,Rusa,India,Tamil Nadu,,11.436924,76.679342,2026,2026-01-12T17:30:14,iNaturalist research-grade observations
6186159368,Macaca radiata,"Macaca radiata (É.Geoffroy Saint-Hilaire, 1812)",Animalia,,Mammalia,Primates,Cercopithecidae,Macaca,India,Goa,,14.977093,74.151718,2026,2026-01-10T10:11,iNaturalist research-grade observations
6187978224,Semnopithecus priam,"Semnopithecus priam Blyth, 1844",Animalia,,Mammalia,Primates,Cercopithecidae,Semnopithecus,India,Tamil Nadu,,10.901124,76.995545,2026,2026-01-28T15:38:31,iNaturalist research-grade observations
6187983823,Macaca radiata,"Macaca radiata (É.Geoffroy Saint-Hilaire, 1812)",Animalia,,Mammalia,Primates,Cercopithecidae,Macaca,India,Kerala,,9.19523,76.901045,2026,2026-01-24T11:27:38,iNaturalist research-grade observations
6187984098,Macaca radiata,"Macaca radiata (É.Geoffroy Saint-Hilaire, 1812)",Animalia,,Mammalia,Primates,Cercopithecidae,Macaca,India,Kerala,,9.192161,76.904023,2026,2026-01-24T15:58:46,iNaturalist research-grade observations
6187986558,Semnopithecus hypoleucos,"Semnopithecus hypoleucos Blyth, 1841",Animalia,,Mammalia,Primates,Cercopithecidae,Semnopithecus,India,Goa,,15.072842,74.233956,2026,2026-01-11T09:09,iNaturalist research-grade observations
6188100270,Macaca radiata,"Macaca radiata (É.Geoffroy Saint-Hilaire, 1812)",Animalia,,Mammalia,Primates,Cercopithecidae,Macaca,India,Tamil Nadu,,10.843381,76.839846,2026,2026-01-28T10:18:42,iNaturalist research-grade observations
6188119647,Rusa unicolor,"Rusa unicolor (Kerr, 1792)",Animalia,,Mammalia,Artiodactyla,Cervidae,Rusa,India,Odisha,,19.647099,83.159593,2026,2026-01-17T14:37:07,iNaturalist research-grade observations
6188144029,Semnopithecus entellus,"Semnopithecus entellus (Dufresne, 1797)",Animalia,,Mammalia,Primates,Cercopithecidae,Semnopithecus,India,Madhya Pradesh,,22.317727,76.615386,2026,2026-01-07T17:22,iNaturalist research-grade observations
6188194414,Semnopithecus priam,"Semnopithecus priam Blyth, 1844",Animalia,,Mammalia,Primates,Cercopithecidae,Semnopithecus,India,Tamil Nadu,,10.872535,76.904887,2026,2026-01-28T15:38:36,iNaturalist research-grade observations
6188215346,Macaca radiata,"Macaca radiata (É.Geoffroy Saint-Hilaire, 1812)",Animalia,,Mammalia,Primates,Cercopithecidae,Macaca,India,Kerala,,9.192167,76.903946,2026,2026-01-24T15:58:13,iNaturalist research-grade observations
6188252270,Macaca radiata,"Macaca radiata (É.Geoffroy Saint-Hilaire, 1812)",Animalia,,Mammalia,Primates,Cercopithecidae,Macaca,India,Kerala,,9.182557,76.917068,2026,2026-01-24T11:59:30,iNaturalist research-grade observations
6188275090,Pteropus medius,"Pteropus medius Temminck, 1825",Animalia,,Mammalia,Chiroptera,Pteropodidae,Pteropus,India,Kerala,,8.502953,76.959509,2026,2026-01-03T12:31:33,iNaturalist research-grade observations
6188338630,Macaca radiata,"Macaca radiata (É.Geoffroy Saint-Hilaire, 1812)",Animalia,,Mammalia,Primates,Cercopithecidae,Macaca,India,Kerala,,9.182583,76.916908,2026,2026-01-24T12:00:56,iNaturalist research-grade observations
6188366556,Ratufa indica,"Ratufa indica (Erxleben, 1777)",Animalia,,Mammalia,Rodentia,Sciuridae,Ratufa,India,Karnataka,,13.28584,75.716265,2026,2026-01-22T17:40,iNaturalist research-grade observations
6188396560,Macaca radiata,"Macaca radiata (É.Geoffroy Saint-Hilaire, 1812)",Animalia,,Mammalia,Primates,Cercopithecidae,Macaca,India,Kerala,,9.192107,76.904047,2026,2026-01-24T16:00:01,iNaturalist research-grade observations
6188401059,Gazella bennettii,"Gazella bennettii (Sykes, 1831)",Animalia,,Mammalia,Artiodactyla,Bovidae,Gazella,India,Rajasthan,,26.819463,70.518192,2026,2026-01-24T16:32:01,iNaturalist research-grade observations
6195245441,Semnopithecus johnii,"Semnopithecus johnii (J.Fischer, 1829)",Animalia,,Mammalia,Primates,Cercopithecidae,Semnopithecus,India,Kerala,,10.346733,76.689499,2026,2026-01-31T08:44:23,iNaturalist research-grade observations
6195272549,Macaca mulatta,"Macaca mulatta (Zimmermann, 1780)",Animalia,,Mammalia,Primates,Cercopithecidae,Macaca,India,Tripura,,23.658826,91.293832,2026,2026-01-12T04:20,iNaturalist research-grade observations
6195367284,Macaca radiata,"Macaca radiata (É.Geoffroy Saint-Hilaire, 1812)",Animalia,,Mammalia,Primates,Cercopithecidae,Macaca,India,Maharashtra,,19.207074,72.90446,2026,2026-01-07T08:58,iNaturalist research-grade observations
6195395824,Trachypithecus geei,"Trachypithecus geei Khajuria, 1956",Animalia,,Mammalia,Primates,Cercopithecidae,Trachypithecus,India,Assam,,26.445841,90.723764,2026,2026-01-18T07:06,iNaturalist research-grade observations
6195438211,Macaca mulatta,"Macaca mulatta (Zimmermann, 1780)",Animalia,,Mammalia,Primates,Cercopithecidae,Macaca,India,Tripura,,23.673291,91.317306,2026,2026-01-13T09:50,iNaturalist research-grade observations
6195468235,Meriones hurrianae,"Meriones hurrianae Jordon, 1867",Animalia,,Mammalia,Rodentia,Muridae,Meriones,India,Rajasthan,,26.9353,70.434872,2026,2026-01-18T16:49,iNaturalist research-grade observations
6195538182,Semnopithecus hypoleucos,"Semnopithecus hypoleucos Blyth, 1841",Animalia,,Mammalia,Primates,Cercopithecidae,Semnopithecus,India,Maharashtra,,19.206825,72.904215,2026,2026-01-07T05:35,iNaturalist research-grade observations
6195636812,Semnopithecus entellus,"Semnopithecus entellus (Dufresne, 1797)",Animalia,,Mammalia,Primates,Cercopithecidae,Semnopithecus,India,Jharkhand,,24.311671,87.381073,2026,2026-01-27T14:19,iNaturalist research-grade observations
6195643716,Macaca mulatta,"Macaca mulatta (Zimmermann, 1780)",Animalia,,Mammalia,Primates,Cercopithecidae,Macaca,India,Assam,,26.428684,90.653963,2026,2026-01-17T14:30,iNaturalist research-grade observations
6195690541,Hoolock hoolock,"Hoolock hoolock (Harlan, 1834)",Animalia,,Mammalia,Primates,Hylobatidae,Hoolock,India,Assam,,26.73323,94.385792,2026,2026-01-31T10:43,iNaturalist research-grade observations
6195707838,Macaca arctoides,"Macaca arctoides (I.Geoffroy Saint-Hilaire, 1831)",Animalia,,Mammalia,Primates,Cercopithecidae,Macaca,India,Assam,,26.774488,94.235551,2026,2026-01-31T12:49,iNaturalist research-grade observations
6195802920,Semnopithecus entellus,"Semnopithecus entellus (Dufresne, 1797)",Animalia,,Mammalia,Primates,Cercopithecidae,Semnopithecus,India,Jharkhand,,24.311671,87.381073,2026,2026-01-27T14:19,iNaturalist research-grade observations
6195838902,Vulpes vulpes,"Vulpes vulpes (Linnaeus, 1758)",Animalia,,Mammalia,Carnivora,Canidae,Vulpes,India,Rajasthan,,26.849577,70.484803,2026,2026-01-18T16:49,iNaturalist research-grade observations
6195845049,Macaca radiata,"Macaca radiata (É.Geoffroy Saint-Hilaire, 1812)",Animalia,,Mammalia,Primates,Cercopithecidae,Macaca,India,Andhra Pradesh,,13.680736,79.350898,2026,2026-01-07T15:25,iNaturalist research-grade observations
6195879744,Trachypithecus pileatus,"Trachypithecus pileatus (Blyth, 1843)",Animalia,,Mammalia,Primates,Cercopithecidae,Trachypithecus,India,Assam,,26.65062,91.298021,2026,2026-01-17T03:49,iNaturalist research-grade observations
6195881442,Trachypithecus pileatus,"Trachypithecus pileatus (Blyth, 1843)",Animalia,,Mammalia,Primates,Cercopithecidae,Trachypithecus,India,Assam,,26.728734,90.849132,2026,2026-01-19T10:37,iNaturalist research-grade observations
6195900202,Trachypithecus pileatus,"Trachypithecus pileatus (Blyth, 1843)",Animalia,,Mammalia,Primates,Cercopithecidae,Trachypithecus,India,Assam,,26.766853,90.839182,2026,2026-01-19T10:16,iNaturalist research-grade observations
6234415902,Felis catus,"Felis catus Linnaeus, 1758",Animalia,,Mammalia,Carnivora,Felidae,Felis,India,Andhra Pradesh,,13.654456,79.420639,2026,2026-01-14T07:04,iNaturalist research-grade observations
6234461738,Elephas maximus,"Elephas maximus indicus Cuvier, 1798",Animalia,,Mammalia,Proboscidea,Elephantidae,Elephas,India,Tamil Nadu,,11.534577,76.483854,2026,2026-01-26T17:11,iNaturalist research-grade observations
6234575690,Antilope cervicapra,"Antilope cervicapra (Linnaeus, 1758)",Animalia,,Mammalia,Artiodactyla,Bovidae,Antilope,India,Bihar,,25.077604,83.580326,2026,2026-01-26T16:46:46,iNaturalist research-grade observations
6234708841,Ratufa indica,"Ratufa indica (Erxleben, 1777)",Animalia,,Mammalia,Rodentia,Sciuridae,Ratufa,India,Kerala,,11.87047,75.367882,2026,2026-01-11T02:15,iNaturalist research-grade observations
6234850672,Semnopithecus priam,"Semnopithecus priam Blyth, 1844",Animalia,,Mammalia,Primates,Cercopithecidae,Semnopithecus,India,Tamil Nadu,,11.576779,76.470173,2026,2026-01-26T16:43,iNaturalist research-grade observations
6234878363,Canis lupus,"Canis lupus pallipes Sykes, 1831",Animalia,,Mammalia,Carnivora,Canidae,Canis,India,Maharashtra,,18.147559,74.999926,2026,2026-01-17T09:48,iNaturalist research-grade observations
6235047960,Semnopithecus priam,"Semnopithecus priam Blyth, 1844",Animalia,,Mammalia,Primates,Cercopithecidae,Semnopithecus,India,Andhra Pradesh,,13.640437,79.382406,2026,2026-01-09T15:26,iNaturalist research-grade observations
6235226716,Hemitragus hylocrius,"Nilgiritragus hylocrius (Ogilby, 1838)",Animalia,,Mammalia,Artiodactyla,Bovidae,Hemitragus,India,Kerala,,10.052291,77.059693,2026,2026-01-07T13:35,iNaturalist research-grade observations
6235289048,Canis lupus,"Canis familiaris Linnaeus, 1758",Animalia,,Mammalia,Carnivora,Canidae,Canis,India,NCT of Delhi,,28.68817,77.120577,2026,2026-01-21T10:24:03,iNaturalist research-grade observations
6235300246,Elephas maximus,"Elephas maximus indicus Cuvier, 1798",Animalia,,Mammalia,Proboscidea,Elephantidae,Elephas,India,Assam,,26.149733,91.419113,2026,2026-01-19T18:46:41,iNaturalist research-grade observations
6235766071,Axis axis,"Axis axis (Erxleben, 1777)",Animalia,,Mammalia,Artiodactyla,Cervidae,Axis,India,Tamil Nadu,,11.587471,76.582472,2026,2026-01-26T17:16,iNaturalist research-grade observations
6235825257,Loris lydekkerianus,"Loris lydekkerianus lydekkerianus Cabrera, 1908",Animalia,,Mammalia,Primates,Lorisidae,Loris,India,Tamil Nadu,,11.105492,78.687411,2026,2026-01-10T12:44,iNaturalist research-grade observations
6236019536,Trachypithecus phayrei,"Trachypithecus phayrei (Blyth, 1847)",Animalia,,Mammalia,Primates,Cercopithecidae,Trachypithecus,India,Tripura,,23.752776,91.200172,2026,2026-01-13T05:26,iNaturalist research-grade observations
6236067940,Ratufa indica,"Ratufa indica (Erxleben, 1777)",Animalia,,Mammalia,Rodentia,Sciuridae,Ratufa,India,Kerala,,10.859425,76.788972,2026,2026-01-28T17:06:47,iNaturalist research-grade observations
6236295395,Ratufa indica,"Ratufa indica (Erxleben, 1777)",Animalia,,Mammalia,Rodentia,Sciuridae,Ratufa,India,Goa,,15.43765,74.202697,2026,2026-01-12T08:59,iNaturalist research-grade observations
6251663698,Elephas maximus,"Elephas maximus indicus Cuvier, 1798",Animalia,,Mammalia,Proboscidea,Elephantidae,Elephas,India,Tamil Nadu,,8.717,77.369071,2026,2026-01-23T20:47,iNaturalist research-grade observations
6251813016,Felis catus,"Felis catus Linnaeus, 1758",Animalia,,Mammalia,Carnivora,Felidae,Felis,India,Karnataka,,12.208657,75.73454,2026,2026-01-03T09:09,iNaturalist research-grade observations
6252344652,Funambulus tristriatus,"Funambulus tristriatus (Waterhouse, 1837)",Animalia,,Mammalia,Rodentia,Sciuridae,Funambulus,India,Karnataka,,12.207546,75.733273,2026,2026-01-03T08:57,iNaturalist research-grade observations
6252468583,Herpestes javanicus,"Urva auropunctata (Hodgson, 1836)",Animalia,,Mammalia,Carnivora,Herpestidae,Herpestes,India,West Bengal,,23.239578,87.8827,2026,2026-01-01T16:58:45,iNaturalist research-grade observations
6252595360,Funambulus palmarum,"Funambulus palmarum (Linnaeus, 1766)",Animalia,,Mammalia,Rodentia,Sciuridae,Funambulus,India,Goa,,15.410895,74.200768,2026,2026-01-12T14:54,iNaturalist research-grade observations
6253261760,Canis lupus,"Canis familiaris Linnaeus, 1758",Animalia,,Mammalia,Carnivora,Canidae,Canis,India,Karnataka,,12.207803,75.733825,2026,2026-01-03T07:52,iNaturalist research-grade observations
6253347091,Funambulus palmarum,"Funambulus palmarum (Linnaeus, 1766)",Animalia,,Mammalia,Rodentia,Sciuridae,Funambulus,India,Andhra Pradesh,,13.702442,79.337018,2026,2026-01-12T14:40,iNaturalist research-grade observations
6273159518,Boselaphus tragocamelus,"Boselaphus tragocamelus (Pallas, 1766)",Animalia,,Mammalia,Artiodactyla,Bovidae,Boselaphus,India,Rajasthan,,26.832445,70.505025,2026,2026-01-16T17:29,iNaturalist research-grade observations
6273195186,Felis silvestris,"Felis lybica Forster, 1780",Animalia,,Mammalia,Carnivora,Felidae,Felis,India,Rajasthan,,26.968955,70.467277,2026,2026-01-16T17:08,iNaturalist research-grade observations
6273345481,Vulpes vulpes,"Vulpes vulpes pusilla Blyth, 1854",Animalia,,Mammalia,Carnivora,Canidae,Vulpes,India,Rajasthan,,26.832445,70.505025,2026,2026-01-13T15:59,iNaturalist research-grade observations
6273346901,Vulpes vulpes,"Vulpes vulpes pusilla Blyth, 1854",Animalia,,Mammalia,Carnivora,Canidae,Vulpes,India,Rajasthan,,26.832445,70.505025,2026,2026-01-15T11:35,iNaturalist research-grade observations
6273366118,Gazella bennettii,"Gazella bennettii (Sykes, 1831)",Animalia,,Mammalia,Artiodactyla,Bovidae,Gazella,India,Rajasthan,,26.832445,70.505025,2026,2026-01-13T08:11,iNaturalist research-grade observations
6273373675,Vulpes vulpes,"Vulpes vulpes pusilla Blyth, 1854",Animalia,,Mammalia,Carnivora,Canidae,Vulpes,India,Rajasthan,,26.832445,70.505025,2026,2026-01-15T10:21,iNaturalist research-grade observations
6273518938,Vulpes vulpes,"Vulpes vulpes pusilla Blyth, 1854",Animalia,,Mammalia,Carnivora,Canidae,Vulpes,India,Rajasthan,,26.832445,70.505025,2026,2026-01-15T15:46,iNaturalist research-grade observations
6273768563,Vulpes vulpes,"Vulpes vulpes pusilla Blyth, 1854",Animalia,,Mammalia,Carnivora,Canidae,Vulpes,India,Rajasthan,,26.832445,70.505025,2026,2026-01-14T18:22,iNaturalist research-grade observations
6273779440,Vulpes vulpes,"Vulpes vulpes pusilla Blyth, 1854",Animalia,,Mammalia,Carnivora,Canidae,Vulpes,India,Rajasthan,,26.832445,70.505025,2026,2026-01-14T16:01,iNaturalist research-grade observations
6274049042,Boselaphus tragocamelus,"Boselaphus tragocamelus (Pallas, 1766)",Animalia,,Mammalia,Artiodactyla,Bovidae,Boselaphus,India,Rajasthan,,26.832445,70.505025,2026,2026-01-16T17:29,iNaturalist research-grade observations
6274257453,Vulpes vulpes,"Vulpes vulpes pusilla Blyth, 1854",Animalia,,Mammalia,Carnivora,Canidae,Vulpes,India,Rajasthan,,26.832437,70.505035,2026,2026-01-14T18:23,iNaturalist research-grade observations
6274257814,Funambulus pennantii,"Funambulus pennantii Wroughton, 1905",Animalia,,Mammalia,Rodentia,Sciuridae,Funambulus,India,Rajasthan,,24.593687,72.713316,2026,2026-01-29T08:07,iNaturalist research-grade observations
6274267708,Boselaphus tragocamelus,"Boselaphus tragocamelus (Pallas, 1766)",Animalia,,Mammalia,Artiodactyla,Bovidae,Boselaphus,India,Haryana,,29.755147,76.127839,2026,2026-01-09T15:40:45,iNaturalist research-grade observations
6274318465,Canis lupus,"Canis familiaris Linnaeus, 1758",Animalia,,Mammalia,Carnivora,Canidae,Canis,India,Kerala,,11.938389,75.304552,2026,2026-01-06T08:33:47,iNaturalist research-grade observations
6320483786,Canis aureus,"Canis aureus naria Wroughton, 1916",Animalia,,Mammalia,Carnivora,Canidae,Canis,India,Goa,,15.388337,74.209442,2026,2026-01-12T20:01,iNaturalist research-grade observations
6320557575,Rusa unicolor,"Rusa unicolor unicolor (Kerr, 1792)",Animalia,,Mammalia,Artiodactyla,Cervidae,Rusa,India,Uttarakhand,,29.360578,78.826743,2026,2026-01-17T09:50:22,iNaturalist research-grade observations
6320777489,Bos frontalis,"Bos gaurus C.H.Smith, 1827",Animalia,,Mammalia,Artiodactyla,Bovidae,Bos,India,Goa,,15.535609,74.072664,2026,2026-01-12T20:25,iNaturalist research-grade observations
6321151642,Elephas maximus,"Elephas maximus indicus Cuvier, 1798",Animalia,,Mammalia,Proboscidea,Elephantidae,Elephas,India,Uttarakhand,,29.395738,78.871277,2026,2026-01-16T16:49:28,iNaturalist research-grade observations
6334142863,Felis catus,"Felis catus Linnaeus, 1758",Animalia,,Mammalia,Carnivora,Felidae,Felis,India,Jammu and Kashmir,,32.718792,74.865478,2026,2026-01-30T14:21:25,iNaturalist research-grade observations
6334252656,Pteropus medius,"Pteropus medius Temminck, 1825",Animalia,,Mammalia,Chiroptera,Pteropodidae,Pteropus,India,Rajasthan,,28.019731,73.323002,2026,2026-01-08,iNaturalist research-grade observations
6334435851,Axis axis,"Axis axis (Erxleben, 1777)",Animalia,,Mammalia,Artiodactyla,Cervidae,Axis,India,Jammu and Kashmir,,32.697097,75.140006,2026,2026-01-19T13:42:32,iNaturalist research-grade observations
6334574630,Ratufa indica,"Ratufa indica (Erxleben, 1777)",Animalia,,Mammalia,Rodentia,Sciuridae,Ratufa,India,Goa,,15.444575,74.097739,2026,2026-01-13T10:00,iNaturalist research-grade observations
6334579698,Felis chaus,"Felis chaus affinis Gray, 1830",Animalia,,Mammalia,Carnivora,Felidae,Felis,India,Rajasthan,,27.934383,73.381857,2026,2026-01-05T18:06:25,iNaturalist research-grade observations
6334621802,Felis catus,"Felis catus Linnaeus, 1758",Animalia,,Mammalia,Carnivora,Felidae,Felis,India,Jammu and Kashmir,,32.718792,74.865478,2026,2026-01-30T14:21:25,iNaturalist research-grade observations
6352425539,Hystrix indica,"Hystrix indica Kerr, 1792",Animalia,,Mammalia,Rodentia,Hystricidae,Hystrix,India,Maharashtra,,17.609781,75.619039,2026,2026-01-18T12:00:07,iNaturalist research-grade observations
6352453000,Semnopithecus johnii,"Semnopithecus johnii (J.Fischer, 1829)",Animalia,,Mammalia,Primates,Cercopithecidae,Semnopithecus,India,Kerala,,10.05576,77.061143,2026,2026-01-20T17:51:14,iNaturalist research-grade observations
6352701835,Lepus nigricollis,"Lepus nigricollis F.Cuvier, 1823",Animalia,,Mammalia,Lagomorpha,Leporidae,Lepus,India,Tamil Nadu,,10.485743,76.887405,2026,2026-01-16T21:51:28,iNaturalist research-grade observations
6352709714,Semnopithecus hypoleucos,"Semnopithecus hypoleucos Blyth, 1841",Animalia,,Mammalia,Primates,Cercopithecidae,Semnopithecus,India,Goa,,15.434028,74.107003,2026,2026-01-13T10:58,iNaturalist research-grade observations
6352864594,Lepus nigricollis,"Lepus nigricollis F.Cuvier, 1823",Animalia,,Mammalia,Lagomorpha,Leporidae,Lepus,India,Karnataka,,12.818902,77.551675,2026,2026-01-24T07:53,iNaturalist research-grade observations
6352966661,Pteropus medius,"Pteropus medius Temminck, 1825",Animalia,,Mammalia,Chiroptera,Pteropodidae,Pteropus,India,Kerala,,9.762303,76.307158,2026,2026-01-31T11:31:55,iNaturalist research-grade observations
6352970925,Lepus nigricollis,"Lepus nigricollis F.Cuvier, 1823",Animalia,,Mammalia,Lagomorpha,Leporidae,Lepus,India,Chhattisgarh,,18.901406,80.489136,2026,2026-01-28T15:10,iNaturalist research-grade observations
6353084634,Hystrix indica,"Hystrix indica Kerr, 1792",Animalia,,Mammalia,Rodentia,Hystricidae,Hystrix,India,Karnataka,,12.860994,77.498509,2026,2026-01-11T09:18,iNaturalist research-grade observations
6353160334,Pteropus medius,"Pteropus medius Temminck, 1825",Animalia,,Mammalia,Chiroptera,Pteropodidae,Pteropus,India,Kerala,,9.766236,76.306664,2026,2026-01-31T11:34,iNaturalist research-grade observations
6353213890,Panthera pardus,"Panthera pardus fusca (Meyer, 1794)",Animalia,,Mammalia,Carnivora,Felidae,Panthera,India,Maharashtra,,18.361274,73.680016,2026,2026-01-17T11:04,iNaturalist research-grade observations
6353389344,Lepus nigricollis,"Lepus nigricollis F.Cuvier, 1823",Animalia,,Mammalia,Lagomorpha,Leporidae,Lepus,India,Andhra Pradesh,,14.014351,78.555542,2026,2026-01-28T15:10,iNaturalist research-grade observations
6398594963,Rhinoceros unicornis,"Rhinoceros unicornis Linnaeus, 1758",Animalia,,Mammalia,Perissodactyla,Rhinocerotidae,Rhinoceros,India,Assam,,26.447688,93.234049,2026,2026-01-23T16:40:20,iNaturalist research-grade observations
6398656236,Macaca radiata,"Macaca radiata (É.Geoffroy Saint-Hilaire, 1812)",Animalia,,Mammalia,Primates,Cercopithecidae,Macaca,India,Kerala,,9.995787,76.780617,2026,2026-01-15T13:47:40,iNaturalist research-grade observations
6398676971,Paradoxurus hermaphroditus,"Paradoxurus hermaphroditus (Pallas, 1777)",Animalia,,Mammalia,Carnivora,Viverridae,Paradoxurus,India,Goa,,15.406327,74.200317,2026,2026-01-13T19:37,iNaturalist research-grade observations
6398729326,Macaca radiata,"Macaca radiata (É.Geoffroy Saint-Hilaire, 1812)",Animalia,,Mammalia,Primates,Cercopithecidae,Macaca,India,Goa,,15.466568,74.173148,2026,2026-01-14T08:43,iNaturalist research-grade observations
6398757931,Semnopithecus entellus,"Semnopithecus entellus (Dufresne, 1797)",Animalia,,Mammalia,Primates,Cercopithecidae,Semnopithecus,India,Odisha,,20.395774,85.825966,2026,2026-01-11T16:20,iNaturalist research-grade observations
6398798385,Macaca mulatta,"Macaca mulatta (Zimmermann, 1780)",Animalia,,Mammalia,Primates,Cercopithecidae,Macaca,India,Uttar Pradesh,,27.159378,77.99034,2026,2026-01-06T19:59:23,iNaturalist research-grade observations
6398802420,Panthera pardus,"Panthera pardus fusca (Meyer, 1794)",Animalia,,Mammalia,Carnivora,Felidae,Panthera,India,Kerala,,11.525989,76.086388,2026,2026-01-29T08:22:56,iNaturalist research-grade observations
6398820631,Canis aureus,"Canis aureus Linnaeus, 1758",Animalia,,Mammalia,Carnivora,Canidae,Canis,India,Kerala,,10.389769,76.101178,2026,2026-01-11T16:31,iNaturalist research-grade observations
6398929825,Rusa unicolor,"Rusa unicolor unicolor (Kerr, 1792)",Animalia,,Mammalia,Artiodactyla,Cervidae,Rusa,India,Rajasthan,,25.997758,76.485307,2026,2026-01-18T09:43:13,iNaturalist research-grade observations
6398933474,Pteropus medius,"Pteropus medius Temminck, 1825",Animalia,,Mammalia,Chiroptera,Pteropodidae,Pteropus,India,Kerala,,9.774898,76.305569,2026,2026-01-10T08:21:40,iNaturalist research-grade observations
6398937368,Canis aureus,"Canis aureus Linnaeus, 1758",Animalia,,Mammalia,Carnivora,Canidae,Canis,India,Kerala,,10.389642,76.101185,2026,2026-01-10T16:31,iNaturalist research-grade observations
6399018348,Ratufa indica,"Ratufa indica (Erxleben, 1777)",Animalia,,Mammalia,Rodentia,Sciuridae,Ratufa,India,Kerala,,10.120767,76.756225,2026,2026-01-22T08:54:18,iNaturalist research-grade observations
6399037750,Macaca radiata,"Macaca radiata (É.Geoffroy Saint-Hilaire, 1812)",Animalia,,Mammalia,Primates,Cercopithecidae,Macaca,India,Kerala,,10.129565,76.686768,2026,2026-01-06T08:29,iNaturalist research-grade observations
6399077999,Macaca assamensis,"Macaca assamensis (McClelland, 1840)",Animalia,,Mammalia,Primates,Cercopithecidae,Macaca,India,Assam,,26.16099,90.792323,2026,2026-01-18T05:58,iNaturalist research-grade observations
6399080637,Canis aureus,"Canis aureus indicus Hodgson, 1833",Animalia,,Mammalia,Carnivora,Canidae,Canis,India,West Bengal,,27.10667,88.59381,2026,2026-01-15T20:27:32,iNaturalist research-grade observations
6399098160,Canis aureus,"Canis aureus Linnaeus, 1758",Animalia,,Mammalia,Carnivora,Canidae,Canis,India,Rajasthan,,26.625395,75.030376,2026,2026-01-16T18:43:23,iNaturalist research-grade observations
6399136326,Macaca radiata,"Macaca radiata (É.Geoffroy Saint-Hilaire, 1812)",Animalia,,Mammalia,Primates,Cercopithecidae,Macaca,India,Tamil Nadu,,8.437635,77.522457,2026,2026-01-28T16:22:20,iNaturalist research-grade observations
6399239363,Ratufa indica,"Ratufa indica (Erxleben, 1777)",Animalia,,Mammalia,Rodentia,Sciuridae,Ratufa,India,Kerala,,10.105788,76.699824,2026,2026-01-06T08:29,iNaturalist research-grade observations
6399292457,Semnopithecus entellus,"Semnopithecus entellus (Dufresne, 1797)",Animalia,,Mammalia,Primates,Cercopithecidae,Semnopithecus,India,Odisha,,20.395774,85.825966,2026,2026-01-11T15:38,iNaturalist research-grade observations
6399326519,Herpestes vitticollis,"Urva vitticollis (Bennett, 1835)",Animalia,,Mammalia,Carnivora,Herpestidae,Herpestes,India,Tamil Nadu,,10.360335,76.971327,2026,2026-01-07T13:46:21,iNaturalist research-grade observations
6399581526,Herpestes edwardsi,"Urva edwardsii (É.Geoffroy Saint-Hilaire, 1818)",Animalia,,Mammalia,Carnivora,Herpestidae,Herpestes,India,West Bengal,,22.671322,88.351243,2026,2026-01-19T09:44:55,iNaturalist research-grade observations
6399693955,Macaca radiata,"Macaca radiata (É.Geoffroy Saint-Hilaire, 1812)",Animalia,,Mammalia,Primates,Cercopithecidae,Macaca,India,Kerala,,10.207627,76.49795,2026,2026-01-07T12:07:40,iNaturalist research-grade observations
6399852796,Macaca radiata,"Macaca radiata (É.Geoffroy Saint-Hilaire, 1812)",Animalia,,Mammalia,Primates,Cercopithecidae,Macaca,India,Tamil Nadu,,11.439242,76.660767,2026,2026-01-28T15:42:43,iNaturalist research-grade observations
6399915787,Ratufa indica,"Ratufa indica (Erxleben, 1777)",Animalia,,Mammalia,Rodentia,Sciuridae,Ratufa,India,Odisha,,21.42795,86.647833,2026,2026-01-10T07:38,iNaturalist research-grade observations
6399921604,Canis aureus,"Canis aureus Linnaeus, 1758",Animalia,,Mammalia,Carnivora,Canidae,Canis,India,Rajasthan,,26.625394,75.030472,2026,2026-01-16T18:43:48,iNaturalist research-grade observations
6400025560,Panthera tigris,"Panthera tigris tigris (Linnaeus, 1758)",Animalia,,Mammalia,Carnivora,Felidae,Panthera,India,Rajasthan,,26.135088,76.586873,2026,2026-01-16T14:30:39,iNaturalist research-grade observations
6400031177,Boselaphus tragocamelus,"Boselaphus tragocamelus (Pallas, 1766)",Animalia,,Mammalia,Artiodactyla,Bovidae,Boselaphus,India,Haryana,,28.467108,76.892205,2026,2026-01-07T08:54,iNaturalist research-grade observations
6400171708,Rusa unicolor,"Rusa unicolor unicolor (Kerr, 1792)",Animalia,,Mammalia,Artiodactyla,Cervidae,Rusa,India,Karnataka,,13.85076,75.46146,2026,2026-01-25T12:09:27,iNaturalist research-grade observations
6400198444,Canis aureus,"Canis aureus Linnaeus, 1758",Animalia,,Mammalia,Carnivora,Canidae,Canis,India,Rajasthan,,26.628274,75.013691,2026,2026-01-16T17:47:21,iNaturalist research-grade observations
6400223572,Macaca assamensis,"Macaca assamensis assamensis (McClelland, 1840)",Animalia,,Mammalia,Primates,Cercopithecidae,Macaca,India,Arunachal Pradesh,,27.450806,91.818674,2026,2026-01-26,iNaturalist research-grade observations
6400265722,Antilope cervicapra,"Antilope cervicapra (Linnaeus, 1758)",Animalia,,Mammalia,Artiodactyla,Bovidae,Antilope,India,Gujarat,,22.069698,72.013462,2026,2026-01-08T17:26:50,iNaturalist research-grade observations
6400266480,Ratufa indica,"Ratufa indica (Erxleben, 1777)",Animalia,,Mammalia,Rodentia,Sciuridae,Ratufa,India,Odisha,,21.42795,86.647833,2026,2026-01-10T10:38,iNaturalist research-grade observations
6400311683,Ratufa indica,"Ratufa indica (Erxleben, 1777)",Animalia,,Mammalia,Rodentia,Sciuridae,Ratufa,India,Kerala,,10.134342,76.694036,2026,2026-01-21T16:39:53,iNaturalist research-grade observations
6400323781,Rattus norvegicus,"Rattus norvegicus (Berkenhout, 1769)",Animalia,,Mammalia,Rodentia,Muridae,Rattus,India,Kerala,,9.790239,76.30391,2026,2026-01-04T18:05:19,iNaturalist research-grade observations
6400523390,Elephas maximus,"Elephas maximus indicus Cuvier, 1798",Animalia,,Mammalia,Proboscidea,Elephantidae,Elephas,India,Odisha,,21.497325,86.792452,2026,2026-01-10T07:42,iNaturalist research-grade observations
6400583832,Macaca assamensis,"Macaca assamensis (McClelland, 1840)",Animalia,,Mammalia,Primates,Cercopithecidae,Macaca,India,West Bengal,,26.844991,88.408144,2026,2026-01-23T13:31:22,iNaturalist research-grade observations
6400619815,Ratufa indica,"Ratufa indica (Erxleben, 1777)",Animalia,,Mammalia,Rodentia,Sciuridae,Ratufa,India,Odisha,,21.42795,86.647833,2026,2026-01-10T11:37,iNaturalist research-grade observations
6400683594,Semnopithecus hector,"Semnopithecus hector (Pocock, 1928)",Animalia,,Mammalia,Primates,Cercopithecidae,Semnopithecus,India,Uttar Pradesh,,29.595503,78.824257,2026,2026-01-12T08:23:30,iNaturalist research-grade observations
6400684336,Macaca radiata,"Macaca radiata (É.Geoffroy Saint-Hilaire, 1812)",Animalia,,Mammalia,Primates,Cercopithecidae,Macaca,India,Kerala,,9.192358,76.903927,2026,2026-01-24T16:04:59,iNaturalist research-grade observations
6400796684,Gazella bennettii,"Gazella bennettii (Sykes, 1831)",Animalia,,Mammalia,Artiodactyla,Bovidae,Gazella,India,Rajasthan,,26.727846,70.586834,2026,2026-01-13T08:11,iNaturalist research-grade observations
6400812330,Macaca radiata,"Macaca radiata (É.Geoffroy Saint-Hilaire, 1812)",Animalia,,Mammalia,Primates,Cercopithecidae,Macaca,India,Tamil Nadu,,12.50815,77.639146,2026,2026-01-31T17:18,iNaturalist research-grade observations
6400886524,Macaca mulatta,"Macaca mulatta (Zimmermann, 1780)",Animalia,,Mammalia,Primates,Cercopithecidae,Macaca,India,Uttar Pradesh,,27.168982,78.037553,2026,2026-01-05T12:05:22,iNaturalist research-grade observations
6400916386,Axis axis,"Axis axis (Erxleben, 1777)",Animalia,,Mammalia,Artiodactyla,Cervidae,Axis,India,Odisha,,21.42802,86.647226,2026,2026-01-10T14:11,iNaturalist research-grade observations
6413030509,Uncia uncia,"Panthera uncia (Schreber, 1775)",Animalia,,Mammalia,Carnivora,Felidae,Uncia,India,Jammu and Kashmir,,33.823217,77.953402,2026,2026-01-20T00:00,iNaturalist research-grade observations
6413650563,Hemitragus jemlahicus,"Hemitragus jemlahicus (C.H.Smith, 1826)",Animalia,,Mammalia,Artiodactyla,Bovidae,Hemitragus,India,Uttarakhand,,30.673021,79.951864,2026,2026-01-08T23:33:06,iNaturalist research-grade observations
6422713318,Bandicota indica,"Bandicota indica (Bechstein, 1800)",Animalia,,Mammalia,Rodentia,Muridae,Bandicota,India,Karnataka,,12.961384,77.596003,2026,2026-01-31T13:52:52,iNaturalist research-grade observations
6422737684,Lutrogale perspicillata,"Lutra perspicillata I.Geoffroy Saint-Hilaire, 1826",Animalia,,Mammalia,Carnivora,Mustelidae,Lutrogale,India,Karnataka,,12.649204,77.147333,2026,2026-01-25T11:29,iNaturalist research-grade observations
6422914305,Semnopithecus entellus,"Semnopithecus entellus (Dufresne, 1797)",Animalia,,Mammalia,Primates,Cercopithecidae,Semnopithecus,India,Rajasthan,,24.887878,74.645212,2026,2026-01-03T16:59:20,iNaturalist research-grade observations
6430772395,Canis lupus,"Canis familiaris Linnaeus, 1758",Animalia,,Mammalia,Carnivora,Canidae,Canis,India,Himachal Pradesh,,32.71287,77.166533,2026,2026-01-16T12:51:59,iNaturalist research-grade observations
6430947759,Macaca radiata,"Macaca radiata (É.Geoffroy Saint-Hilaire, 1812)",Animalia,,Mammalia,Primates,Cercopithecidae,Macaca,India,Kerala,,11.51285,76.019195,2026,2026-01-26T14:08:22,iNaturalist research-grade observations
6431053368,Funambulus palmarum,"Funambulus palmarum (Linnaeus, 1766)",Animalia,,Mammalia,Rodentia,Sciuridae,Funambulus,India,Tamil Nadu,,13.045906,80.253271,2026,2026-01-22T08:01,iNaturalist research-grade observations
6431150996,Funambulus pennantii,"Funambulus pennantii Wroughton, 1905",Animalia,,Mammalia,Rodentia,Sciuridae,Funambulus,India,Rajasthan,,25.977587,76.553287,2026,2026-01-18T18:38,iNaturalist research-grade observations
6431173863,Funambulus pennantii,"Funambulus pennantii Wroughton, 1905",Animalia,,Mammalia,Rodentia,Sciuridae,Funambulus,India,Rajasthan,,25.113985,73.200343,2026,2026-01-04T13:51,iNaturalist research-grade observations
6431272632,Funambulus pennantii,"Funambulus pennantii Wroughton, 1905",Animalia,,Mammalia,Rodentia,Sciuridae,Funambulus,India,West Bengal,,22.591418,88.426456,2026,2026-01-30T02:16:20,iNaturalist research-grade observations
6431383333,Moschiola indica,"Moschiola indica (Gray, 1852)",Animalia,,Mammalia,Artiodactyla,Tragulidae,Moschiola,India,Kerala,,9.574513,77.181719,2026,2026-01-09T10:56,iNaturalist research-grade observations
6431479766,Panthera pardus,"Panthera pardus fusca (Meyer, 1794)",Animalia,,Mammalia,Carnivora,Felidae,Panthera,India,Karnataka,,12.410725,77.463416,2026,2026-01-31T03:13:55,iNaturalist research-grade observations
6431580792,Funambulus pennantii,"Funambulus pennantii Wroughton, 1905",Animalia,,Mammalia,Rodentia,Sciuridae,Funambulus,India,Rajasthan,,24.593997,72.70282,2026,2026-01-10T16:16:01,iNaturalist research-grade observations
6431778373,Funambulus pennantii,"Funambulus pennantii Wroughton, 1905",Animalia,,Mammalia,Rodentia,Sciuridae,Funambulus,India,Uttar Pradesh,,25.406977,81.847201,2026,2026-01-03T09:36:30,iNaturalist research-grade observations
6431839945,Funambulus pennantii,"Funambulus pennantii Wroughton, 1905",Animalia,,Mammalia,Rodentia,Sciuridae,Funambulus,India,Rajasthan,,26.830659,70.451533,2026,2026-01-18T23:38,iNaturalist research-grade observations
6441254922,Gazella bennettii,"Gazella bennettii (Sykes, 1831)",Animalia,,Mammalia,Artiodactyla,Bovidae,Gazella,India,Madhya Pradesh,,21.2513,76.483342,2026,2026-01-16T07:33,iNaturalist research-grade observations
6441516069,Boselaphus tragocamelus,"Boselaphus tragocamelus (Pallas, 1766)",Animalia,,Mammalia,Artiodactyla,Bovidae,Boselaphus,India,Madhya Pradesh,,21.245537,76.445501,2026,2026-01-15T17:39,iNaturalist research-grade observations
6451543133,Boselaphus tragocamelus,"Boselaphus tragocamelus (Pallas, 1766)",Animalia,,Mammalia,Artiodactyla,Bovidae,Boselaphus,India,Telangana,,19.112443,79.01878,2026,2026-01-24T17:05:04,iNaturalist research-grade observations
6451544683,Herpestes javanicus,"Urva auropunctata (Hodgson, 1836)",Animalia,,Mammalia,Carnivora,Herpestidae,Herpestes,India,Haryana,,28.460062,77.078864,2026,2026-01-10T11:17:46,iNaturalist research-grade observations
6451582655,Herpestes smithii,"Urva smithii (Gray, 1837)",Animalia,,Mammalia,Carnivora,Herpestidae,Herpestes,India,Rajasthan,,26.062177,76.4745,2026,2026-01-18T17:00,iNaturalist research-grade observations
6451631612,Herpestes smithii,"Urva smithii (Gray, 1837)",Animalia,,Mammalia,Carnivora,Herpestidae,Herpestes,India,Rajasthan,,26.061707,76.474228,2026,2026-01-18T16:59,iNaturalist research-grade observations
6451982324,Herpestes smithii,"Urva smithii (Gray, 1837)",Animalia,,Mammalia,Carnivora,Herpestidae,Herpestes,India,Rajasthan,,25.977587,76.553287,2026,2026-01-18T17:07,iNaturalist research-grade observations
6452360570,Pteropus medius,"Pteropus medius Temminck, 1825",Animalia,,Mammalia,Chiroptera,Pteropodidae,Pteropus,India,Rajasthan,,26.846104,70.943989,2026,2026-01-02T13:56,iNaturalist research-grade observations
6452637370,Herpestes edwardsi,"Urva edwardsii (É.Geoffroy Saint-Hilaire, 1818)",Animalia,,Mammalia,Carnivora,Herpestidae,Herpestes,India,Uttar Pradesh,,28.718785,80.071992,2026,2026-01-19T11:55:58,iNaturalist research-grade observations
6452672975,Pteropus medius,"Pteropus medius Temminck, 1825",Animalia,,Mammalia,Chiroptera,Pteropodidae,Pteropus,India,Goa,,15.512628,73.77401,2026,2026-01-16T18:47,iNaturalist research-grade observations
6469690904,Mustelidae,Mustelidae,Animalia,,Mammalia,Carnivora,Mustelidae,,India,Tamil Nadu,,10.261984,76.938455,2026,2026-01-19T12:53:43,iNaturalist research-grade observations
6469752912,Pteropus medius,"Pteropus medius Temminck, 1825",Animalia,,Mammalia,Chiroptera,Pteropodidae,Pteropus,India,Karnataka,,12.424334,76.65464,2026,2026-01-04T17:11,iNaturalist research-grade observations
6469828523,Macaca mulatta,"Macaca mulatta (Zimmermann, 1780)",Animalia,,Mammalia,Primates,Cercopithecidae,Macaca,India,NCT of Delhi,,28.610767,77.219488,2026,2026-01-21T13:55:25,iNaturalist research-grade observations
6470084661,Panthera tigris,"Panthera tigris tigris (Linnaeus, 1758)",Animalia,,Mammalia,Carnivora,Felidae,Panthera,India,Rajasthan,,26.191487,76.410524,2026,2026-01-30T07:50:02,iNaturalist research-grade observations
6470239521,Macaca radiata,"Macaca radiata (É.Geoffroy Saint-Hilaire, 1812)",Animalia,,Mammalia,Primates,Cercopithecidae,Macaca,India,Kerala,,8.708877,77.133801,2026,2026-01-01T15:31:19,iNaturalist research-grade observations
6470415829,Paradoxurus jerdoni,"Paradoxurus jerdoni Blanford, 1885",Animalia,,Mammalia,Carnivora,Viverridae,Paradoxurus,India,Kerala,,10.13945,77.257688,2026,2026-01-30T20:42:13,iNaturalist research-grade observations
6470465545,Semnopithecus entellus,"Semnopithecus entellus (Dufresne, 1797)",Animalia,,Mammalia,Primates,Cercopithecidae,Semnopithecus,India,Rajasthan,,26.911317,75.867447,2026,2026-01-27T15:13,iNaturalist research-grade observations
6470770026,Viverricula indica,"Viverricula indica indica (É.Geoffroy Saint-Hilaire, 1803)",Animalia,,Mammalia,Carnivora,Viverridae,Viverricula,India,Tripura,,23.994699,91.415904,2026,2026-01-14T18:49:21,iNaturalist research-grade observations
6479185088,Ratufa indica,"Ratufa indica (Erxleben, 1777)",Animalia,,Mammalia,Rodentia,Sciuridae,Ratufa,India,Karnataka,,13.479794,75.018827,2026,2026-01-10T15:39:13,iNaturalist research-grade observations
6479298050,Ratufa indica,"Ratufa indica (Erxleben, 1777)",Animalia,,Mammalia,Rodentia,Sciuridae,Ratufa,India,Tamil Nadu,,11.433183,76.874614,2026,2026-01-24T09:28,iNaturalist research-grade observations
6479414657,Ratufa indica,"Ratufa indica (Erxleben, 1777)",Animalia,,Mammalia,Rodentia,Sciuridae,Ratufa,India,Karnataka,,13.479794,75.018827,2026,2026-01-10,iNaturalist research-grade observations
6479496496,Canis aureus,"Canis aureus Linnaeus, 1758",Animalia,,Mammalia,Carnivora,Canidae,Canis,India,Assam,,27.447804,95.789292,2026,2026-01-09T06:41:04,iNaturalist research-grade observations
6479621377,Panthera tigris,"Panthera tigris tigris (Linnaeus, 1758)",Animalia,,Mammalia,Carnivora,Felidae,Panthera,India,Madhya Pradesh,,21.624786,79.318249,2026,2026-01-06T10:38,iNaturalist research-grade observations
6479971367,Bos frontalis,"Bos gaurus C.H.Smith, 1827",Animalia,,Mammalia,Artiodactyla,Bovidae,Bos,India,Tamil Nadu,,11.453,76.945405,2026,2026-01-23T17:17,iNaturalist research-grade observations
6480093833,Funambulus palmarum,"Funambulus palmarum (Linnaeus, 1766)",Animalia,,Mammalia,Rodentia,Sciuridae,Funambulus,India,Karnataka,,13.021067,77.570599,2026,2026-01-25T15:24,iNaturalist research-grade observations
6480137871,Cuon alpinus,"Cuon alpinus (Pallas, 1811)",Animalia,,Mammalia,Carnivora,Canidae,Cuon,India,Madhya Pradesh,,21.600721,79.242243,2026,2026-01-06T07:50,iNaturalist research-grade observations
6480187735,Canis aureus,"Canis aureus indicus Hodgson, 1833",Animalia,,Mammalia,Carnivora,Canidae,Canis,India,Gujarat,,23.632551,72.278824,2026,2026-01-19T15:37:52,iNaturalist research-grade observations
6480775857,Lutrogale perspicillata,"Lutra perspicillata I.Geoffroy Saint-Hilaire, 1826",Animalia,,Mammalia,Carnivora,Mustelidae,Lutrogale,India,Karnataka,,13.578043,75.165599,2026,2026-01-10,iNaturalist research-grade observations
6481180896,Canis aureus,"Canis aureus indicus Hodgson, 1833",Animalia,,Mammalia,Carnivora,Canidae,Canis,India,Madhya Pradesh,,21.739087,79.336855,2026,2026-01-06T16:25,iNaturalist research-grade observations
6481293396,Ratufa indica,"Ratufa indica (Erxleben, 1777)",Animalia,,Mammalia,Rodentia,Sciuridae,Ratufa,India,Tamil Nadu,,11.433886,76.874278,2026,2026-01-24T09:38,iNaturalist research-grade observations
6481462651,Melursus ursinus,"Melursus ursinus ursinus (Shaw, 1791)",Animalia,,Mammalia,Carnivora,Ursidae,Melursus,India,Tamil Nadu,,12.58629,77.752839,2026,2026-01-16T14:04:22,iNaturalist research-grade observations
6498306675,Mellivora capensis,"Mellivora capensis indica (Kerr, 1792)",Animalia,,Mammalia,Carnivora,Mustelidae,Mellivora,India,Rajasthan,,26.008814,76.451655,2026,2026-01-18T12:36,iNaturalist research-grade observations
6498364382,Bubalus bubalis,"Bubalus arnee (Kerr, 1792)",Animalia,,Mammalia,Artiodactyla,Bovidae,Bubalus,India,Assam,,26.706525,93.374907,2026,2026-01-23T11:34,iNaturalist research-grade observations
6498467581,Hoolock hoolock,"Hoolock hoolock (Harlan, 1834)",Animalia,,Mammalia,Primates,Hylobatidae,Hoolock,India,Assam,,26.558844,93.007363,2026,2026-01-23T08:40,iNaturalist research-grade observations
6498613162,Tamiops mcclellandii,"Tamiops mcclellandii (Horsfield, 1840)",Animalia,,Mammalia,Rodentia,Sciuridae,Tamiops,India,,,26.801946,91.265225,2026,2026-01-26T06:31,iNaturalist research-grade observations
6498702714,Semnopithecus hector,"Semnopithecus hector (Pocock, 1928)",Animalia,,Mammalia,Primates,Cercopithecidae,Semnopithecus,India,Uttar Pradesh,,28.581196,80.762942,2026,2026-01-14T17:38,iNaturalist research-grade observations
6498774164,Panthera pardus,"Panthera pardus fusca (Meyer, 1794)",Animalia,,Mammalia,Carnivora,Felidae,Panthera,India,Rajasthan,,26.141253,76.466791,2026,2026-01-17T14:03,iNaturalist research-grade observations
6498904534,Panthera tigris,"Panthera tigris tigris (Linnaeus, 1758)",Animalia,,Mammalia,Carnivora,Felidae,Panthera,India,Rajasthan,,26.166313,76.504789,2026,2026-01-18T05:39,iNaturalist research-grade observations
6498927800,Pteropus medius,"Pteropus medius Temminck, 1825",Animalia,,Mammalia,Chiroptera,Pteropodidae,Pteropus,India,Rajasthan,,27.160235,77.522665,2026,2026-01-20T10:48,iNaturalist research-grade observations
6499073972,Macaca mulatta,"Macaca mulatta (Zimmermann, 1780)",Animalia,,Mammalia,Primates,Cercopithecidae,Macaca,India,Rajasthan,,27.159275,77.522639,2026,2026-01-20T05:29,iNaturalist research-grade observations
6499117505,Herpestes edwardsi,"Urva edwardsii (É.Geoffroy Saint-Hilaire, 1818)",Animalia,,Mammalia,Carnivora,Herpestidae,Herpestes,India,Tamil Nadu,,13.04634,80.253356,2026,2026-01-25T22:21:45,iNaturalist research-grade observations
6499123525,Mustelidae,Mustelidae,Animalia,,Mammalia,Carnivora,Mustelidae,,India,Assam,,26.779875,93.321561,2026,2026-01-23T12:16,iNaturalist research-grade observations
6499222952,Boselaphus tragocamelus,"Boselaphus tragocamelus (Pallas, 1766)",Animalia,,Mammalia,Artiodactyla,Bovidae,Boselaphus,India,Rajasthan,,26.689918,77.82495,2026,2026-01-21T08:03,iNaturalist research-grade observations
6499223232,Sus scrofa,"Sus scrofa cristatus Wagner, 1839",Animalia,,Mammalia,Artiodactyla,Suidae,Sus,India,Rajasthan,,27.158212,77.527545,2026,2026-01-20T05:27,iNaturalist research-grade observations
6499234179,Axis porcinus,"Axis porcinus porcinus (Zimmermann, 1780)",Animalia,,Mammalia,Artiodactyla,Cervidae,Axis,India,Assam,,26.714362,93.395044,2026,2026-01-23T10:07,iNaturalist research-grade observations
6499247912,Hoolock hoolock,"Hoolock hoolock (Harlan, 1834)",Animalia,,Mammalia,Primates,Hylobatidae,Hoolock,India,Assam,,26.480219,93.08447,2026,2026-01-23T08:41,iNaturalist research-grade observations
6499867322,Hyaena hyaena,"Hyaena hyaena hyaena (Linnaeus, 1758)",Animalia,,Mammalia,Carnivora,Hyaenidae,Hyaena,India,Maharashtra,,19.95255,73.94689,2026,2026-01-22T11:25:28,iNaturalist research-grade observations
6499993927,Felis chaus,"Felis chaus affinis Gray, 1830",Animalia,,Mammalia,Carnivora,Felidae,Felis,India,Rajasthan,,26.008758,76.452642,2026,2026-01-18T12:26,iNaturalist research-grade observations
6500134807,Trachypithecus phayrei,"Trachypithecus phayrei (Blyth, 1847)",Animalia,,Mammalia,Primates,Cercopithecidae,Trachypithecus,India,Assam,,24.273597,92.244462,2026,2026-01-09T10:20,iNaturalist research-grade observations
6500311500,Tamiops mcclellandii,"Tamiops mcclellandii (Horsfield, 1840)",Animalia,,Mammalia,Rodentia,Sciuridae,Tamiops,India,,,26.80101,91.26427,2026,2026-01-26T06:31,iNaturalist research-grade observations
6518427261,Axis axis,"Axis axis (Erxleben, 1777)",Animalia,,Mammalia,Artiodactyla,Cervidae,Axis,India,Assam,,26.619791,93.404412,2026,2026-01-03T15:26,iNaturalist research-grade observations
6518701541,Rhinoceros unicornis,"Rhinoceros unicornis Linnaeus, 1758",Animalia,,Mammalia,Perissodactyla,Rhinocerotidae,Rhinoceros,India,Assam,,26.793099,93.544515,2026,2026-01-03T16:33,iNaturalist research-grade observations
6518737856,Rusa unicolor,"Rusa unicolor unicolor (Kerr, 1792)",Animalia,,Mammalia,Artiodactyla,Cervidae,Rusa,India,Kerala,,9.423558,77.395431,2026,2026-01-02T11:31,iNaturalist research-grade observations
6518835154,Semnopithecus hypoleucos,"Semnopithecus hypoleucos Blyth, 1841",Animalia,,Mammalia,Primates,Cercopithecidae,Semnopithecus,India,Maharashtra,,18.768033,73.345322,2026,2026-01-25T14:08:36,iNaturalist research-grade observations
6518892534,Macaca radiata,"Macaca radiata (É.Geoffroy Saint-Hilaire, 1812)",Animalia,,Mammalia,Primates,Cercopithecidae,Macaca,India,Maharashtra,,18.893346,73.112868,2026,2026-01-18T16:50:31,iNaturalist research-grade observations
6518906837,Semnopithecus johnii,"Semnopithecus johnii (J.Fischer, 1829)",Animalia,,Mammalia,Primates,Cercopithecidae,Semnopithecus,India,Kerala,,9.545477,77.2857,2026,2026-01-01T14:14,iNaturalist research-grade observations
6518928725,Sus scrofa,"Sus scrofa cristatus Wagner, 1839",Animalia,,Mammalia,Artiodactyla,Suidae,Sus,India,Assam,,26.632253,93.408534,2026,2026-01-03T15:23:32,iNaturalist research-grade observations
6518971243,Macaca mulatta,"Macaca mulatta (Zimmermann, 1780)",Animalia,,Mammalia,Primates,Cercopithecidae,Macaca,India,Uttar Pradesh,,27.516487,80.098187,2026,2026-01-06T14:35:15,iNaturalist research-grade observations
6519002603,Pteropus medius,"Pteropus medius Temminck, 1825",Animalia,,Mammalia,Chiroptera,Pteropodidae,Pteropus,India,Rajasthan,,26.038017,76.466965,2026,2026-01-19T04:13,iNaturalist research-grade observations
6519101576,Rusa unicolor,"Rusa unicolor unicolor (Kerr, 1792)",Animalia,,Mammalia,Artiodactyla,Cervidae,Rusa,India,Assam,,26.795194,93.552493,2026,2026-01-01T08:16:17,iNaturalist research-grade observations
6519144717,Macaca assamensis,"Macaca assamensis (McClelland, 1840)",Animalia,,Mammalia,Primates,Cercopithecidae,Macaca,India,Arunachal Pradesh,,27.173803,92.533,2026,2026-01-01T11:14,iNaturalist research-grade observations
6519281156,Trachypithecus geei,"Trachypithecus geei Khajuria, 1956",Animalia,,Mammalia,Primates,Cercopithecidae,Trachypithecus,India,Assam,,26.686367,89.959148,2026,2026-01-26,iNaturalist research-grade observations
6519318845,Rhinoceros unicornis,"Rhinoceros unicornis Linnaeus, 1758",Animalia,,Mammalia,Perissodactyla,Rhinocerotidae,Rhinoceros,India,Assam,,26.776583,93.453427,2026,2026-01-01T08:13:26,iNaturalist research-grade observations
6519346797,Lutrogale perspicillata,"Lutra perspicillata I.Geoffroy Saint-Hilaire, 1826",Animalia,,Mammalia,Carnivora,Mustelidae,Lutrogale,India,Assam,,26.658637,93.41453,2026,2026-01-01T09:55:52,iNaturalist research-grade observations
6519375742,Rhinoceros unicornis,"Rhinoceros unicornis Linnaeus, 1758",Animalia,,Mammalia,Perissodactyla,Rhinocerotidae,Rhinoceros,India,Assam,,26.731605,93.513113,2026,2026-01-03T15:34:49,iNaturalist research-grade observations
6519457708,Rucervus duvaucelii,"Rucervus duvaucelii ranjitsinhi (Groves, 1982)",Animalia,,Mammalia,Artiodactyla,Cervidae,Rucervus,India,Assam,,26.712015,93.531404,2026,2026-01-03T15:22:46,iNaturalist research-grade observations
6519459055,Macaca assamensis,"Macaca assamensis (McClelland, 1840)",Animalia,,Mammalia,Primates,Cercopithecidae,Macaca,India,Arunachal Pradesh,,27.00051,92.469078,2026,2026-01-01T10:56,iNaturalist research-grade observations
6519802402,Canis aureus,"Canis aureus indicus Hodgson, 1833",Animalia,,Mammalia,Carnivora,Canidae,Canis,India,Uttar Pradesh,,26.915865,79.636617,2026,2026-01-25T12:48,iNaturalist research-grade observations
6519883764,Bubalus bubalis,"Bubalus arnee (Kerr, 1792)",Animalia,,Mammalia,Artiodactyla,Bovidae,Bubalus,India,Assam,,26.774648,93.563609,2026,2026-01-03T15:07:13,iNaturalist research-grade observations
6519938510,Rhinoceros unicornis,"Rhinoceros unicornis Linnaeus, 1758",Animalia,,Mammalia,Perissodactyla,Rhinocerotidae,Rhinoceros,India,Assam,,26.622819,93.430025,2026,2026-01-03T16:43:12,iNaturalist research-grade observations
6519981617,Funambulus tristriatus,"Funambulus tristriatus (Waterhouse, 1837)",Animalia,,Mammalia,Rodentia,Sciuridae,Funambulus,India,Kerala,,11.241802,75.826909,2026,2026-01-17T11:21:34,iNaturalist research-grade observations
6520018807,Axis porcinus,"Axis porcinus (Zimmermann, 1780)",Animalia,,Mammalia,Artiodactyla,Cervidae,Axis,India,Assam,,26.664906,93.590597,2026,2026-01-03T15:22:46,iNaturalist research-grade observations
6520221687,Funambulus palmarum,"Funambulus palmarum (Linnaeus, 1766)",Animalia,,Mammalia,Rodentia,Sciuridae,Funambulus,India,Goa,,15.49524,73.774597,2026,2026-01-16T08:23,iNaturalist research-grade observations
6520263826,Bubalus bubalis,"Bubalus arnee (Kerr, 1792)",Animalia,,Mammalia,Artiodactyla,Bovidae,Bubalus,India,Assam,,26.612072,93.470678,2026,2026-01-01T08:38:01,iNaturalist research-grade observations
6520276377,Axis porcinus,"Axis porcinus (Zimmermann, 1780)",Animalia,,Mammalia,Artiodactyla,Cervidae,Axis,India,Assam,,26.683167,93.555378,2026,2026-01-03T15:40:33,iNaturalist research-grade observations
6520466400,Rhinoceros unicornis,"Rhinoceros unicornis Linnaeus, 1758",Animalia,,Mammalia,Perissodactyla,Rhinocerotidae,Rhinoceros,India,Assam,,26.73971,93.578652,2026,2026-01-03T15:30:35,iNaturalist research-grade observations
6520588134,Rucervus duvaucelii,"Rucervus duvaucelii ranjitsinhi (Groves, 1982)",Animalia,,Mammalia,Artiodactyla,Cervidae,Rucervus,India,Assam,,26.717594,93.546847,2026,2026-01-03T14:28:13,iNaturalist research-grade observations
6520601437,Rucervus duvaucelii,"Rucervus duvaucelii (G.Cuvier, 1823)",Animalia,,Mammalia,Artiodactyla,Cervidae,Rucervus,India,Assam,,26.713916,93.523194,2026,2026-01-03T16:41:28,iNaturalist research-grade observations
6133123843,Felis catus,"Felis catus Linnaeus, 1758",Animalia,,Mammalia,Carnivora,Felidae,Felis,India,Telangana,,17.426182,78.543908,2026,2026-02-02T12:16:51,iNaturalist research-grade observations
6133125885,Canis lupus,"Canis familiaris Linnaeus, 1758",Animalia,,Mammalia,Carnivora,Canidae,Canis,India,Uttar Pradesh,,25.413314,81.846528,2026,2026-02-02T11:20:17,iNaturalist research-grade observations
6133147766,Felis catus,"Felis catus Linnaeus, 1758",Animalia,,Mammalia,Carnivora,Felidae,Felis,India,Uttarakhand,,29.407811,79.009737,2026,2026-02-01T14:41:38,iNaturalist research-grade observations
6133165290,Bos frontalis,"Bos gaurus C.H.Smith, 1827",Animalia,,Mammalia,Artiodactyla,Bovidae,Bos,India,Tamil Nadu,,10.278873,76.957842,2026,2026-02-02T18:45:57,iNaturalist research-grade observations
6133224649,Funambulus pennantii,"Funambulus pennantii Wroughton, 1905",Animalia,,Mammalia,Rodentia,Sciuridae,Funambulus,India,NCT of Delhi,,28.594953,77.220435,2026,2026-02-01T10:28,iNaturalist research-grade observations
6133232968,Funambulus pennantii,"Funambulus pennantii Wroughton, 1905",Animalia,,Mammalia,Rodentia,Sciuridae,Funambulus,India,Uttar Pradesh,,25.413314,81.846528,2026,2026-02-02T11:00:47,iNaturalist research-grade observations
6133257734,Canis lupus,"Canis familiaris Linnaeus, 1758",Animalia,,Mammalia,Carnivora,Canidae,Canis,India,Telangana,,18.08291,78.903734,2026,2026-02-02T14:30:35,iNaturalist research-grade observations
6133271527,Sousa plumbea,"Sousa plumbea (G.Cuvier, 1829)",Animalia,,Mammalia,Cetacea,Delphinidae,Sousa,India,Kerala,,8.999843,76.419112,2026,2026-02-01T14:38:27,iNaturalist research-grade observations
6133301341,Funambulus pennantii,"Funambulus pennantii Wroughton, 1905",Animalia,,Mammalia,Rodentia,Sciuridae,Funambulus,India,NCT of Delhi,,28.525901,77.093689,2026,2026-02-02T21:30:56,iNaturalist research-grade observations
6133303074,Canis aureus,"Canis aureus naria Wroughton, 1916",Animalia,,Mammalia,Carnivora,Canidae,Canis,India,Karnataka,,11.927951,76.254447,2026,2026-02-02T18:19:59,iNaturalist research-grade observations
6133319203,Canis lupus,"Canis familiaris Linnaeus, 1758",Animalia,,Mammalia,Carnivora,Canidae,Canis,India,Kerala,,8.696288,76.819929,2026,2026-02-02T16:28:11,iNaturalist research-grade observations
6133326619,Canis lupus,"Canis familiaris Linnaeus, 1758",Animalia,,Mammalia,Carnivora,Canidae,Canis,India,Uttar Pradesh,,25.413314,81.846528,2026,2026-02-02T11:20:05,iNaturalist research-grade observations
6133330025,Canis lupus,"Canis familiaris Linnaeus, 1758",Animalia,,Mammalia,Carnivora,Canidae,Canis,India,Karnataka,,12.328393,76.622275,2026,2026-02-01T18:36:42,iNaturalist research-grade observations
6133359321,Funambulus palmarum,"Funambulus palmarum (Linnaeus, 1766)",Animalia,,Mammalia,Rodentia,Sciuridae,Funambulus,India,Puducherry,,11.924868,79.834137,2026,2026-02-02T10:38:15,iNaturalist research-grade observations
6133369385,Bos taurus,"Bos taurus Linnaeus, 1758",Animalia,,Mammalia,Artiodactyla,Bovidae,Bos,India,Uttar Pradesh,,25.406977,81.847201,2026,2026-02-01T09:06:04,iNaturalist research-grade observations
6133370059,Macaca radiata,"Macaca radiata (É.Geoffroy Saint-Hilaire, 1812)",Animalia,,Mammalia,Primates,Cercopithecidae,Macaca,India,Tamil Nadu,,12.354305,77.722197,2026,2026-02-01T06:35,iNaturalist research-grade observations
6133384179,Semnopithecus entellus,"Semnopithecus entellus (Dufresne, 1797)",Animalia,,Mammalia,Primates,Cercopithecidae,Semnopithecus,India,Odisha,,19.607375,85.086163,2026,2026-02-01T16:14:44,iNaturalist research-grade observations
6133427556,Canis lupus,"Canis familiaris Linnaeus, 1758",Animalia,,Mammalia,Carnivora,Canidae,Canis,India,Uttar Pradesh,,25.413314,81.846528,2026,2026-02-02T11:20:28,iNaturalist research-grade observations
6133430267,Macaca radiata,"Macaca radiata (É.Geoffroy Saint-Hilaire, 1812)",Animalia,,Mammalia,Primates,Cercopithecidae,Macaca,India,Karnataka,,12.445909,75.685014,2026,2026-02-01T12:45:27,iNaturalist research-grade observations
6133441137,Funambulus palmarum,"Funambulus palmarum (Linnaeus, 1766)",Animalia,,Mammalia,Rodentia,Sciuridae,Funambulus,India,Tamil Nadu,,11.689698,78.170594,2026,2026-02-02T07:27:34,iNaturalist research-grade observations
6133454117,Macaca radiata,"Macaca radiata (É.Geoffroy Saint-Hilaire, 1812)",Animalia,,Mammalia,Primates,Cercopithecidae,Macaca,India,Karnataka,,12.445909,75.685014,2026,2026-02-01T12:45:58,iNaturalist research-grade observations
6133479147,Canis lupus,"Canis familiaris Linnaeus, 1758",Animalia,,Mammalia,Carnivora,Canidae,Canis,India,Jharkhand,,22.525593,85.81118,2026,2026-02-02T08:24:14,iNaturalist research-grade observations
6133486842,Macaca mulatta,"Macaca mulatta (Zimmermann, 1780)",Animalia,,Mammalia,Primates,Cercopithecidae,Macaca,India,NCT of Delhi,,28.594953,77.220435,2026,2026-02-01T10:28,iNaturalist research-grade observations
6133498567,Semnopithecus entellus,"Semnopithecus entellus (Dufresne, 1797)",Animalia,,Mammalia,Primates,Cercopithecidae,Semnopithecus,India,Madhya Pradesh,,21.706038,79.424777,2026,2026-02-01T17:01,iNaturalist research-grade observations
6133531694,Canis lupus,"Canis familiaris Linnaeus, 1758",Animalia,,Mammalia,Carnivora,Canidae,Canis,India,Karnataka,,12.328377,76.622268,2026,2026-02-01T18:38:07,iNaturalist research-grade observations
6133560279,Felis catus,"Felis catus Linnaeus, 1758",Animalia,,Mammalia,Carnivora,Felidae,Felis,India,Jharkhand,,22.525438,85.810493,2026,2026-02-01T17:48:04,iNaturalist research-grade observations
6133569535,Canis lupus,"Canis familiaris Linnaeus, 1758",Animalia,,Mammalia,Carnivora,Canidae,Canis,India,Rajasthan,,26.62875,75.032106,2026,2026-02-02T16:37:11,iNaturalist research-grade observations
6147164618,Rusa unicolor,"Rusa unicolor unicolor (Kerr, 1792)",Animalia,,Mammalia,Artiodactyla,Cervidae,Rusa,India,Rajasthan,,26.113638,76.504808,2026,2026-02-03T16:24:02,iNaturalist research-grade observations
6147167055,Pteropus medius,"Pteropus medius Temminck, 1825",Animalia,,Mammalia,Chiroptera,Pteropodidae,Pteropus,India,Telangana,,17.575394,81.255792,2026,2026-02-07T15:07:11,iNaturalist research-grade observations
6147168754,Boselaphus tragocamelus,"Boselaphus tragocamelus (Pallas, 1766)",Animalia,,Mammalia,Artiodactyla,Bovidae,Boselaphus,India,Rajasthan,,27.215186,77.503,2026,2026-02-06T19:18,iNaturalist research-grade observations
6147169640,Funambulus pennantii,"Funambulus pennantii Wroughton, 1905",Animalia,,Mammalia,Rodentia,Sciuridae,Funambulus,India,Rajasthan,,27.188978,77.511422,2026,2026-02-08T09:48,iNaturalist research-grade observations
6147170598,Funambulus pennantii,"Funambulus pennantii Wroughton, 1905",Animalia,,Mammalia,Rodentia,Sciuridae,Funambulus,India,Maharashtra,,18.492092,73.837564,2026,2026-02-08T08:34:10,iNaturalist research-grade observations
6147176297,Canis aureus,"Canis aureus indicus Hodgson, 1833",Animalia,,Mammalia,Carnivora,Canidae,Canis,India,Uttarakhand,,29.544275,79.0282,2026,2026-02-03T11:30:36,iNaturalist research-grade observations
6147183753,Pteropus medius,"Pteropus medius Temminck, 1825",Animalia,,Mammalia,Chiroptera,Pteropodidae,Pteropus,India,Maharashtra,,18.645514,73.811689,2026,2026-02-06T09:30:08,iNaturalist research-grade observations
6147189129,Antilope cervicapra,"Antilope cervicapra (Linnaeus, 1758)",Animalia,,Mammalia,Artiodactyla,Bovidae,Antilope,India,Rajasthan,,24.808883,76.097861,2026,2026-02-03T12:45:39,iNaturalist research-grade observations
6147198598,Axis axis,"Axis axis (Erxleben, 1777)",Animalia,,Mammalia,Artiodactyla,Cervidae,Axis,India,Rajasthan,,25.972038,76.413422,2026,2026-02-04T07:58,iNaturalist research-grade observations
6147204480,Canis aureus,"Canis aureus Linnaeus, 1758",Animalia,,Mammalia,Carnivora,Canidae,Canis,India,Madhya Pradesh,,26.77092,78.63332,2026,2026-02-09T09:48,iNaturalist research-grade observations
6147224022,Canis lupus,"Canis familiaris Linnaeus, 1758",Animalia,,Mammalia,Carnivora,Canidae,Canis,India,Jammu and Kashmir,,32.718802,74.867971,2026,2026-02-04T13:33:53,iNaturalist research-grade observations
6147227379,Canis aureus,"Canis aureus Linnaeus, 1758",Animalia,,Mammalia,Carnivora,Canidae,Canis,India,Rajasthan,,26.911922,75.9346,2026,2026-02-06T10:56,iNaturalist research-grade observations
6147229170,Gazella bennettii,"Gazella bennettii (Sykes, 1831)",Animalia,,Mammalia,Artiodactyla,Bovidae,Gazella,India,Rajasthan,,25.977587,76.553287,2026,2026-02-04T07:09,iNaturalist research-grade observations
6147230984,Funambulus palmarum,"Funambulus palmarum (Linnaeus, 1766)",Animalia,,Mammalia,Rodentia,Sciuridae,Funambulus,India,Karnataka,,12.913044,77.66301,2026,2026-02-08T07:17,iNaturalist research-grade observations
6147238255,Bos frontalis,"Bos gaurus C.H.Smith, 1827",Animalia,,Mammalia,Artiodactyla,Bovidae,Bos,India,Madhya Pradesh,,21.726378,79.318981,2026,2026-02-03T09:02,iNaturalist research-grade observations
6147258610,Canis aureus,"Canis aureus indicus Hodgson, 1833",Animalia,,Mammalia,Carnivora,Canidae,Canis,India,Madhya Pradesh,,21.68293,79.348449,2026,2026-02-03T10:10,iNaturalist research-grade observations
6147261523,Gazella bennettii,"Gazella bennettii (Sykes, 1831)",Animalia,,Mammalia,Artiodactyla,Bovidae,Gazella,India,Rajasthan,,24.908326,76.112243,2026,2026-02-03T13:18,iNaturalist research-grade observations
6147264577,Axis axis,"Axis axis (Erxleben, 1777)",Animalia,,Mammalia,Artiodactyla,Cervidae,Axis,India,Madhya Pradesh,,21.757298,79.375816,2026,2026-02-03T07:40,iNaturalist research-grade observations
6147279747,Funambulus pennantii,"Funambulus pennantii Wroughton, 1905",Animalia,,Mammalia,Rodentia,Sciuridae,Funambulus,India,NCT of Delhi,,28.655328,77.242628,2026,2026-02-07T12:35:35,iNaturalist research-grade observations
6147287138,Panthera tigris,"Panthera tigris tigris (Linnaeus, 1758)",Animalia,,Mammalia,Carnivora,Felidae,Panthera,India,Rajasthan,,25.937367,76.588517,2026,2026-02-05T12:42,iNaturalist research-grade observations
6147289614,Funambulus pennantii,"Funambulus pennantii Wroughton, 1905",Animalia,,Mammalia,Rodentia,Sciuridae,Funambulus,India,Uttar Pradesh,,25.385185,81.878367,2026,2026-02-08T08:59:24,iNaturalist research-grade observations
6147295782,Antilope cervicapra,"Antilope cervicapra rajputanae Zukowsky, 1927",Animalia,,Mammalia,Artiodactyla,Bovidae,Antilope,India,Gujarat,,22.039294,72.016408,2026,2026-02-07T11:00:05,iNaturalist research-grade observations
6147295799,Funambulus pennantii,"Funambulus pennantii Wroughton, 1905",Animalia,,Mammalia,Rodentia,Sciuridae,Funambulus,India,Maharashtra,,21.041165,75.570307,2026,2026-02-07T09:34,iNaturalist research-grade observations
6147301678,Felis catus,"Felis catus Linnaeus, 1758",Animalia,,Mammalia,Carnivora,Felidae,Felis,India,Punjab,,30.910665,75.833692,2026,2026-02-05T16:59,iNaturalist research-grade observations
6147302445,Gazella bennettii,"Gazella bennettii (Sykes, 1831)",Animalia,,Mammalia,Artiodactyla,Bovidae,Gazella,India,Rajasthan,,24.823734,76.094637,2026,2026-02-03T12:05,iNaturalist research-grade observations
6147313122,Rusa unicolor,"Rusa unicolor unicolor (Kerr, 1792)",Animalia,,Mammalia,Artiodactyla,Cervidae,Rusa,India,Rajasthan,,25.925421,76.452833,2026,2026-02-05T19:14,iNaturalist research-grade observations
6147317249,Semnopithecus schistaceus,"Semnopithecus schistaceus Hodgson, 1840",Animalia,,Mammalia,Primates,Cercopithecidae,Semnopithecus,India,Uttarakhand,,29.156128,80.190372,2026,2026-02-05T10:35:06,iNaturalist research-grade observations
6147329147,Pteropus medius,"Pteropus medius Temminck, 1825",Animalia,,Mammalia,Chiroptera,Pteropodidae,Pteropus,India,Assam,,26.188847,91.742583,2026,2026-02-07T13:00:32,iNaturalist research-grade observations
6147329196,Prionailurus viverrinus,"Prionailurus viverrinus (Bennett, 1833)",Animalia,,Mammalia,Carnivora,Felidae,Prionailurus,India,Odisha,,20.631417,86.85574,2026,2026-02-06T20:32:02,iNaturalist research-grade observations
6147333323,Funambulus pennantii,"Funambulus pennantii Wroughton, 1905",Animalia,,Mammalia,Rodentia,Sciuridae,Funambulus,India,Maharashtra,,18.49205,73.837589,2026,2026-02-08T08:32:01,iNaturalist research-grade observations
6147337766,Viverricula indica,"Viverricula indica (É.Geoffroy Saint-Hilaire, 1803)",Animalia,,Mammalia,Carnivora,Viverridae,Viverricula,India,Rajasthan,,25.042469,75.71049,2026,2026-02-04T09:26,iNaturalist research-grade observations
6147343776,Pteropus medius,"Pteropus medius Temminck, 1825",Animalia,,Mammalia,Chiroptera,Pteropodidae,Pteropus,India,Telangana,,17.431498,78.476956,2026,2026-02-03T16:44:51,iNaturalist research-grade observations
6147349006,Boselaphus tragocamelus,"Boselaphus tragocamelus (Pallas, 1766)",Animalia,,Mammalia,Artiodactyla,Bovidae,Boselaphus,India,Rajasthan,,27.178436,77.518225,2026,2026-02-09T17:25:37,iNaturalist research-grade observations
6147352648,Macaca mulatta,"Macaca mulatta (Zimmermann, 1780)",Animalia,,Mammalia,Primates,Cercopithecidae,Macaca,India,Rajasthan,,27.188978,77.511422,2026,2026-02-08T07:58,iNaturalist research-grade observations
6147358521,Hyaena hyaena,"Hyaena hyaena hyaena (Linnaeus, 1758)",Animalia,,Mammalia,Carnivora,Hyaenidae,Hyaena,India,Gujarat,,23.432178,71.232178,2026,2026-02-02T19:07,iNaturalist research-grade observations
5938127049,Acridotheres fuscus,"Acridotheres fuscus (Wagler, 1827)",Animalia,,Aves,Passeriformes,Sturnidae,Acridotheres,India,Karnataka,,13.508962,77.659814,2026,2026-01-04T07:33,iNaturalist research-grade observations
5938127514,Anas acuta,"Anas acuta Linnaeus, 1758",Animalia,,Aves,Anseriformes,Anatidae,Anas,India,Tamil Nadu,,12.717904,80.212587,2026,2026-01-02T07:58,iNaturalist research-grade observations
5938127718,Motacilla flava,"Motacilla flava Linnaeus, 1758",Animalia,,Aves,Passeriformes,Motacillidae,Motacilla,India,Madhya Pradesh,,21.336842,76.506083,2026,2026-01-03T17:15,iNaturalist research-grade observations
5938129009,Anas poecilorhyncha,"Anas poecilorhyncha J.R.Forster, 1781",Animalia,,Aves,Anseriformes,Anatidae,Anas,India,Madhya Pradesh,,21.531662,76.735081,2026,2026-01-04T13:31,iNaturalist research-grade observations
5938129692,Anastomus oscitans,"Anastomus oscitans (Boddaert, 1783)",Animalia,,Aves,Ciconiiformes,Ciconiidae,Anastomus,India,Assam,,26.961695,94.628059,2026,2026-01-04T10:39:18,iNaturalist research-grade observations
5938129733,Emberiza bruniceps,"Emberiza bruniceps J.F.Brandt, 1841",Animalia,,Aves,Passeriformes,Emberizidae,Emberiza,India,Gujarat,,22.826225,72.107686,2026,2026-01-01T08:21,iNaturalist research-grade observations
5938129734,Ficedula parva,"Ficedula parva (Bechstein, 1792)",Animalia,,Aves,Passeriformes,Muscicapidae,Ficedula,India,Gujarat,,22.828261,72.056125,2026,2026-01-01T11:06,iNaturalist research-grade observations
5938129835,Spilopelia senegalensis,"Spilopelia senegalensis (Linnaeus, 1766)",Animalia,,Aves,Columbiformes,Columbidae,Spilopelia,India,Madhya Pradesh,,21.531662,76.735081,2026,2026-01-04T13:15,iNaturalist research-grade observations
5938130011,Columba livia,"Columba livia var. domestica J.F.Gmelin, 1789",Animalia,,Aves,Columbiformes,Columbidae,Columba,India,NCT of Delhi,,28.592737,77.246178,2026,2026-01-04T08:41:32,iNaturalist research-grade observations
5938131147,Leiopicus mahrattensis,"Leiopicus mahrattensis (Latham, 1801)",Animalia,,Aves,Piciformes,Picidae,Leiopicus,India,Karnataka,,12.819702,77.548591,2026,2026-01-04T10:23,iNaturalist research-grade observations
5938131157,Pavo cristatus,"Pavo cristatus Linnaeus, 1758",Animalia,,Aves,Galliformes,Phasianidae,Pavo,India,Himachal Pradesh,,31.420429,76.733478,2026,2026-01-04T16:39:12,iNaturalist research-grade observations
5938131802,"Ardea Linnaeus, 1758","Ardea Linnaeus, 1758",Animalia,,Aves,Pelecaniformes,Ardeidae,Ardea,India,Uttar Pradesh,,25.406873,81.847398,2026,2026-01-03T09:20:08,iNaturalist research-grade observations
5938132332,Petrochelidon fluvicola,"Petrochelidon fluvicola (Blyth, 1855)",Animalia,,Aves,Passeriformes,Hirundinidae,Petrochelidon,India,Karnataka,,12.819064,77.549331,2026,2026-01-04T10:27,iNaturalist research-grade observations
5938132940,Merops orientalis,"Merops orientalis Latham, 1801",Animalia,,Aves,Coraciiformes,Meropidae,Merops,India,West Bengal,,22.444103,88.301862,2026,2026-01-02T14:43:53,iNaturalist research-grade observations
5938133406,Ardeola grayii,"Ardeola grayii (Sykes, 1832)",Animalia,,Aves,Pelecaniformes,Ardeidae,Ardeola,India,Uttar Pradesh,,25.406995,81.847189,2026,2026-01-03T11:06:50,iNaturalist research-grade observations
5938133476,Egretta garzetta,"Egretta garzetta (Linnaeus, 1766)",Animalia,,Aves,Pelecaniformes,Ardeidae,Egretta,India,Maharashtra,,19.151039,72.9563,2026,2026-01-01T11:19:20,iNaturalist research-grade observations
5938133484,Ceryle rudis,"Ceryle rudis (Linnaeus, 1758)",Animalia,,Aves,Coraciiformes,Alcedinidae,Ceryle,India,Gujarat,,22.15915,73.476745,2026,2026-01-02T10:43:17,iNaturalist research-grade observations
5938135983,Xenus cinereus,"Xenus cinereus (Güldenstädt, 1775)",Animalia,,Aves,Charadriiformes,Scolopacidae,Xenus,India,Karnataka,,13.632324,74.670222,2026,2026-01-01T10:02,iNaturalist research-grade observations
5938136900,Upupa epops,"Upupa epops Linnaeus, 1758",Animalia,,Aves,Bucerotiformes,Upupidae,Upupa,India,Gujarat,,22.822077,72.107402,2026,2026-01-01T08:52,iNaturalist research-grade observations
5938138294,Tringa glareola,"Tringa glareola Linnaeus, 1758",Animalia,,Aves,Charadriiformes,Scolopacidae,Tringa,India,Kerala,,9.108494,76.483687,2026,2026-01-03T17:58,iNaturalist research-grade observations
5938140431,Pycnonotus cafer,"Pycnonotus cafer (Linnaeus, 1766)",Animalia,,Aves,Passeriformes,Pycnonotidae,Pycnonotus,India,NCT of Delhi,,28.592972,77.24553,2026,2026-01-04T08:34:51,iNaturalist research-grade observations
5938140701,Terpsiphone paradisi,"Terpsiphone paradisi (Linnaeus, 1758)",Animalia,,Aves,Passeriformes,Monarchidae,Terpsiphone,India,Kerala,,11.822939,75.429297,2026,2026-01-03T13:12:35,iNaturalist research-grade observations
5938143008,Riparia riparia,"Riparia riparia (Linnaeus, 1758)",Animalia,,Aves,Passeriformes,Hirundinidae,Riparia,India,Gujarat,,22.877573,72.059614,2026,2026-01-02T10:37,iNaturalist research-grade observations
5938146060,Vanellus indicus,"Vanellus indicus (Boddaert, 1783)",Animalia,,Aves,Charadriiformes,Charadriidae,Vanellus,India,Madhya Pradesh,,21.531662,76.735081,2026,2026-01-04T13:39,iNaturalist research-grade observations
5938146073,Motacilla flava,"Motacilla flava Linnaeus, 1758",Animalia,,Aves,Passeriformes,Motacillidae,Motacilla,India,Madhya Pradesh,,21.336842,76.506083,2026,2026-01-03T17:17,iNaturalist research-grade observations
5938146436,Grus grus,"Grus grus (Linnaeus, 1758)",Animalia,,Aves,Gruiformes,Gruidae,Grus,India,Gujarat,,22.861598,72.059828,2026,2026-01-01T17:21:44,iNaturalist research-grade observations
5938147106,Merops leschenaulti,"Merops leschenaulti Vieillot, 1817",Animalia,,Aves,Coraciiformes,Meropidae,Merops,India,Karnataka,,12.311931,77.276921,2026,2026-01-03T10:12,iNaturalist research-grade observations
5938147333,Anas poecilorhyncha,"Anas poecilorhyncha J.R.Forster, 1781",Animalia,,Aves,Anseriformes,Anatidae,Anas,India,Telangana,,17.457886,78.357617,2026,2026-01-01T15:32:53,iNaturalist research-grade observations
5938147336,Mycteria leucocephala,"Mycteria leucocephala (Pennant, 1769)",Animalia,,Aves,Ciconiiformes,Ciconiidae,Mycteria,India,Gujarat,,22.886435,72.073367,2026,2026-01-01T14:49:24,iNaturalist research-grade observations
5938148799,Gallinula chloropus,"Gallinula chloropus (Linnaeus, 1758)",Animalia,,Aves,Gruiformes,Rallidae,Gallinula,India,Telangana,,17.435375,78.391886,2026,2026-01-01T08:00:48,iNaturalist research-grade observations
5938149457,Mycteria leucocephala,"Mycteria leucocephala (Pennant, 1769)",Animalia,,Aves,Ciconiiformes,Ciconiidae,Mycteria,India,Tamil Nadu,,11.891788,77.771567,2026,2026-01-03T14:57,iNaturalist research-grade observations
5938149506,Coracina macei,"Coracina macei (Lesson, 1831)",Animalia,,Aves,Passeriformes,Campephagidae,Coracina,India,Tamil Nadu,,8.491335,77.348111,2026,2026-01-05T13:15:08,iNaturalist research-grade observations
5938150135,Vanellus indicus,"Vanellus indicus (Boddaert, 1783)",Animalia,,Aves,Charadriiformes,Charadriidae,Vanellus,India,Tripura,,24.173516,92.01986,2026,2026-01-02T15:24:35,iNaturalist research-grade observations
5938150144,Psittacula krameri,"Psittacula krameri manillensis (Bechstein, 1800)",Animalia,,Aves,Psittaciformes,Psittacidae,Psittacula,India,NCT of Delhi,,28.59325,77.2473,2026,2026-01-01T11:14,iNaturalist research-grade observations
5938150765,Dendrocitta vagabunda,"Dendrocitta vagabunda (Latham, 1790)",Animalia,,Aves,Passeriformes,Corvidae,Dendrocitta,India,NCT of Delhi,,28.735939,77.137908,2026,2026-01-04T12:13:30,iNaturalist research-grade observations
5938151122,Pericrocotus cinnamomeus,"Pericrocotus cinnamomeus (Linnaeus, 1766)",Animalia,,Aves,Passeriformes,Campephagidae,Pericrocotus,India,Andaman and Nicobar,,12.000611,93.007095,2026,2026-01-01T06:06:13,iNaturalist research-grade observations
5938154671,Anthropoides virgo,"Grus virgo (Linnaeus, 1758)",Animalia,,Aves,Gruiformes,Gruidae,Anthropoides,India,Gujarat,,22.912648,71.953344,2026,2026-01-02T17:18,iNaturalist research-grade observations
5938154819,"Ardea Linnaeus, 1758","Ardea Linnaeus, 1758",Animalia,,Aves,Pelecaniformes,Ardeidae,Ardea,India,Gujarat,,22.826038,72.107668,2026,2026-01-01T07:56,iNaturalist research-grade observations
5938155334,Oena capensis,"Oena capensis (Linnaeus, 1766)",Animalia,,Aves,Columbiformes,Columbidae,Oena,India,Gujarat,,22.864537,72.058465,2026,2026-01-01T17:28,iNaturalist research-grade observations
5938155745,Porphyrio porphyrio,"Porphyrio poliocephalus (Latham, 1801)",Animalia,,Aves,Gruiformes,Rallidae,Porphyrio,India,Gujarat,,22.831356,72.046019,2026,2026-01-01T14:00,iNaturalist research-grade observations
5938156409,Hypothymis azurea,"Hypothymis azurea (Boddaert, 1783)",Animalia,,Aves,Passeriformes,Monarchidae,Hypothymis,India,Maharashtra,,15.722319,73.978621,2026,2026-01-02T17:59:35,iNaturalist research-grade observations
5938156488,Ardeola grayii,"Ardeola grayii (Sykes, 1832)",Animalia,,Aves,Pelecaniformes,Ardeidae,Ardeola,India,Maharashtra,,19.140211,72.962725,2026,2026-01-03T09:47:39,iNaturalist research-grade observations
5938156700,"Ardea Linnaeus, 1758","Ardea Linnaeus, 1758",Animalia,,Aves,Pelecaniformes,Ardeidae,Ardea,India,Gujarat,,22.153766,73.489612,2026,2026-01-02T10:31:40,iNaturalist research-grade observations
5938156975,Ardea alba,"Ardea alba Linnaeus, 1758",Animalia,,Aves,Pelecaniformes,Ardeidae,Ardea,India,Maharashtra,,19.016591,73.00594,2026,2026-01-04T10:10,iNaturalist research-grade observations
5938157102,Emberiza buchanani,"Emberiza buchanani Blyth, 1845",Animalia,,Aves,Passeriformes,Emberizidae,Emberiza,India,Maharashtra,,19.016591,73.00594,2026,2026-01-04T09:52,iNaturalist research-grade observations
5938157221,Alcedo atthis,"Alcedo atthis (Linnaeus, 1758)",Animalia,,Aves,Coraciiformes,Alcedinidae,Alcedo,India,Tamil Nadu,,10.886472,79.096417,2026,2026-01-05T08:15:03,iNaturalist research-grade observations
5938162588,Ocyceros birostris,"Ocyceros birostris (Scopoli, 1786)",Animalia,,Aves,Bucerotiformes,Bucerotidae,Ocyceros,India,Karnataka,,12.310958,76.630429,2026,2026-01-02T07:21,iNaturalist research-grade observations
5938163113,Lanius vittatus,"Lanius vittatus Valenciennes, 1826",Animalia,,Aves,Passeriformes,Laniidae,Lanius,India,Gujarat,,22.826526,72.106732,2026,2026-01-01T08:32:49,iNaturalist research-grade observations
5938164813,Ardeola grayii,"Ardeola grayii (Sykes, 1832)",Animalia,,Aves,Pelecaniformes,Ardeidae,Ardeola,India,Tamil Nadu,,12.804274,80.245152,2026,2026-01-02T10:31,iNaturalist research-grade observations
5938165040,Oriolus traillii,"Oriolus traillii (Vigors, 1832)",Animalia,,Aves,Passeriformes,Oriolidae,Oriolus,India,Uttarakhand,,30.441508,77.677328,2026,2026-01-03T09:37:08,iNaturalist research-grade observations
5938165723,Phoeniconaias minor,"Phoeniconaias minor (É.Geoffroy Saint-Hilaire, 1798)",Animalia,,Aves,Phoenicopteriformes,Phoenicopteridae,Phoeniconaias,India,Gujarat,,24.559563,71.313599,2026,2026-01-04,iNaturalist research-grade observations
5938166310,Pastor roseus,"Pastor roseus (Linnaeus, 1758)",Animalia,,Aves,Passeriformes,Sturnidae,Pastor,India,Madhya Pradesh,,21.370947,76.64796,2026,2026-01-03T12:37,iNaturalist research-grade observations
5938167087,Parus cinereus,"Parus cinereus Vieillot, 1818",Animalia,,Aves,Passeriformes,Paridae,Parus,India,Karnataka,,12.881619,77.688651,2026,2026-01-01T16:39,iNaturalist research-grade observations
5938167109,Columba livia,"Columba livia var. domestica J.F.Gmelin, 1789",Animalia,,Aves,Columbiformes,Columbidae,Columba,India,Karnataka,,12.957147,77.719728,2026,2026-01-04T17:27:50,iNaturalist research-grade observations
5938168172,Motacilla tschutschensis,"Motacilla tschutschensis Gmelin, 1789",Animalia,,Aves,Passeriformes,Motacillidae,Motacilla,India,Madhya Pradesh,,21.336842,76.506083,2026,2026-01-03T16:58,iNaturalist research-grade observations
5938168193,Dicrurus macrocercus,"Dicrurus macrocercus Vieillot, 1817",Animalia,,Aves,Passeriformes,Dicruridae,Dicrurus,India,Goa,,15.293766,73.909387,2026,2026-01-04T03:39:15,iNaturalist research-grade observations
5938169016,Himantopus himantopus,"Himantopus himantopus (Linnaeus, 1758)",Animalia,,Aves,Charadriiformes,Recurvirostridae,Himantopus,India,Tamil Nadu,,12.717904,80.212587,2026,2026-01-02T09:12,iNaturalist research-grade observations
5938169178,Ardea alba,"Ardea alba Linnaeus, 1758",Animalia,,Aves,Pelecaniformes,Ardeidae,Ardea,India,Karnataka,,12.918313,77.680097,2026,2026-01-04T09:01,iNaturalist research-grade observations
5938169423,Falco peregrinus,"Falco peregrinus Tunstall, 1771",Animalia,,Aves,Falconiformes,Falconidae,Falco,India,West Bengal,,22.609095,88.463621,2026,2026-01-01T13:32:08,iNaturalist research-grade observations
5938171493,Pastor roseus,"Pastor roseus (Linnaeus, 1758)",Animalia,,Aves,Passeriformes,Sturnidae,Pastor,India,Tamil Nadu,,11.709213,78.191376,2026,2026-01-01T11:21:09,iNaturalist research-grade observations
5938172432,Actitis hypoleucos,"Actitis hypoleucos (Linnaeus, 1758)",Animalia,,Aves,Charadriiformes,Scolopacidae,Actitis,India,Kerala,,11.818072,75.432014,2026,2026-01-04T18:08:32,iNaturalist research-grade observations
5938172685,Vanellus indicus,"Vanellus indicus (Boddaert, 1783)",Animalia,,Aves,Charadriiformes,Charadriidae,Vanellus,India,Rajasthan,,27.031872,75.8877,2026,2026-01-04T11:24:17,iNaturalist research-grade observations
5938172884,Turdoides striata,"Argya striata (Dumont, 1823)",Animalia,,Aves,Passeriformes,Leiothrichidae,Turdoides,India,Uttar Pradesh,,25.406964,81.847154,2026,2026-01-03T09:13:53,iNaturalist research-grade observations
5938173321,Pastor roseus,"Pastor roseus (Linnaeus, 1758)",Animalia,,Aves,Passeriformes,Sturnidae,Pastor,India,Gujarat,,23.030242,72.57593,2026,2026-01-04T07:57:56,iNaturalist research-grade observations
5938173404,Ortygornis pondicerianus,"Ortygornis pondicerianus (J.F.Gmelin, 1789)",Animalia,,Aves,Galliformes,Phasianidae,Ortygornis,India,Gujarat,,22.822983,72.107057,2026,2026-01-01T08:50,iNaturalist research-grade observations
5938174446,"Ardea Linnaeus, 1758","Ardea Linnaeus, 1758",Animalia,,Aves,Pelecaniformes,Ardeidae,Ardea,India,Tamil Nadu,,10.797467,77.108606,2026,2026-01-03T16:53:32,iNaturalist research-grade observations
5938176253,Merops orientalis,"Merops orientalis Latham, 1801",Animalia,,Aves,Coraciiformes,Meropidae,Merops,India,Gujarat,,23.487694,72.657022,2026,2026-01-01T10:01,iNaturalist research-grade observations
5938176790,Microcarbo niger,"Microcarbo niger (Vieillot, 1817)",Animalia,,Aves,Suliformes,Phalacrocoracidae,Microcarbo,India,Telangana,,17.435375,78.391886,2026,2026-01-01T08:03:05,iNaturalist research-grade observations
5938177346,Hypothymis azurea,"Hypothymis azurea (Boddaert, 1783)",Animalia,,Aves,Passeriformes,Monarchidae,Hypothymis,India,Andaman and Nicobar,,12.000611,93.007095,2026,2026-01-01T06:39:59,iNaturalist research-grade observations
5938177352,Tringa glareola,"Tringa glareola Linnaeus, 1758",Animalia,,Aves,Charadriiformes,Scolopacidae,Tringa,India,Tamil Nadu,,11.891788,77.771567,2026,2026-01-01T15:38,iNaturalist research-grade observations
5938177484,Mycteria leucocephala,"Mycteria leucocephala (Pennant, 1769)",Animalia,,Aves,Ciconiiformes,Ciconiidae,Mycteria,India,Tamil Nadu,,12.717904,80.212587,2026,2026-01-02T08:21,iNaturalist research-grade observations
5938180035,Ardeola grayii,"Ardeola grayii (Sykes, 1832)",Animalia,,Aves,Pelecaniformes,Ardeidae,Ardeola,India,Karnataka,,13.753139,76.855628,2026,2026-01-01T17:28:31,iNaturalist research-grade observations
5938180565,Merops philippinus,"Merops philippinus Linnaeus, 1767",Animalia,,Aves,Coraciiformes,Meropidae,Merops,India,Tamil Nadu,,12.953475,80.244637,2026,2026-01-04T15:09,iNaturalist research-grade observations
5938180634,Grus grus,"Grus grus (Linnaeus, 1758)",Animalia,,Aves,Gruiformes,Gruidae,Grus,India,Gujarat,,22.900637,72.092681,2026,2026-01-02T09:24,iNaturalist research-grade observations
5938180765,Copsychus saularis,"Copsychus saularis (Linnaeus, 1758)",Animalia,,Aves,Passeriformes,Muscicapidae,Copsychus,India,Uttar Pradesh,,25.413314,81.846528,2026,2026-01-05T10:44:18,iNaturalist research-grade observations
5938180787,Prinia sylvatica,"Prinia sylvatica Jerdon, 1840",Animalia,,Aves,Passeriformes,Cisticolidae,Prinia,India,Tamil Nadu,,12.331988,80.015875,2026,2026-01-04T09:04,iNaturalist research-grade observations
5938181584,Metopidius indicus,"Metopidius indicus (Latham, 1790)",Animalia,,Aves,Charadriiformes,Jacanidae,Metopidius,India,West Bengal,,22.443417,88.301768,2026,2026-01-02T14:30:50,iNaturalist research-grade observations
5938181732,Coracias benghalensis,"Coracias benghalensis (Linnaeus, 1758)",Animalia,,Aves,Coraciiformes,Coraciidae,Coracias,India,Gujarat,,22.148737,73.484473,2026,2026-01-02T10:27:44,iNaturalist research-grade observations
5938182954,Ceryle rudis,"Ceryle rudis (Linnaeus, 1758)",Animalia,,Aves,Coraciiformes,Alcedinidae,Ceryle,India,Madhya Pradesh,,21.370947,76.64796,2026,2026-01-03T11:34,iNaturalist research-grade observations
5938183686,Porzana porzana,"Porzana porzana (Linnaeus, 1766)",Animalia,,Aves,Gruiformes,Rallidae,Porzana,India,Gujarat,,22.895941,72.090636,2026,2026-01-02T08:56,iNaturalist research-grade observations
5938184204,"Tachyspiza Kaup, 1844","Tachyspiza Kaup, 1844",Animalia,,Aves,,,Tachyspiza,India,Uttar Pradesh,,25.407143,81.847234,2026,2026-01-03T07:45,iNaturalist research-grade observations
5938185071,Mycteria leucocephala,"Mycteria leucocephala (Pennant, 1769)",Animalia,,Aves,Ciconiiformes,Ciconiidae,Mycteria,India,Tamil Nadu,,12.717904,80.212587,2026,2026-01-02T07:44,iNaturalist research-grade observations
5938185262,Ardea alba,"Ardea alba Linnaeus, 1758",Animalia,,Aves,Pelecaniformes,Ardeidae,Ardea,India,Maharashtra,,19.016591,73.00594,2026,2026-01-04T09:25,iNaturalist research-grade observations
5938185270,Halcyon smyrnensis,"Halcyon smyrnensis (Linnaeus, 1758)",Animalia,,Aves,Coraciiformes,Alcedinidae,Halcyon,India,Karnataka,,15.859912,74.499901,2026,2026-01-04T13:12:44,iNaturalist research-grade observations
5938185810,Amaurornis phoenicurus,"Amaurornis phoenicurus (Pennant, 1769)",Animalia,,Aves,Gruiformes,Rallidae,Amaurornis,India,Karnataka,,12.310395,76.630441,2026,2026-01-02T07:06,iNaturalist research-grade observations
5938185970,Milvus migrans,"Milvus migrans (Boddaert, 1783)",Animalia,,Aves,Accipitriformes,Accipitridae,Milvus,India,Maharashtra,,19.141906,72.964628,2026,2026-01-04T09:50,iNaturalist research-grade observations
5938186445,Merops philippinus,"Merops philippinus Linnaeus, 1767",Animalia,,Aves,Coraciiformes,Meropidae,Merops,India,Tamil Nadu,,13.123341,80.198693,2026,2026-01-03T15:42:40,iNaturalist research-grade observations
5938186881,Tringa glareola,"Tringa glareola Linnaeus, 1758",Animalia,,Aves,Charadriiformes,Scolopacidae,Tringa,India,Maharashtra,,19.016591,73.00594,2026,2026-01-04T08:10,iNaturalist research-grade observations
5938187456,Anastomus oscitans,"Anastomus oscitans (Boddaert, 1783)",Animalia,,Aves,Ciconiiformes,Ciconiidae,Anastomus,India,Tamil Nadu,,12.81755,77.824913,2026,2026-01-04T08:48:13,iNaturalist research-grade observations
5938187614,Ocyceros birostris,"Ocyceros birostris (Scopoli, 1786)",Animalia,,Aves,Bucerotiformes,Bucerotidae,Ocyceros,India,Uttarakhand,,30.441719,77.676804,2026,2026-01-03T09:40:29,iNaturalist research-grade observations
5938188211,Halcyon smyrnensis,"Halcyon smyrnensis (Linnaeus, 1758)",Animalia,,Aves,Coraciiformes,Alcedinidae,Halcyon,India,Rajasthan,,26.027345,76.446747,2026,2026-01-04T14:26,iNaturalist research-grade observations
5938188235,Acridotheres tristis,"Acridotheres tristis (Linnaeus, 1766)",Animalia,,Aves,Passeriformes,Sturnidae,Acridotheres,India,Madhya Pradesh,,21.336842,76.506083,2026,2026-01-03T17:22,iNaturalist research-grade observations
5938189310,Milvus migrans,"Milvus migrans (Boddaert, 1783)",Animalia,,Aves,Accipitriformes,Accipitridae,Milvus,India,Maharashtra,,19.140264,72.958997,2026,2026-01-03T07:48:51,iNaturalist research-grade observations
5938189766,Hirundo smithii,"Hirundo smithii Leach & K.D.Koenig, 1818",Animalia,,Aves,Passeriformes,Hirundinidae,Hirundo,India,Maharashtra,,19.141906,72.964628,2026,2026-01-04T10:23,iNaturalist research-grade observations
5938189996,Tringa totanus,"Tringa totanus (Linnaeus, 1758)",Animalia,,Aves,Charadriiformes,Scolopacidae,Tringa,India,Tamil Nadu,,12.80469,80.241398,2026,2026-01-02T12:37,iNaturalist research-grade observations
5938190418,Chroicocephalus brunnicephalus,"Chroicocephalus brunnicephalus (Jerdon, 1840)",Animalia,,Aves,Charadriiformes,Laridae,Chroicocephalus,India,Tamil Nadu,,11.891788,77.771567,2026,2026-01-01T17:01,iNaturalist research-grade observations
5938191863,Mycteria leucocephala,"Mycteria leucocephala (Pennant, 1769)",Animalia,,Aves,Ciconiiformes,Ciconiidae,Mycteria,India,Tamil Nadu,,12.782749,80.236628,2026,2026-01-02T12:12,iNaturalist research-grade observations
5938192378,Pavo cristatus,"Pavo cristatus Linnaeus, 1758",Animalia,,Aves,Galliformes,Phasianidae,Pavo,India,Telangana,,17.454561,78.360281,2026,2026-01-01T14:58:41,iNaturalist research-grade observations
5938193040,Lanius schach,"Lanius schach Linnaeus, 1758",Animalia,,Aves,Passeriformes,Laniidae,Lanius,India,Tamil Nadu,,11.071058,77.053314,2026,2026-01-03T09:10:42,iNaturalist research-grade observations
5938194062,Anas acuta,"Anas acuta Linnaeus, 1758",Animalia,,Aves,Anseriformes,Anatidae,Anas,India,Maharashtra,,19.015496,73.006286,2026,2026-01-02T09:11,iNaturalist research-grade observations
5938195306,Copsychus saularis,"Copsychus saularis ceylonensis P.L.Sclater, 1861",Animalia,,Aves,Passeriformes,Muscicapidae,Copsychus,India,Kerala,,10.04137,76.325748,2026,2026-01-05T09:29,iNaturalist research-grade observations
5938195784,Pycnonotus jocosus,"Pycnonotus jocosus (Linnaeus, 1758)",Animalia,,Aves,Passeriformes,Pycnonotidae,Pycnonotus,India,Tamil Nadu,,11.467395,77.794523,2026,2026-01-01T11:28,iNaturalist research-grade observations
5938196084,Streptopelia orientalis,"Streptopelia orientalis (Latham, 1790)",Animalia,,Aves,Columbiformes,Columbidae,Streptopelia,India,Uttarakhand,,30.284883,77.97573,2026,2026-01-02T10:43:42,iNaturalist research-grade observations
5938196138,Clamator jacobinus,"Clamator jacobinus (Boddaert, 1783)",Animalia,,Aves,Cuculiformes,Cuculidae,Clamator,India,Tamil Nadu,,11.891788,77.771567,2026,2026-01-03T16:06,iNaturalist research-grade observations
5938196145,Spatula clypeata,"Spatula clypeata (Linnaeus, 1758)",Animalia,,Aves,Anseriformes,Anatidae,Spatula,India,Madhya Pradesh,,21.370947,76.64796,2026,2026-01-03T09:51,iNaturalist research-grade observations
5938199007,Columba livia,"Columba livia var. domestica J.F.Gmelin, 1789",Animalia,,Aves,Columbiformes,Columbidae,Columba,India,Telangana,,17.420675,78.544583,2026,2026-01-02T07:41:46,iNaturalist research-grade observations
5938200305,Vanellus malabaricus,"Vanellus malabaricus (Boddaert, 1783)",Animalia,,Aves,Charadriiformes,Charadriidae,Vanellus,India,Gujarat,,22.821777,72.092391,2026,2026-01-01T09:54:24,iNaturalist research-grade observations
5938200727,Dicrurus andamanensis,"Dicrurus andamanensis Beavan, 1867",Animalia,,Aves,Passeriformes,Dicruridae,Dicrurus,India,Andaman and Nicobar,,12.000611,93.007095,2026,2026-01-01T06:38:50,iNaturalist research-grade observations
5938201584,Motacilla maderaspatensis,"Motacilla maderaspatensis Gmelin, 1789",Animalia,,Aves,Passeriformes,Motacillidae,Motacilla,India,Karnataka,,13.223034,77.755507,2026,2026-01-05T10:48:56,iNaturalist research-grade observations
5938201895,Anser cygnoides,Anser cygnoides f. domesticus,Animalia,,Aves,Anseriformes,Anatidae,Anser,India,Maharashtra,,19.245019,73.183336,2026,2026-01-05T08:29:15,iNaturalist research-grade observations
5938202005,Dendrocitta vagabunda,"Dendrocitta vagabunda (Latham, 1790)",Animalia,,Aves,Passeriformes,Corvidae,Dendrocitta,India,Kerala,,9.790369,76.304696,2026,2026-01-04T14:33:21,iNaturalist research-grade observations
5938202173,Egretta garzetta,"Egretta garzetta (Linnaeus, 1766)",Animalia,,Aves,Pelecaniformes,Ardeidae,Egretta,India,Kerala,,11.817847,75.432531,2026,2026-01-04T17:35:56,iNaturalist research-grade observations
5938203552,Eudynamys scolopaceus,"Eudynamys scolopaceus (Linnaeus, 1758)",Animalia,,Aves,Cuculiformes,Cuculidae,Eudynamys,India,Karnataka,,12.311931,77.276921,2026,2026-01-03T07:11,iNaturalist research-grade observations
5938203744,Merops philippinus,"Merops philippinus Linnaeus, 1767",Animalia,,Aves,Coraciiformes,Meropidae,Merops,India,Maharashtra,,15.725755,73.988481,2026,2026-01-02T17:05:16,iNaturalist research-grade observations
5938204402,Ardeola grayii,"Ardeola grayii (Sykes, 1832)",Animalia,,Aves,Pelecaniformes,Ardeidae,Ardeola,India,Uttar Pradesh,,25.407018,81.847236,2026,2026-01-03T11:07:32,iNaturalist research-grade observations
5938204461,Pycnonotus jocosus,"Pycnonotus jocosus (Linnaeus, 1758)",Animalia,,Aves,Passeriformes,Pycnonotidae,Pycnonotus,India,Kerala,,8.520705,76.907678,2026,2026-01-03T17:47:20,iNaturalist research-grade observations
5938204692,Anthus similis,"Anthus similis (Jerdon, 1840)",Animalia,,Aves,Passeriformes,Motacillidae,Anthus,India,Gujarat,,22.861722,72.061417,2026,2026-01-01T17:44,iNaturalist research-grade observations
5938204837,Anas acuta,"Anas acuta Linnaeus, 1758",Animalia,,Aves,Anseriformes,Anatidae,Anas,India,Madhya Pradesh,,21.336842,76.506083,2026,2026-01-03T16:44,iNaturalist research-grade observations
5938206562,Pelecanus philippensis,"Pelecanus philippensis Gmelin, 1789",Animalia,,Aves,Pelecaniformes,Pelecanidae,Pelecanus,India,Tamil Nadu,,12.82371,80.231721,2026,2026-01-02T12:38,iNaturalist research-grade observations
5938206710,Vanellus indicus,"Vanellus indicus (Boddaert, 1783)",Animalia,,Aves,Charadriiformes,Charadriidae,Vanellus,India,Karnataka,,12.918313,77.680097,2026,2026-01-04T07:32,iNaturalist research-grade observations
5938208372,Parus cinereus,"Parus cinereus Vieillot, 1818",Animalia,,Aves,Passeriformes,Paridae,Parus,India,Maharashtra,,18.641597,73.80965,2026,2026-01-01T14:27:28,iNaturalist research-grade observations
5938208837,Amaurornis phoenicurus,"Amaurornis phoenicurus (Pennant, 1769)",Animalia,,Aves,Gruiformes,Rallidae,Amaurornis,India,West Bengal,,22.446097,88.301392,2026,2026-01-05T13:31:46,iNaturalist research-grade observations
5938210564,Acridotheres tristis,"Acridotheres tristis (Linnaeus, 1766)",Animalia,,Aves,Passeriformes,Sturnidae,Acridotheres,India,NCT of Delhi,,28.552195,77.252198,2026,2026-01-05T10:41:24,iNaturalist research-grade observations
5938210872,Columba livia,"Columba livia var. domestica J.F.Gmelin, 1789",Animalia,,Aves,Columbiformes,Columbidae,Columba,India,Maharashtra,,18.509611,73.816764,2026,2026-01-04T15:35:19,iNaturalist research-grade observations
5938211842,Tringa ochropus,"Tringa ochropus Linnaeus, 1758",Animalia,,Aves,Charadriiformes,Scolopacidae,Tringa,India,Tamil Nadu,,12.870721,80.234964,2026,2026-01-03T09:04,iNaturalist research-grade observations
5938211873,Spilopelia chinensis,"Spilopelia chinensis (Scopoli, 1786)",Animalia,,Aves,Columbiformes,Columbidae,Spilopelia,India,Karnataka,,12.311931,77.276921,2026,2026-01-03T08:15,iNaturalist research-grade observations
5938211885,Mycteria leucocephala,"Mycteria leucocephala (Pennant, 1769)",Animalia,,Aves,Ciconiiformes,Ciconiidae,Mycteria,India,Tamil Nadu,,12.782749,80.236628,2026,2026-01-02T12:15,iNaturalist research-grade observations
5938212043,Amaurornis phoenicurus,"Amaurornis phoenicurus (Pennant, 1769)",Animalia,,Aves,Gruiformes,Rallidae,Amaurornis,India,Goa,,15.293633,73.909694,2026,2026-01-04T01:46:12,iNaturalist research-grade observations
5938212490,Psittacula eupatria,"Psittacula eupatria (Linnaeus, 1766)",Animalia,,Aves,Psittaciformes,Psittacidae,Psittacula,India,Assam,,26.961172,94.628256,2026,2026-01-04T13:46:11,iNaturalist research-grade observations
5938212619,Pitta brachyura,"Pitta brachyura (Linnaeus, 1766)",Animalia,,Aves,Passeriformes,Pittidae,Pitta,India,Kerala,,11.636183,76.078661,2026,2026-01-02T10:20:15,iNaturalist research-grade observations
5938212779,Turdoides striata,"Argya striata (Dumont, 1823)",Animalia,,Aves,Passeriformes,Leiothrichidae,Turdoides,India,Karnataka,,13.712335,75.252464,2026,2026-01-03T17:44,iNaturalist research-grade observations
5938213424,Ardea cinerea,"Ardea cinerea Linnaeus, 1758",Animalia,,Aves,Pelecaniformes,Ardeidae,Ardea,India,Karnataka,,12.918313,77.680097,2026,2026-01-04T07:39,iNaturalist research-grade observations
5938214572,Columba livia,"Columba livia var. domestica J.F.Gmelin, 1789",Animalia,,Aves,Columbiformes,Columbidae,Columba,India,Uttar Pradesh,,25.407087,81.846917,2026,2026-01-01T09:14:55,iNaturalist research-grade observations
5938214855,Mycteria leucocephala,"Mycteria leucocephala (Pennant, 1769)",Animalia,,Aves,Ciconiiformes,Ciconiidae,Mycteria,India,Tamil Nadu,,8.786164,78.160291,2026,2026-01-02T17:57:04,iNaturalist research-grade observations
5938214964,Eudynamys scolopaceus,"Eudynamys scolopaceus (Linnaeus, 1758)",Animalia,,Aves,Cuculiformes,Cuculidae,Eudynamys,India,Maharashtra,,19.260592,72.850511,2026,2026-01-03T08:37:40,iNaturalist research-grade observations
5938214965,Microcarbo niger,"Microcarbo niger (Vieillot, 1817)",Animalia,,Aves,Suliformes,Phalacrocoracidae,Microcarbo,India,Tamil Nadu,,12.717904,80.212587,2026,2026-01-02T07:19,iNaturalist research-grade observations
5938215752,Ardea alba,"Ardea alba Linnaeus, 1758",Animalia,,Aves,Pelecaniformes,Ardeidae,Ardea,India,Maharashtra,,19.006238,73.020283,2026,2026-01-04T11:12:34,iNaturalist research-grade observations
5938215808,Orthotomus sutorius,"Orthotomus sutorius (Pennant, 1769)",Animalia,,Aves,Passeriformes,Cisticolidae,Orthotomus,India,Kerala,,8.535713,76.939812,2026,2026-01-05T08:42:20,iNaturalist research-grade observations
5938216346,Centropus sinensis,"Centropus sinensis (Stephens, 1815)",Animalia,,Aves,Cuculiformes,Cuculidae,Centropus,India,Punjab,,31.686632,74.856674,2026,2026-01-01T12:10:51,iNaturalist research-grade observations
5938217054,Ardeola grayii,"Ardeola grayii (Sykes, 1832)",Animalia,,Aves,Pelecaniformes,Ardeidae,Ardeola,India,Telangana,,17.436114,78.391639,2026,2026-01-01T07:51:18,iNaturalist research-grade observations
5938217217,Alcedo atthis,"Alcedo atthis (Linnaeus, 1758)",Animalia,,Aves,Coraciiformes,Alcedinidae,Alcedo,India,Gujarat,,22.897424,72.082059,2026,2026-01-02T09:59:21,iNaturalist research-grade observations
5938218463,Merops orientalis,"Merops orientalis Latham, 1801",Animalia,,Aves,Coraciiformes,Meropidae,Merops,India,Telangana,,17.421883,78.547207,2026,2026-01-04T10:25:12,iNaturalist research-grade observations
5938218612,Anastomus oscitans,"Anastomus oscitans (Boddaert, 1783)",Animalia,,Aves,Ciconiiformes,Ciconiidae,Anastomus,India,Madhya Pradesh,,21.531662,76.735081,2026,2026-01-04T13:05,iNaturalist research-grade observations
5938221775,Psilopogon viridis,"Psilopogon viridis (Boddaert, 1783)",Animalia,,Aves,Piciformes,Megalaimidae,Psilopogon,India,Maharashtra,,15.726893,73.984728,2026,2026-01-02T16:01:18,iNaturalist research-grade observations
5938221911,Meleagris gallopavo,"Meleagris gallopavo Linnaeus, 1758",Animalia,,Aves,Galliformes,Phasianidae,Meleagris,India,Karnataka,,12.311931,77.276921,2026,2026-01-03T11:06,iNaturalist research-grade observations
5938221923,Mycteria leucocephala,"Mycteria leucocephala (Pennant, 1769)",Animalia,,Aves,Ciconiiformes,Ciconiidae,Mycteria,India,Tamil Nadu,,12.804274,80.245152,2026,2026-01-02T10:35,iNaturalist research-grade observations
5938222100,Ardea alba,"Ardea alba Linnaeus, 1758",Animalia,,Aves,Pelecaniformes,Ardeidae,Ardea,India,Kerala,,11.818958,75.432428,2026,2026-01-04T18:28:10,iNaturalist research-grade observations
5938222267,Ninox scutulata,"Ninox scutulata (Raffles, 1822)",Animalia,,Aves,Strigiformes,Strigidae,Ninox,India,Maharashtra,,15.792609,73.850207,2026,2026-01-04T18:37:35,iNaturalist research-grade observations
5938222660,Ardeola grayii,"Ardeola grayii (Sykes, 1832)",Animalia,,Aves,Pelecaniformes,Ardeidae,Ardeola,India,Tamil Nadu,,12.804274,80.245152,2026,2026-01-02T10:58,iNaturalist research-grade observations
5938223311,Oriolus xanthornus,"Oriolus xanthornus (Linnaeus, 1758)",Animalia,,Aves,Passeriformes,Oriolidae,Oriolus,India,Kerala,,10.538765,76.186064,2026,2026-01-02T15:58,iNaturalist research-grade observations
5938223530,Ciconia episcopus,"Ciconia episcopus (Boddaert, 1783)",Animalia,,Aves,Ciconiiformes,Ciconiidae,Ciconia,India,Uttar Pradesh,,28.451336,80.786765,2026,2026-01-05T12:30,iNaturalist research-grade observations
5938223835,Acridotheres tristis,"Acridotheres tristis (Linnaeus, 1766)",Animalia,,Aves,Passeriformes,Sturnidae,Acridotheres,India,NCT of Delhi,,28.592678,77.24617,2026,2026-01-04T08:41:40,iNaturalist research-grade observations
5938224058,Dicaeum erythrorhynchos,"Dicaeum erythrorhynchos (Latham, 1790)",Animalia,,Aves,Passeriformes,Dicaeidae,Dicaeum,India,Karnataka,,12.27798,76.618491,2026,2026-01-05T09:16:39,iNaturalist research-grade observations
5938225844,Dicrurus paradiseus,"Dicrurus paradiseus (Linnaeus, 1766)",Animalia,,Aves,Passeriformes,Dicruridae,Dicrurus,India,Karnataka,,13.45087,74.69737,2026,2026-01-02T18:21,iNaturalist research-grade observations
5938226321,Threskiornis melanocephalus,"Threskiornis melanocephalus (Latham, 1790)",Animalia,,Aves,Pelecaniformes,Threskiornithidae,Threskiornis,India,Tamil Nadu,,11.891788,77.771567,2026,2026-01-03T16:02,iNaturalist research-grade observations
5938226334,Glareola lactea,"Glareola lactea Temminck, 1820",Animalia,,Aves,Charadriiformes,Glareolidae,Glareola,India,Madhya Pradesh,,21.531662,76.735081,2026,2026-01-04T13:05,iNaturalist research-grade observations
5938226526,Acrocephalus stentoreus,"Acrocephalus stentoreus (Hemprich & Ehrenberg, 1833)",Animalia,,Aves,Passeriformes,Acrocephalidae,Acrocephalus,India,Gujarat,,22.832774,72.05077,2026,2026-01-01T13:57,iNaturalist research-grade observations
5938226692,Chroicocephalus brunnicephalus,"Chroicocephalus brunnicephalus (Jerdon, 1840)",Animalia,,Aves,Charadriiformes,Laridae,Chroicocephalus,India,Tamil Nadu,,12.328677,80.018452,2026,2026-01-04T07:33,iNaturalist research-grade observations
5938227441,Porzana porzana,"Porzana porzana (Linnaeus, 1766)",Animalia,,Aves,Gruiformes,Rallidae,Porzana,India,Gujarat,,22.840095,72.021946,2026,2026-01-02T08:43:30,iNaturalist research-grade observations
5938227461,Ocyceros birostris,"Ocyceros birostris (Scopoli, 1786)",Animalia,,Aves,Bucerotiformes,Bucerotidae,Ocyceros,India,Maharashtra,,18.795067,72.925728,2026,2026-01-02T08:38,iNaturalist research-grade observations
5938227468,Cisticola juncidis,"Cisticola juncidis (Rafinesque, 1810)",Animalia,,Aves,Passeriformes,Cisticolidae,Cisticola,India,Uttar Pradesh,,28.452759,80.673012,2026,2026-01-01T09:47:28,iNaturalist research-grade observations
5938228523,Ardea purpurea,"Ardea purpurea Linnaeus, 1766",Animalia,,Aves,Pelecaniformes,Ardeidae,Ardea,India,Uttarakhand,,30.441674,77.676565,2026,2026-01-03T09:48:08,iNaturalist research-grade observations
5938229434,Platalea leucorodia,"Platalea leucorodia Linnaeus, 1758",Animalia,,Aves,Pelecaniformes,Threskiornithidae,Platalea,India,Maharashtra,,19.141906,72.964628,2026,2026-01-04T10:44,iNaturalist research-grade observations
5938229746,Copsychus saularis,"Copsychus saularis (Linnaeus, 1758)",Animalia,,Aves,Passeriformes,Muscicapidae,Copsychus,India,Assam,,26.251438,92.342311,2026,2026-01-04T11:40:37,iNaturalist research-grade observations
5938229828,Milvus migrans,"Milvus migrans (Boddaert, 1783)",Animalia,,Aves,Accipitriformes,Accipitridae,Milvus,India,Karnataka,,12.277965,76.618472,2026,2026-01-02T04:57:33,iNaturalist research-grade observations
5938229934,Gracupica contra,"Gracupica contra (Linnaeus, 1758)",Animalia,,Aves,Passeriformes,Sturnidae,Gracupica,India,Uttarakhand,,30.380675,77.796618,2026,2026-01-03T15:07:27,iNaturalist research-grade observations
5938231374,Neophron percnopterus,"Neophron percnopterus (Linnaeus, 1758)",Animalia,,Aves,Accipitriformes,Accipitridae,Neophron,India,Uttarakhand,,30.245403,77.686888,2026,2026-01-03T14:44:35,iNaturalist research-grade observations
5938231444,Circus aeruginosus,"Circus aeruginosus (Linnaeus, 1758)",Animalia,,Aves,Accipitriformes,Accipitridae,Circus,India,Karnataka,,12.918313,77.680097,2026,2026-01-04T07:56,iNaturalist research-grade observations
5938231821,Platalea leucorodia,"Platalea leucorodia Linnaeus, 1758",Animalia,,Aves,Pelecaniformes,Threskiornithidae,Platalea,India,Madhya Pradesh,,21.531662,76.735081,2026,2026-01-04T13:09,iNaturalist research-grade observations
5938231943,Threskiornis melanocephalus,"Threskiornis melanocephalus (Latham, 1790)",Animalia,,Aves,Pelecaniformes,Threskiornithidae,Threskiornis,India,Madhya Pradesh,,21.336842,76.506083,2026,2026-01-03T16:48,iNaturalist research-grade observations
5938233960,Spatula clypeata,"Spatula clypeata (Linnaeus, 1758)",Animalia,,Aves,Anseriformes,Anatidae,Spatula,India,Tamil Nadu,,12.717904,80.212587,2026,2026-01-02T08:05,iNaturalist research-grade observations
5938234201,Riparia riparia,"Riparia riparia (Linnaeus, 1758)",Animalia,,Aves,Passeriformes,Hirundinidae,Riparia,India,Gujarat,,22.832958,72.051978,2026,2026-01-01T13:58,iNaturalist research-grade observations
5938236339,Hieraaetus pennatus,"Hieraaetus pennatus (Gmelin, 1788)",Animalia,,Aves,Accipitriformes,Accipitridae,Hieraaetus,India,Karnataka,,12.819702,77.548591,2026,2026-01-04T09:33,iNaturalist research-grade observations
5938236558,Pernis ptilorhynchus,"Pernis ptilorhynchus (Temminck, 1821)",Animalia,,Aves,Accipitriformes,Accipitridae,Pernis,India,Karnataka,,12.819702,77.548591,2026,2026-01-04T09:24,iNaturalist research-grade observations
5938238433,Saxicola caprata,"Saxicola caprata (Linnaeus, 1766)",Animalia,,Aves,Passeriformes,Muscicapidae,Saxicola,India,Maharashtra,,18.663128,73.844094,2026,2026-01-04T10:36:11,iNaturalist research-grade observations
5938238540,Pelecanus philippensis,"Pelecanus philippensis Gmelin, 1789",Animalia,,Aves,Pelecaniformes,Pelecanidae,Pelecanus,India,Karnataka,,12.39681,76.725037,2026,2026-01-02T06:45,iNaturalist research-grade observations
5938242044,Ciconia episcopus,"Ciconia episcopus episcopus (Boddaert, 1783)",Animalia,,Aves,Ciconiiformes,Ciconiidae,Ciconia,India,Tamil Nadu,,11.927628,77.777429,2026,2026-01-03T17:22,iNaturalist research-grade observations
5938245939,Dendrocitta vagabunda,"Dendrocitta vagabunda (Latham, 1790)",Animalia,,Aves,Passeriformes,Corvidae,Dendrocitta,India,Kerala,,10.401093,76.247401,2026,2026-01-01T17:19:52,iNaturalist research-grade observations
5938246709,Halcyon smyrnensis,"Halcyon smyrnensis (Linnaeus, 1758)",Animalia,,Aves,Coraciiformes,Alcedinidae,Halcyon,India,West Bengal,,22.444348,88.301899,2026,2026-01-02T14:45:58,iNaturalist research-grade observations
5938246915,Ardea alba,"Ardea alba Linnaeus, 1758",Animalia,,Aves,Pelecaniformes,Ardeidae,Ardea,India,Tamil Nadu,,12.717904,80.212587,2026,2026-01-02T08:46,iNaturalist research-grade observations
5938247073,Spilopelia chinensis,"Spilopelia chinensis (Scopoli, 1786)",Animalia,,Aves,Columbiformes,Columbidae,Spilopelia,India,Karnataka,,12.918313,77.680097,2026,2026-01-04T08:07,iNaturalist research-grade observations
5938248334,Oriolus chinensis,"Oriolus chinensis Linnaeus, 1766",Animalia,,Aves,Passeriformes,Oriolidae,Oriolus,India,Karnataka,,12.975506,77.689801,2026,2026-01-01T06:43,iNaturalist research-grade observations
5938248523,"Ardea Linnaeus, 1758","Ardea Linnaeus, 1758",Animalia,,Aves,Pelecaniformes,Ardeidae,Ardea,India,Uttar Pradesh,,25.40699,81.84718,2026,2026-01-03T09:20:43,iNaturalist research-grade observations
5938248694,Cinnyris asiaticus,"Cinnyris asiaticus (Latham, 1790)",Animalia,,Aves,Passeriformes,Nectariniidae,Cinnyris,India,Telangana,,17.421793,78.546657,2026,2026-01-04T10:23:22,iNaturalist research-grade observations
5938249027,Ardeola grayii,"Ardeola grayii (Sykes, 1832)",Animalia,,Aves,Pelecaniformes,Ardeidae,Ardeola,India,Madhya Pradesh,,21.336842,76.506083,2026,2026-01-03T17:09,iNaturalist research-grade observations
5938249068,Psittacula krameri,"Psittacula krameri (Scopoli, 1769)",Animalia,,Aves,Psittaciformes,Psittacidae,Psittacula,India,Karnataka,,12.975506,77.689801,2026,2026-01-01T06:56,iNaturalist research-grade observations
5938249231,Passer domesticus,"Passer domesticus (Linnaeus, 1758)",Animalia,,Aves,Passeriformes,Passeridae,Passer,India,Madhya Pradesh,,21.370947,76.64796,2026,2026-01-03T11:11,iNaturalist research-grade observations
5938249498,Dicrurus macrocercus,"Dicrurus macrocercus Vieillot, 1817",Animalia,,Aves,Passeriformes,Dicruridae,Dicrurus,India,Kerala,,10.041452,76.323017,2026,2026-01-02T09:30:58,iNaturalist research-grade observations
5938250242,Lanius vittatus,"Lanius vittatus Valenciennes, 1826",Animalia,,Aves,Passeriformes,Laniidae,Lanius,India,Karnataka,,12.311931,77.276921,2026,2026-01-03T08:32,iNaturalist research-grade observations
5938250353,Emberiza bruniceps,"Emberiza bruniceps J.F.Brandt, 1841",Animalia,,Aves,Passeriformes,Emberizidae,Emberiza,India,Gujarat,,22.826294,72.107546,2026,2026-01-01T08:22,iNaturalist research-grade observations
5938252085,Columba livia,"Columba livia var. domestica J.F.Gmelin, 1789",Animalia,,Aves,Columbiformes,Columbidae,Columba,India,NCT of Delhi,,28.593005,77.249222,2026,2026-01-04T09:24:46,iNaturalist research-grade observations
5938253807,Merops orientalis,"Merops orientalis Latham, 1801",Animalia,,Aves,Coraciiformes,Meropidae,Merops,India,Tamil Nadu,,12.819153,77.825447,2026,2026-01-04T09:11:17,iNaturalist research-grade observations
5938253813,Halcyon smyrnensis,"Halcyon smyrnensis (Linnaeus, 1758)",Animalia,,Aves,Coraciiformes,Alcedinidae,Halcyon,India,Karnataka,,12.918313,77.680097,2026,2026-01-04T09:39,iNaturalist research-grade observations
5938254116,Sarkidiornis melanotos,"Sarkidiornis melanotos (Pennant, 1769)",Animalia,,Aves,Anseriformes,Anatidae,Sarkidiornis,India,Madhya Pradesh,,21.336842,76.506083,2026,2026-01-03T16:30,iNaturalist research-grade observations
5938255952,Coracias benghalensis,"Coracias benghalensis (Linnaeus, 1758)",Animalia,,Aves,Coraciiformes,Coraciidae,Coracias,India,Gujarat,,22.14018,73.466437,2026,2026-01-02T15:21:50,iNaturalist research-grade observations
5938256077,"Ardea Linnaeus, 1758","Ardea Linnaeus, 1758",Animalia,,Aves,Pelecaniformes,Ardeidae,Ardea,India,Tamil Nadu,,11.536787,77.70542,2026,2026-01-04T08:20,iNaturalist research-grade observations
5938257055,Merops orientalis,"Merops orientalis Latham, 1801",Animalia,,Aves,Coraciiformes,Meropidae,Merops,India,Maharashtra,,19.016591,73.00594,2026,2026-01-04T08:30,iNaturalist research-grade observations
5938258351,Motacilla tschutschensis,"Motacilla tschutschensis Gmelin, 1789",Animalia,,Aves,Passeriformes,Motacillidae,Motacilla,India,Madhya Pradesh,,21.336842,76.506083,2026,2026-01-03T17:16,iNaturalist research-grade observations
5938258560,Pterocles exustus,"Pterocles exustus Temminck, 1825",Animalia,,Aves,Pteroclidiformes,Pteroclididae,Pterocles,India,Gujarat,,22.820659,72.107125,2026,2026-01-01T08:58,iNaturalist research-grade observations
5938258641,Sterna aurantia,"Sterna aurantia J.E.Gray, 1831",Animalia,,Aves,Charadriiformes,Laridae,Sterna,India,Madhya Pradesh,,21.302063,76.41544,2026,2026-01-03T17:03,iNaturalist research-grade observations
5938259923,Porzana pusilla,"Zapornia pusilla (Pallas, 1776)",Animalia,,Aves,Gruiformes,Rallidae,Porzana,India,Gujarat,,22.895928,72.090618,2026,2026-01-02T08:48,iNaturalist research-grade observations
5938260808,Anas platyrhynchos,"Anas platyrhynchos Linnaeus, 1758",Animalia,,Aves,Anseriformes,Anatidae,Anas,India,Uttarakhand,,30.286632,77.973494,2026,2026-01-02T09:58:39,iNaturalist research-grade observations
5938260871,Upupa epops,"Upupa epops Linnaeus, 1758",Animalia,,Aves,Bucerotiformes,Upupidae,Upupa,India,Gujarat,,22.821754,72.106946,2026,2026-01-01T08:51,iNaturalist research-grade observations
5938260944,Ardea cinerea,"Ardea cinerea Linnaeus, 1758",Animalia,,Aves,Pelecaniformes,Ardeidae,Ardea,India,Tamil Nadu,,11.891788,77.771567,2026,2026-01-03T17:21,iNaturalist research-grade observations
5938260958,Anas acuta,"Anas acuta Linnaeus, 1758",Animalia,,Aves,Anseriformes,Anatidae,Anas,India,Madhya Pradesh,,21.336842,76.506083,2026,2026-01-03T16:45,iNaturalist research-grade observations
5938261024,Orthotomus sutorius,"Orthotomus sutorius (Pennant, 1769)",Animalia,,Aves,Passeriformes,Cisticolidae,Orthotomus,India,Uttar Pradesh,,25.449295,81.781718,2026,2026-01-05T16:16:54,iNaturalist research-grade observations
5938261290,Egretta intermedia,"Ardea intermedia Wagler, 1829",Animalia,,Aves,Pelecaniformes,Ardeidae,Egretta,India,Uttarakhand,,30.434318,77.668396,2026,2026-01-03T11:55:58,iNaturalist research-grade observations
5938261781,Pastor roseus,"Pastor roseus (Linnaeus, 1758)",Animalia,,Aves,Passeriformes,Sturnidae,Pastor,India,Tamil Nadu,,11.709213,78.191376,2026,2026-01-01T11:25:17,iNaturalist research-grade observations
5938263519,Calidris pugnax,"Calidris pugnax (Linnaeus, 1758)",Animalia,,Aves,Charadriiformes,Scolopacidae,Calidris,India,Gujarat,,22.910042,72.209327,2026,2026-01-03T08:34,iNaturalist research-grade observations
5938263656,"Ardea Linnaeus, 1758","Ardea Linnaeus, 1758",Animalia,,Aves,Pelecaniformes,Ardeidae,Ardea,India,Uttar Pradesh,,25.406968,81.847149,2026,2026-01-03T09:20:21,iNaturalist research-grade observations
5938263731,Motacilla maderaspatensis,"Motacilla maderaspatensis Gmelin, 1789",Animalia,,Aves,Passeriformes,Motacillidae,Motacilla,India,Tamil Nadu,,12.782749,80.236628,2026,2026-01-02T12:16,iNaturalist research-grade observations
5938263862,Ardeola grayii,"Ardeola grayii (Sykes, 1832)",Animalia,,Aves,Pelecaniformes,Ardeidae,Ardeola,India,Karnataka,,12.976959,77.596122,2026,2026-01-04T08:37:23,iNaturalist research-grade observations
5938264295,Turdoides affinis,"Argya affinis (Jerdon, 1845)",Animalia,,Aves,Passeriformes,Leiothrichidae,Turdoides,India,Karnataka,,12.311931,77.276921,2026,2026-01-03T08:12,iNaturalist research-grade observations
5938264721,Elanus caeruleus,"Elanus caeruleus vociferus (Latham, 1790)",Animalia,,Aves,Accipitriformes,Accipitridae,Elanus,India,Uttar Pradesh,,26.387267,83.348716,2026,2026-01-03T12:08:27,iNaturalist research-grade observations
5938265757,Saxicola caprata,"Saxicola caprata (Linnaeus, 1766)",Animalia,,Aves,Passeriformes,Muscicapidae,Saxicola,India,Gujarat,,22.82273,72.092674,2026,2026-01-01T09:51,iNaturalist research-grade observations
5938266017,Ortygornis pondicerianus,"Ortygornis pondicerianus (J.F.Gmelin, 1789)",Animalia,,Aves,Galliformes,Phasianidae,Ortygornis,India,Gujarat,,22.824057,72.107485,2026,2026-01-01T08:49:37,iNaturalist research-grade observations
5938266287,Threskiornis melanocephalus,"Threskiornis melanocephalus (Latham, 1790)",Animalia,,Aves,Pelecaniformes,Threskiornithidae,Threskiornis,India,Maharashtra,,19.1382,72.9964,2026,2026-01-03T03:01:35,iNaturalist research-grade observations
5938267530,Orthotomus sutorius,"Orthotomus sutorius (Pennant, 1769)",Animalia,,Aves,Passeriformes,Cisticolidae,Orthotomus,India,Punjab,,30.937615,75.831222,2026,2026-01-04T04:29,iNaturalist research-grade observations
5938269556,Egretta intermedia,"Ardea intermedia Wagler, 1829",Animalia,,Aves,Pelecaniformes,Ardeidae,Egretta,India,Karnataka,,12.975506,77.689801,2026,2026-01-01T07:00,iNaturalist research-grade observations
5938269873,Turdoides striata,"Argya striata (Dumont, 1823)",Animalia,,Aves,Passeriformes,Leiothrichidae,Turdoides,India,Uttar Pradesh,,25.40704,81.847158,2026,2026-01-03T09:19,iNaturalist research-grade observations
5938269927,Motacilla maderaspatensis,"Motacilla maderaspatensis Gmelin, 1789",Animalia,,Aves,Passeriformes,Motacillidae,Motacilla,India,Telangana,,17.396259,78.35456,2026,2026-01-03T17:31:21,iNaturalist research-grade observations
5938269937,Spilopelia chinensis,"Spilopelia chinensis (Scopoli, 1786)",Animalia,,Aves,Columbiformes,Columbidae,Spilopelia,India,Karnataka,,13.712335,75.252464,2026,2026-01-03T17:27,iNaturalist research-grade observations
5938271240,Mycteria leucocephala,"Mycteria leucocephala (Pennant, 1769)",Animalia,,Aves,Ciconiiformes,Ciconiidae,Mycteria,India,Tamil Nadu,,12.717904,80.212587,2026,2026-01-02T08:28,iNaturalist research-grade observations
5938271612,Ardea alba,"Ardea alba Linnaeus, 1758",Animalia,,Aves,Pelecaniformes,Ardeidae,Ardea,India,Tamil Nadu,,12.717904,80.212587,2026,2026-01-02T07:38,iNaturalist research-grade observations
5938271803,Dicrurus macrocercus,"Dicrurus macrocercus Vieillot, 1817",Animalia,,Aves,Passeriformes,Dicruridae,Dicrurus,India,Maharashtra,,19.016591,73.00594,2026,2026-01-04T09:02,iNaturalist research-grade observations
5938275197,Leptocoma zeylonica,"Leptocoma zeylonica (Linnaeus, 1766)",Animalia,,Aves,Passeriformes,Nectariniidae,Leptocoma,India,Andhra Pradesh,,13.613393,79.413513,2026,2026-01-04T10:01:38,iNaturalist research-grade observations
5938275700,Oena capensis,"Oena capensis (Linnaeus, 1766)",Animalia,,Aves,Columbiformes,Columbidae,Oena,India,Gujarat,,22.862795,72.06116,2026,2026-01-01T17:34,iNaturalist research-grade observations
5938275808,Fulica atra,"Fulica atra Linnaeus, 1758",Animalia,,Aves,Gruiformes,Rallidae,Fulica,India,Karnataka,,13.062123,77.614232,2026,2026-01-04T16:40:31,iNaturalist research-grade observations
5938278610,Lanius schach,"Lanius schach Linnaeus, 1758",Animalia,,Aves,Passeriformes,Laniidae,Lanius,India,Karnataka,,12.819702,77.548591,2026,2026-01-04T08:39,iNaturalist research-grade observations
5938279778,Anhinga melanogaster,"Anhinga melanogaster Pennant, 1769",Animalia,,Aves,Suliformes,Anhingidae,Anhinga,India,Gujarat,,22.909762,72.209198,2026,2026-01-03T08:17,iNaturalist research-grade observations
5938280192,Dinopium benghalense,"Dinopium benghalense (Linnaeus, 1758)",Animalia,,Aves,Piciformes,Picidae,Dinopium,India,Uttar Pradesh,,28.464539,80.776861,2026,2026-01-03T15:03,iNaturalist research-grade observations
5938280284,Haliaeetus leucogaster,"Icthyophaga leucogaster (J.F.Gmelin, 1788)",Animalia,,Aves,Accipitriformes,Accipitridae,Haliaeetus,India,Goa,,15.29369,73.909284,2026,2026-01-04T01:55:13,iNaturalist research-grade observations
5938280335,Spatula clypeata,"Spatula clypeata (Linnaeus, 1758)",Animalia,,Aves,Anseriformes,Anatidae,Spatula,India,Tamil Nadu,,12.717904,80.212587,2026,2026-01-02T08:13,iNaturalist research-grade observations
5938280546,Hirundo smithii,"Hirundo smithii Leach & K.D.Koenig, 1818",Animalia,,Aves,Passeriformes,Hirundinidae,Hirundo,India,Maharashtra,,19.141906,72.964628,2026,2026-01-04T10:22,iNaturalist research-grade observations
5938280846,Psittacula krameri,"Psittacula krameri (Scopoli, 1769)",Animalia,,Aves,Psittaciformes,Psittacidae,Psittacula,India,Himachal Pradesh,,31.415702,76.738966,2026,2026-01-05T07:54:16,iNaturalist research-grade observations
5938281313,Psittacula krameri,"Psittacula krameri (Scopoli, 1769)",Animalia,,Aves,Psittaciformes,Psittacidae,Psittacula,India,Uttarakhand,,30.380675,77.796618,2026,2026-01-03T15:07:22,iNaturalist research-grade observations
5938282954,Phalacrocorax carbo,"Phalacrocorax carbo (Linnaeus, 1758)",Animalia,,Aves,Suliformes,Phalacrocoracidae,Phalacrocorax,India,Karnataka,,12.975506,77.689801,2026,2026-01-01T07:12,iNaturalist research-grade observations
5938283791,Psilopogon zeylanicus,"Psilopogon zeylanicus (J.F.Gmelin, 1788)",Animalia,,Aves,Piciformes,Megalaimidae,Psilopogon,India,Uttar Pradesh,,28.4646,80.776861,2026,2026-01-05T12:28,iNaturalist research-grade observations
5938284611,Elanus caeruleus,"Elanus caeruleus (Desfontaines, 1789)",Animalia,,Aves,Accipitriformes,Accipitridae,Elanus,India,Karnataka,,12.311931,77.276921,2026,2026-01-03T07:57,iNaturalist research-grade observations
5938284647,Picus xanthopygaeus,"Picus xanthopygaeus (J.E.Gray & G.R.Gray, 1847)",Animalia,,Aves,Piciformes,Picidae,Picus,India,Uttar Pradesh,,28.464539,80.776861,2026,2026-01-03T14:51,iNaturalist research-grade observations
5938287109,Luscinia svecica,"Luscinia svecica (Linnaeus, 1758)",Animalia,,Aves,Passeriformes,Muscicapidae,Luscinia,India,Gujarat,,22.826407,72.107366,2026,2026-01-01T08:41:30,iNaturalist research-grade observations
5938288076,Merops orientalis,"Merops orientalis Latham, 1801",Animalia,,Aves,Coraciiformes,Meropidae,Merops,India,Gujarat,,22.827887,72.055879,2026,2026-01-01T11:42:05,iNaturalist research-grade observations
5938288581,Hirundo smithii,"Hirundo smithii Leach & K.D.Koenig, 1818",Animalia,,Aves,Passeriformes,Hirundinidae,Hirundo,India,Maharashtra,,19.141906,72.964628,2026,2026-01-04T10:24,iNaturalist research-grade observations
5938288621,Luscinia svecica,"Luscinia svecica (Linnaeus, 1758)",Animalia,,Aves,Passeriformes,Muscicapidae,Luscinia,India,Gujarat,,22.89593,72.090648,2026,2026-01-02T08:30,iNaturalist research-grade observations
5938288966,Saxicola caprata,"Saxicola caprata (Linnaeus, 1766)",Animalia,,Aves,Passeriformes,Muscicapidae,Saxicola,India,Madhya Pradesh,,21.531662,76.735081,2026,2026-01-04T13:58,iNaturalist research-grade observations
5938292512,Pycnonotus leucotis,"Pycnonotus leucotis (Gould, 1836)",Animalia,,Aves,Passeriformes,Pycnonotidae,Pycnonotus,India,Gujarat,,23.030242,72.57593,2026,2026-01-01T10:47:16,iNaturalist research-grade observations
5938292687,Ardeola grayii,"Ardeola grayii (Sykes, 1832)",Animalia,,Aves,Pelecaniformes,Ardeidae,Ardeola,India,Kerala,,10.192597,76.292013,2026,2026-01-02T09:58:31,iNaturalist research-grade observations
5938292866,Egretta garzetta,"Egretta garzetta (Linnaeus, 1766)",Animalia,,Aves,Pelecaniformes,Ardeidae,Egretta,India,Maharashtra,,19.015496,73.006286,2026,2026-01-02T10:03,iNaturalist research-grade observations
5938293052,Falco peregrinus,"Falco peregrinus Tunstall, 1771",Animalia,,Aves,Falconiformes,Falconidae,Falco,India,Tamil Nadu,,12.875367,80.234149,2026,2026-01-03T07:42,iNaturalist research-grade observations
5938293282,Saxicola caprata,"Saxicola caprata (Linnaeus, 1766)",Animalia,,Aves,Passeriformes,Muscicapidae,Saxicola,India,Madhya Pradesh,,23.182348,77.394388,2026,2026-01-03T08:15,iNaturalist research-grade observations
5938293294,Vanellus indicus,"Vanellus indicus (Boddaert, 1783)",Animalia,,Aves,Charadriiformes,Charadriidae,Vanellus,India,Odisha,,20.745901,86.481712,2026,2026-01-03T13:38:26,iNaturalist research-grade observations
5938293779,Spilopelia chinensis,"Spilopelia chinensis suratensis (J.F.Gmelin, 1789)",Animalia,,Aves,Columbiformes,Columbidae,Spilopelia,India,Karnataka,,12.277978,76.618485,2026,2026-01-05T02:21:01,iNaturalist research-grade observations
5938296547,Acrocephalus dumetorum,"Acrocephalus dumetorum Blyth, 1849",Animalia,,Aves,Passeriformes,Acrocephalidae,Acrocephalus,India,Kerala,,10.059119,76.328242,2026,2026-01-01T07:49:32,iNaturalist research-grade observations
5938297719,Ceryle rudis,"Ceryle rudis (Linnaeus, 1758)",Animalia,,Aves,Coraciiformes,Alcedinidae,Ceryle,India,Chhattisgarh,,21.089989,80.951742,2026,2026-01-02T09:36:10,iNaturalist research-grade observations
5938297943,Aythya ferina,"Aythya ferina (Linnaeus, 1758)",Animalia,,Aves,Anseriformes,Anatidae,Aythya,India,Madhya Pradesh,,21.531662,76.735081,2026,2026-01-04T13:25,iNaturalist research-grade observations
5938298661,Saxicola maurus,"Saxicola maurus (Pallas, 1773)",Animalia,,Aves,Passeriformes,Muscicapidae,Saxicola,India,Maharashtra,,18.661927,72.865929,2026,2026-01-01T09:28,iNaturalist research-grade observations
5938298810,Hirundo rustica,"Hirundo rustica Linnaeus, 1758",Animalia,,Aves,Passeriformes,Hirundinidae,Hirundo,India,Tamil Nadu,,11.891788,77.771567,2026,2026-01-01T15:44,iNaturalist research-grade observations
5938299199,Copsychus saularis,"Copsychus saularis (Linnaeus, 1758)",Animalia,,Aves,Passeriformes,Muscicapidae,Copsychus,India,Maharashtra,,19.260592,72.850511,2026,2026-01-03T10:14:42,iNaturalist research-grade observations
5938300307,Anas acuta,"Anas acuta Linnaeus, 1758",Animalia,,Aves,Anseriformes,Anatidae,Anas,India,Gujarat,,22.833043,72.05041,2026,2026-01-01T13:54,iNaturalist research-grade observations
5938301197,Oriolus xanthornus,"Oriolus xanthornus (Linnaeus, 1758)",Animalia,,Aves,Passeriformes,Oriolidae,Oriolus,India,West Bengal,,22.446576,88.302047,2026,2026-01-02T09:34:47,iNaturalist research-grade observations
5938301232,Dendrocitta vagabunda,"Dendrocitta vagabunda (Latham, 1790)",Animalia,,Aves,Passeriformes,Corvidae,Dendrocitta,India,West Bengal,,22.443486,88.301888,2026,2026-01-02T14:28:43,iNaturalist research-grade observations
5938302360,Ceryle rudis,"Ceryle rudis (Linnaeus, 1758)",Animalia,,Aves,Coraciiformes,Alcedinidae,Ceryle,India,Tamil Nadu,,12.717904,80.212587,2026,2026-01-02T08:24,iNaturalist research-grade observations
5938302377,Egretta garzetta,"Egretta garzetta (Linnaeus, 1766)",Animalia,,Aves,Pelecaniformes,Ardeidae,Egretta,India,Tamil Nadu,,12.80469,80.241398,2026,2026-01-02T13:12,iNaturalist research-grade observations
5938303094,Motacilla maderaspatensis,"Motacilla maderaspatensis Gmelin, 1789",Animalia,,Aves,Passeriformes,Motacillidae,Motacilla,India,Telangana,,17.430041,78.389459,2026,2026-01-01T09:10:46,iNaturalist research-grade observations
5938304025,Halcyon smyrnensis,"Halcyon smyrnensis (Linnaeus, 1758)",Animalia,,Aves,Coraciiformes,Alcedinidae,Halcyon,India,Gujarat,,23.488444,72.655388,2026,2026-01-01T10:06:09,iNaturalist research-grade observations
5938305670,Dendrocygna javanica,"Dendrocygna javanica (Horsfield, 1821)",Animalia,,Aves,Anseriformes,Anatidae,Dendrocygna,India,Tripura,,24.172704,92.019361,2026,2026-01-02T15:19:43,iNaturalist research-grade observations
5938306327,Ardea purpurea,"Ardea purpurea Linnaeus, 1766",Animalia,,Aves,Pelecaniformes,Ardeidae,Ardea,India,Gujarat,,22.897296,72.081909,2026,2026-01-02T10:03:40,iNaturalist research-grade observations
5938306413,Anas acuta,"Anas acuta Linnaeus, 1758",Animalia,,Aves,Anseriformes,Anatidae,Anas,India,Tamil Nadu,,12.717904,80.212587,2026,2026-01-02T07:58,iNaturalist research-grade observations
5938306464,Spilornis cheela,"Spilornis cheela melanotis (Jerdon, 1844)",Animalia,,Aves,Accipitriformes,Accipitridae,Spilornis,India,Maharashtra,,15.749363,74.037785,2026,2026-01-03T15:24:37,iNaturalist research-grade observations
5938306542,Milvus migrans,"Milvus migrans (Boddaert, 1783)",Animalia,,Aves,Accipitriformes,Accipitridae,Milvus,India,Tripura,,24.370366,92.169556,2026,2026-01-04T16:13:59,iNaturalist research-grade observations
5938306915,Copsychus saularis,"Copsychus saularis (Linnaeus, 1758)",Animalia,,Aves,Passeriformes,Muscicapidae,Copsychus,India,NCT of Delhi,,28.735939,77.137908,2026,2026-01-04T12:06:22,iNaturalist research-grade observations
5938306920,Milvus migrans,"Milvus migrans govinda Sykes, 1832",Animalia,,Aves,Accipitriformes,Accipitridae,Milvus,India,Punjab,,30.937723,75.831478,2026,2026-01-04T08:04,iNaturalist research-grade observations
5938306992,Locustella naevia,"Locustella naevia (Boddaert, 1783)",Animalia,,Aves,Passeriformes,Locustellidae,Locustella,India,Gujarat,,22.826003,72.107678,2026,2026-01-01T08:06,iNaturalist research-grade observations
5938307083,Ardeola grayii,"Ardeola grayii (Sykes, 1832)",Animalia,,Aves,Pelecaniformes,Ardeidae,Ardeola,India,Karnataka,,13.062123,77.614232,2026,2026-01-04T16:57:57,iNaturalist research-grade observations
5938307897,Threskiornis melanocephalus,"Threskiornis melanocephalus (Latham, 1790)",Animalia,,Aves,Pelecaniformes,Threskiornithidae,Threskiornis,India,Karnataka,,12.975506,77.689801,2026,2026-01-01T08:24,iNaturalist research-grade observations
5938308043,Anastomus oscitans,"Anastomus oscitans (Boddaert, 1783)",Animalia,,Aves,Ciconiiformes,Ciconiidae,Anastomus,India,West Bengal,,22.446094,88.301,2026,2026-01-03T11:22:56,iNaturalist research-grade observations
5938309698,Acrocephalus dumetorum,"Acrocephalus dumetorum Blyth, 1849",Animalia,,Aves,Passeriformes,Acrocephalidae,Acrocephalus,India,Maharashtra,,18.795067,72.925728,2026,2026-01-02T09:54,iNaturalist research-grade observations
5938309968,Motacilla cinerea,"Motacilla cinerea Tunstall, 1771",Animalia,,Aves,Passeriformes,Motacillidae,Motacilla,India,Karnataka,,12.918313,77.680097,2026,2026-01-04T09:37,iNaturalist research-grade observations
5938310194,Motacilla flava,"Motacilla flava Linnaeus, 1758",Animalia,,Aves,Passeriformes,Motacillidae,Motacilla,India,Madhya Pradesh,,21.336842,76.506083,2026,2026-01-03T17:16,iNaturalist research-grade observations
5938311418,Alcedo atthis,"Alcedo atthis (Linnaeus, 1758)",Animalia,,Aves,Coraciiformes,Alcedinidae,Alcedo,India,Chhattisgarh,,21.090156,80.965679,2026,2026-01-02T09:14:53,iNaturalist research-grade observations
5938312114,Turdoides striata,"Argya striata (Dumont, 1823)",Animalia,,Aves,Passeriformes,Leiothrichidae,Turdoides,India,Uttar Pradesh,,25.412433,81.849109,2026,2026-01-05T11:27:58,iNaturalist research-grade observations
5938312178,Acridotheres ginginianus,"Acridotheres ginginianus (Latham, 1790)",Animalia,,Aves,Passeriformes,Sturnidae,Acridotheres,India,Uttar Pradesh,,28.462251,80.61233,2026,2026-01-05T09:56:22,iNaturalist research-grade observations
5938312362,Anastomus oscitans,"Anastomus oscitans (Boddaert, 1783)",Animalia,,Aves,Ciconiiformes,Ciconiidae,Anastomus,India,West Bengal,,22.444191,88.301991,2026,2026-01-04T16:42:11,iNaturalist research-grade observations
5938312395,Pycnonotus leucogenys,"Pycnonotus leucogenys (J.E.Gray, 1835)",Animalia,,Aves,Passeriformes,Pycnonotidae,Pycnonotus,India,Uttarakhand,,30.395044,78.094446,2026,2026-01-03T07:54:24,iNaturalist research-grade observations
5938314165,Dicrurus caerulescens,"Dicrurus caerulescens (Linnaeus, 1758)",Animalia,,Aves,Passeriformes,Dicruridae,Dicrurus,India,Gujarat,,22.827961,72.056082,2026,2026-01-01T11:18,iNaturalist research-grade observations
5938314201,Halcyon smyrnensis,"Halcyon smyrnensis (Linnaeus, 1758)",Animalia,,Aves,Coraciiformes,Alcedinidae,Halcyon,India,West Bengal,,22.443327,88.301684,2026,2026-01-05T12:40:34,iNaturalist research-grade observations
5938314286,Dendrocygna javanica,"Dendrocygna javanica (Horsfield, 1821)",Animalia,,Aves,Anseriformes,Anatidae,Dendrocygna,India,Madhya Pradesh,,21.531662,76.735081,2026,2026-01-04T13:23,iNaturalist research-grade observations
5938316264,Cinnyris asiaticus,"Cinnyris asiaticus (Latham, 1790)",Animalia,,Aves,Passeriformes,Nectariniidae,Cinnyris,India,Maharashtra,,20.598039,79.868973,2026,2026-01-02T12:30,iNaturalist research-grade observations
5938316292,Terpsiphone paradisi,"Terpsiphone paradisi (Linnaeus, 1758)",Animalia,,Aves,Passeriformes,Monarchidae,Terpsiphone,India,Karnataka,,13.432374,77.500941,2026,2026-01-03T09:09,iNaturalist research-grade observations
5938318716,Netta rufina,"Netta rufina (Pallas, 1773)",Animalia,,Aves,Anseriformes,Anatidae,Netta,India,Madhya Pradesh,,21.370947,76.64796,2026,2026-01-03T12:19,iNaturalist research-grade observations
5938318913,Sturnia malabarica,"Sturnia malabarica (Gmelin, 1789)",Animalia,,Aves,Passeriformes,Sturnidae,Sturnia,India,Tamil Nadu,,12.939134,80.17737,2026,2026-01-04T07:24,iNaturalist research-grade observations
5938320061,Egretta garzetta,"Egretta garzetta (Linnaeus, 1766)",Animalia,,Aves,Pelecaniformes,Ardeidae,Egretta,India,Tamil Nadu,,12.328678,80.018457,2026,2026-01-04T07:36,iNaturalist research-grade observations
5938320228,Himantopus himantopus,"Himantopus himantopus (Linnaeus, 1758)",Animalia,,Aves,Charadriiformes,Recurvirostridae,Himantopus,India,Tamil Nadu,,11.891788,77.771567,2026,2026-01-03T16:02,iNaturalist research-grade observations
5938321233,Turdoides striata,"Argya striata (Dumont, 1823)",Animalia,,Aves,Passeriformes,Leiothrichidae,Turdoides,India,Uttar Pradesh,,25.407066,81.847176,2026,2026-01-03T09:13:31,iNaturalist research-grade observations
5938321261,Pelecanus philippensis,"Pelecanus philippensis Gmelin, 1789",Animalia,,Aves,Pelecaniformes,Pelecanidae,Pelecanus,India,Tamil Nadu,,12.719591,80.377983,2026,2026-01-02T08:44,iNaturalist research-grade observations
5938321468,Acridotheres tristis,"Acridotheres tristis tristis (Linnaeus, 1766)",Animalia,,Aves,Passeriformes,Sturnidae,Acridotheres,India,NCT of Delhi,,28.631853,77.218895,2026,2026-01-03T09:10:53,iNaturalist research-grade observations
5938321534,Ducula aenea,"Ducula aenea (Linnaeus, 1766)",Animalia,,Aves,Columbiformes,Columbidae,Ducula,India,Karnataka,,12.366656,77.323959,2026,2026-01-03T07:35,iNaturalist research-grade observations
5938322653,Ocyceros birostris,"Ocyceros birostris (Scopoli, 1786)",Animalia,,Aves,Bucerotiformes,Bucerotidae,Ocyceros,India,Uttarakhand,,30.285377,77.973967,2026,2026-01-02T09:34:48,iNaturalist research-grade observations
5938324147,Eudynamys scolopaceus,"Eudynamys scolopaceus (Linnaeus, 1758)",Animalia,,Aves,Cuculiformes,Cuculidae,Eudynamys,India,Maharashtra,,19.042656,72.819712,2026,2026-01-04T16:21:52,iNaturalist research-grade observations
5938326056,Vanellus indicus,"Vanellus indicus (Boddaert, 1783)",Animalia,,Aves,Charadriiformes,Charadriidae,Vanellus,India,Madhya Pradesh,,21.336842,76.506083,2026,2026-01-03T16:41,iNaturalist research-grade observations
5938327219,Grus antigone,"Antigone antigone (Linnaeus, 1758)",Animalia,,Aves,Gruiformes,Gruidae,Grus,India,Gujarat,,22.9281,72.071634,2026,2026-01-01T14:59:56,iNaturalist research-grade observations
5938327254,Saxicola caprata,"Saxicola caprata (Linnaeus, 1766)",Animalia,,Aves,Passeriformes,Muscicapidae,Saxicola,India,Maharashtra,,18.661927,72.865929,2026,2026-01-01T08:58,iNaturalist research-grade observations
5938327359,Ardeola grayii,"Ardeola grayii (Sykes, 1832)",Animalia,,Aves,Pelecaniformes,Ardeidae,Ardeola,India,Tamil Nadu,,11.105146,77.176774,2026,2026-01-04T07:00:19,iNaturalist research-grade observations
5938327429,Turdoides affinis,"Argya affinis (Jerdon, 1845)",Animalia,,Aves,Passeriformes,Leiothrichidae,Turdoides,India,Telangana,,17.45595,78.359972,2026,2026-01-01T15:14:45,iNaturalist research-grade observations
5938327436,Saxicola maurus,"Saxicola maurus (Pallas, 1773)",Animalia,,Aves,Passeriformes,Muscicapidae,Saxicola,India,Maharashtra,,19.016591,73.00594,2026,2026-01-04T08:31,iNaturalist research-grade observations
5938330920,Tringa glareola,"Tringa glareola Linnaeus, 1758",Animalia,,Aves,Charadriiformes,Scolopacidae,Tringa,India,Maharashtra,,19.148881,72.964608,2026,2026-01-01T11:52:17,iNaturalist research-grade observations
5938330972,Centropus sinensis,"Centropus sinensis (Stephens, 1815)",Animalia,,Aves,Cuculiformes,Cuculidae,Centropus,India,Karnataka,,13.712335,75.252464,2026,2026-01-01T08:41,iNaturalist research-grade observations
5938331212,Psittacula columboides,"Psittacula columboides (Vigors, 1830)",Animalia,,Aves,Psittaciformes,Psittacidae,Psittacula,India,Karnataka,,13.712335,75.252464,2026,2026-01-01T07:44,iNaturalist research-grade observations
5938331237,Turdoides striata,"Argya striata (Dumont, 1823)",Animalia,,Aves,Passeriformes,Leiothrichidae,Turdoides,India,NCT of Delhi,,28.557094,77.275928,2026,2026-01-02T08:52:54,iNaturalist research-grade observations
5938331859,Ardeola grayii,"Ardeola grayii (Sykes, 1832)",Animalia,,Aves,Pelecaniformes,Ardeidae,Ardeola,India,Tamil Nadu,,12.804274,80.245152,2026,2026-01-02T11:17,iNaturalist research-grade observations
5938332394,Motacilla alba,"Motacilla alba Linnaeus, 1758",Animalia,,Aves,Passeriformes,Motacillidae,Motacilla,India,Uttar Pradesh,,25.406998,81.847173,2026,2026-01-03T11:07:19,iNaturalist research-grade observations
5938332743,Muscicapa muttui,"Muscicapa muttui (E.L.Layard, 1854)",Animalia,,Aves,Passeriformes,Muscicapidae,Muscicapa,India,Gujarat,,22.827897,72.05621,2026,2026-01-01T13:13,iNaturalist research-grade observations
5938337068,Centropus sinensis,"Centropus sinensis (Stephens, 1815)",Animalia,,Aves,Cuculiformes,Cuculidae,Centropus,India,Maharashtra,,19.118269,73.226983,2026,2026-01-01T10:03:43,iNaturalist research-grade observations
5938337783,Alcedo atthis,"Alcedo atthis (Linnaeus, 1758)",Animalia,,Aves,Coraciiformes,Alcedinidae,Alcedo,India,Telangana,,17.434842,78.387781,2026,2026-01-01T07:53:21,iNaturalist research-grade observations
5938338640,Tringa glareola,"Tringa glareola Linnaeus, 1758",Animalia,,Aves,Charadriiformes,Scolopacidae,Tringa,India,Maharashtra,,19.148881,72.964608,2026,2026-01-01T11:52:11,iNaturalist research-grade observations
5938341456,Ardeola grayii,"Ardeola grayii (Sykes, 1832)",Animalia,,Aves,Pelecaniformes,Ardeidae,Ardeola,India,West Bengal,,22.44347,88.301676,2026,2026-01-02T14:30:17,iNaturalist research-grade observations
5938342273,Egretta garzetta,"Egretta garzetta (Linnaeus, 1766)",Animalia,,Aves,Pelecaniformes,Ardeidae,Egretta,India,Tamil Nadu,,11.891788,77.771567,2026,2026-01-01T16:07,iNaturalist research-grade observations
5938343641,Artamus fuscus,"Artamus fuscus Vieillot, 1817",Animalia,,Aves,Passeriformes,Artamidae,Artamus,India,Karnataka,,13.712335,75.252464,2026,2026-01-03T17:07,iNaturalist research-grade observations
5938343650,Psittacula cyanocephala,"Psittacula cyanocephala (Linnaeus, 1766)",Animalia,,Aves,Psittaciformes,Psittacidae,Psittacula,India,Maharashtra,,15.80918,74.161123,2026,2026-01-03T16:42:56,iNaturalist research-grade observations
5938343725,Pavo cristatus,"Pavo cristatus Linnaeus, 1758",Animalia,,Aves,Galliformes,Phasianidae,Pavo,India,Telangana,,17.513088,78.299814,2026,2026-01-04T09:41:38,iNaturalist research-grade observations
5938345507,Lanius cristatus,"Lanius cristatus Linnaeus, 1758",Animalia,,Aves,Passeriformes,Laniidae,Lanius,India,Karnataka,,13.712335,75.252464,2026,2026-01-03T17:23,iNaturalist research-grade observations
5938345734,Lanius cristatus,"Lanius cristatus Linnaeus, 1758",Animalia,,Aves,Passeriformes,Laniidae,Lanius,India,Karnataka,,13.712335,75.252464,2026,2026-01-03T17:25,iNaturalist research-grade observations
5938345849,Milvus migrans,"Milvus migrans (Boddaert, 1783)",Animalia,,Aves,Accipitriformes,Accipitridae,Milvus,India,NCT of Delhi,,28.596022,77.221612,2026,2026-01-04T17:22:28,iNaturalist research-grade observations
5938346130,Lanius schach,"Lanius schach Linnaeus, 1758",Animalia,,Aves,Passeriformes,Laniidae,Lanius,India,Maharashtra,,19.016591,73.00594,2026,2026-01-04T09:01,iNaturalist research-grade observations
5938346137,Ardea cinerea,"Ardea cinerea Linnaeus, 1758",Animalia,,Aves,Pelecaniformes,Ardeidae,Ardea,India,Maharashtra,,19.141906,72.964628,2026,2026-01-04T08:56,iNaturalist research-grade observations
5938346254,Tadorna ferruginea,"Tadorna ferruginea (Pallas, 1764)",Animalia,,Aves,Anseriformes,Anatidae,Tadorna,India,Madhya Pradesh,,21.336842,76.506083,2026,2026-01-03T16:55,iNaturalist research-grade observations
5938347001,Chloropsis aurifrons,"Chloropsis aurifrons (Temminck, 1829)",Animalia,,Aves,Passeriformes,Chloropseidae,Chloropsis,India,Assam,,25.172053,93.00282,2026,2026-01-02T11:32,iNaturalist research-grade observations
5938349665,Pernis ptilorhynchus,"Pernis ptilorhynchus (Temminck, 1821)",Animalia,,Aves,Accipitriformes,Accipitridae,Pernis,India,Tamil Nadu,,11.709213,78.191376,2026,2026-01-01T10:53:25,iNaturalist research-grade observations
5938349833,Pavo cristatus,"Pavo cristatus Linnaeus, 1758",Animalia,,Aves,Galliformes,Phasianidae,Pavo,India,Kerala,,10.538997,76.186043,2026,2026-01-02T16:01,iNaturalist research-grade observations
5938350873,Anastomus oscitans,"Anastomus oscitans (Boddaert, 1783)",Animalia,,Aves,Ciconiiformes,Ciconiidae,Anastomus,India,Tamil Nadu,,11.891788,77.771567,2026,2026-01-01T16:34,iNaturalist research-grade observations
5938352144,Anas acuta,"Anas acuta Linnaeus, 1758",Animalia,,Aves,Anseriformes,Anatidae,Anas,India,Tamil Nadu,,12.717904,80.212587,2026,2026-01-02T08:43,iNaturalist research-grade observations
5938352151,Nyctyornis athertoni,"Nyctyornis athertoni (Jardine & Selby, 1828)",Animalia,,Aves,Coraciiformes,Meropidae,Nyctyornis,India,Uttarakhand,,29.407578,79.009887,2026,2026-01-02T13:39:06,iNaturalist research-grade observations
5938352167,Phalacrocorax fuscicollis,"Phalacrocorax fuscicollis Stephens, 1826",Animalia,,Aves,Suliformes,Phalacrocoracidae,Phalacrocorax,India,Tamil Nadu,,12.80469,80.241398,2026,2026-01-02T12:40,iNaturalist research-grade observations
5938352454,Cecropis daurica,"Cecropis daurica (Laxmann, 1769)",Animalia,,Aves,Passeriformes,Hirundinidae,Cecropis,India,Maharashtra,,18.325712,73.885275,2026,2026-01-02T08:46,iNaturalist research-grade observations
5938352551,Ardeola grayii,"Ardeola grayii (Sykes, 1832)",Animalia,,Aves,Pelecaniformes,Ardeidae,Ardeola,India,Karnataka,,13.010205,77.642128,2026,2026-01-05T07:14,iNaturalist research-grade observations
5938353917,Pycnonotus luteolus,"Pycnonotus luteolus (Lesson, 1841)",Animalia,,Aves,Passeriformes,Pycnonotidae,Pycnonotus,India,Karnataka,,12.311931,77.276921,2026,2026-01-03T08:12,iNaturalist research-grade observations
5938353960,Chrysocolaptes guttacristatus,"Chrysocolaptes guttacristatus (Tickell, 1833)",Animalia,,Aves,Piciformes,Picidae,Chrysocolaptes,India,Uttar Pradesh,,28.464539,80.776861,2026,2026-01-03T15:03,iNaturalist research-grade observations
5938354283,Lanius schach,"Lanius schach Linnaeus, 1758",Animalia,,Aves,Passeriformes,Laniidae,Lanius,India,Tamil Nadu,,12.81587,77.824242,2026,2026-01-04T08:14:05,iNaturalist research-grade observations
5938354393,Pycnonotus cafer,"Pycnonotus cafer (Linnaeus, 1766)",Animalia,,Aves,Passeriformes,Pycnonotidae,Pycnonotus,India,Assam,,26.699982,91.248195,2026,2026-01-05T22:28:41,iNaturalist research-grade observations
5938354603,Grus grus,"Grus grus (Linnaeus, 1758)",Animalia,,Aves,Gruiformes,Gruidae,Grus,India,Gujarat,,22.811536,72.016478,2026,2026-01-02T09:22:05,iNaturalist research-grade observations
5938354786,Ardeola grayii,"Ardeola grayii (Sykes, 1832)",Animalia,,Aves,Pelecaniformes,Ardeidae,Ardeola,India,Tamil Nadu,,12.804274,80.245152,2026,2026-01-02T11:26,iNaturalist research-grade observations
5938357597,Anhinga melanogaster,"Anhinga melanogaster Pennant, 1769",Animalia,,Aves,Suliformes,Anhingidae,Anhinga,India,Tamil Nadu,,12.717904,80.212587,2026,2026-01-02T07:17,iNaturalist research-grade observations
5938359771,Sterna aurantia,"Sterna aurantia J.E.Gray, 1831",Animalia,,Aves,Charadriiformes,Laridae,Sterna,India,Tamil Nadu,,11.899021,77.696035,2026,2026-01-01T16:06,iNaturalist research-grade observations
5938360296,Burhinus indicus,"Burhinus indicus (Salvadori, 1866)",Animalia,,Aves,Charadriiformes,Burhinidae,Burhinus,India,Gujarat,,22.830554,72.086126,2026,2026-01-01T10:15,iNaturalist research-grade observations
5938361750,Actitis hypoleucos,"Actitis hypoleucos (Linnaeus, 1758)",Animalia,,Aves,Charadriiformes,Scolopacidae,Actitis,India,Maharashtra,,19.139244,72.957178,2026,2026-01-03T08:20:08,iNaturalist research-grade observations
5938362426,"Ardea Linnaeus, 1758","Ardea Linnaeus, 1758",Animalia,,Aves,Pelecaniformes,Ardeidae,Ardea,India,Kerala,,9.790266,76.304638,2026,2026-01-04T17:57:57,iNaturalist research-grade observations
5938362427,Himantopus himantopus,"Himantopus himantopus (Linnaeus, 1758)",Animalia,,Aves,Charadriiformes,Recurvirostridae,Himantopus,India,Maharashtra,,19.141906,72.964628,2026,2026-01-04T10:41,iNaturalist research-grade observations
5938363700,Turdoides striata,"Argya striata (Dumont, 1823)",Animalia,,Aves,Passeriformes,Leiothrichidae,Turdoides,India,NCT of Delhi,,28.635309,77.164503,2026,2026-01-04T13:57:55,iNaturalist research-grade observations
5938363868,Acridotheres tristis,"Acridotheres tristis (Linnaeus, 1766)",Animalia,,Aves,Passeriformes,Sturnidae,Acridotheres,India,NCT of Delhi,,28.55709,77.08684,2026,2026-01-04T11:32,iNaturalist research-grade observations
5938364312,Copsychus saularis,"Copsychus saularis (Linnaeus, 1758)",Animalia,,Aves,Passeriformes,Muscicapidae,Copsychus,India,Karnataka,,12.278011,76.618379,2026,2026-01-02T11:02:22,iNaturalist research-grade observations
5938367614,Ardea alba,"Ardea alba Linnaeus, 1758",Animalia,,Aves,Pelecaniformes,Ardeidae,Ardea,India,Maharashtra,,19.015496,73.006286,2026,2026-01-02T10:06,iNaturalist research-grade observations
5938367867,Saxicola caprata,"Saxicola caprata (Linnaeus, 1766)",Animalia,,Aves,Passeriformes,Muscicapidae,Saxicola,India,Tamil Nadu,,11.069678,77.052856,2026,2026-01-03T09:10:27,iNaturalist research-grade observations
5938367903,Saxicola caprata,"Saxicola caprata (Linnaeus, 1766)",Animalia,,Aves,Passeriformes,Muscicapidae,Saxicola,India,Maharashtra,,19.016591,73.00594,2026,2026-01-04T08:42,iNaturalist research-grade observations
5938367978,Tringa erythropus,"Tringa erythropus (Pallas, 1764)",Animalia,,Aves,Charadriiformes,Scolopacidae,Tringa,India,Madhya Pradesh,,21.336842,76.506083,2026,2026-01-03T17:10,iNaturalist research-grade observations
5938368450,Threskiornis melanocephalus,"Threskiornis melanocephalus (Latham, 1790)",Animalia,,Aves,Pelecaniformes,Threskiornithidae,Threskiornis,India,Karnataka,,12.975506,77.689801,2026,2026-01-01T07:09,iNaturalist research-grade observations
5938368562,Columba livia,"Columba livia var. domestica J.F.Gmelin, 1789",Animalia,,Aves,Columbiformes,Columbidae,Columba,India,Rajasthan,,26.985906,75.850407,2026,2026-01-01T10:33:45,iNaturalist research-grade observations
5938371390,Leptocoma zeylonica,"Leptocoma zeylonica (Linnaeus, 1766)",Animalia,,Aves,Passeriformes,Nectariniidae,Leptocoma,India,Karnataka,,12.881874,77.688727,2026,2026-01-01T17:25,iNaturalist research-grade observations
5938371989,Strix leptogrammica,"Strix leptogrammica Temminck, 1832",Animalia,,Aves,Strigiformes,Strigidae,Strix,India,Maharashtra,,15.782071,73.986275,2026,2026-01-03T12:02:22,iNaturalist research-grade observations
5938372011,Merops orientalis,"Merops orientalis Latham, 1801",Animalia,,Aves,Coraciiformes,Meropidae,Merops,India,Karnataka,,13.712335,75.252464,2026,2026-01-03T17:00,iNaturalist research-grade observations
5938372747,Columba livia,"Columba livia J.F.Gmelin, 1789",Animalia,,Aves,Columbiformes,Columbidae,Columba,India,Madhya Pradesh,,21.336842,76.506083,2026,2026-01-03T16:41,iNaturalist research-grade observations
5938372836,Alcedo atthis,"Alcedo atthis (Linnaeus, 1758)",Animalia,,Aves,Coraciiformes,Alcedinidae,Alcedo,India,Madhya Pradesh,,21.370947,76.64796,2026,2026-01-03T11:12,iNaturalist research-grade observations
5938374842,Dicrurus caerulescens,"Dicrurus caerulescens (Linnaeus, 1758)",Animalia,,Aves,Passeriformes,Dicruridae,Dicrurus,India,Gujarat,,22.827577,72.05568,2026,2026-01-01T11:21:48,iNaturalist research-grade observations
5938374945,Tringa glareola,"Tringa glareola Linnaeus, 1758",Animalia,,Aves,Charadriiformes,Scolopacidae,Tringa,India,Maharashtra,,19.1392,72.9572,2026,2026-01-03T00:14:08,iNaturalist research-grade observations
5938374950,Acridotheres fuscus,"Acridotheres fuscus (Wagler, 1827)",Animalia,,Aves,Passeriformes,Sturnidae,Acridotheres,India,Karnataka,,12.311931,77.276921,2026,2026-01-03T07:09,iNaturalist research-grade observations
5938374963,"Ardea Linnaeus, 1758","Ardea Linnaeus, 1758",Animalia,,Aves,Pelecaniformes,Ardeidae,Ardea,India,Tamil Nadu,,10.423128,79.388671,2026,2026-01-01T09:41,iNaturalist research-grade observations
5938375413,Ciconia episcopus,"Ciconia episcopus (Boddaert, 1783)",Animalia,,Aves,Ciconiiformes,Ciconiidae,Ciconia,India,Kerala,,11.580898,76.18395,2026,2026-01-03T08:02:30,iNaturalist research-grade observations
5938375721,Glareola lactea,"Glareola lactea Temminck, 1820",Animalia,,Aves,Charadriiformes,Glareolidae,Glareola,India,Madhya Pradesh,,21.531662,76.735081,2026,2026-01-04T13:37,iNaturalist research-grade observations
5938377626,Chlidonias hybrida,"Chlidonias hybrida (Pallas, 1811)",Animalia,,Aves,Charadriiformes,Laridae,Chlidonias,India,Tamil Nadu,,11.891788,77.771567,2026,2026-01-01T17:04,iNaturalist research-grade observations
5938377657,Haliaeetus leucogaster,"Icthyophaga leucogaster (J.F.Gmelin, 1788)",Animalia,,Aves,Accipitriformes,Accipitridae,Haliaeetus,India,Maharashtra,,15.728523,73.984665,2026,2026-01-02T16:26,iNaturalist research-grade observations
5938378370,Athene brama,"Athene brama (Temminck, 1821)",Animalia,,Aves,Strigiformes,Strigidae,Athene,India,Karnataka,,12.975506,77.689801,2026,2026-01-01T08:58,iNaturalist research-grade observations
5938378435,Chroicocephalus brunnicephalus,"Chroicocephalus brunnicephalus (Jerdon, 1840)",Animalia,,Aves,Charadriiformes,Laridae,Chroicocephalus,India,Kerala,,9.13327,76.463428,2026,2026-01-02T08:46,iNaturalist research-grade observations
5938381520,Vanellus duvaucelii,"Vanellus duvaucelii (R.Lesson, 1826)",Animalia,,Aves,Charadriiformes,Charadriidae,Vanellus,India,Uttarakhand,,30.502123,77.730096,2026,2026-01-03T10:26:42,iNaturalist research-grade observations
5938381736,Myophonus caeruleus,"Myophonus caeruleus (Scopoli, 1786)",Animalia,,Aves,Passeriformes,Muscicapidae,Myophonus,India,Uttarakhand,,30.395227,78.093591,2026,2026-01-02T08:09:09,iNaturalist research-grade observations
5938382568,Aquila hastata,"Clanga hastata (R.P.Lesson, 1831)",Animalia,,Aves,Accipitriformes,Accipitridae,Aquila,India,Gujarat,,22.924476,72.121715,2026,2026-01-02T10:21,iNaturalist research-grade observations
5938383149,Pavo cristatus,"Pavo cristatus Linnaeus, 1758",Animalia,,Aves,Galliformes,Phasianidae,Pavo,India,Tamil Nadu,,10.879178,79.093819,2026,2026-01-05T07:58:14,iNaturalist research-grade observations
5938383211,Himantopus himantopus,"Himantopus himantopus (Linnaeus, 1758)",Animalia,,Aves,Charadriiformes,Recurvirostridae,Himantopus,India,Madhya Pradesh,,21.531662,76.735081,2026,2026-01-04T12:56,iNaturalist research-grade observations
5938383214,Coracias benghalensis,"Coracias benghalensis (Linnaeus, 1758)",Animalia,,Aves,Coraciiformes,Coraciidae,Coracias,India,Madhya Pradesh,,21.336842,76.506083,2026,2026-01-03T16:42,iNaturalist research-grade observations
5938384270,Alcedo atthis,"Alcedo atthis (Linnaeus, 1758)",Animalia,,Aves,Coraciiformes,Alcedinidae,Alcedo,India,Maharashtra,,19.139319,72.958347,2026,2026-01-03T08:49:54,iNaturalist research-grade observations
5938384351,Ploceus benghalensis,"Ploceus benghalensis (Linnaeus, 1758)",Animalia,,Aves,Passeriformes,Ploceidae,Ploceus,India,Gujarat,,22.896566,72.090867,2026,2026-01-02T08:58,iNaturalist research-grade observations
5938385521,Turdoides affinis,"Argya affinis (Jerdon, 1845)",Animalia,,Aves,Passeriformes,Leiothrichidae,Turdoides,India,Kerala,,10.538491,76.186021,2026,2026-01-02T15:59,iNaturalist research-grade observations
5938387289,Pycnonotus cafer,"Pycnonotus cafer (Linnaeus, 1766)",Animalia,,Aves,Passeriformes,Pycnonotidae,Pycnonotus,India,Telangana,,17.396766,78.334772,2026,2026-01-04T14:10,iNaturalist research-grade observations
5938387503,Himantopus himantopus,"Himantopus himantopus (Linnaeus, 1758)",Animalia,,Aves,Charadriiformes,Recurvirostridae,Himantopus,India,Tamil Nadu,,9.366233,77.605186,2026,2026-01-01T16:32:35,iNaturalist research-grade observations
5938398524,Tringa glareola,"Tringa glareola Linnaeus, 1758",Animalia,,Aves,Charadriiformes,Scolopacidae,Tringa,India,Maharashtra,,19.139219,72.957175,2026,2026-01-03T08:16:02,iNaturalist research-grade observations
5938398698,Ploceus benghalensis,"Ploceus benghalensis (Linnaeus, 1758)",Animalia,,Aves,Passeriformes,Ploceidae,Ploceus,India,Gujarat,,22.826243,72.107133,2026,2026-01-01T08:25,iNaturalist research-grade observations
5938401468,Gracupica contra,"Gracupica contra (Linnaeus, 1758)",Animalia,,Aves,Passeriformes,Sturnidae,Gracupica,India,Madhya Pradesh,,21.370947,76.64796,2026,2026-01-03T10:33,iNaturalist research-grade observations
5938401540,Oenanthe fusca,"Oenanthe fusca (Blyth, 1851)",Animalia,,Aves,Passeriformes,Muscicapidae,Oenanthe,India,Himachal Pradesh,,31.418982,76.73545,2026,2026-01-01T13:06:01,iNaturalist research-grade observations
5938401595,Pelargopsis capensis,"Pelargopsis capensis (Linnaeus, 1766)",Animalia,,Aves,Coraciiformes,Alcedinidae,Pelargopsis,India,Goa,,15.453695,73.94374,2026,2026-01-02T09:58,iNaturalist research-grade observations
5938401644,Pycnonotus leucogenys,"Pycnonotus leucogenys (J.E.Gray, 1835)",Animalia,,Aves,Passeriformes,Pycnonotidae,Pycnonotus,India,Uttarakhand,,30.285325,77.973962,2026,2026-01-02T09:35:59,iNaturalist research-grade observations
5938401673,Pastor roseus,"Pastor roseus (Linnaeus, 1758)",Animalia,,Aves,Passeriformes,Sturnidae,Pastor,India,Madhya Pradesh,,21.370947,76.64796,2026,2026-01-03T10:34,iNaturalist research-grade observations
5938401760,Sturnia pagodarum,"Sturnia pagodarum (Gmelin, 1789)",Animalia,,Aves,Passeriformes,Sturnidae,Sturnia,India,Madhya Pradesh,,21.370947,76.64796,2026,2026-01-03T10:33,iNaturalist research-grade observations
5938401770,Tringa totanus,"Tringa totanus (Linnaeus, 1758)",Animalia,,Aves,Charadriiformes,Scolopacidae,Tringa,India,Tamil Nadu,,12.32731,80.019428,2026,2026-01-04T11:11,iNaturalist research-grade observations
5938402153,Spatula clypeata,"Spatula clypeata (Linnaeus, 1758)",Animalia,,Aves,Anseriformes,Anatidae,Spatula,India,Maharashtra,,19.141906,72.964628,2026,2026-01-04T09:35,iNaturalist research-grade observations
5938402179,Aquila hastata,"Clanga hastata (R.P.Lesson, 1831)",Animalia,,Aves,Accipitriformes,Accipitridae,Aquila,India,Gujarat,,22.849062,72.180153,2026,2026-01-01T15:17,iNaturalist research-grade observations
5938402477,Acridotheres tristis,"Acridotheres tristis (Linnaeus, 1766)",Animalia,,Aves,Passeriformes,Sturnidae,Acridotheres,India,Punjab,,31.705363,74.806261,2026,2026-01-04T11:46:42,iNaturalist research-grade observations
5938402650,Anastomus oscitans,"Anastomus oscitans (Boddaert, 1783)",Animalia,,Aves,Ciconiiformes,Ciconiidae,Anastomus,India,Tamil Nadu,,12.855572,79.359378,2026,2026-01-05,iNaturalist research-grade observations
5938402719,Motacilla maderaspatensis,"Motacilla maderaspatensis Gmelin, 1789",Animalia,,Aves,Passeriformes,Motacillidae,Motacilla,India,Karnataka,,12.311931,77.276921,2026,2026-01-03T07:46,iNaturalist research-grade observations
5938402723,Parus xanthogenys,"Machlolophus xanthogenys (Vigors, 1831)",Animalia,,Aves,Passeriformes,Paridae,Parus,India,Himachal Pradesh,,31.569893,76.851453,2026,2026-01-03T17:04:55,iNaturalist research-grade observations
5938402733,Ardea cinerea,"Ardea cinerea Linnaeus, 1758",Animalia,,Aves,Pelecaniformes,Ardeidae,Ardea,India,Tamil Nadu,,12.782749,80.236628,2026,2026-01-02T12:09,iNaturalist research-grade observations
5938403550,Athene brama,"Athene brama (Temminck, 1821)",Animalia,,Aves,Strigiformes,Strigidae,Athene,India,Madhya Pradesh,,23.032078,79.815667,2026,2026-01-02T15:11:18,iNaturalist research-grade observations
5938404217,Pandion haliaetus,"Pandion haliaetus (Linnaeus, 1758)",Animalia,,Aves,Accipitriformes,Pandionidae,Pandion,India,West Bengal,,26.568277,88.767344,2026,2026-01-04T13:53:06,iNaturalist research-grade observations
5938404240,Threskiornis melanocephalus,"Threskiornis melanocephalus (Latham, 1790)",Animalia,,Aves,Pelecaniformes,Threskiornithidae,Threskiornis,India,Madhya Pradesh,,21.336842,76.506083,2026,2026-01-03T16:46,iNaturalist research-grade observations
5938405198,Merops philippinus,"Merops philippinus Linnaeus, 1767",Animalia,,Aves,Coraciiformes,Meropidae,Merops,India,Karnataka,,12.317175,76.621304,2026,2026-01-01T10:00:19,iNaturalist research-grade observations
5938406607,"Ardea Linnaeus, 1758","Ardea Linnaeus, 1758",Animalia,,Aves,Pelecaniformes,Ardeidae,Ardea,India,Goa,,15.293633,73.909694,2026,2026-01-03T12:29:12,iNaturalist research-grade observations
5938406686,Mycteria leucocephala,"Mycteria leucocephala (Pennant, 1769)",Animalia,,Aves,Ciconiiformes,Ciconiidae,Mycteria,India,NCT of Delhi,,28.611832,77.23037,2026,2026-01-04T11:56:03,iNaturalist research-grade observations
5938406693,Grus antigone,"Antigone antigone (Linnaeus, 1758)",Animalia,,Aves,Gruiformes,Gruidae,Grus,India,Gujarat,,22.818097,72.099085,2026,2026-01-01T14:58,iNaturalist research-grade observations
5938408243,Anastomus oscitans,"Anastomus oscitans (Boddaert, 1783)",Animalia,,Aves,Ciconiiformes,Ciconiidae,Anastomus,India,Karnataka,,12.311931,77.276921,2026,2026-01-03T10:05,iNaturalist research-grade observations
5938409187,Pavo cristatus,"Pavo cristatus Linnaeus, 1758",Animalia,,Aves,Galliformes,Phasianidae,Pavo,India,Telangana,,17.462231,78.388481,2026,2026-01-01T16:24:56,iNaturalist research-grade observations
5938409510,Merops orientalis,"Merops orientalis Latham, 1801",Animalia,,Aves,Coraciiformes,Meropidae,Merops,India,Telangana,,17.455953,78.359969,2026,2026-01-01T15:13:50,iNaturalist research-grade observations
5938410265,Anastomus oscitans,"Anastomus oscitans (Boddaert, 1783)",Animalia,,Aves,Ciconiiformes,Ciconiidae,Anastomus,India,Tamil Nadu,,11.891788,77.771567,2026,2026-01-03T16:01,iNaturalist research-grade observations
5938411102,Tringa stagnatilis,"Tringa stagnatilis (Bechstein, 1803)",Animalia,,Aves,Charadriiformes,Scolopacidae,Tringa,India,Maharashtra,,19.015496,73.006286,2026,2026-01-02T09:06,iNaturalist research-grade observations
5938411123,Anthropoides virgo,"Grus virgo (Linnaeus, 1758)",Animalia,,Aves,Gruiformes,Gruidae,Anthropoides,India,Gujarat,,22.912826,71.969299,2026,2026-01-02T17:03:49,iNaturalist research-grade observations
5938412852,Motacilla flava,"Motacilla flava Linnaeus, 1758",Animalia,,Aves,Passeriformes,Motacillidae,Motacilla,India,Madhya Pradesh,,21.336842,76.506083,2026,2026-01-03T17:15,iNaturalist research-grade observations
5938417530,Haliastur indus,"Haliastur indus (Boddaert, 1783)",Animalia,,Aves,Accipitriformes,Accipitridae,Haliastur,India,Tamil Nadu,,11.891788,77.771567,2026,2026-01-01T16:38,iNaturalist research-grade observations
5938417548,Ceryle rudis,"Ceryle rudis (Linnaeus, 1758)",Animalia,,Aves,Coraciiformes,Alcedinidae,Ceryle,India,Tamil Nadu,,12.874312,79.372389,2026,2026-01-02,iNaturalist research-grade observations
5938417958,Microcarbo niger,"Microcarbo niger (Vieillot, 1817)",Animalia,,Aves,Suliformes,Phalacrocoracidae,Microcarbo,India,Karnataka,,13.712335,75.252464,2026,2026-01-03T17:06,iNaturalist research-grade observations
5938418509,Alcedo atthis,"Alcedo atthis (Linnaeus, 1758)",Animalia,,Aves,Coraciiformes,Alcedinidae,Alcedo,India,Madhya Pradesh,,21.531662,76.735081,2026,2026-01-04T14:01,iNaturalist research-grade observations
5938418890,Oriolus kundoo,"Oriolus kundoo Sykes, 1832",Animalia,,Aves,Passeriformes,Oriolidae,Oriolus,India,Kerala,,10.538681,76.186086,2026,2026-01-02T15:59,iNaturalist research-grade observations
5938419270,Saxicola caprata,"Saxicola caprata (Linnaeus, 1766)",Animalia,,Aves,Passeriformes,Muscicapidae,Saxicola,India,Maharashtra,,18.661927,72.865929,2026,2026-01-01T08:47,iNaturalist research-grade observations
5938421469,Ceryle rudis,"Ceryle rudis (Linnaeus, 1758)",Animalia,,Aves,Coraciiformes,Alcedinidae,Ceryle,India,Gujarat,,22.154597,73.482604,2026,2026-01-02T10:43:20,iNaturalist research-grade observations
5938421895,Platalea leucorodia,"Platalea leucorodia Linnaeus, 1758",Animalia,,Aves,Pelecaniformes,Threskiornithidae,Platalea,India,Tamil Nadu,,12.717904,80.212587,2026,2026-01-02T08:29,iNaturalist research-grade observations
5938421927,Circus macrourus,"Circus macrourus (S.G.Gmelin, 1770)",Animalia,,Aves,Accipitriformes,Accipitridae,Circus,India,Karnataka,,13.007026,77.74911,2026,2026-01-03T04:15:10,iNaturalist research-grade observations
5938423895,Tringa glareola,"Tringa glareola Linnaeus, 1758",Animalia,,Aves,Charadriiformes,Scolopacidae,Tringa,India,Maharashtra,,19.141906,72.964628,2026,2026-01-04T11:42,iNaturalist research-grade observations
5938423984,Vanellus indicus,"Vanellus indicus (Boddaert, 1783)",Animalia,,Aves,Charadriiformes,Charadriidae,Vanellus,India,Rajasthan,,26.0922,76.512245,2026,2026-01-04T15:06,iNaturalist research-grade observations
5938424285,Mycteria leucocephala,"Mycteria leucocephala (Pennant, 1769)",Animalia,,Aves,Ciconiiformes,Ciconiidae,Mycteria,India,Madhya Pradesh,,21.531662,76.735081,2026,2026-01-04T13:07,iNaturalist research-grade observations
5938424314,Haliastur indus,"Haliastur indus (Boddaert, 1783)",Animalia,,Aves,Accipitriformes,Accipitridae,Haliastur,India,Karnataka,,13.61414,74.670599,2026,2026-01-02T08:20,iNaturalist research-grade observations
5938425724,Ardeola grayii,"Ardeola grayii (Sykes, 1832)",Animalia,,Aves,Pelecaniformes,Ardeidae,Ardeola,India,Kerala,,9.295434,76.51161,2026,2026-01-04T09:52:50,iNaturalist research-grade observations
5938425730,Lonchura punctulata,"Lonchura punctulata (Linnaeus, 1758)",Animalia,,Aves,Passeriformes,Estrildidae,Lonchura,India,Telangana,,17.59617,78.300117,2026,2026-01-04T08:55:55,iNaturalist research-grade observations
5938427633,Columba livia,"Columba livia var. domestica J.F.Gmelin, 1789",Animalia,,Aves,Columbiformes,Columbidae,Columba,India,Uttar Pradesh,,25.406973,81.847238,2026,2026-01-01T09:14:43,iNaturalist research-grade observations
5938428846,Spilopelia chinensis,"Spilopelia chinensis (Scopoli, 1786)",Animalia,,Aves,Columbiformes,Columbidae,Spilopelia,India,Telangana,,17.455883,78.359778,2026,2026-01-01T15:04:52,iNaturalist research-grade observations
5938429938,Cyornis tickelliae,"Cyornis tickelliae Blyth, 1843",Animalia,,Aves,Passeriformes,Muscicapidae,Cyornis,India,Maharashtra,,15.722339,73.978646,2026,2026-01-02T17:39:55,iNaturalist research-grade observations
5938430434,Psilopogon haemacephalus,"Psilopogon haemacephalus (P.L.S.Müller, 1776)",Animalia,,Aves,Piciformes,Megalaimidae,Psilopogon,India,Maharashtra,,19.260592,72.850511,2026,2026-01-03T10:17:03,iNaturalist research-grade observations
5938430910,Tachybaptus ruficollis,"Tachybaptus ruficollis (Pallas, 1764)",Animalia,,Aves,Podicipediformes,Podicipedidae,Tachybaptus,India,Maharashtra,,19.141906,72.964628,2026,2026-01-04T09:35,iNaturalist research-grade observations
5938430955,Lanius isabellinus,"Lanius isabellinus Hemprich & Ehrenberg, 1833",Animalia,,Aves,Passeriformes,Laniidae,Lanius,India,Gujarat,,22.88767,72.073211,2026,2026-01-01T15:05,iNaturalist research-grade observations
5938431879,Pastor roseus,"Pastor roseus (Linnaeus, 1758)",Animalia,,Aves,Passeriformes,Sturnidae,Pastor,India,Gujarat,,23.030242,72.57593,2026,2026-01-04T07:33:38,iNaturalist research-grade observations
5938434375,Mycteria leucocephala,"Mycteria leucocephala (Pennant, 1769)",Animalia,,Aves,Ciconiiformes,Ciconiidae,Mycteria,India,Tamil Nadu,,12.804274,80.245152,2026,2026-01-02T11:10,iNaturalist research-grade observations
5938435258,Lonchura malacca,"Lonchura malacca (Linnaeus, 1766)",Animalia,,Aves,Passeriformes,Estrildidae,Lonchura,India,Gujarat,,22.912739,71.969421,2026,2026-01-02T16:53:51,iNaturalist research-grade observations
5938435271,Ammomanes phoenicura,"Ammomanes phoenicura (Franklin, 1831)",Animalia,,Aves,Passeriformes,Alaudidae,Ammomanes,India,Maharashtra,,18.795067,72.925728,2026,2026-01-02T08:28,iNaturalist research-grade observations
5938436391,Circaetus gallicus,"Circaetus gallicus (Gmelin, 1788)",Animalia,,Aves,Accipitriformes,Accipitridae,Circaetus,India,Gujarat,,22.879093,72.058311,2026,2026-01-02T10:30,iNaturalist research-grade observations
5938436451,Tringa nebularia,"Tringa nebularia (Gunnerus, 1767)",Animalia,,Aves,Charadriiformes,Scolopacidae,Tringa,India,Tamil Nadu,,11.891788,77.771567,2026,2026-01-03T15:57,iNaturalist research-grade observations
5938436461,"Thinornis G.R.Gray, 1844","Thinornis G.R.Gray, 1844",Animalia,,Aves,Charadriiformes,Charadriidae,Thinornis,India,Madhya Pradesh,,21.531662,76.735081,2026,2026-01-04T12:55,iNaturalist research-grade observations
5938436463,Lanius schach,"Lanius schach Linnaeus, 1758",Animalia,,Aves,Passeriformes,Laniidae,Lanius,India,Madhya Pradesh,,21.370947,76.64796,2026,2026-01-03T10:40,iNaturalist research-grade observations
5938436584,Passer domesticus,"Passer domesticus (Linnaeus, 1758)",Animalia,,Aves,Passeriformes,Passeridae,Passer,India,Karnataka,,12.921973,74.906731,2026,2026-01-05T15:29:29,iNaturalist research-grade observations
5938436992,Egretta garzetta,"Egretta garzetta (Linnaeus, 1766)",Animalia,,Aves,Pelecaniformes,Ardeidae,Egretta,India,Madhya Pradesh,,21.336842,76.506083,2026,2026-01-03T17:09,iNaturalist research-grade observations
5938437041,Vanellus indicus,"Vanellus indicus (Boddaert, 1783)",Animalia,,Aves,Charadriiformes,Charadriidae,Vanellus,India,Madhya Pradesh,,21.531662,76.735081,2026,2026-01-04T12:56,iNaturalist research-grade observations
5938437294,Threskiornis melanocephalus,"Threskiornis melanocephalus (Latham, 1790)",Animalia,,Aves,Pelecaniformes,Threskiornithidae,Threskiornis,India,Madhya Pradesh,,21.336842,76.506083,2026,2026-01-03T17:10,iNaturalist research-grade observations
5938437337,Spilopelia chinensis,"Spilopelia chinensis (Scopoli, 1786)",Animalia,,Aves,Columbiformes,Columbidae,Spilopelia,India,Goa,,15.293631,73.909692,2026,2026-01-05T04:41:57,iNaturalist research-grade observations
5938437377,Pavo cristatus,"Pavo cristatus Linnaeus, 1758",Animalia,,Aves,Galliformes,Phasianidae,Pavo,India,Uttarakhand,,30.341097,78.112032,2026,2026-01-04T07:24:28,iNaturalist research-grade observations
5938439390,Ardea cinerea,"Ardea cinerea Linnaeus, 1758",Animalia,,Aves,Pelecaniformes,Ardeidae,Ardea,India,Maharashtra,,19.138306,72.958717,2026,2026-01-03T10:56:28,iNaturalist research-grade observations
5938440556,Netta rufina,"Netta rufina (Pallas, 1773)",Animalia,,Aves,Anseriformes,Anatidae,Netta,India,Madhya Pradesh,,21.370947,76.64796,2026,2026-01-03T10:26,iNaturalist research-grade observations
5938440621,Upupa epops,"Upupa epops Linnaeus, 1758",Animalia,,Aves,Bucerotiformes,Upupidae,Upupa,India,Gujarat,,22.823504,72.107363,2026,2026-01-01T08:51:13,iNaturalist research-grade observations
5938440652,Oriolus chinensis,"Oriolus chinensis Linnaeus, 1766",Animalia,,Aves,Passeriformes,Oriolidae,Oriolus,India,Kerala,,9.030278,76.896036,2026,2026-01-01T07:46:12,iNaturalist research-grade observations
5938440676,Merops orientalis,"Merops orientalis Latham, 1801",Animalia,,Aves,Coraciiformes,Meropidae,Merops,India,Telangana,,17.598314,78.122403,2026,2026-01-01T17:10:46,iNaturalist research-grade observations
5938440952,Pavo cristatus,"Pavo cristatus Linnaeus, 1758",Animalia,,Aves,Galliformes,Phasianidae,Pavo,India,Telangana,,17.455303,78.363072,2026,2026-01-01T14:41:19,iNaturalist research-grade observations
5938442431,Ardeola grayii,"Ardeola grayii (Sykes, 1832)",Animalia,,Aves,Pelecaniformes,Ardeidae,Ardeola,India,Tamil Nadu,,12.717904,80.212587,2026,2026-01-02T08:49,iNaturalist research-grade observations
5938442605,Columba livia,"Columba livia var. domestica J.F.Gmelin, 1789",Animalia,,Aves,Columbiformes,Columbidae,Columba,India,Maharashtra,,21.117889,79.047692,2026,2026-01-03T08:16:18,iNaturalist research-grade observations
5938442895,Ardeola grayii,"Ardeola grayii (Sykes, 1832)",Animalia,,Aves,Pelecaniformes,Ardeidae,Ardeola,India,Kerala,,9.790423,76.304598,2026,2026-01-02T10:28:38,iNaturalist research-grade observations
5938443053,Dicaeum erythrorhynchos,"Dicaeum erythrorhynchos (Latham, 1790)",Animalia,,Aves,Passeriformes,Dicaeidae,Dicaeum,India,Karnataka,,12.918313,77.680097,2026,2026-01-04T08:21,iNaturalist research-grade observations
5938446772,Gallus gallus,"Gallus gallus (Linnaeus, 1758)",Animalia,,Aves,Galliformes,Phasianidae,Gallus,India,Himachal Pradesh,,31.418902,76.734389,2026,2026-01-01T07:16,iNaturalist research-grade observations
5938447404,Vanellus indicus,"Vanellus indicus (Boddaert, 1783)",Animalia,,Aves,Charadriiformes,Charadriidae,Vanellus,India,Gujarat,,22.826526,72.106732,2026,2026-01-01T08:32:16,iNaturalist research-grade observations
5938447897,Amandava amandava,"Amandava amandava (Linnaeus, 1758)",Animalia,,Aves,Passeriformes,Estrildidae,Amandava,India,Maharashtra,,19.016591,73.00594,2026,2026-01-04T09:18,iNaturalist research-grade observations
5938447950,Ardea purpurea,"Ardea purpurea Linnaeus, 1766",Animalia,,Aves,Pelecaniformes,Ardeidae,Ardea,India,Gujarat,,22.910515,72.209117,2026,2026-01-03T08:19,iNaturalist research-grade observations
5938448045,Acridotheres tristis,"Acridotheres tristis (Linnaeus, 1766)",Animalia,,Aves,Passeriformes,Sturnidae,Acridotheres,India,Tamil Nadu,,10.888625,79.097467,2026,2026-01-05T08:22:52,iNaturalist research-grade observations
5938448116,Limosa limosa,"Limosa limosa (Linnaeus, 1758)",Animalia,,Aves,Charadriiformes,Scolopacidae,Limosa,India,Tamil Nadu,,12.328712,80.018405,2026,2026-01-04T07:40,iNaturalist research-grade observations
5938450480,Dendrocopos analis,"Dendrocopos analis (Bonaparte, 1850)",Animalia,,Aves,Piciformes,Picidae,Dendrocopos,India,Andaman and Nicobar,,12.000611,93.007095,2026,2026-01-01T06:25:08,iNaturalist research-grade observations
5938450537,Myophonus horsfieldii,"Myophonus horsfieldii Vigors, 1831",Animalia,,Aves,Passeriformes,Muscicapidae,Myophonus,India,Maharashtra,,15.72231,73.97864,2026,2026-01-02T18:08:51,iNaturalist research-grade observations
5938450662,Anas acuta,"Anas acuta Linnaeus, 1758",Animalia,,Aves,Anseriformes,Anatidae,Anas,India,Tamil Nadu,,12.717904,80.212587,2026,2026-01-02T07:58,iNaturalist research-grade observations
5938452106,"Tachyspiza Kaup, 1844","Tachyspiza Kaup, 1844",Animalia,,Aves,,,Tachyspiza,India,Karnataka,,12.881874,77.688727,2026,2026-01-01T11:23,iNaturalist research-grade observations
5938453025,Columba livia,"Columba livia var. domestica J.F.Gmelin, 1789",Animalia,,Aves,Columbiformes,Columbidae,Columba,India,Himachal Pradesh,,31.418942,76.735418,2026,2026-01-03T15:19:27,iNaturalist research-grade observations
5938454550,Vanellus indicus,"Vanellus indicus indicus (Boddaert, 1783)",Animalia,,Aves,Charadriiformes,Charadriidae,Vanellus,India,Maharashtra,,18.978564,72.836375,2026,2026-01-02T17:52,iNaturalist research-grade observations
5938454572,Himantopus himantopus,"Himantopus himantopus (Linnaeus, 1758)",Animalia,,Aves,Charadriiformes,Recurvirostridae,Himantopus,India,Tamil Nadu,,12.804274,80.245152,2026,2026-01-02T11:47,iNaturalist research-grade observations
5938454708,Columba livia,"Columba livia var. domestica J.F.Gmelin, 1789",Animalia,,Aves,Columbiformes,Columbidae,Columba,India,NCT of Delhi,,28.592688,77.24907,2026,2026-01-04T09:20:47,iNaturalist research-grade observations
5938454731,Hirundo rustica,"Hirundo rustica Linnaeus, 1758",Animalia,,Aves,Passeriformes,Hirundinidae,Hirundo,India,Karnataka,,12.918313,77.680097,2026,2026-01-04T09:02,iNaturalist research-grade observations
5938455803,Motacilla flava,"Motacilla flava Linnaeus, 1758",Animalia,,Aves,Passeriformes,Motacillidae,Motacilla,India,Gujarat,,22.819102,72.044531,2026,2026-01-01T15:56,iNaturalist research-grade observations
5938456018,Ardeola grayii,"Ardeola grayii (Sykes, 1832)",Animalia,,Aves,Pelecaniformes,Ardeidae,Ardeola,India,Tamil Nadu,,12.874312,79.372389,2026,2026-01-02,iNaturalist research-grade observations
5938456718,Ardea purpurea,"Ardea purpurea Linnaeus, 1766",Animalia,,Aves,Pelecaniformes,Ardeidae,Ardea,India,Maharashtra,,19.156308,72.957739,2026,2026-01-01T11:01:48,iNaturalist research-grade observations
5938456892,Turdoides striata,"Argya striata (Dumont, 1823)",Animalia,,Aves,Passeriformes,Leiothrichidae,Turdoides,India,Kerala,,9.030289,76.896103,2026,2026-01-01T08:51:50,iNaturalist research-grade observations
5938457017,Lanius schach,"Lanius schach Linnaeus, 1758",Animalia,,Aves,Passeriformes,Laniidae,Lanius,India,Karnataka,,13.61414,74.670599,2026,2026-01-02T07:41,iNaturalist research-grade observations
5938457048,Centropus sinensis,"Centropus sinensis (Stephens, 1815)",Animalia,,Aves,Cuculiformes,Cuculidae,Centropus,India,Tamil Nadu,,11.891788,77.771567,2026,2026-01-01T18:06,iNaturalist research-grade observations
5938457502,Egretta garzetta,"Egretta garzetta (Linnaeus, 1766)",Animalia,,Aves,Pelecaniformes,Ardeidae,Egretta,India,Tamil Nadu,,12.804274,80.245152,2026,2026-01-02T11:22,iNaturalist research-grade observations
5938459212,Pterocles exustus,"Pterocles exustus Temminck, 1825",Animalia,,Aves,Pteroclidiformes,Pteroclididae,Pterocles,India,Gujarat,,22.816681,72.106043,2026,2026-01-01T08:58:53,iNaturalist research-grade observations
5938459271,Psittacula krameri,"Psittacula krameri (Scopoli, 1769)",Animalia,,Aves,Psittaciformes,Psittacidae,Psittacula,India,Uttar Pradesh,,27.17448,78.043107,2026,2026-01-01T16:13:15,iNaturalist research-grade observations
5938459295,Saxicola maurus,"Saxicola maurus (Pallas, 1773)",Animalia,,Aves,Passeriformes,Muscicapidae,Saxicola,India,Maharashtra,,18.795067,72.925728,2026,2026-01-02T09:38,iNaturalist research-grade observations
5938459548,Oenanthe fusca,"Oenanthe fusca (Blyth, 1851)",Animalia,,Aves,Passeriformes,Muscicapidae,Oenanthe,India,Uttar Pradesh,,25.407135,81.847225,2026,2026-01-03T11:06:45,iNaturalist research-grade observations
5938459575,"Thinornis G.R.Gray, 1844","Thinornis G.R.Gray, 1844",Animalia,,Aves,Charadriiformes,Charadriidae,Thinornis,India,Tamil Nadu,,12.717904,80.212587,2026,2026-01-02T09:22,iNaturalist research-grade observations
5938459594,Ardeola grayii,"Ardeola grayii (Sykes, 1832)",Animalia,,Aves,Pelecaniformes,Ardeidae,Ardeola,India,Tamil Nadu,,12.80469,80.241398,2026,2026-01-02T13:01,iNaturalist research-grade observations
5938459772,Oenanthe fusca,"Oenanthe fusca (Blyth, 1851)",Animalia,,Aves,Passeriformes,Muscicapidae,Oenanthe,India,Uttarakhand,,30.394822,78.094071,2026,2026-01-02T08:15:30,iNaturalist research-grade observations
5938460101,Pycnonotus leucotis,"Pycnonotus leucotis (Gould, 1836)",Animalia,,Aves,Passeriformes,Pycnonotidae,Pycnonotus,India,Maharashtra,,19.141906,72.964628,2026,2026-01-04T11:44,iNaturalist research-grade observations
5938461095,Grus grus,"Grus grus (Linnaeus, 1758)",Animalia,,Aves,Gruiformes,Gruidae,Grus,India,Gujarat,,22.822264,72.090858,2026,2026-01-01T09:35,iNaturalist research-grade observations
5938461096,Grus grus,"Grus grus (Linnaeus, 1758)",Animalia,,Aves,Gruiformes,Gruidae,Grus,India,Gujarat,,22.862878,72.055108,2026,2026-01-02T11:29,iNaturalist research-grade observations
5938461375,Microcarbo niger,"Microcarbo niger (Vieillot, 1817)",Animalia,,Aves,Suliformes,Phalacrocoracidae,Microcarbo,India,Maharashtra,,19.141906,72.964628,2026,2026-01-04T09:44,iNaturalist research-grade observations
5938461381,Lanius schach,"Lanius schach Linnaeus, 1758",Animalia,,Aves,Passeriformes,Laniidae,Lanius,India,Maharashtra,,19.141906,72.964628,2026,2026-01-04T10:21,iNaturalist research-grade observations
5938462346,Dendrocitta vagabunda,"Dendrocitta vagabunda (Latham, 1790)",Animalia,,Aves,Passeriformes,Corvidae,Dendrocitta,India,Karnataka,,12.311931,77.276921,2026,2026-01-03T07:48,iNaturalist research-grade observations
5938462393,Dendrocitta vagabunda,"Dendrocitta vagabunda (Latham, 1790)",Animalia,,Aves,Passeriformes,Corvidae,Dendrocitta,India,Uttar Pradesh,,28.464539,80.776861,2026,2026-01-03T14:37,iNaturalist research-grade observations
5938462574,Spilopelia senegalensis,"Spilopelia senegalensis (Linnaeus, 1766)",Animalia,,Aves,Columbiformes,Columbidae,Spilopelia,India,Karnataka,,12.311931,77.276921,2026,2026-01-03T07:38,iNaturalist research-grade observations
5938463364,Saxicola maurus,"Saxicola maurus (Pallas, 1773)",Animalia,,Aves,Passeriformes,Muscicapidae,Saxicola,India,Maharashtra,,18.661927,72.865929,2026,2026-01-01T09:26,iNaturalist research-grade observations
5938464015,Turdoides earlei,"Argya earlei (Blyth, 1844)",Animalia,,Aves,Passeriformes,Leiothrichidae,Turdoides,India,Uttar Pradesh,,28.452325,80.673954,2026,2026-01-01T09:55:38,iNaturalist research-grade observations
5938464182,Turdoides affinis,"Argya affinis (Jerdon, 1845)",Animalia,,Aves,Passeriformes,Leiothrichidae,Turdoides,India,Karnataka,,12.311931,77.276921,2026,2026-01-03T07:44,iNaturalist research-grade observations
5938464199,Prinia socialis,"Prinia socialis Sykes, 1832",Animalia,,Aves,Passeriformes,Cisticolidae,Prinia,India,Maharashtra,,19.149508,72.960956,2026,2026-01-01T11:35:50,iNaturalist research-grade observations
5938466152,Pycnonotus leucotis,"Pycnonotus leucotis (Gould, 1836)",Animalia,,Aves,Passeriformes,Pycnonotidae,Pycnonotus,India,Gujarat,,23.030242,72.57593,2026,2026-01-01T10:47:39,iNaturalist research-grade observations
5938466559,Metopidius indicus,"Metopidius indicus (Latham, 1790)",Animalia,,Aves,Charadriiformes,Jacanidae,Metopidius,India,Telangana,,17.435375,78.391886,2026,2026-01-01T08:02:11,iNaturalist research-grade observations
5938467756,Pastor roseus,"Pastor roseus (Linnaeus, 1758)",Animalia,,Aves,Passeriformes,Sturnidae,Pastor,India,Gujarat,,23.030242,72.57593,2026,2026-01-04T07:28:41,iNaturalist research-grade observations
5938468333,Ardeola grayii,"Ardeola grayii (Sykes, 1832)",Animalia,,Aves,Pelecaniformes,Ardeidae,Ardeola,India,Karnataka,,12.975506,77.689801,2026,2026-01-01T08:23,iNaturalist research-grade observations
5938468500,Aythya ferina,"Aythya ferina (Linnaeus, 1758)",Animalia,,Aves,Anseriformes,Anatidae,Aythya,India,Uttarakhand,,30.440326,77.672419,2026,2026-01-03T10:57:51,iNaturalist research-grade observations
5938471526,Turdoides striata,"Argya striata (Dumont, 1823)",Animalia,,Aves,Passeriformes,Leiothrichidae,Turdoides,India,Uttar Pradesh,,25.407104,81.847248,2026,2026-01-03T09:16:31,iNaturalist research-grade observations
5938471541,Anhinga melanogaster,"Anhinga melanogaster Pennant, 1769",Animalia,,Aves,Suliformes,Anhingidae,Anhinga,India,Tamil Nadu,,12.717904,80.212587,2026,2026-01-02T07:23,iNaturalist research-grade observations
5938473126,Emberiza bruniceps,"Emberiza bruniceps J.F.Brandt, 1841",Animalia,,Aves,Passeriformes,Emberizidae,Emberiza,India,Gujarat,,22.826396,72.107612,2026,2026-01-01T08:32,iNaturalist research-grade observations
5938474989,Himantopus himantopus,"Himantopus himantopus (Linnaeus, 1758)",Animalia,,Aves,Charadriiformes,Recurvirostridae,Himantopus,India,Chhattisgarh,,21.084153,80.96207,2026,2026-01-02T09:18:42,iNaturalist research-grade observations
5938475293,Mycteria leucocephala,"Mycteria leucocephala (Pennant, 1769)",Animalia,,Aves,Ciconiiformes,Ciconiidae,Mycteria,India,Tamil Nadu,,12.782749,80.236628,2026,2026-01-02T12:22,iNaturalist research-grade observations
5938476702,Anas poecilorhyncha,"Anas poecilorhyncha J.R.Forster, 1781",Animalia,,Aves,Anseriformes,Anatidae,Anas,India,Uttarakhand,,30.286403,77.973376,2026,2026-01-02T09:51:14,iNaturalist research-grade observations
5938476729,Treron bicinctus,"Treron bicinctus (Jerdon, 1840)",Animalia,,Aves,Columbiformes,Columbidae,Treron,India,Maharashtra,,15.800874,73.829451,2026,2026-01-04T17:04:41,iNaturalist research-grade observations
5938478505,Motacilla maderaspatensis,"Motacilla maderaspatensis Gmelin, 1789",Animalia,,Aves,Passeriformes,Motacillidae,Motacilla,India,Telangana,,17.45595,78.359972,2026,2026-01-01T15:14:15,iNaturalist research-grade observations
5938478972,Saxicola maurus,"Saxicola maurus (Pallas, 1773)",Animalia,,Aves,Passeriformes,Muscicapidae,Saxicola,India,Madhya Pradesh,,21.531662,76.735081,2026,2026-01-04T13:13,iNaturalist research-grade observations
5938480435,Eudynamys scolopaceus,"Eudynamys scolopaceus (Linnaeus, 1758)",Animalia,,Aves,Cuculiformes,Cuculidae,Eudynamys,India,Kerala,,8.508933,76.954253,2026,2026-01-02T07:37:25,iNaturalist research-grade observations
5938481763,Centropus sinensis,"Centropus sinensis (Stephens, 1815)",Animalia,,Aves,Cuculiformes,Cuculidae,Centropus,India,Maharashtra,,19.140883,72.960642,2026,2026-01-03T09:01:43,iNaturalist research-grade observations
5938481973,Emberiza melanocephala,"Emberiza melanocephala Scopoli, 1769",Animalia,,Aves,Passeriformes,Emberizidae,Emberiza,India,Gujarat,,22.826274,72.107737,2026,2026-01-01T08:23,iNaturalist research-grade observations
5938482822,Tringa totanus,"Tringa totanus (Linnaeus, 1758)",Animalia,,Aves,Charadriiformes,Scolopacidae,Tringa,India,Tamil Nadu,,12.804274,80.245152,2026,2026-01-02T11:44,iNaturalist research-grade observations
5938483096,Butastur teesa,"Butastur teesa (Franklin, 1831)",Animalia,,Aves,Accipitriformes,Accipitridae,Butastur,India,Tamil Nadu,,12.939134,80.17737,2026,2026-01-04T08:56,iNaturalist research-grade observations
5938483970,Vanellus indicus,"Vanellus indicus (Boddaert, 1783)",Animalia,,Aves,Charadriiformes,Charadriidae,Vanellus,India,Tamil Nadu,,12.717904,80.212587,2026,2026-01-02T09:14,iNaturalist research-grade observations
5938484252,Athene brama,"Athene brama (Temminck, 1821)",Animalia,,Aves,Strigiformes,Strigidae,Athene,India,Maharashtra,,18.641597,73.80965,2026,2026-01-01T14:28,iNaturalist research-grade observations
5938484331,Ardea cinerea,"Ardea cinerea Linnaeus, 1758",Animalia,,Aves,Pelecaniformes,Ardeidae,Ardea,India,Tamil Nadu,,12.717904,80.212587,2026,2026-01-02T08:41,iNaturalist research-grade observations
5938484352,Tringa glareola,"Tringa glareola Linnaeus, 1758",Animalia,,Aves,Charadriiformes,Scolopacidae,Tringa,India,Maharashtra,,19.1392,72.9572,2026,2026-01-03T00:14:08,iNaturalist research-grade observations
5938484511,Anas poecilorhyncha,"Anas poecilorhyncha J.R.Forster, 1781",Animalia,,Aves,Anseriformes,Anatidae,Anas,India,Karnataka,,12.918313,77.680097,2026,2026-01-04T07:32,iNaturalist research-grade observations
5938485776,Sterna aurantia,"Sterna aurantia J.E.Gray, 1831",Animalia,,Aves,Charadriiformes,Laridae,Sterna,India,Maharashtra,,15.796524,73.98749,2026,2026-01-02T16:53:37,iNaturalist research-grade observations
5938485781,Elanus caeruleus,"Elanus caeruleus (Desfontaines, 1789)",Animalia,,Aves,Accipitriformes,Accipitridae,Elanus,India,Maharashtra,,19.127294,73.263081,2026,2026-01-01T09:10:25,iNaturalist research-grade observations
5938485931,Prinia socialis,"Prinia socialis Sykes, 1832",Animalia,,Aves,Passeriformes,Cisticolidae,Prinia,India,Tamil Nadu,,12.717904,80.212587,2026,2026-01-02T08:38,iNaturalist research-grade observations
5938486118,Pelecanus philippensis,"Pelecanus philippensis Gmelin, 1789",Animalia,,Aves,Pelecaniformes,Pelecanidae,Pelecanus,India,Karnataka,,12.8362,77.642836,2026,2026-01-04T07:26,iNaturalist research-grade observations
5938487183,Locustella kashmirensis,"Locustella kashmirensis (Sushkin, 1925)",Animalia,,Aves,Passeriformes,Locustellidae,Locustella,India,Haryana,,28.70483,76.857294,2026,2026-01-01T15:45,iNaturalist research-grade observations
5938487899,Copsychus saularis,"Copsychus saularis (Linnaeus, 1758)",Animalia,,Aves,Passeriformes,Muscicapidae,Copsychus,India,Maharashtra,,19.113133,72.911225,2026,2026-01-05T11:35:26,iNaturalist research-grade observations
5938488094,"Thinornis G.R.Gray, 1844","Thinornis G.R.Gray, 1844",Animalia,,Aves,Charadriiformes,Charadriidae,Thinornis,India,Tamil Nadu,,12.855572,79.359378,2026,2026-01-05,iNaturalist research-grade observations
5938488216,Himantopus himantopus,"Himantopus himantopus (Linnaeus, 1758)",Animalia,,Aves,Charadriiformes,Recurvirostridae,Himantopus,India,Tamil Nadu,,12.855572,79.359378,2026,2026-01-05,iNaturalist research-grade observations
5938488865,Pelecanus philippensis,"Pelecanus philippensis Gmelin, 1789",Animalia,,Aves,Pelecaniformes,Pelecanidae,Pelecanus,India,Karnataka,,12.958348,77.714348,2026,2026-01-01T07:08,iNaturalist research-grade observations
5938489045,Turdoides striata,"Argya striata (Dumont, 1823)",Animalia,,Aves,Passeriformes,Leiothrichidae,Turdoides,India,Uttar Pradesh,,25.407455,81.846839,2026,2026-01-03T09:13:30,iNaturalist research-grade observations
5938489827,Netta rufina,"Netta rufina (Pallas, 1773)",Animalia,,Aves,Anseriformes,Anatidae,Netta,India,Madhya Pradesh,,21.370947,76.64796,2026,2026-01-03T10:15,iNaturalist research-grade observations
5938490099,Dendrocitta vagabunda,"Dendrocitta vagabunda (Latham, 1790)",Animalia,,Aves,Passeriformes,Corvidae,Dendrocitta,India,Kerala,,9.790369,76.304696,2026,2026-01-04T14:33:21,iNaturalist research-grade observations
5938490424,Athene brama,"Athene brama (Temminck, 1821)",Animalia,,Aves,Strigiformes,Strigidae,Athene,India,Tamil Nadu,,12.739539,77.788483,2026,2026-01-05T17:11:26,iNaturalist research-grade observations
5938490425,Turdoides striata,"Argya striata (Dumont, 1823)",Animalia,,Aves,Passeriformes,Leiothrichidae,Turdoides,India,Uttar Pradesh,,25.413314,81.846528,2026,2026-01-05T10:38:51,iNaturalist research-grade observations
5938490583,Dinopium benghalense,"Dinopium benghalense (Linnaeus, 1758)",Animalia,,Aves,Piciformes,Picidae,Dinopium,India,Karnataka,,12.311931,77.276921,2026,2026-01-03T08:04,iNaturalist research-grade observations
5938490617,Dicrurus paradiseus,"Dicrurus paradiseus (Linnaeus, 1766)",Animalia,,Aves,Passeriformes,Dicruridae,Dicrurus,India,Uttar Pradesh,,28.464539,80.776861,2026,2026-01-03T15:02,iNaturalist research-grade observations
5938491662,Phoenicopterus roseus,"Phoenicopterus roseus Pallas, 1811",Animalia,,Aves,Phoenicopteriformes,Phoenicopteridae,Phoenicopterus,India,Maharashtra,,19.016678,73.005959,2026,2026-01-01T08:41:41,iNaturalist research-grade observations
5938492161,Chroicocephalus brunnicephalus,"Chroicocephalus brunnicephalus (Jerdon, 1840)",Animalia,,Aves,Charadriiformes,Laridae,Chroicocephalus,India,Tamil Nadu,,12.32885,80.018313,2026,2026-01-04T07:46,iNaturalist research-grade observations
5938493943,Turdoides striata,"Argya striata (Dumont, 1823)",Animalia,,Aves,Passeriformes,Leiothrichidae,Turdoides,India,Uttar Pradesh,,25.413314,81.846528,2026,2026-01-05T10:38:40,iNaturalist research-grade observations
5938494208,Anas acuta,"Anas acuta Linnaeus, 1758",Animalia,,Aves,Anseriformes,Anatidae,Anas,India,Madhya Pradesh,,21.336842,76.506083,2026,2026-01-03T16:44,iNaturalist research-grade observations
5938494575,Vanellus leucurus,"Vanellus leucurus (M.H.K.Lichtenstein, 1823)",Animalia,,Aves,Charadriiformes,Charadriidae,Vanellus,India,Gujarat,,22.832543,72.051307,2026,2026-01-01T13:53,iNaturalist research-grade observations
5938494718,Saxicoloides fulicatus,"Copsychus fulicatus (Linnaeus, 1766)",Animalia,,Aves,Passeriformes,Muscicapidae,Saxicoloides,India,Madhya Pradesh,,21.336842,76.506083,2026,2026-01-03T16:43,iNaturalist research-grade observations
5938495914,Gallinula chloropus,"Gallinula chloropus (Linnaeus, 1758)",Animalia,,Aves,Gruiformes,Rallidae,Gallinula,India,Telangana,,17.430041,78.389459,2026,2026-01-01T07:59:02,iNaturalist research-grade observations
5938497228,Oriolus kundoo,"Oriolus kundoo Sykes, 1832",Animalia,,Aves,Passeriformes,Oriolidae,Oriolus,India,Karnataka,,12.881874,77.688727,2026,2026-01-01T11:11,iNaturalist research-grade observations
5938498068,Motacilla maderaspatensis,"Motacilla maderaspatensis Gmelin, 1789",Animalia,,Aves,Passeriformes,Motacillidae,Motacilla,India,Telangana,,17.455956,78.359967,2026,2026-01-01T15:15:33,iNaturalist research-grade observations
5938498470,Ardea purpurea,"Ardea purpurea Linnaeus, 1766",Animalia,,Aves,Pelecaniformes,Ardeidae,Ardea,India,Goa,,15.293631,73.909692,2026,2026-01-05T04:23:26,iNaturalist research-grade observations
5938498491,Merops orientalis,"Merops orientalis Latham, 1801",Animalia,,Aves,Coraciiformes,Meropidae,Merops,India,West Bengal,,22.589063,88.415465,2026,2026-01-01T11:36,iNaturalist research-grade observations
5938499404,Spilopelia senegalensis,"Spilopelia senegalensis (Linnaeus, 1766)",Animalia,,Aves,Columbiformes,Columbidae,Spilopelia,India,Maharashtra,,18.509056,73.819008,2026,2026-01-04T15:30:41,iNaturalist research-grade observations
5938499730,Elanus caeruleus,"Elanus caeruleus vociferus (Latham, 1790)",Animalia,,Aves,Accipitriformes,Accipitridae,Elanus,India,Karnataka,,13.432374,77.500941,2026,2026-01-03T12:51,iNaturalist research-grade observations
5938499898,Fulica atra,"Fulica atra Linnaeus, 1758",Animalia,,Aves,Gruiformes,Rallidae,Fulica,India,Madhya Pradesh,,21.531662,76.735081,2026,2026-01-04T14:01,iNaturalist research-grade observations
5938500261,Sterna aurantia,"Sterna aurantia J.E.Gray, 1831",Animalia,,Aves,Charadriiformes,Laridae,Sterna,India,Madhya Pradesh,,21.579998,76.738284,2026,2026-01-04T13:59,iNaturalist research-grade observations
5938500602,"Butorides Blyth, 1852","Butorides Blyth, 1852",Animalia,,Aves,Pelecaniformes,Ardeidae,Butorides,India,Karnataka,,13.703639,75.242303,2026,2026-01-02T17:18,iNaturalist research-grade observations
5938500790,Platalea leucorodia,"Platalea leucorodia Linnaeus, 1758",Animalia,,Aves,Pelecaniformes,Threskiornithidae,Platalea,India,Tamil Nadu,,12.717904,80.212587,2026,2026-01-02T08:29,iNaturalist research-grade observations
5938501412,Motacilla alba,"Motacilla alba Linnaeus, 1758",Animalia,,Aves,Passeriformes,Motacillidae,Motacilla,India,Gujarat,,22.825751,72.109489,2026,2026-01-01T08:09:06,iNaturalist research-grade observations
5938503947,Pseudibis papillosa,"Pseudibis papillosa (Temminck, 1824)",Animalia,,Aves,Pelecaniformes,Threskiornithidae,Pseudibis,India,Maharashtra,,19.138953,72.963456,2026,2026-01-03T09:39:34,iNaturalist research-grade observations
5938504062,Anthropoides virgo,"Grus virgo (Linnaeus, 1758)",Animalia,,Aves,Gruiformes,Gruidae,Anthropoides,India,Gujarat,,22.917381,71.968258,2026,2026-01-02T16:58,iNaturalist research-grade observations
5938505313,Treron phoenicopterus,"Treron phoenicopterus (Latham, 1790)",Animalia,,Aves,Columbiformes,Columbidae,Treron,India,Karnataka,,12.311931,77.276921,2026,2026-01-03T07:39,iNaturalist research-grade observations
5938505447,Centropus sinensis,"Centropus sinensis (Stephens, 1815)",Animalia,,Aves,Cuculiformes,Cuculidae,Centropus,India,Gujarat,,23.030242,72.57593,2026,2026-01-04T08:07:14,iNaturalist research-grade observations
5938506449,Netta rufina,"Netta rufina (Pallas, 1773)",Animalia,,Aves,Anseriformes,Anatidae,Netta,India,Madhya Pradesh,,21.370947,76.64796,2026,2026-01-03T09:57,iNaturalist research-grade observations
5938506833,Sterna aurantia,"Sterna aurantia J.E.Gray, 1831",Animalia,,Aves,Charadriiformes,Laridae,Sterna,India,Madhya Pradesh,,21.461172,76.662862,2026,2026-01-04T13:36,iNaturalist research-grade observations
5938507035,Halcyon smyrnensis,"Halcyon smyrnensis (Linnaeus, 1758)",Animalia,,Aves,Coraciiformes,Alcedinidae,Halcyon,India,Goa,,15.5825,73.826812,2026,2026-01-04T10:55:41,iNaturalist research-grade observations
5938507066,Ceryle rudis,"Ceryle rudis (Linnaeus, 1758)",Animalia,,Aves,Coraciiformes,Alcedinidae,Ceryle,India,Madhya Pradesh,,21.531662,76.735081,2026,2026-01-04T13:37,iNaturalist research-grade observations
5938508234,Oenanthe deserti,"Oenanthe deserti (Temminck, 1825)",Animalia,,Aves,Passeriformes,Muscicapidae,Oenanthe,India,Gujarat,,22.968825,72.186796,2026,2026-01-01T18:05:45,iNaturalist research-grade observations
5938509753,Lanius cristatus,"Lanius cristatus Linnaeus, 1758",Animalia,,Aves,Passeriformes,Laniidae,Lanius,India,Tamil Nadu,,12.870721,80.234964,2026,2026-01-03T08:55,iNaturalist research-grade observations
5938509785,Sturnia pagodarum,"Sturnia pagodarum (Gmelin, 1789)",Animalia,,Aves,Passeriformes,Sturnidae,Sturnia,India,Karnataka,,12.311931,77.276921,2026,2026-01-03T08:16,iNaturalist research-grade observations
5938510269,Grus grus,"Grus grus (Linnaeus, 1758)",Animalia,,Aves,Gruiformes,Gruidae,Grus,India,Gujarat,,22.894866,72.090938,2026,2026-01-02T09:10,iNaturalist research-grade observations
5938510505,"Ardea Linnaeus, 1758","Ardea Linnaeus, 1758",Animalia,,Aves,Pelecaniformes,Ardeidae,Ardea,India,Tamil Nadu,,11.709213,78.191376,2026,2026-01-01T11:23:20,iNaturalist research-grade observations
5938511352,Merops orientalis,"Merops orientalis Latham, 1801",Animalia,,Aves,Coraciiformes,Meropidae,Merops,India,Telangana,,18.293006,77.75824,2026,2026-01-04T07:53:44,iNaturalist research-grade observations
5938512699,Terpsiphone paradisi,"Terpsiphone paradisi (Linnaeus, 1758)",Animalia,,Aves,Passeriformes,Monarchidae,Terpsiphone,India,Karnataka,,13.058117,77.638206,2026,2026-01-03T11:52:22,iNaturalist research-grade observations
5938513290,Prinia socialis,"Prinia socialis Sykes, 1832",Animalia,,Aves,Passeriformes,Cisticolidae,Prinia,India,Maharashtra,,19.016498,73.006419,2026,2026-01-01T09:11:53,iNaturalist research-grade observations
5938513688,Athene brama,"Athene brama (Temminck, 1821)",Animalia,,Aves,Strigiformes,Strigidae,Athene,India,Karnataka,,12.279957,76.618761,2026,2026-01-02T17:24,iNaturalist research-grade observations
5938514065,Dicrurus macrocercus,"Dicrurus macrocercus Vieillot, 1817",Animalia,,Aves,Passeriformes,Dicruridae,Dicrurus,India,Gujarat,,22.133081,73.413782,2026,2026-01-01T17:36:34,iNaturalist research-grade observations
5938514378,Anas poecilorhyncha,"Anas poecilorhyncha J.R.Forster, 1781",Animalia,,Aves,Anseriformes,Anatidae,Anas,India,Madhya Pradesh,,21.531662,76.735081,2026,2026-01-04T13:23,iNaturalist research-grade observations
5938514642,Spilopelia chinensis,"Spilopelia chinensis (Scopoli, 1786)",Animalia,,Aves,Columbiformes,Columbidae,Spilopelia,India,Kerala,,9.030319,76.896014,2026,2026-01-01T07:44:11,iNaturalist research-grade observations
5938516268,Anastomus oscitans,"Anastomus oscitans (Boddaert, 1783)",Animalia,,Aves,Ciconiiformes,Ciconiidae,Anastomus,India,Tamil Nadu,,12.804274,80.245152,2026,2026-01-02T11:05,iNaturalist research-grade observations
5938518658,Anthus similis,"Anthus similis (Jerdon, 1840)",Animalia,,Aves,Passeriformes,Motacillidae,Anthus,India,Gujarat,,22.833426,72.045533,2026,2026-01-01T17:42:06,iNaturalist research-grade observations
5938519057,Pycnonotus cafer,"Pycnonotus cafer (Linnaeus, 1766)",Animalia,,Aves,Passeriformes,Pycnonotidae,Pycnonotus,India,Rajasthan,,27.270946,75.571154,2026,2026-01-03T10:28:15,iNaturalist research-grade observations
5938519265,Hirundo rustica,"Hirundo rustica Linnaeus, 1758",Animalia,,Aves,Passeriformes,Hirundinidae,Hirundo,India,Maharashtra,,19.141906,72.964628,2026,2026-01-04T10:21,iNaturalist research-grade observations
5938519399,"Ardea Linnaeus, 1758","Ardea Linnaeus, 1758",Animalia,,Aves,Pelecaniformes,Ardeidae,Ardea,India,Uttar Pradesh,,25.407131,81.847175,2026,2026-01-03T09:20:19,iNaturalist research-grade observations
5938519421,Actitis hypoleucos,"Actitis hypoleucos (Linnaeus, 1758)",Animalia,,Aves,Charadriiformes,Scolopacidae,Actitis,India,Maharashtra,,19.138386,72.958844,2026,2026-01-03T10:55:08,iNaturalist research-grade observations
5938519623,Oenanthe deserti,"Oenanthe deserti (Temminck, 1825)",Animalia,,Aves,Passeriformes,Muscicapidae,Oenanthe,India,Gujarat,,22.869094,72.056375,2026,2026-01-01T18:07,iNaturalist research-grade observations
5938520810,Dinopium benghalense,"Dinopium benghalense (Linnaeus, 1758)",Animalia,,Aves,Piciformes,Picidae,Dinopium,India,Kerala,,9.031683,76.895694,2026,2026-01-01T10:12:40,iNaturalist research-grade observations
5938521366,Egretta intermedia,"Ardea intermedia Wagler, 1829",Animalia,,Aves,Pelecaniformes,Ardeidae,Egretta,India,Tamil Nadu,,10.886994,79.096708,2026,2026-01-05T08:16:30,iNaturalist research-grade observations
5938521401,Sternula albifrons,"Sternula albifrons (Pallas, 1764)",Animalia,,Aves,Charadriiformes,Laridae,Sternula,India,Tamil Nadu,,11.891788,77.771567,2026,2026-01-03T13:43,iNaturalist research-grade observations
5938523701,Acridotheres tristis,"Acridotheres tristis (Linnaeus, 1766)",Animalia,,Aves,Passeriformes,Sturnidae,Acridotheres,India,Tripura,,24.370366,92.169556,2026,2026-01-04T16:13:25,iNaturalist research-grade observations
5938523760,Emberiza bruniceps,"Emberiza bruniceps J.F.Brandt, 1841",Animalia,,Aves,Passeriformes,Emberizidae,Emberiza,India,Gujarat,,22.826251,72.107693,2026,2026-01-01T08:19,iNaturalist research-grade observations
5938525396,Phalacrocorax carbo,"Phalacrocorax carbo (Linnaeus, 1758)",Animalia,,Aves,Suliformes,Phalacrocoracidae,Phalacrocorax,India,Madhya Pradesh,,21.531662,76.735081,2026,2026-01-04T13:08,iNaturalist research-grade observations
5938527431,Aquila hastata,"Clanga hastata (R.P.Lesson, 1831)",Animalia,,Aves,Accipitriformes,Accipitridae,Aquila,India,Tamil Nadu,,12.333988,80.067076,2026,2026-01-04T07:47,iNaturalist research-grade observations
5938527494,Vanellus indicus,"Vanellus indicus (Boddaert, 1783)",Animalia,,Aves,Charadriiformes,Charadriidae,Vanellus,India,Madhya Pradesh,,21.531662,76.735081,2026,2026-01-04T13:43,iNaturalist research-grade observations
5938527665,Alcedo atthis,"Alcedo atthis (Linnaeus, 1758)",Animalia,,Aves,Coraciiformes,Alcedinidae,Alcedo,India,Madhya Pradesh,,21.531662,76.735081,2026,2026-01-04T13:40,iNaturalist research-grade observations
5938528437,Chrysomma sinense,"Chrysomma sinense (Gmelin, 1789)",Animalia,,Aves,Passeriformes,Sylviidae,Chrysomma,India,Karnataka,,12.819702,77.548591,2026,2026-01-04T08:45,iNaturalist research-grade observations
5938530016,Egretta garzetta,"Egretta garzetta (Linnaeus, 1766)",Animalia,,Aves,Pelecaniformes,Ardeidae,Egretta,India,Telangana,,17.436114,78.391639,2026,2026-01-01T07:51:18,iNaturalist research-grade observations
5938533553,"Ardea Linnaeus, 1758","Ardea Linnaeus, 1758",Animalia,,Aves,Pelecaniformes,Ardeidae,Ardea,India,Gujarat,,22.826306,72.10735,2026,2026-01-01T07:56,iNaturalist research-grade observations
5938536607,Merops orientalis,"Merops orientalis Latham, 1801",Animalia,,Aves,Coraciiformes,Meropidae,Merops,India,Telangana,,17.433483,78.261903,2026,2026-01-04T09:40:59,iNaturalist research-grade observations
5938536733,Dendrocygna javanica,"Dendrocygna javanica (Horsfield, 1821)",Animalia,,Aves,Anseriformes,Anatidae,Dendrocygna,India,Madhya Pradesh,,21.370947,76.64796,2026,2026-01-03T10:25,iNaturalist research-grade observations
5938536930,Ardea alba,"Ardea alba Linnaeus, 1758",Animalia,,Aves,Pelecaniformes,Ardeidae,Ardea,India,Maharashtra,,19.141906,72.964628,2026,2026-01-04T09:38,iNaturalist research-grade observations
5938536950,Buteo rufinus,"Buteo rufinus (Cretzschmar, 1829)",Animalia,,Aves,Accipitriformes,Accipitridae,Buteo,India,Gujarat,,22.893498,72.077885,2026,2026-01-02T10:03,iNaturalist research-grade observations
5938537481,Ardea cinerea,"Ardea cinerea Linnaeus, 1758",Animalia,,Aves,Pelecaniformes,Ardeidae,Ardea,India,Tamil Nadu,,12.874312,79.372389,2026,2026-01-02,iNaturalist research-grade observations
5938538390,Pycnonotus luteolus,"Pycnonotus luteolus (Lesson, 1841)",Animalia,,Aves,Passeriformes,Pycnonotidae,Pycnonotus,India,Karnataka,,12.311931,77.276921,2026,2026-01-03T07:40,iNaturalist research-grade observations
5938538533,Pycnonotus jocosus,"Pycnonotus jocosus (Linnaeus, 1758)",Animalia,,Aves,Passeriformes,Pycnonotidae,Pycnonotus,India,Maharashtra,,18.508897,73.819053,2026,2026-01-04T15:28:25,iNaturalist research-grade observations
5938539572,Copsychus saularis,"Copsychus saularis (Linnaeus, 1758)",Animalia,,Aves,Passeriformes,Muscicapidae,Copsychus,India,Kerala,,8.537278,76.940208,2026,2026-01-02T08:27:18,iNaturalist research-grade observations
5938546519,Amaurornis phoenicurus,"Amaurornis phoenicurus (Pennant, 1769)",Animalia,,Aves,Gruiformes,Rallidae,Amaurornis,India,Karnataka,,13.712335,75.252464,2026,2026-01-03T17:04,iNaturalist research-grade observations
5938546960,Pseudibis papillosa,"Pseudibis papillosa (Temminck, 1824)",Animalia,,Aves,Pelecaniformes,Threskiornithidae,Pseudibis,India,Gujarat,,22.822131,72.090298,2026,2026-01-01T09:39:25,iNaturalist research-grade observations
5938546983,Xenus cinereus,"Xenus cinereus (Güldenstädt, 1775)",Animalia,,Aves,Charadriiformes,Scolopacidae,Xenus,India,Karnataka,,13.632324,74.670222,2026,2026-01-01T09:33,iNaturalist research-grade observations
5938546985,Pavo cristatus,"Pavo cristatus Linnaeus, 1758",Animalia,,Aves,Galliformes,Phasianidae,Pavo,India,Tamil Nadu,,11.58666,77.721763,2026,2026-01-01T13:31,iNaturalist research-grade observations
5938546993,Merops orientalis,"Merops orientalis Latham, 1801",Animalia,,Aves,Coraciiformes,Meropidae,Merops,India,Telangana,,17.456036,78.359667,2026,2026-01-01T15:18:07,iNaturalist research-grade observations
5938557175,Saxicola caprata,"Saxicola caprata (Linnaeus, 1766)",Animalia,,Aves,Passeriformes,Muscicapidae,Saxicola,India,Gujarat,,22.822893,72.091649,2026,2026-01-01T09:51:15,iNaturalist research-grade observations
5938557623,Mycteria leucocephala,"Mycteria leucocephala (Pennant, 1769)",Animalia,,Aves,Ciconiiformes,Ciconiidae,Mycteria,India,Maharashtra,,19.01671,73.005901,2026,2026-01-01T08:59:29,iNaturalist research-grade observations
5938560619,Athene brama,"Athene brama (Temminck, 1821)",Animalia,,Aves,Strigiformes,Strigidae,Athene,India,Gujarat,,22.155462,73.47771,2026,2026-01-02T12:04:55,iNaturalist research-grade observations
5938562562,Ardea purpurea,"Ardea purpurea Linnaeus, 1766",Animalia,,Aves,Pelecaniformes,Ardeidae,Ardea,India,Maharashtra,,19.016591,73.00594,2026,2026-01-04T08:47,iNaturalist research-grade observations
5938563342,Mycteria leucocephala,"Mycteria leucocephala (Pennant, 1769)",Animalia,,Aves,Ciconiiformes,Ciconiidae,Mycteria,India,Tamil Nadu,,12.717904,80.212587,2026,2026-01-02T09:16,iNaturalist research-grade observations
5938563366,Tringa totanus,"Tringa totanus (Linnaeus, 1758)",Animalia,,Aves,Charadriiformes,Scolopacidae,Tringa,India,Tamil Nadu,,12.80469,80.241398,2026,2026-01-02T12:57,iNaturalist research-grade observations
5938564338,Pseudibis papillosa,"Pseudibis papillosa (Temminck, 1824)",Animalia,,Aves,Pelecaniformes,Threskiornithidae,Pseudibis,India,Karnataka,,12.27795,76.618401,2026,2026-01-01T11:20:07,iNaturalist research-grade observations
5938564561,Himantopus himantopus,"Himantopus himantopus (Linnaeus, 1758)",Animalia,,Aves,Charadriiformes,Recurvirostridae,Himantopus,India,Maharashtra,,19.016591,73.00594,2026,2026-01-04T10:00,iNaturalist research-grade observations
5938567473,Rhipidura albogularis,"Rhipidura albogularis (Lesson, 1831)",Animalia,,Aves,Passeriformes,Rhipiduridae,Rhipidura,India,Maharashtra,,19.141906,72.964628,2026,2026-01-04T10:25,iNaturalist research-grade observations
5938567703,Dendrocitta vagabunda,"Dendrocitta vagabunda (Latham, 1790)",Animalia,,Aves,Passeriformes,Corvidae,Dendrocitta,India,West Bengal,,22.446684,88.302044,2026,2026-01-03T11:08:02,iNaturalist research-grade observations
5938569378,Elanus caeruleus,"Elanus caeruleus (Desfontaines, 1789)",Animalia,,Aves,Accipitriformes,Accipitridae,Elanus,India,Tamil Nadu,,12.817745,77.82502,2026,2026-01-04T08:51:03,iNaturalist research-grade observations
5938569994,Anas acuta,"Anas acuta Linnaeus, 1758",Animalia,,Aves,Anseriformes,Anatidae,Anas,India,Madhya Pradesh,,21.336842,76.506083,2026,2026-01-03T16:31,iNaturalist research-grade observations
5938571176,Centropus sinensis,"Centropus sinensis (Stephens, 1815)",Animalia,,Aves,Cuculiformes,Cuculidae,Centropus,India,Karnataka,,13.753078,76.855636,2026,2026-01-01T17:16:20,iNaturalist research-grade observations
5938571181,Ardeola grayii,"Ardeola grayii (Sykes, 1832)",Animalia,,Aves,Pelecaniformes,Ardeidae,Ardeola,India,Telangana,,17.430041,78.389459,2026,2026-01-01T07:43:33,iNaturalist research-grade observations
5938571554,Microcarbo niger,"Microcarbo niger (Vieillot, 1817)",Animalia,,Aves,Suliformes,Phalacrocoracidae,Microcarbo,India,Maharashtra,,19.015496,73.006286,2026,2026-01-02T10:17,iNaturalist research-grade observations
5938571695,Amaurornis phoenicurus,"Amaurornis phoenicurus (Pennant, 1769)",Animalia,,Aves,Gruiformes,Rallidae,Amaurornis,India,Tamil Nadu,,12.717904,80.212587,2026,2026-01-02T07:36,iNaturalist research-grade observations
5938574457,Ardeola grayii,"Ardeola grayii (Sykes, 1832)",Animalia,,Aves,Pelecaniformes,Ardeidae,Ardeola,India,Uttar Pradesh,,25.40708,81.847164,2026,2026-01-03T11:07:30,iNaturalist research-grade observations
5938574460,Oenanthe fusca,"Oenanthe fusca (Blyth, 1851)",Animalia,,Aves,Passeriformes,Muscicapidae,Oenanthe,India,Uttar Pradesh,,25.406898,81.847379,2026,2026-01-03T11:08:03,iNaturalist research-grade observations
5938574510,Mycteria leucocephala,"Mycteria leucocephala (Pennant, 1769)",Animalia,,Aves,Ciconiiformes,Ciconiidae,Mycteria,India,Tamil Nadu,,12.804274,80.245152,2026,2026-01-02T10:55,iNaturalist research-grade observations
5938574638,Acridotheres tristis,"Acridotheres tristis (Linnaeus, 1766)",Animalia,,Aves,Passeriformes,Sturnidae,Acridotheres,India,Karnataka,,12.865073,77.593228,2026,2026-01-04T09:05:21,iNaturalist research-grade observations
5938575389,Milvus migrans,"Milvus migrans (Boddaert, 1783)",Animalia,,Aves,Accipitriformes,Accipitridae,Milvus,India,Maharashtra,,18.641639,73.810694,2026,2026-01-01T14:25:51,iNaturalist research-grade observations
5938577315,Psittacula cyanocephala,"Psittacula cyanocephala (Linnaeus, 1766)",Animalia,,Aves,Psittaciformes,Psittacidae,Psittacula,India,Karnataka,,13.712335,75.252464,2026,2026-01-03T17:49,iNaturalist research-grade observations
5938579676,Spilopelia senegalensis,"Spilopelia senegalensis (Linnaeus, 1766)",Animalia,,Aves,Columbiformes,Columbidae,Spilopelia,India,Madhya Pradesh,,21.336842,76.506083,2026,2026-01-03T16:42,iNaturalist research-grade observations
5938580363,Pavo cristatus,"Pavo cristatus Linnaeus, 1758",Animalia,,Aves,Galliformes,Phasianidae,Pavo,India,Telangana,,17.454772,78.360903,2026,2026-01-01T14:31:02,iNaturalist research-grade observations
5938580683,Ardea alba,"Ardea alba Linnaeus, 1758",Animalia,,Aves,Pelecaniformes,Ardeidae,Ardea,India,Tamil Nadu,,12.804274,80.245152,2026,2026-01-02T11:32,iNaturalist research-grade observations
5938581656,Motacilla maderaspatensis,"Motacilla maderaspatensis Gmelin, 1789",Animalia,,Aves,Passeriformes,Motacillidae,Motacilla,India,Telangana,,17.456003,78.359992,2026,2026-01-01T14:25:22,iNaturalist research-grade observations
5938586383,Streptopelia decaocto,"Streptopelia decaocto (Frivaldszky, 1838)",Animalia,,Aves,Columbiformes,Columbidae,Streptopelia,India,Rajasthan,,27.031758,75.888731,2026,2026-01-03T08:27:26,iNaturalist research-grade observations
5938587491,Himantopus himantopus,"Himantopus himantopus (Linnaeus, 1758)",Animalia,,Aves,Charadriiformes,Recurvirostridae,Himantopus,India,Rajasthan,,26.955586,75.843297,2026,2026-01-03T13:54:22,iNaturalist research-grade observations
5938589363,Ardea cinerea,"Ardea cinerea Linnaeus, 1758",Animalia,,Aves,Pelecaniformes,Ardeidae,Ardea,India,Maharashtra,,19.141906,72.964628,2026,2026-01-04T10:58,iNaturalist research-grade observations
5938589390,Aquila hastata,"Clanga hastata (R.P.Lesson, 1831)",Animalia,,Aves,Accipitriformes,Accipitridae,Aquila,India,Gujarat,,22.823983,72.00276,2026,2026-01-02T09:56,iNaturalist research-grade observations
5938592313,Saxicoloides fulicatus,"Copsychus fulicatus (Linnaeus, 1766)",Animalia,,Aves,Passeriformes,Muscicapidae,Saxicoloides,India,Telangana,,17.454906,78.360978,2026,2026-01-01T14:32:07,iNaturalist research-grade observations
5938593587,Eumyias thalassinus,"Eumyias thalassinus (Swainson, 1838)",Animalia,,Aves,Passeriformes,Muscicapidae,Eumyias,India,Uttar Pradesh,,28.463144,80.668192,2026,2026-01-01T08:57:09,iNaturalist research-grade observations
5938594214,Vanellus indicus,"Vanellus indicus (Boddaert, 1783)",Animalia,,Aves,Charadriiformes,Charadriidae,Vanellus,India,Uttar Pradesh,,27.178896,78.022946,2026,2026-01-02T09:43:19,iNaturalist research-grade observations
5938595635,Vanellus indicus,"Vanellus indicus (Boddaert, 1783)",Animalia,,Aves,Charadriiformes,Charadriidae,Vanellus,India,Karnataka,,13.789542,76.840669,2026,2026-01-01T15:15:26,iNaturalist research-grade observations
5938595764,Vanellus indicus,"Vanellus indicus (Boddaert, 1783)",Animalia,,Aves,Charadriiformes,Charadriidae,Vanellus,India,Kerala,,10.543101,76.130782,2026,2026-01-04T10:39:33,iNaturalist research-grade observations
5938597356,Acrocephalus stentoreus,"Acrocephalus stentoreus (Hemprich & Ehrenberg, 1833)",Animalia,,Aves,Passeriformes,Acrocephalidae,Acrocephalus,India,Gujarat,,22.896006,72.090794,2026,2026-01-02T08:25,iNaturalist research-grade observations
5938597492,Tachybaptus ruficollis,"Tachybaptus ruficollis (Pallas, 1764)",Animalia,,Aves,Podicipediformes,Podicipedidae,Tachybaptus,India,Uttarakhand,,30.434294,77.667446,2026,2026-01-03T11:28:33,iNaturalist research-grade observations
5938597498,Ichthyaetus ichthyaetus,"Ichthyaetus ichthyaetus (Pallas, 1773)",Animalia,,Aves,Charadriiformes,Laridae,Ichthyaetus,India,Uttarakhand,,30.434098,77.668865,2026,2026-01-03T11:58:21,iNaturalist research-grade observations
5938597575,Psittacula krameri,"Psittacula krameri (Scopoli, 1769)",Animalia,,Aves,Psittaciformes,Psittacidae,Psittacula,India,NCT of Delhi,,28.592938,77.24897,2026,2026-01-04T09:22:03,iNaturalist research-grade observations
5938597736,Oriolus kundoo,"Oriolus kundoo Sykes, 1832",Animalia,,Aves,Passeriformes,Oriolidae,Oriolus,India,Maharashtra,,18.546642,73.786133,2026,2026-01-01T08:42:23,iNaturalist research-grade observations
5938598019,Psilopogon viridis,"Psilopogon viridis (Boddaert, 1783)",Animalia,,Aves,Piciformes,Megalaimidae,Psilopogon,India,Kerala,,8.508837,76.954108,2026,2026-01-02T07:33:53,iNaturalist research-grade observations
5938598080,Dicrurus macrocercus,"Dicrurus macrocercus Vieillot, 1817",Animalia,,Aves,Passeriformes,Dicruridae,Dicrurus,India,Kerala,,10.53909,76.186176,2026,2026-01-02T16:08,iNaturalist research-grade observations
5938598564,Pycnonotus leucotis,"Pycnonotus leucotis (Gould, 1836)",Animalia,,Aves,Passeriformes,Pycnonotidae,Pycnonotus,India,Maharashtra,,19.016671,73.005883,2026,2026-01-01T08:39:05,iNaturalist research-grade observations
5938599533,Alcedo atthis,"Alcedo atthis (Linnaeus, 1758)",Animalia,,Aves,Coraciiformes,Alcedinidae,Alcedo,India,Tamil Nadu,,12.819183,77.825447,2026,2026-01-04T09:06:40,iNaturalist research-grade observations
5938599540,Alcedo atthis,"Alcedo atthis (Linnaeus, 1758)",Animalia,,Aves,Coraciiformes,Alcedinidae,Alcedo,India,Karnataka,,12.918313,77.680097,2026,2026-01-04T09:30,iNaturalist research-grade observations
5938599567,Acridotheres tristis,"Acridotheres tristis (Linnaeus, 1766)",Animalia,,Aves,Passeriformes,Sturnidae,Acridotheres,India,NCT of Delhi,,28.592712,77.247593,2026,2026-01-04T09:09:37,iNaturalist research-grade observations
5938599833,Motacilla maderaspatensis,"Motacilla maderaspatensis Gmelin, 1789",Animalia,,Aves,Passeriformes,Motacillidae,Motacilla,India,Karnataka,,12.918313,77.680097,2026,2026-01-04T09:24,iNaturalist research-grade observations
5938601764,Tringa nebularia,"Tringa nebularia (Gunnerus, 1767)",Animalia,,Aves,Charadriiformes,Scolopacidae,Tringa,India,Tamil Nadu,,11.891788,77.771567,2026,2026-01-01T15:36,iNaturalist research-grade observations
5938603913,Muscicapa muttui,"Muscicapa muttui (E.L.Layard, 1854)",Animalia,,Aves,Passeriformes,Muscicapidae,Muscicapa,India,Gujarat,,22.827738,72.055878,2026,2026-01-01T13:20:11,iNaturalist research-grade observations
5938605803,Threskiornis melanocephalus,"Threskiornis melanocephalus (Latham, 1790)",Animalia,,Aves,Pelecaniformes,Threskiornithidae,Threskiornis,India,Madhya Pradesh,,21.336842,76.506083,2026,2026-01-03T16:46,iNaturalist research-grade observations
5938605854,Parus cinereus,"Parus cinereus Vieillot, 1818",Animalia,,Aves,Passeriformes,Paridae,Parus,India,Himachal Pradesh,,31.57702,76.83302,2026,2026-01-01T14:07:48,iNaturalist research-grade observations
5938606180,Calidris temminckii,"Calidris temminckii (Leisler, 1812)",Animalia,,Aves,Charadriiformes,Scolopacidae,Calidris,India,Madhya Pradesh,,21.531662,76.735081,2026,2026-01-04T12:57,iNaturalist research-grade observations
5938607061,Gallus sonneratii,"Gallus sonneratii Temminck, 1813",Animalia,,Aves,Galliformes,Phasianidae,Gallus,India,Tamil Nadu,,8.382827,77.40397,2026,2026-01-01T07:06:05,iNaturalist research-grade observations
5938607092,Anastomus oscitans,"Anastomus oscitans (Boddaert, 1783)",Animalia,,Aves,Ciconiiformes,Ciconiidae,Anastomus,India,Madhya Pradesh,,21.68061,76.590697,2026,2026-01-04T11:39,iNaturalist research-grade observations
5938607118,Calidris minuta,"Calidris minuta (Leisler, 1812)",Animalia,,Aves,Charadriiformes,Scolopacidae,Calidris,India,Tamil Nadu,,12.331447,80.014202,2026,2026-01-04T09:36,iNaturalist research-grade observations
5938611391,Emberiza bruniceps,"Emberiza bruniceps J.F.Brandt, 1841",Animalia,,Aves,Passeriformes,Emberizidae,Emberiza,India,Gujarat,,22.826591,72.106265,2026,2026-01-01T08:36:19,iNaturalist research-grade observations
5938612123,Treron phoenicopterus,"Treron phoenicopterus (Latham, 1790)",Animalia,,Aves,Columbiformes,Columbidae,Treron,India,Karnataka,,12.311931,77.276921,2026,2026-01-03T06:49,iNaturalist research-grade observations
5938612140,Mycteria leucocephala,"Mycteria leucocephala (Pennant, 1769)",Animalia,,Aves,Ciconiiformes,Ciconiidae,Mycteria,India,Tamil Nadu,,12.80469,80.241398,2026,2026-01-02T12:49,iNaturalist research-grade observations
5938614657,Turdus rubrocanus,"Turdus rubrocanus J.E.Gray & G.R.Gray, 1847",Animalia,,Aves,Passeriformes,Turdidae,Turdus,India,Uttarakhand,,30.518773,79.142215,2026,2026-01-02T04:08:29,iNaturalist research-grade observations
5938614710,"Ardea Linnaeus, 1758","Ardea Linnaeus, 1758",Animalia,,Aves,Pelecaniformes,Ardeidae,Ardea,India,Uttar Pradesh,,25.407225,81.846952,2026,2026-01-03T09:20:26,iNaturalist research-grade observations
5938614714,Motacilla alba,"Motacilla alba Linnaeus, 1758",Animalia,,Aves,Passeriformes,Motacillidae,Motacilla,India,Uttar Pradesh,,25.407155,81.847266,2026,2026-01-03T11:07:32,iNaturalist research-grade observations
5938615960,Rhipidura albicollis,"Rhipidura albicollis (Vieillot, 1818)",Animalia,,Aves,Passeriformes,Rhipiduridae,Rhipidura,India,Himachal Pradesh,,31.420066,76.73345,2026,2026-01-03T11:40:30,iNaturalist research-grade observations
5938615990,Ardea alba,"Ardea alba Linnaeus, 1758",Animalia,,Aves,Pelecaniformes,Ardeidae,Ardea,India,Tamil Nadu,,12.804274,80.245152,2026,2026-01-02T11:23,iNaturalist research-grade observations
5938617212,Mycteria leucocephala,"Mycteria leucocephala (Pennant, 1769)",Animalia,,Aves,Ciconiiformes,Ciconiidae,Mycteria,India,Tamil Nadu,,12.717904,80.212587,2026,2026-01-02T08:23,iNaturalist research-grade observations
5938618346,Merops orientalis,"Merops orientalis Latham, 1801",Animalia,,Aves,Coraciiformes,Meropidae,Merops,India,West Bengal,,22.443476,88.301985,2026,2026-01-05T12:42:03,iNaturalist research-grade observations
5938618491,Luscinia svecica,"Luscinia svecica (Linnaeus, 1758)",Animalia,,Aves,Passeriformes,Muscicapidae,Luscinia,India,Gujarat,,22.826183,72.107884,2026,2026-01-01T08:42,iNaturalist research-grade observations
5938618574,Netta rufina,"Netta rufina (Pallas, 1773)",Animalia,,Aves,Anseriformes,Anatidae,Netta,India,Madhya Pradesh,,21.370947,76.64796,2026,2026-01-03T12:19,iNaturalist research-grade observations
5938619186,Egretta intermedia,"Ardea intermedia Wagler, 1829",Animalia,,Aves,Pelecaniformes,Ardeidae,Egretta,India,Madhya Pradesh,,21.370947,76.64796,2026,2026-01-03T09:56,iNaturalist research-grade observations
5938619310,Tringa glareola,"Tringa glareola Linnaeus, 1758",Animalia,,Aves,Charadriiformes,Scolopacidae,Tringa,India,Maharashtra,,19.148881,72.964608,2026,2026-01-01T11:52:32,iNaturalist research-grade observations
5938619616,Ardea alba,"Ardea alba Linnaeus, 1758",Animalia,,Aves,Pelecaniformes,Ardeidae,Ardea,India,Maharashtra,,19.1568,72.958031,2026,2026-01-01T10:55:22,iNaturalist research-grade observations
5938620266,Himantopus himantopus,"Himantopus himantopus (Linnaeus, 1758)",Animalia,,Aves,Charadriiformes,Recurvirostridae,Himantopus,India,Madhya Pradesh,,21.336842,76.506083,2026,2026-01-03T16:41,iNaturalist research-grade observations
5938621209,Halcyon smyrnensis,"Halcyon smyrnensis (Linnaeus, 1758)",Animalia,,Aves,Coraciiformes,Alcedinidae,Halcyon,India,Rajasthan,,26.955753,75.843294,2026,2026-01-03T13:55:28,iNaturalist research-grade observations
5938621220,Mycteria leucocephala,"Mycteria leucocephala (Pennant, 1769)",Animalia,,Aves,Ciconiiformes,Ciconiidae,Mycteria,India,Tamil Nadu,,12.717904,80.212587,2026,2026-01-02T09:03,iNaturalist research-grade observations
5938621842,Psittacula eupatria,"Psittacula eupatria (Linnaeus, 1766)",Animalia,,Aves,Psittaciformes,Psittacidae,Psittacula,India,Maharashtra,,18.543791,73.786001,2026,2026-01-04T08:31,iNaturalist research-grade observations
5938621938,Falco tinnunculus,"Falco tinnunculus Linnaeus, 1758",Animalia,,Aves,Falconiformes,Falconidae,Falco,India,Gujarat,,22.896158,72.082436,2026,2026-01-02T10:02,iNaturalist research-grade observations
5938623193,Glareola lactea,"Glareola lactea Temminck, 1820",Animalia,,Aves,Charadriiformes,Glareolidae,Glareola,India,Tamil Nadu,,11.891788,77.771567,2026,2026-01-03T16:48,iNaturalist research-grade observations
5938623698,Platalea leucorodia,"Platalea leucorodia Linnaeus, 1758",Animalia,,Aves,Pelecaniformes,Threskiornithidae,Platalea,India,Tamil Nadu,,12.717904,80.212587,2026,2026-01-02T09:28,iNaturalist research-grade observations
5938623716,Corvus splendens,"Corvus splendens Vieillot, 1817",Animalia,,Aves,Passeriformes,Corvidae,Corvus,India,NCT of Delhi,,28.630508,77.21753,2026,2026-01-03T09:20:08,iNaturalist research-grade observations
5938624076,Ficedula parva,"Ficedula parva (Bechstein, 1792)",Animalia,,Aves,Passeriformes,Muscicapidae,Ficedula,India,Rajasthan,,26.912366,75.787271,2026,2026-01-05T11:59:02,iNaturalist research-grade observations
5938624413,Anas acuta,"Anas acuta Linnaeus, 1758",Animalia,,Aves,Anseriformes,Anatidae,Anas,India,Tamil Nadu,,12.717904,80.212587,2026,2026-01-02T09:10,iNaturalist research-grade observations
5938624424,Elanus caeruleus,"Elanus caeruleus vociferus (Latham, 1790)",Animalia,,Aves,Accipitriformes,Accipitridae,Elanus,India,Karnataka,,12.311931,77.276921,2026,2026-01-03T06:47,iNaturalist research-grade observations
5938624650,Chroicocephalus brunnicephalus,"Chroicocephalus brunnicephalus (Jerdon, 1840)",Animalia,,Aves,Charadriiformes,Laridae,Chroicocephalus,India,Karnataka,,13.632324,74.670222,2026,2026-01-01T08:59,iNaturalist research-grade observations
5938624845,Yungipicus nanus,"Yungipicus nanus (Vigors, 1832)",Animalia,,Aves,Piciformes,Picidae,Yungipicus,India,Chhattisgarh,,20.788605,80.925229,2026,2026-01-04T15:08:38,iNaturalist research-grade observations
5938625018,Motacilla alba,"Motacilla alba Linnaeus, 1758",Animalia,,Aves,Passeriformes,Motacillidae,Motacilla,India,Uttar Pradesh,,25.407164,81.847229,2026,2026-01-03T11:07:30,iNaturalist research-grade observations
5938625213,Anastomus oscitans,"Anastomus oscitans (Boddaert, 1783)",Animalia,,Aves,Ciconiiformes,Ciconiidae,Anastomus,India,Tamil Nadu,,10.879628,79.093967,2026,2026-01-05T08:00:51,iNaturalist research-grade observations
5938625714,Anas acuta,"Anas acuta Linnaeus, 1758",Animalia,,Aves,Anseriformes,Anatidae,Anas,India,Madhya Pradesh,,21.336842,76.506083,2026,2026-01-03T16:23,iNaturalist research-grade observations
5938625813,Threskiornis melanocephalus,"Threskiornis melanocephalus (Latham, 1790)",Animalia,,Aves,Pelecaniformes,Threskiornithidae,Threskiornis,India,Madhya Pradesh,,21.336842,76.506083,2026,2026-01-03T16:46,iNaturalist research-grade observations
5938626131,Circus aeruginosus,"Circus aeruginosus (Linnaeus, 1758)",Animalia,,Aves,Accipitriformes,Accipitridae,Circus,India,Gujarat,,22.828877,72.055019,2026,2026-01-01T13:44,iNaturalist research-grade observations
5938628929,Dendrocopos macei,"Dendrocopos macei (Vieillot, 1818)",Animalia,,Aves,Piciformes,Picidae,Dendrocopos,India,West Bengal,,22.444027,88.301902,2026,2026-01-02T14:20:02,iNaturalist research-grade observations
5938630332,Spilopelia chinensis,"Spilopelia chinensis (Scopoli, 1786)",Animalia,,Aves,Columbiformes,Columbidae,Spilopelia,India,Telangana,,17.397728,78.354237,2026,2026-01-02T16:22:28,iNaturalist research-grade observations
5938631023,Corvus macrorhynchos,"Corvus macrorhynchos Wagler, 1827",Animalia,,Aves,Passeriformes,Corvidae,Corvus,India,Karnataka,,13.712335,75.252464,2026,2026-01-03T17:31,iNaturalist research-grade observations
5938631446,Vanellus indicus,"Vanellus indicus (Boddaert, 1783)",Animalia,,Aves,Charadriiformes,Charadriidae,Vanellus,India,Tripura,,24.173222,92.019687,2026,2026-01-02T15:24:25,iNaturalist research-grade observations
5938632141,Halcyon smyrnensis,"Halcyon smyrnensis (Linnaeus, 1758)",Animalia,,Aves,Coraciiformes,Alcedinidae,Halcyon,India,Goa,,15.293462,73.909089,2026,2026-01-04T02:41:22,iNaturalist research-grade observations
5938632232,Halcyon smyrnensis,"Halcyon smyrnensis (Linnaeus, 1758)",Animalia,,Aves,Coraciiformes,Alcedinidae,Halcyon,India,Uttarakhand,,30.381275,77.797383,2026,2026-01-03T15:03:37,iNaturalist research-grade observations
5938632346,Ardeola grayii,"Ardeola grayii (Sykes, 1832)",Animalia,,Aves,Pelecaniformes,Ardeidae,Ardeola,India,Tamil Nadu,,11.418642,76.712395,2026,2026-01-01T16:11:28,iNaturalist research-grade observations
5938633359,Leptocoma zeylonica,"Leptocoma zeylonica (Linnaeus, 1766)",Animalia,,Aves,Passeriformes,Nectariniidae,Leptocoma,India,Goa,,15.009294,74.027769,2026,2026-01-03T05:39,iNaturalist research-grade observations
5938634941,Anas acuta,"Anas acuta Linnaeus, 1758",Animalia,,Aves,Anseriformes,Anatidae,Anas,India,Maharashtra,,19.015496,73.006286,2026,2026-01-02T09:17,iNaturalist research-grade observations
5938636960,Sturnia pagodarum,"Sturnia pagodarum (Gmelin, 1789)",Animalia,,Aves,Passeriformes,Sturnidae,Sturnia,India,Tamil Nadu,,10.800514,78.760236,2026,2026-01-01T08:50:44,iNaturalist research-grade observations
5938637662,Copsychus saularis,"Copsychus saularis (Linnaeus, 1758)",Animalia,,Aves,Passeriformes,Muscicapidae,Copsychus,India,Uttar Pradesh,,25.413314,81.846528,2026,2026-01-05T10:40:09,iNaturalist research-grade observations
5938644107,Egretta garzetta,"Egretta garzetta (Linnaeus, 1766)",Animalia,,Aves,Pelecaniformes,Ardeidae,Egretta,India,Tamil Nadu,,11.891788,77.771567,2026,2026-01-03T16:55,iNaturalist research-grade observations
5938644124,Calidris pugnax,"Calidris pugnax (Linnaeus, 1758)",Animalia,,Aves,Charadriiformes,Scolopacidae,Calidris,India,Madhya Pradesh,,21.336842,76.506083,2026,2026-01-03T17:12,iNaturalist research-grade observations
5938646809,Dinopium benghalense,"Dinopium benghalense (Linnaeus, 1758)",Animalia,,Aves,Piciformes,Picidae,Dinopium,India,Assam,,26.961236,94.62825,2026,2026-01-04T12:39:34,iNaturalist research-grade observations
5938647091,Anas acuta,"Anas acuta Linnaeus, 1758",Animalia,,Aves,Anseriformes,Anatidae,Anas,India,Madhya Pradesh,,21.336842,76.506083,2026,2026-01-03T16:44,iNaturalist research-grade observations
5938647907,Circus aeruginosus,"Circus aeruginosus (Linnaeus, 1758)",Animalia,,Aves,Accipitriformes,Accipitridae,Circus,India,Maharashtra,,19.141906,72.964628,2026,2026-01-04T09:32,iNaturalist research-grade observations
5938647920,Upupa epops,"Upupa epops Linnaeus, 1758",Animalia,,Aves,Bucerotiformes,Upupidae,Upupa,India,Kerala,,10.705108,76.081136,2026,2026-01-04T17:45:41,iNaturalist research-grade observations
5938649631,Athene brama,"Athene brama (Temminck, 1821)",Animalia,,Aves,Strigiformes,Strigidae,Athene,India,Karnataka,,12.315158,76.623608,2026,2026-01-01T11:14:33,iNaturalist research-grade observations
5938650352,Tringa totanus,"Tringa totanus (Linnaeus, 1758)",Animalia,,Aves,Charadriiformes,Scolopacidae,Tringa,India,Tamil Nadu,,12.80469,80.241398,2026,2026-01-02T12:50,iNaturalist research-grade observations
5938650366,"Tachyspiza Kaup, 1844","Tachyspiza Kaup, 1844",Animalia,,Aves,,,Tachyspiza,India,Maharashtra,,19.015496,73.006286,2026,2026-01-03T17:22:35,iNaturalist research-grade observations
5938650553,Milvus migrans,"Milvus migrans (Boddaert, 1783)",Animalia,,Aves,Accipitriformes,Accipitridae,Milvus,India,Kerala,,9.918437,76.31836,2026,2026-01-02T13:23:16,iNaturalist research-grade observations
5938652468,Corvus splendens,"Corvus splendens Vieillot, 1817",Animalia,,Aves,Passeriformes,Corvidae,Corvus,India,Tamil Nadu,,11.691832,78.189666,2026,2026-01-01T10:32:27,iNaturalist research-grade observations
5938652483,Pavo cristatus,"Pavo cristatus Linnaeus, 1758",Animalia,,Aves,Galliformes,Phasianidae,Pavo,India,Telangana,,17.45465,78.360231,2026,2026-01-01T14:59:32,iNaturalist research-grade observations
5938653642,Columba livia,"Columba livia var. domestica J.F.Gmelin, 1789",Animalia,,Aves,Columbiformes,Columbidae,Columba,India,Uttar Pradesh,,25.406916,81.84739,2026,2026-01-01T09:14:17,iNaturalist research-grade observations
5938656605,Columba livia,"Columba livia var. domestica J.F.Gmelin, 1789",Animalia,,Aves,Columbiformes,Columbidae,Columba,India,Rajasthan,,26.985997,75.850465,2026,2026-01-01T10:32:05,iNaturalist research-grade observations
5938658723,Calidris temminckii,"Calidris temminckii (Leisler, 1812)",Animalia,,Aves,Charadriiformes,Scolopacidae,Calidris,India,Madhya Pradesh,,21.336842,76.506083,2026,2026-01-03T16:53,iNaturalist research-grade observations
5938658989,Merops orientalis,"Merops orientalis Latham, 1801",Animalia,,Aves,Coraciiformes,Meropidae,Merops,India,Gujarat,,22.828115,72.055885,2026,2026-01-01T11:42,iNaturalist research-grade observations
5938659038,Anas poecilorhyncha,"Anas poecilorhyncha J.R.Forster, 1781",Animalia,,Aves,Anseriformes,Anatidae,Anas,India,Madhya Pradesh,,21.531662,76.735081,2026,2026-01-04T13:31,iNaturalist research-grade observations
5938659069,Anser indicus,"Anser indicus (Latham, 1790)",Animalia,,Aves,Anseriformes,Anatidae,Anser,India,Gujarat,,22.917901,71.972964,2026,2026-01-02T16:24,iNaturalist research-grade observations
5938659149,Tachybaptus ruficollis,"Tachybaptus ruficollis (Pallas, 1764)",Animalia,,Aves,Podicipediformes,Podicipedidae,Tachybaptus,India,Madhya Pradesh,,21.531662,76.735081,2026,2026-01-04T13:08,iNaturalist research-grade observations
5938659318,Plegadis falcinellus,"Plegadis falcinellus (Linnaeus, 1766)",Animalia,,Aves,Pelecaniformes,Threskiornithidae,Plegadis,India,Telangana,,17.430653,78.476906,2026,2026-01-05T15:09:11,iNaturalist research-grade observations
5938663549,Hirundo rustica,"Hirundo rustica Linnaeus, 1758",Animalia,,Aves,Passeriformes,Hirundinidae,Hirundo,India,Maharashtra,,19.141906,72.964628,2026,2026-01-04T10:28,iNaturalist research-grade observations
5938667677,Hydroprogne caspia,"Hydroprogne caspia (Pallas, 1770)",Animalia,,Aves,Charadriiformes,Laridae,Hydroprogne,India,Tamil Nadu,,12.80469,80.241398,2026,2026-01-02T12:43,iNaturalist research-grade observations
5938669754,Spilopelia senegalensis,"Spilopelia senegalensis (Linnaeus, 1766)",Animalia,,Aves,Columbiformes,Columbidae,Spilopelia,India,Karnataka,,12.311931,77.276921,2026,2026-01-03T07:46,iNaturalist research-grade observations
5938670354,Egretta garzetta,"Egretta garzetta (Linnaeus, 1766)",Animalia,,Aves,Pelecaniformes,Ardeidae,Egretta,India,Madhya Pradesh,,21.531662,76.735081,2026,2026-01-04T13:47,iNaturalist research-grade observations
5938670479,Ardea alba,"Ardea alba Linnaeus, 1758",Animalia,,Aves,Pelecaniformes,Ardeidae,Ardea,India,Maharashtra,,19.141906,72.964628,2026,2026-01-04T09:34,iNaturalist research-grade observations
5938672795,Turdoides striata,"Argya striata (Dumont, 1823)",Animalia,,Aves,Passeriformes,Leiothrichidae,Turdoides,India,Uttar Pradesh,,25.407357,81.846877,2026,2026-01-03T09:18,iNaturalist research-grade observations
5938673408,Ardeola grayii,"Ardeola grayii (Sykes, 1832)",Animalia,,Aves,Pelecaniformes,Ardeidae,Ardeola,India,Tamil Nadu,,11.891788,77.771567,2026,2026-01-01T15:41,iNaturalist research-grade observations
5938673563,Dicaeum erythrorhynchos,"Dicaeum erythrorhynchos (Latham, 1790)",Animalia,,Aves,Passeriformes,Dicaeidae,Dicaeum,India,Karnataka,,12.277969,76.618469,2026,2026-01-03T09:03:13,iNaturalist research-grade observations
5938673623,Ardea alba,"Ardea alba Linnaeus, 1758",Animalia,,Aves,Pelecaniformes,Ardeidae,Ardea,India,Tamil Nadu,,12.80469,80.241398,2026,2026-01-02T12:49,iNaturalist research-grade observations
5938673796,Centropus sinensis,"Centropus sinensis (Stephens, 1815)",Animalia,,Aves,Cuculiformes,Cuculidae,Centropus,India,Karnataka,,12.918313,77.680097,2026,2026-01-04T09:05,iNaturalist research-grade observations
5938673802,Luscinia svecica,"Luscinia svecica (Linnaeus, 1758)",Animalia,,Aves,Passeriformes,Muscicapidae,Luscinia,India,Gujarat,,22.895849,72.090775,2026,2026-01-02T08:33:47,iNaturalist research-grade observations
5938674479,Spatula clypeata,"Spatula clypeata (Linnaeus, 1758)",Animalia,,Aves,Anseriformes,Anatidae,Spatula,India,Madhya Pradesh,,21.336842,76.506083,2026,2026-01-03T16:23,iNaturalist research-grade observations
5938675764,Corvus splendens,"Corvus splendens splendens Vieillot, 1817",Animalia,,Aves,Passeriformes,Corvidae,Corvus,India,Telangana,,17.430352,78.47631,2026,2026-01-05T12:19:17,iNaturalist research-grade observations
5938675828,Pycnonotus cafer,"Pycnonotus cafer (Linnaeus, 1766)",Animalia,,Aves,Passeriformes,Pycnonotidae,Pycnonotus,India,Goa,,15.009447,74.027708,2026,2026-01-03T05:30,iNaturalist research-grade observations
5938676050,Halcyon smyrnensis,"Halcyon smyrnensis (Linnaeus, 1758)",Animalia,,Aves,Coraciiformes,Alcedinidae,Halcyon,India,Tamil Nadu,,12.819087,77.825455,2026,2026-01-04T09:08:13,iNaturalist research-grade observations
5938676144,Mareca penelope,"Mareca penelope (Linnaeus, 1758)",Animalia,,Aves,Anseriformes,Anatidae,Mareca,India,Gujarat,,22.919948,71.971054,2026,2026-01-02T16:37,iNaturalist research-grade observations
5938676715,Ardeola grayii,"Ardeola grayii (Sykes, 1832)",Animalia,,Aves,Pelecaniformes,Ardeidae,Ardeola,India,Tamil Nadu,,12.804274,80.245152,2026,2026-01-02T11:16,iNaturalist research-grade observations
5938677075,Netta rufina,"Netta rufina (Pallas, 1773)",Animalia,,Aves,Anseriformes,Anatidae,Netta,India,Uttarakhand,,30.440508,77.672543,2026,2026-01-03T10:20:09,iNaturalist research-grade observations
5938677098,Anser anser,"Anser anser (Linnaeus, 1758)",Animalia,,Aves,Anseriformes,Anatidae,Anser,India,Gujarat,,22.917098,71.973284,2026,2026-01-02T16:24,iNaturalist research-grade observations
5938677618,Lanius isabellinus,"Lanius isabellinus Hemprich & Ehrenberg, 1833",Animalia,,Aves,Passeriformes,Laniidae,Lanius,India,Gujarat,,22.899904,72.056334,2026,2026-01-01T15:05:13,iNaturalist research-grade observations
5938677838,Prinia socialis,"Prinia socialis Sykes, 1832",Animalia,,Aves,Passeriformes,Cisticolidae,Prinia,India,Kerala,,9.294185,76.515673,2026,2026-01-04T08:01,iNaturalist research-grade observations
5938678496,Lonchura punctulata,"Lonchura punctulata (Linnaeus, 1758)",Animalia,,Aves,Passeriformes,Estrildidae,Lonchura,India,Telangana,,17.456478,78.359589,2026,2026-01-01T15:20:29,iNaturalist research-grade observations
5938678929,Platalea leucorodia,"Platalea leucorodia Linnaeus, 1758",Animalia,,Aves,Pelecaniformes,Threskiornithidae,Platalea,India,Tamil Nadu,,12.717904,80.212587,2026,2026-01-02T09:01,iNaturalist research-grade observations
5938679125,Amaurornis phoenicurus,"Amaurornis phoenicurus (Pennant, 1769)",Animalia,,Aves,Gruiformes,Rallidae,Amaurornis,India,Assam,,26.961592,94.628322,2026,2026-01-04T16:28:50,iNaturalist research-grade observations
5938679649,Ardea alba,"Ardea alba Linnaeus, 1758",Animalia,,Aves,Pelecaniformes,Ardeidae,Ardea,India,Tamil Nadu,,11.891788,77.771567,2026,2026-01-01T17:26,iNaturalist research-grade observations
5938680497,Rhipidura albogularis,"Rhipidura albogularis (Lesson, 1831)",Animalia,,Aves,Passeriformes,Rhipiduridae,Rhipidura,India,Karnataka,,12.310246,76.648611,2026,2026-01-01T02:16:44,iNaturalist research-grade observations
5938680725,Tadorna ferruginea,"Tadorna ferruginea (Pallas, 1764)",Animalia,,Aves,Anseriformes,Anatidae,Tadorna,India,Madhya Pradesh,,21.336842,76.506083,2026,2026-01-03T16:46,iNaturalist research-grade observations
5938682928,Corvus splendens,"Corvus splendens Vieillot, 1817",Animalia,,Aves,Passeriformes,Corvidae,Corvus,India,Andhra Pradesh,,14.640638,79.044106,2026,2026-01-02T17:29:15,iNaturalist research-grade observations
5938683941,Tringa totanus,"Tringa totanus (Linnaeus, 1758)",Animalia,,Aves,Charadriiformes,Scolopacidae,Tringa,India,Tamil Nadu,,12.80469,80.241398,2026,2026-01-02T12:47,iNaturalist research-grade observations
5938686820,Saxicola ferreus,"Saxicola ferreus J.E.Gray & G.R.Gray, 1847",Animalia,,Aves,Passeriformes,Muscicapidae,Saxicola,India,Himachal Pradesh,,31.418988,76.735372,2026,2026-01-01T14:31:14,iNaturalist research-grade observations
5938687190,Tadorna ferruginea,"Tadorna ferruginea (Pallas, 1764)",Animalia,,Aves,Anseriformes,Anatidae,Tadorna,India,Madhya Pradesh,,21.336842,76.506083,2026,2026-01-03T16:46,iNaturalist research-grade observations
5938687198,Motacilla flava,"Motacilla flava Linnaeus, 1758",Animalia,,Aves,Passeriformes,Motacillidae,Motacilla,India,Madhya Pradesh,,21.336842,76.506083,2026,2026-01-03T17:16,iNaturalist research-grade observations
5938687214,Pernis ptilorhynchus,"Pernis ptilorhynchus (Temminck, 1821)",Animalia,,Aves,Accipitriformes,Accipitridae,Pernis,India,Tamil Nadu,,8.451366,77.378417,2026,2026-01-05T12:59:55,iNaturalist research-grade observations
5938690092,Ardea cinerea,"Ardea cinerea Linnaeus, 1758",Animalia,,Aves,Pelecaniformes,Ardeidae,Ardea,India,Maharashtra,,19.015496,73.006286,2026,2026-01-02T09:53,iNaturalist research-grade observations
5938691393,Artamus fuscus,"Artamus fuscus Vieillot, 1817",Animalia,,Aves,Passeriformes,Artamidae,Artamus,India,Tamil Nadu,,11.07015,77.004347,2026,2026-01-03T10:41:54,iNaturalist research-grade observations
5938692593,Microcarbo niger,"Microcarbo niger (Vieillot, 1817)",Animalia,,Aves,Suliformes,Phalacrocoracidae,Microcarbo,India,Tamil Nadu,,11.891788,77.771567,2026,2026-01-01T15:37,iNaturalist research-grade observations
5938692806,Actitis hypoleucos,"Actitis hypoleucos (Linnaeus, 1758)",Animalia,,Aves,Charadriiformes,Scolopacidae,Actitis,India,Maharashtra,,19.141906,72.964628,2026,2026-01-04T11:38,iNaturalist research-grade observations
5938693995,Ardeola grayii,"Ardeola grayii (Sykes, 1832)",Animalia,,Aves,Pelecaniformes,Ardeidae,Ardeola,India,Kerala,,10.041333,76.323125,2026,2026-01-03T10:52:56,iNaturalist research-grade observations
5938694510,Spatula clypeata,"Spatula clypeata (Linnaeus, 1758)",Animalia,,Aves,Anseriformes,Anatidae,Spatula,India,Madhya Pradesh,,21.336842,76.506083,2026,2026-01-03T16:45,iNaturalist research-grade observations
5938694657,"Ardea Linnaeus, 1758","Ardea Linnaeus, 1758",Animalia,,Aves,Pelecaniformes,Ardeidae,Ardea,India,Karnataka,,12.882038,77.688716,2026,2026-01-01T12:08,iNaturalist research-grade observations
5938694978,Tringa glareola,"Tringa glareola Linnaeus, 1758",Animalia,,Aves,Charadriiformes,Scolopacidae,Tringa,India,Madhya Pradesh,,21.336842,76.506083,2026,2026-01-03T16:21,iNaturalist research-grade observations
5938695055,Anas acuta,"Anas acuta Linnaeus, 1758",Animalia,,Aves,Anseriformes,Anatidae,Anas,India,Madhya Pradesh,,21.336842,76.506083,2026,2026-01-03T16:21,iNaturalist research-grade observations
5938695172,Myophonus caeruleus,"Myophonus caeruleus (Scopoli, 1786)",Animalia,,Aves,Passeriformes,Muscicapidae,Myophonus,India,Uttarakhand,,30.395097,78.094308,2026,2026-01-03T07:52:50,iNaturalist research-grade observations
5938695333,Himantopus himantopus,"Himantopus himantopus (Linnaeus, 1758)",Animalia,,Aves,Charadriiformes,Recurvirostridae,Himantopus,India,Karnataka,,12.918313,77.680097,2026,2026-01-04T08:39,iNaturalist research-grade observations
5938695395,Ardea purpurea,"Ardea purpurea Linnaeus, 1766",Animalia,,Aves,Pelecaniformes,Ardeidae,Ardea,India,Kerala,,11.818114,75.431975,2026,2026-01-04T18:14:34,iNaturalist research-grade observations
5938695525,Pandion haliaetus,"Pandion haliaetus (Linnaeus, 1758)",Animalia,,Aves,Accipitriformes,Pandionidae,Pandion,India,Maharashtra,,18.131236,74.020958,2026,2026-01-02T11:45:52,iNaturalist research-grade observations
5938698696,"Tachyspiza Kaup, 1844","Tachyspiza Kaup, 1844",Animalia,,Aves,,,Tachyspiza,India,Maharashtra,,18.118986,74.042192,2026,2026-01-02T12:04:39,iNaturalist research-grade observations
5938698812,"Tachyspiza Kaup, 1844","Tachyspiza Kaup, 1844",Animalia,,Aves,,,Tachyspiza,India,Uttar Pradesh,,25.407166,81.847285,2026,2026-01-03T07:46,iNaturalist research-grade observations
5938698862,Egretta garzetta,"Egretta garzetta (Linnaeus, 1766)",Animalia,,Aves,Pelecaniformes,Ardeidae,Egretta,India,Tamil Nadu,,12.717904,80.212587,2026,2026-01-02T09:28,iNaturalist research-grade observations
5938698886,Pelecanus philippensis,"Pelecanus philippensis Gmelin, 1789",Animalia,,Aves,Pelecaniformes,Pelecanidae,Pelecanus,India,Tamil Nadu,,12.897062,80.345904,2026,2026-01-02T13:01,iNaturalist research-grade observations
5938699022,Emberiza bruniceps,"Emberiza bruniceps J.F.Brandt, 1841",Animalia,,Aves,Passeriformes,Emberizidae,Emberiza,India,Gujarat,,22.895924,72.089316,2026,2026-01-02T08:51:21,iNaturalist research-grade observations
5938699034,Centropus sinensis,"Centropus sinensis (Stephens, 1815)",Animalia,,Aves,Cuculiformes,Cuculidae,Centropus,India,Karnataka,,12.918313,77.680097,2026,2026-01-04T09:36,iNaturalist research-grade observations
5938699971,Pastor roseus,"Pastor roseus (Linnaeus, 1758)",Animalia,,Aves,Passeriformes,Sturnidae,Pastor,India,Gujarat,,22.816695,72.10608,2026,2026-01-01T08:56:50,iNaturalist research-grade observations
5938700189,Motacilla alba,"Motacilla alba Linnaeus, 1758",Animalia,,Aves,Passeriformes,Motacillidae,Motacilla,India,Maharashtra,,18.663128,73.844094,2026,2026-01-04T10:37:03,iNaturalist research-grade observations
5938700217,Riparia riparia,"Riparia riparia (Linnaeus, 1758)",Animalia,,Aves,Passeriformes,Hirundinidae,Riparia,India,Gujarat,,22.885615,72.07318,2026,2026-01-01T14:19,iNaturalist research-grade observations
5938700509,Ardea purpurea,"Ardea purpurea Linnaeus, 1766",Animalia,,Aves,Pelecaniformes,Ardeidae,Ardea,India,Maharashtra,,19.140428,72.961131,2026,2026-01-03T09:14:27,iNaturalist research-grade observations
5938700616,Circus aeruginosus,"Circus aeruginosus (Linnaeus, 1758)",Animalia,,Aves,Accipitriformes,Accipitridae,Circus,India,Gujarat,,22.89254,72.07391,2026,2026-01-02T08:07,iNaturalist research-grade observations
5938701531,Metopidius indicus,"Metopidius indicus (Latham, 1790)",Animalia,,Aves,Charadriiformes,Jacanidae,Metopidius,India,Maharashtra,,19.156997,73.263268,2026,2026-01-01T08:18:28,iNaturalist research-grade observations
5938701833,Vanellus indicus,"Vanellus indicus (Boddaert, 1783)",Animalia,,Aves,Charadriiformes,Charadriidae,Vanellus,India,Assam,,26.961236,94.628105,2026,2026-01-04T11:17:18,iNaturalist research-grade observations
5938702751,Haliastur indus,"Haliastur indus (Boddaert, 1783)",Animalia,,Aves,Accipitriformes,Accipitridae,Haliastur,India,Tamil Nadu,,11.710221,78.188819,2026,2026-01-01T11:35:13,iNaturalist research-grade observations
5938703613,Tadorna ferruginea,"Tadorna ferruginea (Pallas, 1764)",Animalia,,Aves,Anseriformes,Anatidae,Tadorna,India,Madhya Pradesh,,21.336842,76.506083,2026,2026-01-03T16:27,iNaturalist research-grade observations
5938703735,Tadorna ferruginea,"Tadorna ferruginea (Pallas, 1764)",Animalia,,Aves,Anseriformes,Anatidae,Tadorna,India,Madhya Pradesh,,21.336842,76.506083,2026,2026-01-03T16:44,iNaturalist research-grade observations
5938703736,Motacilla alba,"Motacilla alba Linnaeus, 1758",Animalia,,Aves,Passeriformes,Motacillidae,Motacilla,India,Madhya Pradesh,,21.336842,76.506083,2026,2026-01-03T17:02,iNaturalist research-grade observations
5938705016,Acridotheres tristis,"Acridotheres tristis tristis (Linnaeus, 1766)",Animalia,,Aves,Passeriformes,Sturnidae,Acridotheres,India,Rajasthan,,26.893359,75.814962,2026,2026-01-02T16:37:27,iNaturalist research-grade observations
5938705192,Platalea leucorodia,"Platalea leucorodia Linnaeus, 1758",Animalia,,Aves,Pelecaniformes,Threskiornithidae,Platalea,India,Maharashtra,,19.140297,72.961019,2026,2026-01-03T09:12:24,iNaturalist research-grade observations
5938705198,Mycteria leucocephala,"Mycteria leucocephala (Pennant, 1769)",Animalia,,Aves,Ciconiiformes,Ciconiidae,Mycteria,India,Maharashtra,,18.978947,72.834466,2026,2026-01-02,iNaturalist research-grade observations
5938705218,Tringa totanus,"Tringa totanus (Linnaeus, 1758)",Animalia,,Aves,Charadriiformes,Scolopacidae,Tringa,India,Tamil Nadu,,12.80469,80.241398,2026,2026-01-02T12:46,iNaturalist research-grade observations
5938705445,Merops philippinus,"Merops philippinus Linnaeus, 1767",Animalia,,Aves,Coraciiformes,Meropidae,Merops,India,Karnataka,,12.278042,76.618389,2026,2026-01-01T04:34:31,iNaturalist research-grade observations
5938707900,Pycnonotus cafer,"Pycnonotus cafer (Linnaeus, 1766)",Animalia,,Aves,Passeriformes,Pycnonotidae,Pycnonotus,India,West Bengal,,22.446599,88.302053,2026,2026-01-03T10:01:33,iNaturalist research-grade observations
5938707928,Microcarbo niger,"Microcarbo niger (Vieillot, 1817)",Animalia,,Aves,Suliformes,Phalacrocoracidae,Microcarbo,India,Tamil Nadu,,12.717904,80.212587,2026,2026-01-02T09:11,iNaturalist research-grade observations
5938708063,Pseudibis papillosa,"Pseudibis papillosa (Temminck, 1824)",Animalia,,Aves,Pelecaniformes,Threskiornithidae,Pseudibis,India,Gujarat,,23.030242,72.57593,2026,2026-01-04T08:23:46,iNaturalist research-grade observations
5938708094,Amaurornis phoenicurus,"Amaurornis phoenicurus (Pennant, 1769)",Animalia,,Aves,Gruiformes,Rallidae,Amaurornis,India,Karnataka,,12.918313,77.680097,2026,2026-01-04T08:58,iNaturalist research-grade observations
5938708317,Columba livia,"Columba livia var. domestica J.F.Gmelin, 1789",Animalia,,Aves,Columbiformes,Columbidae,Columba,India,Rajasthan,,26.985851,75.850487,2026,2026-01-01T10:31:29,iNaturalist research-grade observations
5938708578,Ocyceros birostris,"Ocyceros birostris (Scopoli, 1786)",Animalia,,Aves,Bucerotiformes,Bucerotidae,Ocyceros,India,Karnataka,,12.311931,77.276921,2026,2026-01-03T06:49,iNaturalist research-grade observations
5938711669,Tadorna ferruginea,"Tadorna ferruginea (Pallas, 1764)",Animalia,,Aves,Anseriformes,Anatidae,Tadorna,India,Madhya Pradesh,,21.336842,76.506083,2026,2026-01-03T16:46,iNaturalist research-grade observations
5938713220,Elanus caeruleus,"Elanus caeruleus (Desfontaines, 1789)",Animalia,,Aves,Accipitriformes,Accipitridae,Elanus,India,Tamil Nadu,,12.874312,79.372389,2026,2026-01-02,iNaturalist research-grade observations
5938713739,Corvus macrorhynchos,"Corvus macrorhynchos Wagler, 1827",Animalia,,Aves,Passeriformes,Corvidae,Corvus,India,Tamil Nadu,,11.688028,78.175967,2026,2026-01-02T07:44:04,iNaturalist research-grade observations
5938713768,Mycteria leucocephala,"Mycteria leucocephala (Pennant, 1769)",Animalia,,Aves,Ciconiiformes,Ciconiidae,Mycteria,India,Maharashtra,,19.015496,73.006286,2026,2026-01-02T10:01,iNaturalist research-grade observations
5938715737,Actitis hypoleucos,"Actitis hypoleucos (Linnaeus, 1758)",Animalia,,Aves,Charadriiformes,Scolopacidae,Actitis,India,Karnataka,,12.918313,77.680097,2026,2026-01-04T08:48,iNaturalist research-grade observations
5938716354,Orthotomus sutorius,"Orthotomus sutorius (Pennant, 1769)",Animalia,,Aves,Passeriformes,Cisticolidae,Orthotomus,India,Karnataka,,12.918313,77.680097,2026,2026-01-04T08:31,iNaturalist research-grade observations
5938718316,Saxicola caprata,"Saxicola caprata (Linnaeus, 1766)",Animalia,,Aves,Passeriformes,Muscicapidae,Saxicola,India,Karnataka,,12.918313,77.680097,2026,2026-01-04T09:05,iNaturalist research-grade observations
5938719406,Chlidonias hybrida,"Chlidonias hybrida (Pallas, 1811)",Animalia,,Aves,Charadriiformes,Laridae,Chlidonias,India,Gujarat,,22.83296,72.045418,2026,2026-01-01T14:12,iNaturalist research-grade observations
5938719565,Tadorna ferruginea,"Tadorna ferruginea (Pallas, 1764)",Animalia,,Aves,Anseriformes,Anatidae,Tadorna,India,Madhya Pradesh,,21.336842,76.506083,2026,2026-01-03T16:21,iNaturalist research-grade observations
5938719575,Circaetus gallicus,"Circaetus gallicus (Gmelin, 1788)",Animalia,,Aves,Accipitriformes,Accipitridae,Circaetus,India,Maharashtra,,18.286105,74.137106,2026,2026-01-04T15:24:50,iNaturalist research-grade observations
5938720121,Anas acuta,"Anas acuta Linnaeus, 1758",Animalia,,Aves,Anseriformes,Anatidae,Anas,India,Tamil Nadu,,12.717904,80.212587,2026,2026-01-02T09:14,iNaturalist research-grade observations
5938720149,Numenius phaeopus,"Numenius phaeopus (Linnaeus, 1758)",Animalia,,Aves,Charadriiformes,Scolopacidae,Numenius,India,Tamil Nadu,,12.80469,80.241398,2026,2026-01-02T12:53,iNaturalist research-grade observations
5938720667,Anas acuta,"Anas acuta Linnaeus, 1758",Animalia,,Aves,Anseriformes,Anatidae,Anas,India,Madhya Pradesh,,21.336842,76.506083,2026,2026-01-03T16:52,iNaturalist research-grade observations
5938720947,Platalea leucorodia,"Platalea leucorodia Linnaeus, 1758",Animalia,,Aves,Pelecaniformes,Threskiornithidae,Platalea,India,Madhya Pradesh,,21.336842,76.506083,2026,2026-01-03T17:17,iNaturalist research-grade observations
6129812490,Columba livia,"Columba livia var. domestica J.F.Gmelin, 1789",Animalia,,Aves,Columbiformes,Columbidae,Columba,India,Telangana,,17.371917,78.48018,2026,2026-01-01T12:05:14,iNaturalist research-grade observations
6129812498,Tringa nebularia,"Tringa nebularia (Gunnerus, 1767)",Animalia,,Aves,Charadriiformes,Scolopacidae,Tringa,India,Madhya Pradesh,,22.542884,78.170478,2026,2026-01-11T15:58,iNaturalist research-grade observations
6129812506,Ocyceros birostris,"Ocyceros birostris (Scopoli, 1786)",Animalia,,Aves,Bucerotiformes,Bucerotidae,Ocyceros,India,Maharashtra,,18.561827,73.78866,2026,2026-01-14T12:12:41,iNaturalist research-grade observations
6129812649,Mycteria leucocephala,"Mycteria leucocephala (Pennant, 1769)",Animalia,,Aves,Ciconiiformes,Ciconiidae,Mycteria,India,Kerala,,9.765538,76.292535,2026,2026-01-16T09:34,iNaturalist research-grade observations
6129812826,Lanius schach,"Lanius schach Linnaeus, 1758",Animalia,,Aves,Passeriformes,Laniidae,Lanius,India,Maharashtra,,18.530608,73.818182,2026,2026-01-19T10:00,iNaturalist research-grade observations
6129815085,Himantopus himantopus,"Himantopus himantopus (Linnaeus, 1758)",Animalia,,Aves,Charadriiformes,Recurvirostridae,Himantopus,India,Maharashtra,,18.287435,74.788228,2026,2026-01-18T15:51,iNaturalist research-grade observations
6129815086,Halcyon smyrnensis,"Halcyon smyrnensis (Linnaeus, 1758)",Animalia,,Aves,Coraciiformes,Alcedinidae,Halcyon,India,Uttarakhand,,30.336478,77.871497,2026,2026-01-18T15:22:21,iNaturalist research-grade observations
6129815668,Ortygornis pondicerianus,"Ortygornis pondicerianus (J.F.Gmelin, 1789)",Animalia,,Aves,Galliformes,Phasianidae,Ortygornis,India,Madhya Pradesh,,22.583829,78.139618,2026,2026-01-10T14:44,iNaturalist research-grade observations
6129815743,Tringa nebularia,"Tringa nebularia (Gunnerus, 1767)",Animalia,,Aves,Charadriiformes,Scolopacidae,Tringa,India,Uttarakhand,,29.430431,79.095665,2026,2026-01-09T07:44:49,iNaturalist research-grade observations
6129815862,Leptocoma zeylonica,"Leptocoma zeylonica (Linnaeus, 1766)",Animalia,,Aves,Passeriformes,Nectariniidae,Leptocoma,India,Kerala,,10.064205,76.250869,2026,2026-01-11T08:25,iNaturalist research-grade observations
6129816556,Elanus caeruleus,"Elanus caeruleus vociferus (Latham, 1790)",Animalia,,Aves,Accipitriformes,Accipitridae,Elanus,India,Rajasthan,,25.19827,75.791469,2026,2026-01-16T07:41,iNaturalist research-grade observations
6129816724,Centropus sinensis,"Centropus sinensis (Stephens, 1815)",Animalia,,Aves,Cuculiformes,Cuculidae,Centropus,India,Maharashtra,,19.837598,75.349021,2026,2026-01-04T10:16:48,iNaturalist research-grade observations
6129817047,Saxicoloides fulicatus,"Copsychus fulicatus (Linnaeus, 1766)",Animalia,,Aves,Passeriformes,Muscicapidae,Saxicoloides,India,Jharkhand,,23.883878,84.190807,2026,2026-01-26T22:15,iNaturalist research-grade observations
6129817134,Aegithina tiphia,"Aegithina tiphia (Linnaeus, 1758)",Animalia,,Aves,Passeriformes,Aegithinidae,Aegithina,India,Gujarat,,23.030242,72.57593,2026,2026-01-10T14:25:43,iNaturalist research-grade observations
6129817503,Himantopus himantopus,"Himantopus himantopus (Linnaeus, 1758)",Animalia,,Aves,Charadriiformes,Recurvirostridae,Himantopus,India,Maharashtra,,19.016591,73.00594,2026,2026-01-01T09:09,iNaturalist research-grade observations
6129818207,Halcyon smyrnensis,"Halcyon smyrnensis (Linnaeus, 1758)",Animalia,,Aves,Coraciiformes,Alcedinidae,Halcyon,India,Karnataka,,12.860823,77.598865,2026,2026-01-13T14:26,iNaturalist research-grade observations
6129818988,Dicrurus caerulescens,"Dicrurus caerulescens (Linnaeus, 1758)",Animalia,,Aves,Passeriformes,Dicruridae,Dicrurus,India,Uttarakhand,,29.368512,79.192612,2026,2026-01-19T10:26:08,iNaturalist research-grade observations
6129819097,Chlidonias hybrida,"Chlidonias hybrida (Pallas, 1811)",Animalia,,Aves,Charadriiformes,Laridae,Chlidonias,India,Kerala,,9.108494,76.483687,2026,2026-01-21T18:10,iNaturalist research-grade observations
6129819208,Nycticorax nycticorax,"Nycticorax nycticorax (Linnaeus, 1758)",Animalia,,Aves,Pelecaniformes,Ardeidae,Nycticorax,India,Tamil Nadu,,12.645113,80.170089,2026,2026-01-22T13:05,iNaturalist research-grade observations
6129820086,Saxicola caprata,"Saxicola caprata (Linnaeus, 1766)",Animalia,,Aves,Passeriformes,Muscicapidae,Saxicola,India,Andhra Pradesh,,16.756049,80.641401,2026,2026-01-17T15:57,iNaturalist research-grade observations
6129820258,Calidris temminckii,"Calidris temminckii (Leisler, 1812)",Animalia,,Aves,Charadriiformes,Scolopacidae,Calidris,India,Kerala,,10.107166,76.312499,2026,2026-01-15T07:57,iNaturalist research-grade observations
6129820269,Pycnonotus cafer,"Pycnonotus cafer (Linnaeus, 1766)",Animalia,,Aves,Passeriformes,Pycnonotidae,Pycnonotus,India,Odisha,,21.593115,86.29454,2026,2026-01-11T10:07,iNaturalist research-grade observations
6129820313,Himantopus himantopus,"Himantopus himantopus (Linnaeus, 1758)",Animalia,,Aves,Charadriiformes,Recurvirostridae,Himantopus,India,Maharashtra,,18.573062,73.80826,2026,2026-01-14T10:39:49,iNaturalist research-grade observations
6129820580,Glaucidium radiatum,"Glaucidium radiatum (Tickell, 1833)",Animalia,,Aves,Strigiformes,Strigidae,Glaucidium,India,Uttar Pradesh,,28.4646,80.776861,2026,2026-01-07T14:59,iNaturalist research-grade observations
6129822337,Ocyceros birostris,"Ocyceros birostris (Scopoli, 1786)",Animalia,,Aves,Bucerotiformes,Bucerotidae,Ocyceros,India,Maharashtra,,18.564496,73.823967,2026,2026-01-17T08:49,iNaturalist research-grade observations
6129823288,Caprimulgus asiaticus,"Caprimulgus asiaticus Latham, 1790",Animalia,,Aves,Caprimulgiformes,Caprimulgidae,Caprimulgus,India,Tamil Nadu,,11.177466,77.040518,2026,2026-01-08T23:27,iNaturalist research-grade observations
6129823327,Actitis hypoleucos,"Actitis hypoleucos (Linnaeus, 1758)",Animalia,,Aves,Charadriiformes,Scolopacidae,Actitis,India,Maharashtra,,19.016591,73.00594,2026,2026-01-01T09:09,iNaturalist research-grade observations
6129823372,Psilopogon viridis,"Psilopogon viridis (Boddaert, 1783)",Animalia,,Aves,Piciformes,Megalaimidae,Psilopogon,India,Karnataka,,13.085367,77.579093,2026,2026-01-06T11:28:17,iNaturalist research-grade observations
6129823974,Turdoides striata,"Argya striata (Dumont, 1823)",Animalia,,Aves,Passeriformes,Leiothrichidae,Turdoides,India,Uttar Pradesh,,25.413314,81.846528,2026,2026-01-19T11:29:03,iNaturalist research-grade observations
6129824095,Ploceus benghalensis,"Ploceus benghalensis (Linnaeus, 1758)",Animalia,,Aves,Passeriformes,Ploceidae,Ploceus,India,Gujarat,,22.376158,72.428034,2026,2026-01-18T08:12,iNaturalist research-grade observations
6129824313,Spilopelia chinensis,"Spilopelia chinensis (Scopoli, 1786)",Animalia,,Aves,Columbiformes,Columbidae,Spilopelia,India,Karnataka,,12.860994,77.498509,2026,2026-01-11T09:50,iNaturalist research-grade observations
6129825272,Merops philippinus,"Merops philippinus Linnaeus, 1767",Animalia,,Aves,Coraciiformes,Meropidae,Merops,India,Goa,,15.425819,73.743819,2026,2026-01-18T10:48:37,iNaturalist research-grade observations
6129826576,Hypothymis azurea,"Hypothymis azurea (Boddaert, 1783)",Animalia,,Aves,Passeriformes,Monarchidae,Hypothymis,India,Karnataka,,13.566901,75.134613,2026,2026-01-16T04:46,iNaturalist research-grade observations
6129826578,Haliastur indus,"Haliastur indus (Boddaert, 1783)",Animalia,,Aves,Accipitriformes,Accipitridae,Haliastur,India,Tamil Nadu,,12.772329,77.876813,2026,2026-01-18T09:39:22,iNaturalist research-grade observations
6129826586,Actitis hypoleucos,"Actitis hypoleucos (Linnaeus, 1758)",Animalia,,Aves,Charadriiformes,Scolopacidae,Actitis,India,Tamil Nadu,,12.787322,77.835974,2026,2026-01-18T07:39:35,iNaturalist research-grade observations
6129827656,Ardea cinerea,"Ardea cinerea Linnaeus, 1758",Animalia,,Aves,Pelecaniformes,Ardeidae,Ardea,India,Madhya Pradesh,,22.317727,76.615386,2026,2026-01-06T16:37,iNaturalist research-grade observations
6129828152,Egretta intermedia,"Ardea intermedia Wagler, 1829",Animalia,,Aves,Pelecaniformes,Ardeidae,Egretta,India,Kerala,,9.75847,76.306376,2026,2026-01-11T09:04:45,iNaturalist research-grade observations
6129829015,Hieraaetus pennatus,"Hieraaetus pennatus (Gmelin, 1788)",Animalia,,Aves,Accipitriformes,Accipitridae,Hieraaetus,India,Tamil Nadu,,8.426557,77.595928,2026,2026-01-04T20:20,iNaturalist research-grade observations
6129829021,Athene brama,"Athene brama (Temminck, 1821)",Animalia,,Aves,Strigiformes,Strigidae,Athene,India,Punjab,,30.286055,75.601067,2026,2026-01-06T16:38:12,iNaturalist research-grade observations
6129829576,Gymnoris xanthocollis,"Gymnoris xanthocollis (Burton, 1838)",Animalia,,Aves,Passeriformes,Passeridae,Gymnoris,India,Maharashtra,,18.532006,73.81607,2026,2026-01-19T08:30,iNaturalist research-grade observations
6129829882,Ardea cinerea,"Ardea cinerea Linnaeus, 1758",Animalia,,Aves,Pelecaniformes,Ardeidae,Ardea,India,Maharashtra,,20.97937,75.559903,2026,2026-01-01T11:33:39,iNaturalist research-grade observations
6129830318,Oenanthe deserti,"Oenanthe deserti (Temminck, 1825)",Animalia,,Aves,Passeriformes,Muscicapidae,Oenanthe,India,Gujarat,,21.881567,72.126458,2026,2026-01-25T15:26:24,iNaturalist research-grade observations
6129830586,Oenanthe fusca,"Oenanthe fusca (Blyth, 1851)",Animalia,,Aves,Passeriformes,Muscicapidae,Oenanthe,India,Uttarakhand,,29.299117,79.123067,2026,2026-01-22T07:18:32,iNaturalist research-grade observations
6129830593,Spilornis cheela,"Spilornis cheela melanotis (Jerdon, 1844)",Animalia,,Aves,Accipitriformes,Accipitridae,Spilornis,India,Tamil Nadu,,11.448816,76.882123,2026,2026-01-25T16:39,iNaturalist research-grade observations
6129831055,Merops orientalis,"Merops orientalis Latham, 1801",Animalia,,Aves,Coraciiformes,Meropidae,Merops,India,Odisha,,19.347113,83.775844,2026,2026-01-26T16:40:33,iNaturalist research-grade observations
6129831178,Hirundo rustica,"Hirundo rustica Linnaeus, 1758",Animalia,,Aves,Passeriformes,Hirundinidae,Hirundo,India,Tamil Nadu,,12.769708,77.875672,2026,2026-01-17T08:12:10,iNaturalist research-grade observations
6129831180,Sitta castanea,"Sitta castanea Lesson, 1830",Animalia,,Aves,Passeriformes,Sittidae,Sitta,India,Tamil Nadu,,12.508768,77.642644,2026,2026-01-24T07:47:05,iNaturalist research-grade observations
6129832566,Carpodacus erythrinus,"Carpodacus erythrinus (Pallas, 1770)",Animalia,,Aves,Passeriformes,Fringillidae,Carpodacus,India,Maharashtra,,18.380279,73.767643,2026,2026-01-11T10:49,iNaturalist research-grade observations
6129832966,Halcyon smyrnensis,"Halcyon smyrnensis (Linnaeus, 1758)",Animalia,,Aves,Coraciiformes,Alcedinidae,Halcyon,India,Uttar Pradesh,,28.4646,80.776861,2026,2026-01-09T11:42,iNaturalist research-grade observations
6129833348,Treron phoenicopterus,"Treron phoenicopterus (Latham, 1790)",Animalia,,Aves,Columbiformes,Columbidae,Treron,India,Uttar Pradesh,,29.444938,78.893179,2026,2026-01-08T08:28:38,iNaturalist research-grade observations
6129833424,Columba elphinstonii,"Columba elphinstonii (Sykes, 1832)",Animalia,,Aves,Columbiformes,Columbidae,Columba,India,Tamil Nadu,,11.353186,76.509928,2026,2026-01-08T07:15,iNaturalist research-grade observations
6129833594,Ardeola grayii,"Ardeola grayii (Sykes, 1832)",Animalia,,Aves,Pelecaniformes,Ardeidae,Ardeola,India,Andhra Pradesh,,13.743943,79.597557,2026,2026-01-09T07:30:26,iNaturalist research-grade observations
6129834371,Merops orientalis,"Merops orientalis Latham, 1801",Animalia,,Aves,Coraciiformes,Meropidae,Merops,India,Andhra Pradesh,,14.561642,79.11979,2026,2026-01-21T20:07:01,iNaturalist research-grade observations
6129835190,Anthus rufulus,"Anthus rufulus Vieillot, 1818",Animalia,,Aves,Passeriformes,Motacillidae,Anthus,India,Karnataka,,11.82679,77.026221,2026,2026-01-18T12:49,iNaturalist research-grade observations
6129835192,Motacilla maderaspatensis,"Motacilla maderaspatensis Gmelin, 1789",Animalia,,Aves,Passeriformes,Motacillidae,Motacilla,India,Karnataka,,13.706761,75.231771,2026,2026-01-18T09:29,iNaturalist research-grade observations
6129835626,Dicrurus macrocercus,"Dicrurus macrocercus Vieillot, 1817",Animalia,,Aves,Passeriformes,Dicruridae,Dicrurus,India,Tamil Nadu,,11.709213,78.191376,2026,2026-01-11T09:37:53,iNaturalist research-grade observations
6129835880,Prinia inornata,"Prinia inornata Sykes, 1832",Animalia,,Aves,Passeriformes,Cisticolidae,Prinia,India,Punjab,,30.694246,76.106757,2026,2026-01-08T13:52:18,iNaturalist research-grade observations
6129836215,Calidris alba,"Calidris alba (Pallas, 1764)",Animalia,,Aves,Charadriiformes,Scolopacidae,Calidris,India,Karnataka,,13.632324,74.670222,2026,2026-01-01T09:34,iNaturalist research-grade observations
6129836282,Anthus trivialis,"Anthus trivialis (Linnaeus, 1758)",Animalia,,Aves,Passeriformes,Motacillidae,Anthus,India,Madhya Pradesh,,21.68061,76.590697,2026,2026-01-04T11:23,iNaturalist research-grade observations
6129837302,Tringa ochropus,"Tringa ochropus Linnaeus, 1758",Animalia,,Aves,Charadriiformes,Scolopacidae,Tringa,India,Maharashtra,,18.623518,72.917957,2026,2026-01-09T09:33,iNaturalist research-grade observations
6129837435,Haliastur indus,"Haliastur indus (Boddaert, 1783)",Animalia,,Aves,Accipitriformes,Accipitridae,Haliastur,India,Kerala,,9.821134,76.298775,2026,2026-01-10T08:10:26,iNaturalist research-grade observations
6129838397,Otus bakkamoena,"Otus bakkamoena Pennant, 1769",Animalia,,Aves,Strigiformes,Strigidae,Otus,India,Uttarakhand,,29.407117,79.007937,2026,2026-01-07T19:52:41,iNaturalist research-grade observations
6129838786,Ocyceros griseus,"Ocyceros griseus (Latham, 1790)",Animalia,,Aves,Bucerotiformes,Bucerotidae,Ocyceros,India,Karnataka,,13.706761,75.231771,2026,2026-01-04T07:39,iNaturalist research-grade observations
6129839016,Aegithina tiphia,"Aegithina tiphia (Linnaeus, 1758)",Animalia,,Aves,Passeriformes,Aegithinidae,Aegithina,India,Maharashtra,,18.530996,73.815534,2026,2026-01-23T08:55,iNaturalist research-grade observations
6129839242,Pericrocotus cinnamomeus,"Pericrocotus cinnamomeus (Linnaeus, 1766)",Animalia,,Aves,Passeriformes,Campephagidae,Pericrocotus,India,Maharashtra,,18.53144,73.816428,2026,2026-01-19T08:55,iNaturalist research-grade observations
6129839250,Motacilla flava,"Motacilla flava Linnaeus, 1758",Animalia,,Aves,Passeriformes,Motacillidae,Motacilla,India,Karnataka,,11.830372,76.983028,2026,2026-01-18T14:38,iNaturalist research-grade observations
6129839294,Eumyias thalassinus,"Eumyias thalassinus (Swainson, 1838)",Animalia,,Aves,Passeriformes,Muscicapidae,Eumyias,India,Odisha,,21.593115,86.29454,2026,2026-01-11T10:19,iNaturalist research-grade observations
6129839296,Tachybaptus ruficollis,"Tachybaptus ruficollis (Pallas, 1764)",Animalia,,Aves,Podicipediformes,Podicipedidae,Tachybaptus,India,Rajasthan,,26.989742,75.845145,2026,2026-01-19T14:08,iNaturalist research-grade observations
6129839371,Milvus migrans,"Milvus migrans (Boddaert, 1783)",Animalia,,Aves,Accipitriformes,Accipitridae,Milvus,India,Odisha,,21.338338,83.637233,2026,2026-01-21T16:28,iNaturalist research-grade observations
6129839796,Anhinga melanogaster,"Anhinga melanogaster Pennant, 1769",Animalia,,Aves,Suliformes,Anhingidae,Anhinga,India,Rajasthan,,27.165583,77.525187,2026,2026-01-17T14:00:19,iNaturalist research-grade observations
6129842157,Metopidius indicus,"Metopidius indicus (Latham, 1790)",Animalia,,Aves,Charadriiformes,Jacanidae,Metopidius,India,Kerala,,10.524118,76.212065,2026,2026-01-13T16:07,iNaturalist research-grade observations
6129842303,Saxicoloides fulicatus,"Copsychus fulicatus (Linnaeus, 1766)",Animalia,,Aves,Passeriformes,Muscicapidae,Saxicoloides,India,Karnataka,,13.142799,77.483408,2026,2026-01-25T11:46,iNaturalist research-grade observations
6129843452,Acridotheres tristis,"Acridotheres tristis (Linnaeus, 1766)",Animalia,,Aves,Passeriformes,Sturnidae,Acridotheres,India,Maharashtra,,18.55256,73.902301,2026,2026-01-08T16:15:43,iNaturalist research-grade observations
6129843495,Tringa totanus,"Tringa totanus (Linnaeus, 1758)",Animalia,,Aves,Charadriiformes,Scolopacidae,Tringa,India,Karnataka,,13.047274,77.664114,2026,2026-01-15T08:44,iNaturalist research-grade observations
6129843507,Tachybaptus ruficollis,"Tachybaptus ruficollis (Pallas, 1764)",Animalia,,Aves,Podicipediformes,Podicipedidae,Tachybaptus,India,Tamil Nadu,,12.255842,78.798975,2026,2026-01-15,iNaturalist research-grade observations
6129843509,Tyto javanica,"Tyto javanica (J.F.Gmelin, 1788)",Animalia,,Aves,Strigiformes,Tytonidae,Tyto,India,Maharashtra,,19.063169,73.063242,2026,2026-01-14T09:54:16,iNaturalist research-grade observations
6129843659,Hemiprocne coronata,"Hemiprocne coronata (Tickell, 1833)",Animalia,,Aves,Apodiformes,Hemiprocnidae,Hemiprocne,India,Karnataka,,11.91416,77.073715,2026,2026-01-18T09:31,iNaturalist research-grade observations
6129843883,Mareca strepera,"Mareca strepera (Linnaeus, 1758)",Animalia,,Aves,Anseriformes,Anatidae,Mareca,India,West Bengal,,23.332203,86.361641,2026,2026-01-10T14:51,iNaturalist research-grade observations
6129844082,Anser indicus,"Anser indicus (Latham, 1790)",Animalia,,Aves,Anseriformes,Anatidae,Anser,India,Rajasthan,,25.179369,75.805706,2026,2026-01-18T09:59:29,iNaturalist research-grade observations
6129844111,Coracias benghalensis,"Coracias benghalensis (Linnaeus, 1758)",Animalia,,Aves,Coraciiformes,Coraciidae,Coracias,India,Andhra Pradesh,,16.756049,80.641401,2026,2026-01-17T15:41,iNaturalist research-grade observations
6129844309,Aythya nyroca,"Aythya nyroca (Güldenstädt, 1770)",Animalia,,Aves,Anseriformes,Anatidae,Aythya,India,NCT of Delhi,,28.578792,77.007189,2026,2026-01-04T16:20:27,iNaturalist research-grade observations
6129844767,Hieraaetus pennatus,"Hieraaetus pennatus (Gmelin, 1788)",Animalia,,Aves,Accipitriformes,Accipitridae,Hieraaetus,India,Tamil Nadu,,12.931101,80.168266,2026,2026-01-04T07:28,iNaturalist research-grade observations
6129845261,Prinia inornata,"Prinia inornata Sykes, 1832",Animalia,,Aves,Passeriformes,Cisticolidae,Prinia,India,Uttar Pradesh,,28.560621,77.309165,2026,2026-01-07T12:13,iNaturalist research-grade observations
6129845980,Anser indicus,"Anser indicus (Latham, 1790)",Animalia,,Aves,Anseriformes,Anatidae,Anser,India,Odisha,,19.899713,85.450202,2026,2026-01-09T15:19,iNaturalist research-grade observations
6129846226,Anthus similis,"Anthus similis (Jerdon, 1840)",Animalia,,Aves,Passeriformes,Motacillidae,Anthus,India,Rajasthan,,25.232244,75.838097,2026,2026-01-20T17:42:17,iNaturalist research-grade observations
6129846454,Pycnonotus cafer,"Pycnonotus cafer (Linnaeus, 1766)",Animalia,,Aves,Passeriformes,Pycnonotidae,Pycnonotus,India,Uttar Pradesh,,25.413314,81.846528,2026,2026-01-09T10:42:13,iNaturalist research-grade observations
6129846520,Turdus boulboul,"Turdus boulboul (Latham, 1790)",Animalia,,Aves,Passeriformes,Turdidae,Turdus,India,Uttarakhand,,29.407915,79.009977,2026,2026-01-17T17:05:44,iNaturalist research-grade observations
6129846635,Oriolus kundoo,"Oriolus kundoo Sykes, 1832",Animalia,,Aves,Passeriformes,Oriolidae,Oriolus,India,Tamil Nadu,,12.881732,79.129565,2026,2026-01-18T08:02:09,iNaturalist research-grade observations
6129846667,Tachybaptus ruficollis,"Tachybaptus ruficollis (Pallas, 1764)",Animalia,,Aves,Podicipediformes,Podicipedidae,Tachybaptus,India,Tamil Nadu,,12.76871,77.881848,2026,2026-01-18T09:55:40,iNaturalist research-grade observations
6129846729,Metopidius indicus,"Metopidius indicus (Latham, 1790)",Animalia,,Aves,Charadriiformes,Jacanidae,Metopidius,India,Karnataka,,12.815847,77.551553,2026,2026-01-11T07:30,iNaturalist research-grade observations
6129846882,Hirundo rustica,"Hirundo rustica Linnaeus, 1758",Animalia,,Aves,Passeriformes,Hirundinidae,Hirundo,India,Odisha,,19.894491,85.433671,2026,2026-01-10T11:46,iNaturalist research-grade observations
6129847188,Spilopelia senegalensis,"Spilopelia senegalensis (Linnaeus, 1766)",Animalia,,Aves,Columbiformes,Columbidae,Spilopelia,India,Tamil Nadu,,12.679833,77.922739,2026,2026-01-10T08:04:45,iNaturalist research-grade observations
6129847189,Saxicola caprata,"Saxicola caprata (Linnaeus, 1766)",Animalia,,Aves,Passeriformes,Muscicapidae,Saxicola,India,Tamil Nadu,,12.678003,77.925428,2026,2026-01-10T07:46:16,iNaturalist research-grade observations
6129847382,Tringa glareola,"Tringa glareola Linnaeus, 1758",Animalia,,Aves,Charadriiformes,Scolopacidae,Tringa,India,Tamil Nadu,,11.311905,77.666281,2026,2026-01-04T12:28,iNaturalist research-grade observations
6129848066,"Ardea Linnaeus, 1758","Ardea Linnaeus, 1758",Animalia,,Aves,Pelecaniformes,Ardeidae,Ardea,India,Maharashtra,,18.563923,73.793715,2026,2026-01-20T10:21,iNaturalist research-grade observations
6129848205,Anthus rufulus,"Anthus rufulus Vieillot, 1818",Animalia,,Aves,Passeriformes,Motacillidae,Anthus,India,Tamil Nadu,,12.855572,79.359378,2026,2026-01-05,iNaturalist research-grade observations
6129848238,Prinia socialis,"Prinia socialis Sykes, 1832",Animalia,,Aves,Passeriformes,Cisticolidae,Prinia,India,Maharashtra,,19.019205,73.00563,2026,2026-01-05T10:02:45,iNaturalist research-grade observations
6129848599,Ficedula parva,"Ficedula parva (Bechstein, 1792)",Animalia,,Aves,Passeriformes,Muscicapidae,Ficedula,India,Tamil Nadu,,12.50828,77.638987,2026,2026-01-25T11:31:17,iNaturalist research-grade observations
6129848630,Pycnonotus jocosus,"Pycnonotus jocosus (Linnaeus, 1758)",Animalia,,Aves,Passeriformes,Pycnonotidae,Pycnonotus,India,Tamil Nadu,,12.391875,77.86509,2026,2026-01-24T17:01,iNaturalist research-grade observations
6129848706,Tringa glareola,"Tringa glareola Linnaeus, 1758",Animalia,,Aves,Charadriiformes,Scolopacidae,Tringa,India,Kerala,,9.108494,76.483687,2026,2026-01-21T17:57,iNaturalist research-grade observations
6129849469,Prinia inornata,"Prinia inornata Sykes, 1832",Animalia,,Aves,Passeriformes,Cisticolidae,Prinia,India,Kerala,,10.064205,76.250869,2026,2026-01-11T09:39,iNaturalist research-grade observations
6129849578,Vanellus indicus,"Vanellus indicus (Boddaert, 1783)",Animalia,,Aves,Charadriiformes,Charadriidae,Vanellus,India,NCT of Delhi,,28.530907,77.180149,2026,2026-01-11T10:02:20,iNaturalist research-grade observations
6129849715,Turdoides malcolmi,"Argya malcolmi (Sykes, 1832)",Animalia,,Aves,Passeriformes,Leiothrichidae,Turdoides,India,Maharashtra,,18.566441,73.787643,2026,2026-01-13T15:00,iNaturalist research-grade observations
6129849793,Motacilla cinerea,"Motacilla cinerea Tunstall, 1771",Animalia,,Aves,Passeriformes,Motacillidae,Motacilla,India,Gujarat,,21.579284,72.105176,2026,2026-01-14T11:24:10,iNaturalist research-grade observations
6129850014,Lanius cristatus,"Lanius cristatus Linnaeus, 1758",Animalia,,Aves,Passeriformes,Laniidae,Lanius,India,Karnataka,,12.776948,77.660771,2026,2026-01-17T08:46,iNaturalist research-grade observations
6129850184,Metopidius indicus,"Metopidius indicus (Latham, 1790)",Animalia,,Aves,Charadriiformes,Jacanidae,Metopidius,India,Tamil Nadu,,12.76871,77.881848,2026,2026-01-18T09:53:48,iNaturalist research-grade observations
6129850213,Leiopicus mahrattensis,"Leiopicus mahrattensis (Latham, 1801)",Animalia,,Aves,Piciformes,Picidae,Leiopicus,India,Maharashtra,,18.531615,73.815089,2026,2026-01-18T08:28,iNaturalist research-grade observations
6129850355,Acridotheres tristis,"Acridotheres tristis tristis (Linnaeus, 1766)",Animalia,,Aves,Passeriformes,Sturnidae,Acridotheres,India,Maharashtra,,18.595255,73.790277,2026,2026-01-11T12:18:57,iNaturalist research-grade observations
6129850770,Gallus sonneratii,"Gallus sonneratii Temminck, 1813",Animalia,,Aves,Galliformes,Phasianidae,Gallus,India,Tamil Nadu,,11.416165,76.731152,2026,2026-01-21T17:29:28,iNaturalist research-grade observations
6129850843,Dicaeum concolor,"Dicaeum concolor Jerdon, 1840",Animalia,,Aves,Passeriformes,Dicaeidae,Dicaeum,India,Tamil Nadu,,11.41942,76.712462,2026,2026-01-21T15:28:55,iNaturalist research-grade observations
6129851526,Pycnonotus cafer,"Pycnonotus cafer (Linnaeus, 1766)",Animalia,,Aves,Passeriformes,Pycnonotidae,Pycnonotus,India,Maharashtra,,18.594898,73.79065,2026,2026-01-24T09:53:38,iNaturalist research-grade observations
6129851680,Lanius vittatus,"Lanius vittatus Valenciennes, 1826",Animalia,,Aves,Passeriformes,Laniidae,Lanius,India,Karnataka,,13.142799,77.483408,2026,2026-01-25T11:34,iNaturalist research-grade observations
6129851874,Columba livia,"Columba livia var. domestica J.F.Gmelin, 1789",Animalia,,Aves,Columbiformes,Columbidae,Columba,India,Maharashtra,,19.06315,73.062678,2026,2026-01-23T07:31:51,iNaturalist research-grade observations
6129852149,Anthus rufulus,"Anthus rufulus Vieillot, 1818",Animalia,,Aves,Passeriformes,Motacillidae,Anthus,India,Gujarat,,22.367104,68.970499,2026,2026-01-26T18:30,iNaturalist research-grade observations
6129852315,Vanellus duvaucelii,"Vanellus duvaucelii (R.Lesson, 1826)",Animalia,,Aves,Charadriiformes,Charadriidae,Vanellus,India,Uttarakhand,,29.585709,79.099442,2026,2026-01-09T07:42:48,iNaturalist research-grade observations
6129852567,Acrocephalus dumetorum,"Acrocephalus dumetorum Blyth, 1849",Animalia,,Aves,Passeriformes,Acrocephalidae,Acrocephalus,India,Tamil Nadu,,12.772718,77.876257,2026,2026-01-18T09:32:44,iNaturalist research-grade observations
6129853214,Acrocephalus dumetorum,"Acrocephalus dumetorum Blyth, 1849",Animalia,,Aves,Passeriformes,Acrocephalidae,Acrocephalus,India,Karnataka,,12.918313,77.680097,2026,2026-01-15T09:02,iNaturalist research-grade observations
6129853843,Pavo cristatus,"Pavo cristatus Linnaeus, 1758",Animalia,,Aves,Galliformes,Phasianidae,Pavo,India,Karnataka,,13.215605,77.192782,2026,2026-01-17T18:41:53,iNaturalist research-grade observations
6129854486,Ardeola grayii,"Ardeola grayii (Sykes, 1832)",Animalia,,Aves,Pelecaniformes,Ardeidae,Ardeola,India,Jharkhand,,22.708756,85.531341,2026,2026-01-19T09:38:28,iNaturalist research-grade observations
6129854885,Mycteria leucocephala,"Mycteria leucocephala (Pennant, 1769)",Animalia,,Aves,Ciconiiformes,Ciconiidae,Mycteria,India,Maharashtra,,19.063081,73.062822,2026,2026-01-14T07:20:05,iNaturalist research-grade observations
6129855055,Milvus migrans,"Milvus migrans (Boddaert, 1783)",Animalia,,Aves,Accipitriformes,Accipitridae,Milvus,India,Telangana,,17.411522,78.444367,2026,2026-01-19T10:50:42,iNaturalist research-grade observations
6129855459,Microcarbo niger,"Microcarbo niger (Vieillot, 1817)",Animalia,,Aves,Suliformes,Phalacrocoracidae,Microcarbo,India,Tamil Nadu,,12.943769,80.065267,2026,2026-01-22T13:07:44,iNaturalist research-grade observations
6129856134,Anthus rufulus,"Anthus rufulus Vieillot, 1818",Animalia,,Aves,Passeriformes,Motacillidae,Anthus,India,Karnataka,,13.142799,77.483408,2026,2026-01-25T11:36,iNaturalist research-grade observations
6129856154,Passer domesticus,"Passer domesticus (Linnaeus, 1758)",Animalia,,Aves,Passeriformes,Passeridae,Passer,India,Maharashtra,,21.031202,75.546187,2026,2026-01-23T08:51,iNaturalist research-grade observations
6129857072,Gallinula chloropus,"Gallinula chloropus (Linnaeus, 1758)",Animalia,,Aves,Gruiformes,Rallidae,Gallinula,India,NCT of Delhi,,28.530907,77.180149,2026,2026-01-11T09:07:11,iNaturalist research-grade observations
6129857730,Vanellus indicus,"Vanellus indicus (Boddaert, 1783)",Animalia,,Aves,Charadriiformes,Charadriidae,Vanellus,India,Tamil Nadu,,12.76859,77.881992,2026,2026-01-18T10:11:25,iNaturalist research-grade observations
6129857798,Otus bakkamoena,"Otus bakkamoena Pennant, 1769",Animalia,,Aves,Strigiformes,Strigidae,Otus,India,Kerala,,9.459764,76.395294,2026,2026-01-18T20:53:16,iNaturalist research-grade observations
6129857833,Iduna rama,"Iduna rama (Sykes, 1832)",Animalia,,Aves,Passeriformes,Acrocephalidae,Iduna,India,Maharashtra,,21.060433,76.063049,2026,2026-01-18T14:27,iNaturalist research-grade observations
6129857936,Ortygornis pondicerianus,"Ortygornis pondicerianus (J.F.Gmelin, 1789)",Animalia,,Aves,Galliformes,Phasianidae,Ortygornis,India,Uttar Pradesh,,28.52673,77.575363,2026,2026-01-19,iNaturalist research-grade observations
6129858668,Numenius arquata,"Numenius arquata (Linnaeus, 1758)",Animalia,,Aves,Charadriiformes,Scolopacidae,Numenius,India,Maharashtra,,19.016591,73.00594,2026,2026-01-01T09:39,iNaturalist research-grade observations
6129858720,Acridotheres tristis,"Acridotheres tristis (Linnaeus, 1766)",Animalia,,Aves,Passeriformes,Sturnidae,Acridotheres,India,Tamil Nadu,,8.78435,78.09838,2026,2026-01-07T14:29:49,iNaturalist research-grade observations
6129859827,Anas acuta,"Anas acuta Linnaeus, 1758",Animalia,,Aves,Anseriformes,Anatidae,Anas,India,Kerala,,9.774494,76.294904,2026,2026-01-19T10:36,iNaturalist research-grade observations
6129859886,Psilopogon haemacephalus,"Psilopogon haemacephalus (P.L.S.Müller, 1776)",Animalia,,Aves,Piciformes,Megalaimidae,Psilopogon,India,Tamil Nadu,,8.66156,77.446405,2026,2026-01-18T09:36,iNaturalist research-grade observations
6129860247,Porzana fusca,"Zapornia fusca (Linnaeus, 1766)",Animalia,,Aves,Gruiformes,Rallidae,Porzana,India,Odisha,,19.905703,85.436262,2026,2026-01-10T08:02,iNaturalist research-grade observations
6129860571,Leptoptilos dubius,"Leptoptilos dubius (Gmelin, 1789)",Animalia,,Aves,Ciconiiformes,Ciconiidae,Leptoptilos,India,Assam,,26.97841,94.244097,2026,2026-01-06T10:50:16,iNaturalist research-grade observations
6129861621,Egretta garzetta,"Egretta garzetta (Linnaeus, 1766)",Animalia,,Aves,Pelecaniformes,Ardeidae,Egretta,India,Tamil Nadu,,12.713413,80.184788,2026,2026-01-22T13:45,iNaturalist research-grade observations
6129861981,Hieraaetus pennatus,"Hieraaetus pennatus (Gmelin, 1788)",Animalia,,Aves,Accipitriformes,Accipitridae,Hieraaetus,India,Karnataka,,12.806088,77.527359,2026,2026-01-18T09:05,iNaturalist research-grade observations
6129861983,Halcyon smyrnensis,"Halcyon smyrnensis (Linnaeus, 1758)",Animalia,,Aves,Coraciiformes,Alcedinidae,Halcyon,India,Uttar Pradesh,,27.908292,78.106258,2026,2026-01-18T14:37:05,iNaturalist research-grade observations
6129862178,Dinopium benghalense,"Dinopium benghalense (Linnaeus, 1758)",Animalia,,Aves,Piciformes,Picidae,Dinopium,India,Tamil Nadu,,10.48668,77.754518,2026,2026-01-23T09:26:23,iNaturalist research-grade observations
6129862217,Turdoides striata,"Argya striata (Dumont, 1823)",Animalia,,Aves,Passeriformes,Leiothrichidae,Turdoides,India,Uttar Pradesh,,25.413314,81.846528,2026,2026-01-19T11:24:12,iNaturalist research-grade observations
6129862414,Phoenicopterus roseus,"Phoenicopterus roseus Pallas, 1811",Animalia,,Aves,Phoenicopteriformes,Phoenicopteridae,Phoenicopterus,India,Tamil Nadu,,10.284504,79.824072,2026,2026-01-10T16:02,iNaturalist research-grade observations
6129862495,Merops philippinus,"Merops philippinus Linnaeus, 1767",Animalia,,Aves,Coraciiformes,Meropidae,Merops,India,Kerala,,10.179942,76.283897,2026,2026-01-10T11:46:58,iNaturalist research-grade observations
6129862708,Pycnonotus cafer,"Pycnonotus cafer (Linnaeus, 1766)",Animalia,,Aves,Passeriformes,Pycnonotidae,Pycnonotus,India,Maharashtra,,21.208146,75.575985,2026,2026-01-02T07:45,iNaturalist research-grade observations
6129864332,Gallinula chloropus,"Gallinula chloropus (Linnaeus, 1758)",Animalia,,Aves,Gruiformes,Rallidae,Gallinula,India,Punjab,,30.906588,75.809304,2026,2026-01-24T16:10:41,iNaturalist research-grade observations
6129864430,Dendrocitta vagabunda,"Dendrocitta vagabunda (Latham, 1790)",Animalia,,Aves,Passeriformes,Corvidae,Dendrocitta,India,Uttar Pradesh,,28.52673,77.575363,2026,2026-01-19,iNaturalist research-grade observations
6129864989,Pavo cristatus,"Pavo cristatus Linnaeus, 1758",Animalia,,Aves,Galliformes,Phasianidae,Pavo,India,Telangana,,17.421573,78.54424,2026,2026-01-19T07:33:37,iNaturalist research-grade observations
6129865016,Ammomanes phoenicura,"Ammomanes phoenicura (Franklin, 1831)",Animalia,,Aves,Passeriformes,Alaudidae,Ammomanes,India,Karnataka,,12.810318,77.575362,2026,2026-01-11T09:05,iNaturalist research-grade observations
6129865913,Phoenicurus frontalis,"Phoenicurus frontalis Vigors, 1832",Animalia,,Aves,Passeriformes,Muscicapidae,Phoenicurus,India,Nagaland,,25.574415,94.092592,2026,2026-01-05T08:02:40,iNaturalist research-grade observations
6129866184,Haliastur indus,"Haliastur indus (Boddaert, 1783)",Animalia,,Aves,Accipitriformes,Accipitridae,Haliastur,India,Odisha,,19.89962,85.450325,2026,2026-01-09T15:04,iNaturalist research-grade observations
6129866185,Tringa stagnatilis,"Tringa stagnatilis (Bechstein, 1803)",Animalia,,Aves,Charadriiformes,Scolopacidae,Tringa,India,Odisha,,19.895702,85.435388,2026,2026-01-10T11:34,iNaturalist research-grade observations
6129867365,Terpsiphone paradisi,"Terpsiphone paradisi (Linnaeus, 1758)",Animalia,,Aves,Passeriformes,Monarchidae,Terpsiphone,India,Maharashtra,,18.380279,73.767643,2026,2026-01-11T10:49,iNaturalist research-grade observations
6129867427,Spilornis cheela,"Spilornis cheela cheela (Latham, 1790)",Animalia,,Aves,Accipitriformes,Accipitridae,Spilornis,India,Uttarakhand,,29.422827,78.999829,2026,2026-01-09T15:37:57,iNaturalist research-grade observations
6129867526,Ardea cinerea,"Ardea cinerea Linnaeus, 1758",Animalia,,Aves,Pelecaniformes,Ardeidae,Ardea,India,Uttar Pradesh,,28.560621,77.309165,2026,2026-01-07T12:03,iNaturalist research-grade observations
6129867804,Microcarbo niger,"Microcarbo niger (Vieillot, 1817)",Animalia,,Aves,Suliformes,Phalacrocoracidae,Microcarbo,India,Tamil Nadu,,12.6797,77.922899,2026,2026-01-10T08:01:43,iNaturalist research-grade observations
6129868204,Ardea purpurea,"Ardea purpurea Linnaeus, 1766",Animalia,,Aves,Pelecaniformes,Ardeidae,Ardea,India,Tamil Nadu,,11.687405,78.180668,2026,2026-01-11T10:40:39,iNaturalist research-grade observations
6129869341,Milvus migrans,"Milvus migrans (Boddaert, 1783)",Animalia,,Aves,Accipitriformes,Accipitridae,Milvus,India,Madhya Pradesh,,21.370022,76.647974,2026,2026-01-03T10:30:07,iNaturalist research-grade observations
6129869356,Fulica atra,"Fulica atra Linnaeus, 1758",Animalia,,Aves,Gruiformes,Rallidae,Fulica,India,Tamil Nadu,,12.855572,79.359378,2026,2026-01-05,iNaturalist research-grade observations
6129869534,Tephrodornis sylvicola,"Tephrodornis sylvicola Jerdon, 1839",Animalia,,Aves,Passeriformes,Tephrodornithidae,Tephrodornis,India,Maharashtra,,15.813808,74.127251,2026,2026-01-02T22:21,iNaturalist research-grade observations
6129869536,Anser cygnoides,Anser cygnoides f. domesticus,Animalia,,Aves,Anseriformes,Anatidae,Anser,India,Punjab,,30.314497,75.681995,2026,2026-01-06T16:29:49,iNaturalist research-grade observations
6129869608,Passer domesticus,"Passer domesticus (Linnaeus, 1758)",Animalia,,Aves,Passeriformes,Passeridae,Passer,India,Maharashtra,,21.208146,75.575985,2026,2026-01-02T07:41,iNaturalist research-grade observations
6129869731,Anastomus oscitans,"Anastomus oscitans (Boddaert, 1783)",Animalia,,Aves,Ciconiiformes,Ciconiidae,Anastomus,India,Maharashtra,,20.618988,79.859119,2026,2026-01-22T08:49,iNaturalist research-grade observations
6129870412,Terpsiphone paradisi,"Terpsiphone paradisi (Linnaeus, 1758)",Animalia,,Aves,Passeriformes,Monarchidae,Terpsiphone,India,Maharashtra,,15.711475,74.098876,2026,2026-01-03T22:31,iNaturalist research-grade observations
6129870978,Pycnonotus cafer,"Pycnonotus cafer (Linnaeus, 1766)",Animalia,,Aves,Passeriformes,Pycnonotidae,Pycnonotus,India,Tamil Nadu,,12.855497,79.359665,2026,2026-01-10,iNaturalist research-grade observations
6129871209,Spilopelia chinensis,"Spilopelia chinensis (Scopoli, 1786)",Animalia,,Aves,Columbiformes,Columbidae,Spilopelia,India,Tamil Nadu,,8.426557,77.595928,2026,2026-01-05T00:32,iNaturalist research-grade observations
6129871957,Anas acuta,"Anas acuta Linnaeus, 1758",Animalia,,Aves,Anseriformes,Anatidae,Anas,India,Maharashtra,,19.015496,73.006286,2026,2026-01-02T09:47,iNaturalist research-grade observations
6129872854,Copsychus saularis,"Copsychus saularis (Linnaeus, 1758)",Animalia,,Aves,Passeriformes,Muscicapidae,Copsychus,India,Uttar Pradesh,,25.413314,81.846528,2026,2026-01-05T10:46:09,iNaturalist research-grade observations
6129872914,Merops orientalis,"Merops orientalis Latham, 1801",Animalia,,Aves,Coraciiformes,Meropidae,Merops,India,Kerala,,10.153226,76.337679,2026,2026-01-06T12:20,iNaturalist research-grade observations
6129872924,Halcyon smyrnensis,"Halcyon smyrnensis (Linnaeus, 1758)",Animalia,,Aves,Coraciiformes,Alcedinidae,Halcyon,India,Goa,,15.513175,73.780746,2026,2026-01-05T06:37:43,iNaturalist research-grade observations
6129873563,Ketupa zeylonensis,"Ketupa zeylonensis (J.F.Gmelin, 1788)",Animalia,,Aves,Strigiformes,Strigidae,Ketupa,India,Tamil Nadu,,12.393187,77.865243,2026,2026-01-24T18:42:40,iNaturalist research-grade observations
6129873617,Chaimarrornis leucocephalus,"Phoenicurus leucocephalus Vigors, 1831",Animalia,,Aves,Passeriformes,Muscicapidae,Chaimarrornis,India,Uttarakhand,,29.346219,79.556363,2026,2026-01-25T07:28:40,iNaturalist research-grade observations
6129873683,Lanius schach,"Lanius schach Linnaeus, 1758",Animalia,,Aves,Passeriformes,Laniidae,Lanius,India,Maharashtra,,21.036672,75.538369,2026,2026-01-23T09:21,iNaturalist research-grade observations
6129874329,Corvus corax,"Corvus corax Linnaeus, 1758",Animalia,,Aves,Passeriformes,Corvidae,Corvus,India,Rajasthan,,26.776684,70.592171,2026,2026-01-15T14:43,iNaturalist research-grade observations
6129875106,Actitis hypoleucos,"Actitis hypoleucos (Linnaeus, 1758)",Animalia,,Aves,Charadriiformes,Scolopacidae,Actitis,India,Maharashtra,,18.564099,73.794182,2026,2026-01-20T10:29,iNaturalist research-grade observations
6129877424,Ardea alba,"Ardea alba Linnaeus, 1758",Animalia,,Aves,Pelecaniformes,Ardeidae,Ardea,India,Tamil Nadu,,12.787815,77.836142,2026,2026-01-18T07:50:24,iNaturalist research-grade observations
6129877883,Lonchura striata,"Lonchura striata (Linnaeus, 1766)",Animalia,,Aves,Passeriformes,Estrildidae,Lonchura,India,Tamil Nadu,,12.68008,77.918721,2026,2026-01-10T08:40:31,iNaturalist research-grade observations
6129878669,Dicrurus macrocercus,"Dicrurus macrocercus Vieillot, 1817",Animalia,,Aves,Passeriformes,Dicruridae,Dicrurus,India,Rajasthan,,25.122766,75.910213,2026,2026-01-12T11:57:27,iNaturalist research-grade observations
6129878916,Dicrurus macrocercus,"Dicrurus macrocercus Vieillot, 1817",Animalia,,Aves,Passeriformes,Dicruridae,Dicrurus,India,Maharashtra,,18.558559,73.801738,2026,2026-01-08T09:50:41,iNaturalist research-grade observations
6129879687,Dinopium benghalense,"Dinopium benghalense (Linnaeus, 1758)",Animalia,,Aves,Piciformes,Picidae,Dinopium,India,Uttarakhand,,29.421797,79.111722,2026,2026-01-24T15:09:02,iNaturalist research-grade observations
6129879692,Phalacrocorax carbo,"Phalacrocorax carbo (Linnaeus, 1758)",Animalia,,Aves,Suliformes,Phalacrocoracidae,Phalacrocorax,India,Uttar Pradesh,,28.526229,77.488122,2026,2026-01-24T23:52,iNaturalist research-grade observations
6129879722,Pycnonotus cafer,"Pycnonotus cafer (Linnaeus, 1766)",Animalia,,Aves,Passeriformes,Pycnonotidae,Pycnonotus,India,Maharashtra,,21.113994,75.475699,2026,2026-01-24T09:30,iNaturalist research-grade observations
6129880224,Merops philippinus,"Merops philippinus Linnaeus, 1767",Animalia,,Aves,Coraciiformes,Meropidae,Merops,India,Odisha,,20.834102,86.332606,2026,2026-01-17T19:57,iNaturalist research-grade observations
6129880350,Pavo cristatus,"Pavo cristatus Linnaeus, 1758",Animalia,,Aves,Galliformes,Phasianidae,Pavo,India,Karnataka,,12.961586,77.481418,2026,2026-01-04T07:57,iNaturalist research-grade observations
6129880436,Threskiornis melanocephalus,"Threskiornis melanocephalus (Latham, 1790)",Animalia,,Aves,Pelecaniformes,Threskiornithidae,Threskiornis,India,Kerala,,10.010875,76.215773,2026,2026-01-11T13:09,iNaturalist research-grade observations
6129880640,Cacomantis passerinus,"Cacomantis passerinus (Vahl, 1797)",Animalia,,Aves,Cuculiformes,Cuculidae,Cacomantis,India,Maharashtra,,18.795067,72.925728,2026,2026-01-15T09:12,iNaturalist research-grade observations
6129880661,Tringa nebularia,"Tringa nebularia (Gunnerus, 1767)",Animalia,,Aves,Charadriiformes,Scolopacidae,Tringa,India,Kerala,,9.108494,76.483687,2026,2026-01-16T18:09,iNaturalist research-grade observations
6129880800,Gallinula chloropus,"Gallinula chloropus (Linnaeus, 1758)",Animalia,,Aves,Gruiformes,Rallidae,Gallinula,India,Uttar Pradesh,,28.536274,80.522915,2026,2026-01-15T15:17,iNaturalist research-grade observations
6129881107,Otus bakkamoena,"Otus bakkamoena Pennant, 1769",Animalia,,Aves,Strigiformes,Strigidae,Otus,India,Karnataka,,12.2229,76.628098,2026,2026-01-18T15:13:33,iNaturalist research-grade observations
6129881171,Oriolus xanthornus,"Oriolus xanthornus (Linnaeus, 1758)",Animalia,,Aves,Passeriformes,Oriolidae,Oriolus,India,West Bengal,,22.586327,88.418157,2026,2026-01-02T11:26:50,iNaturalist research-grade observations
6129881372,Tringa ochropus,"Tringa ochropus Linnaeus, 1758",Animalia,,Aves,Charadriiformes,Scolopacidae,Tringa,India,Maharashtra,,18.564992,73.794358,2026,2026-01-20T10:30,iNaturalist research-grade observations
6129881444,Pycnonotus jocosus,"Pycnonotus jocosus (Linnaeus, 1758)",Animalia,,Aves,Passeriformes,Pycnonotidae,Pycnonotus,India,Karnataka,,12.907618,77.551978,2026,2026-01-20T15:40,iNaturalist research-grade observations
6129881637,Psittacula cyanocephala,"Psittacula cyanocephala (Linnaeus, 1766)",Animalia,,Aves,Psittaciformes,Psittacidae,Psittacula,India,Madhya Pradesh,,24.831845,79.919855,2026,2026-01-16T06:56,iNaturalist research-grade observations
6129881743,Nycticorax nycticorax,"Nycticorax nycticorax (Linnaeus, 1758)",Animalia,,Aves,Pelecaniformes,Ardeidae,Nycticorax,India,Tamil Nadu,,12.697395,80.067934,2026,2026-01-22T13:49,iNaturalist research-grade observations
6129881841,Parus cinereus,"Parus cinereus Vieillot, 1818",Animalia,,Aves,Passeriformes,Paridae,Parus,India,Tamil Nadu,,11.403947,76.734192,2026,2026-01-17T11:15:03,iNaturalist research-grade observations
6129881847,Falco tinnunculus,"Falco tinnunculus Linnaeus, 1758",Animalia,,Aves,Falconiformes,Falconidae,Falco,India,Assam,,27.077994,94.10611,2026,2026-01-17T09:10:25,iNaturalist research-grade observations
6129882131,Columba livia,"Columba livia var. domestica J.F.Gmelin, 1789",Animalia,,Aves,Columbiformes,Columbidae,Columba,India,Maharashtra,,18.595139,73.790462,2026,2026-01-24T10:00:51,iNaturalist research-grade observations
6129882227,Coracias benghalensis,"Coracias benghalensis (Linnaeus, 1758)",Animalia,,Aves,Coraciiformes,Coraciidae,Coracias,India,Karnataka,,13.110245,77.619405,2026,2026-01-25T07:57,iNaturalist research-grade observations
6129882256,Tringa glareola,"Tringa glareola Linnaeus, 1758",Animalia,,Aves,Charadriiformes,Scolopacidae,Tringa,India,Maharashtra,,21.02363,75.557762,2026,2026-01-23T08:28,iNaturalist research-grade observations
6129882258,Spilornis cheela,"Spilornis cheela (Latham, 1790)",Animalia,,Aves,Accipitriformes,Accipitridae,Spilornis,India,Tamil Nadu,,12.370377,77.861203,2026,2026-01-24T17:26:41,iNaturalist research-grade observations
6129882590,Lanius cristatus,"Lanius cristatus Linnaeus, 1758",Animalia,,Aves,Passeriformes,Laniidae,Lanius,India,Karnataka,,12.815847,77.551553,2026,2026-01-24T11:20,iNaturalist research-grade observations
6129882758,Halcyon smyrnensis,"Halcyon smyrnensis (Linnaeus, 1758)",Animalia,,Aves,Coraciiformes,Alcedinidae,Halcyon,India,Uttar Pradesh,,25.413314,81.846528,2026,2026-01-13T10:15:11,iNaturalist research-grade observations
6129883532,Anhinga melanogaster,"Anhinga melanogaster Pennant, 1769",Animalia,,Aves,Suliformes,Anhingidae,Anhinga,India,Odisha,,19.895855,85.438965,2026,2026-01-09T13:57,iNaturalist research-grade observations
6129883533,Porzana fusca,"Zapornia fusca (Linnaeus, 1766)",Animalia,,Aves,Gruiformes,Rallidae,Porzana,India,Odisha,,19.895702,85.435388,2026,2026-01-10T07:28,iNaturalist research-grade observations
6129883717,Chroicocephalus ridibundus,"Chroicocephalus ridibundus (Linnaeus, 1766)",Animalia,,Aves,Charadriiformes,Laridae,Chroicocephalus,India,Maharashtra,,18.982229,72.927982,2026,2026-01-08T08:11:29,iNaturalist research-grade observations
6129883724,Psilopogon malabaricus,"Psilopogon malabaricus (Blyth, 1847)",Animalia,,Aves,Piciformes,Megalaimidae,Psilopogon,India,Karnataka,,13.706761,75.231771,2026,2026-01-04T09:17,iNaturalist research-grade observations
6129885103,Zosterops palpebrosus,"Zosterops palpebrosus (Temminck, 1824)",Animalia,,Aves,Passeriformes,Zosteropidae,Zosterops,India,Telangana,,17.505913,78.359797,2026,2026-01-05T09:23,iNaturalist research-grade observations
6129885251,Motacilla maderaspatensis,"Motacilla maderaspatensis Gmelin, 1789",Animalia,,Aves,Passeriformes,Motacillidae,Motacilla,India,Andhra Pradesh,,16.756049,80.641401,2026,2026-01-17T16:28,iNaturalist research-grade observations
6129885265,Pycnonotus jocosus,"Pycnonotus jocosus (Linnaeus, 1758)",Animalia,,Aves,Passeriformes,Pycnonotidae,Pycnonotus,India,Karnataka,,12.277932,76.618411,2026,2026-01-13T11:20:49,iNaturalist research-grade observations
6129885287,Psittacula krameri,"Psittacula krameri manillensis (Bechstein, 1800)",Animalia,,Aves,Psittaciformes,Psittacidae,Psittacula,India,Maharashtra,,18.595155,73.790238,2026,2026-01-20T09:43:20,iNaturalist research-grade observations
6129885296,Merops philippinus,"Merops philippinus Linnaeus, 1767",Animalia,,Aves,Coraciiformes,Meropidae,Merops,India,Odisha,,20.834102,86.332606,2026,2026-01-17T19:57,iNaturalist research-grade observations
6129885333,Oriolus kundoo,"Oriolus kundoo Sykes, 1832",Animalia,,Aves,Passeriformes,Oriolidae,Oriolus,India,Andhra Pradesh,,13.74846,79.603561,2026,2026-01-11T08:02:31,iNaturalist research-grade observations
6129886008,Psittacula krameri,"Psittacula krameri manillensis (Bechstein, 1800)",Animalia,,Aves,Psittaciformes,Psittacidae,Psittacula,India,Jharkhand,,22.811864,86.19796,2026,2026-01-13T09:39:48,iNaturalist research-grade observations
6129886978,Lonchura striata,"Lonchura striata (Linnaeus, 1766)",Animalia,,Aves,Passeriformes,Estrildidae,Lonchura,India,Karnataka,,13.706761,75.231771,2026,2026-01-18T09:15,iNaturalist research-grade observations
6129886999,"Thinornis G.R.Gray, 1844","Thinornis G.R.Gray, 1844",Animalia,,Aves,Charadriiformes,Charadriidae,Thinornis,India,Kerala,,10.107305,76.312522,2026,2026-01-14T11:33,iNaturalist research-grade observations
6129887031,Gracupica contra,"Gracupica contra (Linnaeus, 1758)",Animalia,,Aves,Passeriformes,Sturnidae,Gracupica,India,Odisha,,19.844963,85.478807,2026,2026-01-16T10:12,iNaturalist research-grade observations
6129888610,"Ardea Linnaeus, 1758","Ardea Linnaeus, 1758",Animalia,,Aves,Pelecaniformes,Ardeidae,Ardea,India,West Bengal,,22.587655,88.416918,2026,2026-01-11T14:35:29,iNaturalist research-grade observations
6129889360,Spilopelia senegalensis,"Spilopelia senegalensis (Linnaeus, 1766)",Animalia,,Aves,Columbiformes,Columbidae,Spilopelia,India,Karnataka,,12.815847,77.551553,2026,2026-01-11T07:31,iNaturalist research-grade observations
6129889365,Prinia inornata,"Prinia inornata Sykes, 1832",Animalia,,Aves,Passeriformes,Cisticolidae,Prinia,India,Karnataka,,12.815847,77.551553,2026,2026-01-11T09:34,iNaturalist research-grade observations
6129889480,Orthotomus sutorius,"Orthotomus sutorius (Pennant, 1769)",Animalia,,Aves,Passeriformes,Cisticolidae,Orthotomus,India,Kerala,,11.778529,76.001037,2026,2026-01-14T10:15:41,iNaturalist research-grade observations
6129889520,Acrocephalus stentoreus,"Acrocephalus stentoreus (Hemprich & Ehrenberg, 1833)",Animalia,,Aves,Passeriformes,Acrocephalidae,Acrocephalus,India,Odisha,,19.895702,85.435388,2026,2026-01-10T07:53,iNaturalist research-grade observations
6129889811,Grus antigone,"Antigone antigone (Linnaeus, 1758)",Animalia,,Aves,Gruiformes,Gruidae,Grus,India,Rajasthan,,24.846699,75.462401,2026,2026-01-15T09:17,iNaturalist research-grade observations
6129890372,Gracupica contra,"Gracupica contra (Linnaeus, 1758)",Animalia,,Aves,Passeriformes,Sturnidae,Gracupica,India,Rajasthan,,27.276876,75.573398,2026,2026-01-21T12:55:34,iNaturalist research-grade observations
6129890384,Anhinga melanogaster,"Anhinga melanogaster Pennant, 1769",Animalia,,Aves,Suliformes,Anhingidae,Anhinga,India,Karnataka,,12.754516,77.73877,2026,2026-01-21T09:59,iNaturalist research-grade observations
6129890392,Hirundo rustica,"Hirundo rustica Linnaeus, 1758",Animalia,,Aves,Passeriformes,Hirundinidae,Hirundo,India,Kerala,,9.108494,76.483687,2026,2026-01-21T17:47,iNaturalist research-grade observations
6129890415,Tadorna ferruginea,"Tadorna ferruginea (Pallas, 1764)",Animalia,,Aves,Anseriformes,Anatidae,Tadorna,India,Uttar Pradesh,,28.340203,81.130534,2026,2026-01-21T14:59:32,iNaturalist research-grade observations
6129890714,Strix ocellata,"Strix ocellata (R.Lesson, 1839)",Animalia,,Aves,Strigiformes,Strigidae,Strix,India,Madhya Pradesh,,22.531649,78.173805,2026,2026-01-10T11:04,iNaturalist research-grade observations
6129890732,Parus cinereus,"Parus cinereus Vieillot, 1818",Animalia,,Aves,Passeriformes,Paridae,Parus,India,Karnataka,,12.860823,77.598865,2026,2026-01-13T14:31,iNaturalist research-grade observations
6129890811,Tadorna ferruginea,"Tadorna ferruginea (Pallas, 1764)",Animalia,,Aves,Anseriformes,Anatidae,Tadorna,India,Uttarakhand,,29.399543,79.132472,2026,2026-01-09T10:36:44,iNaturalist research-grade observations
6129891197,Spilopelia chinensis,"Spilopelia chinensis (Scopoli, 1786)",Animalia,,Aves,Columbiformes,Columbidae,Spilopelia,India,Odisha,,20.834102,86.332606,2026,2026-01-17T17:10,iNaturalist research-grade observations
6129891326,Tringa ochropus,"Tringa ochropus Linnaeus, 1758",Animalia,,Aves,Charadriiformes,Scolopacidae,Tringa,India,Odisha,,19.346025,83.776507,2026,2026-01-18T08:47:49,iNaturalist research-grade observations
6129891726,Pericrocotus cinnamomeus,"Pericrocotus cinnamomeus (Linnaeus, 1766)",Animalia,,Aves,Passeriformes,Campephagidae,Pericrocotus,India,Maharashtra,,18.534467,73.814786,2026,2026-01-23T07:41,iNaturalist research-grade observations
6129892295,Myophonus caeruleus,"Myophonus caeruleus (Scopoli, 1786)",Animalia,,Aves,Passeriformes,Muscicapidae,Myophonus,India,Uttarakhand,,29.439681,79.080939,2026,2026-01-24T16:49:15,iNaturalist research-grade observations
6129892542,Copsychus saularis,"Copsychus saularis (Linnaeus, 1758)",Animalia,,Aves,Passeriformes,Muscicapidae,Copsychus,India,Uttar Pradesh,,25.413314,81.846528,2026,2026-01-09T10:47:14,iNaturalist research-grade observations
6129892612,Nisaetus cirrhatus,"Nisaetus cirrhatus (Gmelin, 1788)",Animalia,,Aves,Accipitriformes,Accipitridae,Nisaetus,India,Madhya Pradesh,,21.782154,79.318293,2026,2026-01-12T07:31,iNaturalist research-grade observations
6129892657,Tadorna ferruginea,"Tadorna ferruginea (Pallas, 1764)",Animalia,,Aves,Anseriformes,Anatidae,Tadorna,India,Odisha,,19.90266,85.449195,2026,2026-01-09T15:48,iNaturalist research-grade observations
6129893571,Egretta intermedia,"Ardea intermedia Wagler, 1829",Animalia,,Aves,Pelecaniformes,Ardeidae,Egretta,India,Kerala,,10.064205,76.250869,2026,2026-01-11T08:45,iNaturalist research-grade observations
6129894053,Anas poecilorhyncha,"Anas poecilorhyncha J.R.Forster, 1781",Animalia,,Aves,Anseriformes,Anatidae,Anas,India,Tamil Nadu,,12.76871,77.881848,2026,2026-01-18T09:54:34,iNaturalist research-grade observations
6129895543,Urocissa erythroryncha,"Urocissa erythroryncha (Boddaert, 1783)",Animalia,,Aves,Passeriformes,Corvidae,Urocissa,India,Uttarakhand,,29.385638,79.517344,2026,2026-01-23T12:54:18,iNaturalist research-grade observations
6129895841,Tadorna ferruginea,"Tadorna ferruginea (Pallas, 1764)",Animalia,,Aves,Anseriformes,Anatidae,Tadorna,India,Maharashtra,,18.179179,74.607797,2026,2026-01-17T09:18,iNaturalist research-grade observations
6129895845,Psittacula eupatria,"Psittacula eupatria (Linnaeus, 1766)",Animalia,,Aves,Psittaciformes,Psittacidae,Psittacula,India,Maharashtra,,21.02363,75.557762,2026,2026-01-23T08:38,iNaturalist research-grade observations
6129895865,Cinnyris asiaticus,"Cinnyris asiaticus (Latham, 1790)",Animalia,,Aves,Passeriformes,Nectariniidae,Cinnyris,India,Maharashtra,,21.045663,75.531814,2026,2026-01-23T09:27,iNaturalist research-grade observations
6129896014,Himantopus himantopus,"Himantopus himantopus (Linnaeus, 1758)",Animalia,,Aves,Charadriiformes,Recurvirostridae,Himantopus,India,Maharashtra,,18.190497,74.649121,2026,2026-01-17T09:18,iNaturalist research-grade observations
6129896018,Sturnia pagodarum,"Sturnia pagodarum (Gmelin, 1789)",Animalia,,Aves,Passeriformes,Sturnidae,Sturnia,India,Maharashtra,,21.02363,75.557762,2026,2026-01-23T08:38,iNaturalist research-grade observations
6129896031,Leptocoma zeylonica,"Leptocoma zeylonica (Linnaeus, 1766)",Animalia,,Aves,Passeriformes,Nectariniidae,Leptocoma,India,Maharashtra,,21.045663,75.531814,2026,2026-01-23T09:26,iNaturalist research-grade observations
6129896101,Saxicola maurus,"Saxicola maurus (Pallas, 1773)",Animalia,,Aves,Passeriformes,Muscicapidae,Saxicola,India,Gujarat,,21.881527,72.123388,2026,2026-01-25T18:08,iNaturalist research-grade observations
6129896152,Amaurornis phoenicurus,"Amaurornis phoenicurus (Pennant, 1769)",Animalia,,Aves,Gruiformes,Rallidae,Amaurornis,India,Karnataka,,12.815847,77.551553,2026,2026-01-24T10:56,iNaturalist research-grade observations
6129896276,Culicicapa ceylonensis,"Culicicapa ceylonensis (Swainson, 1820)",Animalia,,Aves,Passeriformes,Stenostiridae,Culicicapa,India,Tamil Nadu,,11.358712,76.79709,2026,2026-01-21T09:26:43,iNaturalist research-grade observations
6129896442,Copsychus saularis,"Copsychus saularis (Linnaeus, 1758)",Animalia,,Aves,Passeriformes,Muscicapidae,Copsychus,India,Uttarakhand,,29.40792,79.009976,2026,2026-01-06T14:20,iNaturalist research-grade observations
6129897182,Pastor roseus,"Pastor roseus (Linnaeus, 1758)",Animalia,,Aves,Passeriformes,Sturnidae,Pastor,India,Karnataka,,13.067908,77.527384,2026,2026-01-02T15:10:42,iNaturalist research-grade observations
6129897183,Copsychus saularis,"Copsychus saularis (Linnaeus, 1758)",Animalia,,Aves,Passeriformes,Muscicapidae,Copsychus,India,Karnataka,,13.068444,77.526889,2026,2026-01-02T15:38:03,iNaturalist research-grade observations
6129897350,Plegadis falcinellus,"Plegadis falcinellus (Linnaeus, 1766)",Animalia,,Aves,Pelecaniformes,Threskiornithidae,Plegadis,India,Karnataka,,12.918313,77.680097,2026,2026-01-15T10:31,iNaturalist research-grade observations
6129898194,Vanellus indicus,"Vanellus indicus (Boddaert, 1783)",Animalia,,Aves,Charadriiformes,Charadriidae,Vanellus,India,Uttarakhand,,29.446094,79.074736,2026,2026-01-24T16:43:19,iNaturalist research-grade observations
6129898406,Motacilla citreola,"Motacilla citreola Pallas, 1776",Animalia,,Aves,Passeriformes,Motacillidae,Motacilla,India,Uttar Pradesh,,28.526229,77.488122,2026,2026-01-24T23:47,iNaturalist research-grade observations
6129898408,Turdus boulboul,"Turdus boulboul (Latham, 1790)",Animalia,,Aves,Passeriformes,Turdidae,Turdus,India,Uttarakhand,,29.350028,79.547394,2026,2026-01-22T15:55:36,iNaturalist research-grade observations
6129898834,"Ardea Linnaeus, 1758","Ardea Linnaeus, 1758",Animalia,,Aves,Pelecaniformes,Ardeidae,Ardea,India,Karnataka,,12.860823,77.598865,2026,2026-01-13T10:12,iNaturalist research-grade observations
6129899167,Anas acuta,"Anas acuta Linnaeus, 1758",Animalia,,Aves,Anseriformes,Anatidae,Anas,India,Maharashtra,,19.016591,73.00594,2026,2026-01-01T09:20,iNaturalist research-grade observations
6129899718,Acridotheres tristis,"Acridotheres tristis (Linnaeus, 1766)",Animalia,,Aves,Passeriformes,Sturnidae,Acridotheres,India,Maharashtra,,21.208146,75.575985,2026,2026-01-02T07:43,iNaturalist research-grade observations
6129900118,Tringa ochropus,"Tringa ochropus Linnaeus, 1758",Animalia,,Aves,Charadriiformes,Scolopacidae,Tringa,India,Kerala,,9.764305,76.288474,2026,2026-01-16T09:42,iNaturalist research-grade observations
6129901185,Himantopus himantopus,"Himantopus himantopus (Linnaeus, 1758)",Animalia,,Aves,Charadriiformes,Recurvirostridae,Himantopus,India,Kerala,,10.010875,76.215773,2026,2026-01-11T13:09,iNaturalist research-grade observations
6129901213,Motacilla citreola,"Motacilla citreola Pallas, 1776",Animalia,,Aves,Passeriformes,Motacillidae,Motacilla,India,Maharashtra,,18.795067,72.925728,2026,2026-01-14T16:51,iNaturalist research-grade observations
6129901588,Acridotheres fuscus,"Acridotheres fuscus (Wagler, 1827)",Animalia,,Aves,Passeriformes,Sturnidae,Acridotheres,India,Karnataka,,12.776948,77.660771,2026,2026-01-17T08:50,iNaturalist research-grade observations
6129901602,Sitta castanea,"Sitta castanea Lesson, 1830",Animalia,,Aves,Passeriformes,Sittidae,Sitta,India,Uttarakhand,,29.407916,79.009974,2026,2026-01-16T13:27,iNaturalist research-grade observations
6129901618,Milvus migrans,"Milvus migrans (Boddaert, 1783)",Animalia,,Aves,Accipitriformes,Accipitridae,Milvus,India,Maharashtra,,18.515781,73.898594,2026,2026-01-17T12:12:23,iNaturalist research-grade observations
6129902131,Gallinula chloropus,"Gallinula chloropus (Linnaeus, 1758)",Animalia,,Aves,Gruiformes,Rallidae,Gallinula,India,Rajasthan,,26.299893,73.015501,2026,2026-01-01T12:37,iNaturalist research-grade observations
6129902313,Spilopelia chinensis,"Spilopelia chinensis (Scopoli, 1786)",Animalia,,Aves,Columbiformes,Columbidae,Spilopelia,India,Telangana,,17.432317,78.477227,2026,2026-01-24T10:11:47,iNaturalist research-grade observations
6129902448,"Ardea Linnaeus, 1758","Ardea Linnaeus, 1758",Animalia,,Aves,Pelecaniformes,Ardeidae,Ardea,India,Karnataka,,12.980222,77.59413,2026,2026-01-04T17:25:24,iNaturalist research-grade observations
6129902501,Pavo cristatus,"Pavo cristatus Linnaeus, 1758",Animalia,,Aves,Galliformes,Phasianidae,Pavo,India,Gujarat,,23.030242,72.57593,2026,2026-01-17T07:40:25,iNaturalist research-grade observations
6129902544,Ardea purpurea,"Ardea purpurea Linnaeus, 1766",Animalia,,Aves,Pelecaniformes,Ardeidae,Ardea,India,Karnataka,,12.918313,77.680097,2026,2026-01-15T09:53,iNaturalist research-grade observations
6129902848,Pycnonotus leucotis,"Pycnonotus leucotis (Gould, 1836)",Animalia,,Aves,Passeriformes,Pycnonotidae,Pycnonotus,India,Rajasthan,,25.232819,75.838364,2026,2026-01-18T17:07:22,iNaturalist research-grade observations
6129902862,Spilopelia chinensis,"Spilopelia chinensis (Scopoli, 1786)",Animalia,,Aves,Columbiformes,Columbidae,Spilopelia,India,Odisha,,19.366586,83.782479,2026,2026-01-17T07:30:54,iNaturalist research-grade observations
6129903118,Columba livia,"Columba livia J.F.Gmelin, 1789",Animalia,,Aves,Columbiformes,Columbidae,Columba,India,Madhya Pradesh,,23.101373,77.579682,2026,2026-01-26T17:06:25,iNaturalist research-grade observations
6129904494,Falco tinnunculus,"Falco tinnunculus Linnaeus, 1758",Animalia,,Aves,Falconiformes,Falconidae,Falco,India,Andhra Pradesh,,13.743794,79.599089,2026,2026-01-14T08:38:11,iNaturalist research-grade observations
6129904499,Ardea alba,"Ardea alba Linnaeus, 1758",Animalia,,Aves,Pelecaniformes,Ardeidae,Ardea,India,Maharashtra,,18.641817,73.811878,2026,2026-01-14T17:21:42,iNaturalist research-grade observations
6129904501,Microcarbo niger,"Microcarbo niger (Vieillot, 1817)",Animalia,,Aves,Suliformes,Phalacrocoracidae,Microcarbo,India,Karnataka,,13.691106,75.254104,2026,2026-01-13,iNaturalist research-grade observations
6129904508,Metopidius indicus,"Metopidius indicus (Latham, 1790)",Animalia,,Aves,Charadriiformes,Jacanidae,Metopidius,India,Odisha,,19.899903,85.45053,2026,2026-01-09T15:07,iNaturalist research-grade observations
6129904511,Anastomus oscitans,"Anastomus oscitans (Boddaert, 1783)",Animalia,,Aves,Ciconiiformes,Ciconiidae,Anastomus,India,Karnataka,,12.211595,76.622316,2026,2026-01-14T08:02,iNaturalist research-grade observations
6129904669,Sturnia malabarica,"Sturnia malabarica (Gmelin, 1789)",Animalia,,Aves,Passeriformes,Sturnidae,Sturnia,India,Maharashtra,,19.016591,73.00594,2026,2026-01-01T08:56,iNaturalist research-grade observations
6129904759,Alcedo atthis,"Alcedo atthis (Linnaeus, 1758)",Animalia,,Aves,Coraciiformes,Alcedinidae,Alcedo,India,Tamil Nadu,,12.787452,77.836118,2026,2026-01-18T07:32:52,iNaturalist research-grade observations
6129904793,Lanius schach,"Lanius schach Linnaeus, 1758",Animalia,,Aves,Passeriformes,Laniidae,Lanius,India,Rajasthan,,25.193836,75.78995,2026,2026-01-18T13:08:12,iNaturalist research-grade observations
6129904950,Tringa nebularia,"Tringa nebularia (Gunnerus, 1767)",Animalia,,Aves,Charadriiformes,Scolopacidae,Tringa,India,Kerala,,9.764286,76.2885,2026,2026-01-16T09:28,iNaturalist research-grade observations
6129905203,Microcarbo niger,"Microcarbo niger (Vieillot, 1817)",Animalia,,Aves,Suliformes,Phalacrocoracidae,Microcarbo,India,Kerala,,9.645863,76.418762,2026,2026-01-22T16:39:19,iNaturalist research-grade observations
6129906334,Cinnyris asiaticus,"Cinnyris asiaticus asiaticus (Latham, 1790)",Animalia,,Aves,Passeriformes,Nectariniidae,Cinnyris,India,Uttar Pradesh,,25.449571,81.781735,2026,2026-01-23T16:00:53,iNaturalist research-grade observations
6129906863,Rhopodytes viridirostris,"Phaenicophaeus viridirostris (Jerdon, 1840)",Animalia,,Aves,Cuculiformes,Cuculidae,Rhopodytes,India,Karnataka,,12.958014,78.237686,2026,2026-01-17T08:28:54,iNaturalist research-grade observations
6129906880,"Ardea Linnaeus, 1758","Ardea Linnaeus, 1758",Animalia,,Aves,Pelecaniformes,Ardeidae,Ardea,India,Uttar Pradesh,,25.413314,81.846528,2026,2026-01-22T11:00:16,iNaturalist research-grade observations
6129907120,Acridotheres tristis,"Acridotheres tristis (Linnaeus, 1766)",Animalia,,Aves,Passeriformes,Sturnidae,Acridotheres,India,Maharashtra,,21.372688,80.111739,2026,2026-01-22T11:33:15,iNaturalist research-grade observations
6129907126,Merops orientalis,"Merops orientalis Latham, 1801",Animalia,,Aves,Coraciiformes,Meropidae,Merops,India,Telangana,,17.603853,78.491403,2026,2026-01-19T14:43,iNaturalist research-grade observations
6129907949,Pavo cristatus,"Pavo cristatus Linnaeus, 1758",Animalia,,Aves,Galliformes,Phasianidae,Pavo,India,Tamil Nadu,,11.449209,77.647213,2026,2026-01-12T08:53:55,iNaturalist research-grade observations
6129908731,Sternula albifrons,"Sternula albifrons (Pallas, 1764)",Animalia,,Aves,Charadriiformes,Laridae,Sternula,India,Tamil Nadu,,10.284504,79.824072,2026,2026-01-10T17:20,iNaturalist research-grade observations
6129908830,Sterna aurantia,"Sterna aurantia J.E.Gray, 1831",Animalia,,Aves,Charadriiformes,Laridae,Sterna,India,Karnataka,,12.969778,77.439551,2026,2026-01-18T08:16,iNaturalist research-grade observations
6129909143,Ardea alba,"Ardea alba Linnaeus, 1758",Animalia,,Aves,Pelecaniformes,Ardeidae,Ardea,India,Kerala,,9.797498,76.283232,2026,2026-01-06T18:17:15,iNaturalist research-grade observations
6129909349,Prinia socialis,"Prinia socialis Sykes, 1832",Animalia,,Aves,Passeriformes,Cisticolidae,Prinia,India,Madhya Pradesh,,21.881689,79.379528,2026,2026-01-13T13:33,iNaturalist research-grade observations
6129909366,Anthus rufulus,"Anthus rufulus Vieillot, 1818",Animalia,,Aves,Passeriformes,Motacillidae,Anthus,India,Maharashtra,,18.795067,72.925728,2026,2026-01-14T16:56,iNaturalist research-grade observations
6129909390,Psilopogon haemacephalus,"Psilopogon haemacephalus (P.L.S.Müller, 1776)",Animalia,,Aves,Piciformes,Megalaimidae,Psilopogon,India,Telangana,,17.505855,78.359818,2026,2026-01-05T09:29,iNaturalist research-grade observations
6129909680,Turdoides striata,"Argya striata (Dumont, 1823)",Animalia,,Aves,Passeriformes,Leiothrichidae,Turdoides,India,Uttar Pradesh,,25.408558,81.852218,2026,2026-01-22T10:57:21,iNaturalist research-grade observations
6129909689,Certhia nipalensis,"Certhia nipalensis Blyth, 1845",Animalia,,Aves,Passeriformes,Certhiidae,Certhia,India,Uttarakhand,,30.052462,80.222055,2026,2026-01-20T10:24:42,iNaturalist research-grade observations
6129909870,Motacilla maderaspatensis,"Motacilla maderaspatensis Gmelin, 1789",Animalia,,Aves,Passeriformes,Motacillidae,Motacilla,India,Maharashtra,,18.530388,73.817282,2026,2026-01-19T09:33,iNaturalist research-grade observations
6129909883,Tringa glareola,"Tringa glareola Linnaeus, 1758",Animalia,,Aves,Charadriiformes,Scolopacidae,Tringa,India,Kerala,,9.3156,76.523751,2026,2026-01-24T08:35,iNaturalist research-grade observations
6129909918,Gallinula chloropus,"Gallinula chloropus (Linnaeus, 1758)",Animalia,,Aves,Gruiformes,Rallidae,Gallinula,India,Punjab,,30.906357,75.809762,2026,2026-01-24T16:16,iNaturalist research-grade observations
6129909943,Pycnonotus leucogenys,"Pycnonotus leucogenys (J.E.Gray, 1835)",Animalia,,Aves,Passeriformes,Pycnonotidae,Pycnonotus,India,Uttarakhand,,29.451869,79.072208,2026,2026-01-24T16:38:17,iNaturalist research-grade observations
6129910126,Calidris pugnax,"Calidris pugnax (Linnaeus, 1758)",Animalia,,Aves,Charadriiformes,Scolopacidae,Calidris,India,Odisha,,19.919404,85.425432,2026,2026-01-22T09:52:58,iNaturalist research-grade observations
6129910294,Pelecanus philippensis,"Pelecanus philippensis Gmelin, 1789",Animalia,,Aves,Pelecaniformes,Pelecanidae,Pelecanus,India,Kerala,,9.651951,76.29158,2026,2026-01-16T10:23,iNaturalist research-grade observations
6129910574,Turdoides striata,"Argya striata (Dumont, 1823)",Animalia,,Aves,Passeriformes,Leiothrichidae,Turdoides,India,Uttar Pradesh,,25.413314,81.846528,2026,2026-01-05T10:59:56,iNaturalist research-grade observations
6129910703,Dicrurus macrocercus,"Dicrurus macrocercus Vieillot, 1817",Animalia,,Aves,Passeriformes,Dicruridae,Dicrurus,India,Tripura,,24.174338,92.020665,2026,2026-01-07T15:02:01,iNaturalist research-grade observations
6129910826,Tringa glareola,"Tringa glareola Linnaeus, 1758",Animalia,,Aves,Charadriiformes,Scolopacidae,Tringa,India,Madhya Pradesh,,22.317727,76.615386,2026,2026-01-06T16:39,iNaturalist research-grade observations
6129910926,Chloropsis aurifrons,"Chloropsis aurifrons (Temminck, 1829)",Animalia,,Aves,Passeriformes,Chloropseidae,Chloropsis,India,Kerala,,10.051687,76.340486,2026,2026-01-09T16:35,iNaturalist research-grade observations
6129911915,Aquila hastata,"Clanga hastata (R.P.Lesson, 1831)",Animalia,,Aves,Accipitriformes,Accipitridae,Aquila,India,Tamil Nadu,,12.797247,77.819898,2026,2026-01-10T07:44:17,iNaturalist research-grade observations
6129912037,Dicrurus macrocercus,"Dicrurus macrocercus Vieillot, 1817",Animalia,,Aves,Passeriformes,Dicruridae,Dicrurus,India,Punjab,,30.686817,76.204612,2026,2026-01-11T15:01:59,iNaturalist research-grade observations
6129912056,Microcarbo niger,"Microcarbo niger (Vieillot, 1817)",Animalia,,Aves,Suliformes,Phalacrocoracidae,Microcarbo,India,Tamil Nadu,,8.426557,77.595928,2026,2026-01-05T22:19,iNaturalist research-grade observations
6129912121,Eudynamys scolopaceus,"Eudynamys scolopaceus (Linnaeus, 1758)",Animalia,,Aves,Cuculiformes,Cuculidae,Eudynamys,India,Maharashtra,,19.228054,72.877991,2026,2026-01-08T08:13,iNaturalist research-grade observations
6129913423,Spilopelia senegalensis,"Spilopelia senegalensis (Linnaeus, 1766)",Animalia,,Aves,Columbiformes,Columbidae,Spilopelia,India,Karnataka,,12.810318,77.575362,2026,2026-01-11T08:53,iNaturalist research-grade observations
6129913662,Tachybaptus ruficollis,"Tachybaptus ruficollis (Pallas, 1764)",Animalia,,Aves,Podicipediformes,Podicipedidae,Tachybaptus,India,Karnataka,,12.754516,77.73877,2026,2026-01-21T09:56,iNaturalist research-grade observations
6129913673,Saxicoloides fulicatus,"Copsychus fulicatus (Linnaeus, 1766)",Animalia,,Aves,Passeriformes,Muscicapidae,Saxicoloides,India,Maharashtra,,19.222944,72.778053,2026,2026-01-21T07:40:19,iNaturalist research-grade observations
6129914641,Psittacula krameri,"Psittacula krameri (Scopoli, 1769)",Animalia,,Aves,Psittaciformes,Psittacidae,Psittacula,India,Telangana,,17.511375,78.27513,2026,2026-01-22T15:12:01,iNaturalist research-grade observations
6129914727,Prinia socialis,"Prinia socialis Sykes, 1832",Animalia,,Aves,Passeriformes,Cisticolidae,Prinia,India,Maharashtra,,19.016591,73.00594,2026,2026-01-01T09:13,iNaturalist research-grade observations
6129914754,Prinia sylvatica,"Prinia sylvatica Jerdon, 1840",Animalia,,Aves,Passeriformes,Cisticolidae,Prinia,India,Tamil Nadu,,8.426557,77.595928,2026,2026-01-04T20:15,iNaturalist research-grade observations
6129914902,Saxicoloides fulicatus,"Copsychus fulicatus (Linnaeus, 1766)",Animalia,,Aves,Passeriformes,Muscicapidae,Saxicoloides,India,Uttar Pradesh,,25.413314,81.846528,2026,2026-01-12T11:40:26,iNaturalist research-grade observations
6129914964,Plegadis falcinellus,"Plegadis falcinellus (Linnaeus, 1766)",Animalia,,Aves,Pelecaniformes,Threskiornithidae,Plegadis,India,Kerala,,9.764313,76.288541,2026,2026-01-16T09:53,iNaturalist research-grade observations
6129915197,Dendrocitta vagabunda,"Dendrocitta vagabunda (Latham, 1790)",Animalia,,Aves,Passeriformes,Corvidae,Dendrocitta,India,Kerala,,11.21343,75.798863,2026,2026-01-07T18:08:28,iNaturalist research-grade observations
6129916665,Larus fuscus,"Larus fuscus Linnaeus, 1758",Animalia,,Aves,Charadriiformes,Laridae,Larus,India,Maharashtra,,18.793365,72.91187,2026,2026-01-12T08:13,iNaturalist research-grade observations
6129916744,Turdoides striata,"Argya striata (Dumont, 1823)",Animalia,,Aves,Passeriformes,Leiothrichidae,Turdoides,India,Uttar Pradesh,,25.385185,81.878367,2026,2026-01-11T09:05:43,iNaturalist research-grade observations
6129917234,Glareola lactea,"Glareola lactea Temminck, 1820",Animalia,,Aves,Charadriiformes,Glareolidae,Glareola,India,Kerala,,10.107008,76.312481,2026,2026-01-12T09:53,iNaturalist research-grade observations
6129917262,Oriolus kundoo,"Oriolus kundoo Sykes, 1832",Animalia,,Aves,Passeriformes,Oriolidae,Oriolus,India,Karnataka,,12.942295,77.586825,2026,2026-01-11T10:33:18,iNaturalist research-grade observations
6129917344,Nycticorax nycticorax,"Nycticorax nycticorax (Linnaeus, 1758)",Animalia,,Aves,Pelecaniformes,Ardeidae,Nycticorax,India,Andhra Pradesh,,16.691319,81.149422,2026,2026-01-14T15:46:08,iNaturalist research-grade observations
6129917373,Himantopus himantopus,"Himantopus himantopus (Linnaeus, 1758)",Animalia,,Aves,Charadriiformes,Recurvirostridae,Himantopus,India,Tamil Nadu,,12.255842,78.798975,2026,2026-01-15,iNaturalist research-grade observations
6129917403,Copsychus saularis,"Copsychus saularis (Linnaeus, 1758)",Animalia,,Aves,Passeriformes,Muscicapidae,Copsychus,India,Uttar Pradesh,,25.413314,81.846528,2026,2026-01-13T10:24,iNaturalist research-grade observations
6129918068,Cypsiurus balasiensis,"Cypsiurus balasiensis (J.E.Gray, 1829)",Animalia,,Aves,Apodiformes,Apodidae,Cypsiurus,India,Kerala,,9.3156,76.523751,2026,2026-01-24T08:29,iNaturalist research-grade observations
6129918903,"Tachyspiza Kaup, 1844","Tachyspiza Kaup, 1844",Animalia,,Aves,,,Tachyspiza,India,Andhra Pradesh,,13.744354,79.600005,2026,2026-01-14T08:30:52,iNaturalist research-grade observations
6129918972,Saxicola ferreus,"Saxicola ferreus J.E.Gray & G.R.Gray, 1847",Animalia,,Aves,Passeriformes,Muscicapidae,Saxicola,India,Uttarakhand,,29.407648,79.008344,2026,2026-01-14T15:18:04,iNaturalist research-grade observations
6129918975,Himantopus himantopus,"Himantopus himantopus (Linnaeus, 1758)",Animalia,,Aves,Charadriiformes,Recurvirostridae,Himantopus,India,Maharashtra,,18.795067,72.925728,2026,2026-01-14T16:58,iNaturalist research-grade observations
6129919081,Acridotheres ginginianus,"Acridotheres ginginianus (Latham, 1790)",Animalia,,Aves,Passeriformes,Sturnidae,Acridotheres,India,Punjab,,30.707629,76.214924,2026,2026-01-11T11:26:26,iNaturalist research-grade observations
6129919257,Treron phoenicopterus,"Treron phoenicopterus (Latham, 1790)",Animalia,,Aves,Columbiformes,Columbidae,Treron,India,Odisha,,19.383744,83.822467,2026,2026-01-14T09:11:53,iNaturalist research-grade observations
6129919816,Prinia inornata,"Prinia inornata Sykes, 1832",Animalia,,Aves,Passeriformes,Cisticolidae,Prinia,India,Maharashtra,,18.53133,73.816482,2026,2026-01-19T08:45,iNaturalist research-grade observations
6129919828,Anser indicus,"Anser indicus (Latham, 1790)",Animalia,,Aves,Anseriformes,Anatidae,Anser,India,Karnataka,,11.830372,76.983028,2026,2026-01-18T14:08,iNaturalist research-grade observations
6129920157,Anas poecilorhyncha,"Anas poecilorhyncha J.R.Forster, 1781",Animalia,,Aves,Anseriformes,Anatidae,Anas,India,Haryana,,28.461256,76.890369,2026,2026-01-05,iNaturalist research-grade observations
6129920296,Merops philippinus,"Merops philippinus Linnaeus, 1767",Animalia,,Aves,Coraciiformes,Meropidae,Merops,India,Tamil Nadu,,10.284504,79.824072,2026,2026-01-08T17:21,iNaturalist research-grade observations
6129920300,Numenius arquata,"Numenius arquata (Linnaeus, 1758)",Animalia,,Aves,Charadriiformes,Scolopacidae,Numenius,India,Tamil Nadu,,10.284504,79.824072,2026,2026-01-09T16:08,iNaturalist research-grade observations
6129920389,Saxicoloides fulicatus,"Copsychus fulicatus (Linnaeus, 1766)",Animalia,,Aves,Passeriformes,Muscicapidae,Saxicoloides,India,Telangana,,17.397914,78.3531,2026,2026-01-18T16:57:35,iNaturalist research-grade observations
6129920808,Ardeola grayii,"Ardeola grayii (Sykes, 1832)",Animalia,,Aves,Pelecaniformes,Ardeidae,Ardeola,India,Telangana,,17.603853,78.491403,2026,2026-01-21T08:53,iNaturalist research-grade observations
6129921535,Zosterops palpebrosus,"Zosterops palpebrosus (Temminck, 1824)",Animalia,,Aves,Passeriformes,Zosteropidae,Zosterops,India,Uttarakhand,,29.293281,79.338139,2026,2026-01-22T09:26:24,iNaturalist research-grade observations
6129921564,Turdoides striata,"Argya striata (Dumont, 1823)",Animalia,,Aves,Passeriformes,Leiothrichidae,Turdoides,India,Uttar Pradesh,,25.413314,81.846528,2026,2026-01-19T11:22:36,iNaturalist research-grade observations
6129921686,Zosterops palpebrosus,"Zosterops palpebrosus (Temminck, 1824)",Animalia,,Aves,Passeriformes,Zosteropidae,Zosterops,India,Tamil Nadu,,12.42554,77.647902,2026,2026-01-25T08:20:14,iNaturalist research-grade observations
6129921706,Fulica atra,"Fulica atra Linnaeus, 1758",Animalia,,Aves,Gruiformes,Rallidae,Fulica,India,Maharashtra,,18.179179,74.607797,2026,2026-01-17T11:30,iNaturalist research-grade observations
6129921909,Threskiornis melanocephalus,"Threskiornis melanocephalus (Latham, 1790)",Animalia,,Aves,Pelecaniformes,Threskiornithidae,Threskiornis,India,Gujarat,,22.376158,72.428034,2026,2026-01-18T08:56,iNaturalist research-grade observations
6129922337,Anas acuta,"Anas acuta Linnaeus, 1758",Animalia,,Aves,Anseriformes,Anatidae,Anas,India,Maharashtra,,17.757658,75.916268,2026,2026-01-06T08:29:36,iNaturalist research-grade observations
6129922363,Oriolus xanthornus,"Oriolus xanthornus (Linnaeus, 1758)",Animalia,,Aves,Passeriformes,Oriolidae,Oriolus,India,Maharashtra,,15.813977,74.127766,2026,2026-01-02T22:34,iNaturalist research-grade observations
6129923014,Ardea alba,"Ardea alba Linnaeus, 1758",Animalia,,Aves,Pelecaniformes,Ardeidae,Ardea,India,Madhya Pradesh,,21.68061,76.590697,2026,2026-01-04T11:16,iNaturalist research-grade observations
6129923497,Phalacrocorax fuscicollis,"Phalacrocorax fuscicollis Stephens, 1826",Animalia,,Aves,Suliformes,Phalacrocoracidae,Phalacrocorax,India,Tamil Nadu,,12.874312,79.372389,2026,2026-01-02,iNaturalist research-grade observations
6129923936,Threskiornis melanocephalus,"Threskiornis melanocephalus (Latham, 1790)",Animalia,,Aves,Pelecaniformes,Threskiornithidae,Threskiornis,India,Kerala,,11.902975,75.401377,2026,2026-01-10T19:59:24,iNaturalist research-grade observations
6129924131,Turdoides malcolmi,"Argya malcolmi (Sykes, 1832)",Animalia,,Aves,Passeriformes,Leiothrichidae,Turdoides,India,Maharashtra,,18.591684,73.780677,2026,2026-01-17T09:45:11,iNaturalist research-grade observations
6129924459,Haliastur indus,"Haliastur indus (Boddaert, 1783)",Animalia,,Aves,Accipitriformes,Accipitridae,Haliastur,India,Maharashtra,,18.623518,72.917957,2026,2026-01-09T09:03,iNaturalist research-grade observations
6129924464,Spilopelia chinensis,"Spilopelia chinensis (Scopoli, 1786)",Animalia,,Aves,Columbiformes,Columbidae,Spilopelia,India,Tripura,,23.794628,91.271155,2026,2026-01-11T13:46:50,iNaturalist research-grade observations
6129924604,Psilopogon viridis,"Psilopogon viridis (Boddaert, 1783)",Animalia,,Aves,Piciformes,Megalaimidae,Psilopogon,India,Kerala,,10.134333,76.694017,2026,2026-01-21T15:27,iNaturalist research-grade observations
6129924705,Pastor roseus,"Pastor roseus (Linnaeus, 1758)",Animalia,,Aves,Passeriformes,Sturnidae,Pastor,India,Karnataka,,13.142799,77.483408,2026,2026-01-25T11:49,iNaturalist research-grade observations
6129924952,Icthyophaga ichthyaetus,"Icthyophaga ichthyaetus (Horsfield, 1821)",Animalia,,Aves,Accipitriformes,Accipitridae,Icthyophaga,India,Madhya Pradesh,,21.781838,79.290572,2026,2026-01-12T08:47,iNaturalist research-grade observations
6129925077,Spilopelia chinensis,"Spilopelia chinensis (Scopoli, 1786)",Animalia,,Aves,Columbiformes,Columbidae,Spilopelia,India,West Bengal,,22.725908,88.380633,2026,2026-01-17T10:48:21,iNaturalist research-grade observations
6129925279,Dendrocitta vagabunda,"Dendrocitta vagabunda (Latham, 1790)",Animalia,,Aves,Passeriformes,Corvidae,Dendrocitta,India,Uttar Pradesh,,28.55937,77.309886,2026,2026-01-18T01:23,iNaturalist research-grade observations
6129925688,Pycnonotus jocosus,"Pycnonotus jocosus (Linnaeus, 1758)",Animalia,,Aves,Passeriformes,Pycnonotidae,Pycnonotus,India,Kerala,,10.038575,76.358238,2026,2026-01-26T08:19:39,iNaturalist research-grade observations
6129925699,Porphyrio porphyrio,"Porphyrio poliocephalus (Latham, 1801)",Animalia,,Aves,Gruiformes,Rallidae,Porphyrio,India,Uttar Pradesh,,28.526229,77.488122,2026,2026-01-24T23:50,iNaturalist research-grade observations
6129926405,Motacilla citreola,"Motacilla citreola Pallas, 1776",Animalia,,Aves,Passeriformes,Motacillidae,Motacilla,India,Kerala,,10.107172,76.312503,2026,2026-01-15T08:50,iNaturalist research-grade observations
6129926509,Turdus simillimus,"Turdus simillimus Jerdon, 1839",Animalia,,Aves,Passeriformes,Turdidae,Turdus,India,Tamil Nadu,,11.402812,76.736375,2026,2026-01-20T15:25:51,iNaturalist research-grade observations
6129926707,"Ardea Linnaeus, 1758","Ardea Linnaeus, 1758",Animalia,,Aves,Pelecaniformes,Ardeidae,Ardea,India,Uttar Pradesh,,25.413314,81.846528,2026,2026-01-21T10:32:14,iNaturalist research-grade observations
6129926845,Milvus migrans,"Milvus migrans (Boddaert, 1783)",Animalia,,Aves,Accipitriformes,Accipitridae,Milvus,India,Madhya Pradesh,,23.242403,77.379162,2026,2026-01-25T10:21:21,iNaturalist research-grade observations
6129926862,Anastomus oscitans,"Anastomus oscitans (Boddaert, 1783)",Animalia,,Aves,Ciconiiformes,Ciconiidae,Anastomus,India,Maharashtra,,18.179179,74.607797,2026,2026-01-17T12:27,iNaturalist research-grade observations
6129926869,Milvus migrans,"Milvus migrans (Boddaert, 1783)",Animalia,,Aves,Accipitriformes,Accipitridae,Milvus,India,NCT of Delhi,,28.590595,77.191755,2026,2026-01-25T16:59:53,iNaturalist research-grade observations
6129926893,Columba livia,"Columba livia var. domestica J.F.Gmelin, 1789",Animalia,,Aves,Columbiformes,Columbidae,Columba,India,Maharashtra,,21.045663,75.531814,2026,2026-01-23T09:33,iNaturalist research-grade observations
6129927747,Anas acuta,"Anas acuta Linnaeus, 1758",Animalia,,Aves,Anseriformes,Anatidae,Anas,India,Maharashtra,,19.016591,73.00594,2026,2026-01-01T09:10,iNaturalist research-grade observations
6129927884,Merops orientalis,"Merops orientalis Latham, 1801",Animalia,,Aves,Coraciiformes,Meropidae,Merops,India,Tamil Nadu,,11.555253,76.681695,2026,2026-01-22T16:53:31,iNaturalist research-grade observations
6129928719,Hemiprocne coronata,"Hemiprocne coronata (Tickell, 1833)",Animalia,,Aves,Apodiformes,Hemiprocnidae,Hemiprocne,India,Uttarakhand,,29.407742,79.010444,2026,2026-01-15T14:21:28,iNaturalist research-grade observations
6129928944,Passer domesticus,"Passer domesticus (Linnaeus, 1758)",Animalia,,Aves,Passeriformes,Passeridae,Passer,India,Madhya Pradesh,,23.242089,77.371884,2026,2026-01-25T11:23:37,iNaturalist research-grade observations
6129929192,Mycteria leucocephala,"Mycteria leucocephala (Pennant, 1769)",Animalia,,Aves,Ciconiiformes,Ciconiidae,Mycteria,India,Maharashtra,,19.016591,73.00594,2026,2026-01-01T09:38,iNaturalist research-grade observations
6129929832,Columba livia,"Columba livia J.F.Gmelin, 1789",Animalia,,Aves,Columbiformes,Columbidae,Columba,India,Tamil Nadu,,10.877944,79.093533,2026,2026-01-09T07:24:43,iNaturalist research-grade observations
6129930270,Athene brama,"Athene brama (Temminck, 1821)",Animalia,,Aves,Strigiformes,Strigidae,Athene,India,Kerala,,9.108494,76.483687,2026,2026-01-11T09:11,iNaturalist research-grade observations
6129930927,Amandava amandava,"Amandava amandava (Linnaeus, 1758)",Animalia,,Aves,Passeriformes,Estrildidae,Amandava,India,Maharashtra,,18.623518,72.917957,2026,2026-01-09T08:41,iNaturalist research-grade observations
6129930936,Alcedo atthis,"Alcedo atthis (Linnaeus, 1758)",Animalia,,Aves,Coraciiformes,Alcedinidae,Alcedo,India,Maharashtra,,18.795067,72.925728,2026,2026-01-12T09:06,iNaturalist research-grade observations
6129931202,Chlidonias hybrida,"Chlidonias hybrida (Pallas, 1811)",Animalia,,Aves,Charadriiformes,Laridae,Chlidonias,India,Maharashtra,,19.016591,73.00594,2026,2026-01-01T09:11,iNaturalist research-grade observations
6129931397,Turdoides malcolmi,"Argya malcolmi (Sykes, 1832)",Animalia,,Aves,Passeriformes,Leiothrichidae,Turdoides,India,Tamil Nadu,,12.478895,77.930895,2026,2026-01-16T07:01:01,iNaturalist research-grade observations
6129931667,Hirundo rustica,"Hirundo rustica Linnaeus, 1758",Animalia,,Aves,Passeriformes,Hirundinidae,Hirundo,India,Madhya Pradesh,,21.785664,79.283706,2026,2026-01-13T09:56,iNaturalist research-grade observations
6129932086,Acridotheres fuscus,"Acridotheres fuscus (Wagler, 1827)",Animalia,,Aves,Passeriformes,Sturnidae,Acridotheres,India,Karnataka,,12.2669,76.597198,2026,2026-01-11T16:05:49,iNaturalist research-grade observations
6129932103,Himantopus himantopus,"Himantopus himantopus (Linnaeus, 1758)",Animalia,,Aves,Charadriiformes,Recurvirostridae,Himantopus,India,Gujarat,,22.4978,70.020678,2026,2026-01-11T08:46:02,iNaturalist research-grade observations
6129932185,Eurystomus orientalis,"Eurystomus orientalis (Linnaeus, 1766)",Animalia,,Aves,Coraciiformes,Coraciidae,Eurystomus,India,Andaman and Nicobar,,12.022791,93.004851,2026,2026-01-03T08:04:42,iNaturalist research-grade observations
6129932207,Cyornis tickelliae,"Cyornis tickelliae Blyth, 1843",Animalia,,Aves,Passeriformes,Muscicapidae,Cyornis,India,Telangana,,17.505936,78.360548,2026,2026-01-05T09:30,iNaturalist research-grade observations
6129932629,"Thinornis G.R.Gray, 1844","Thinornis G.R.Gray, 1844",Animalia,,Aves,Charadriiformes,Charadriidae,Thinornis,India,Maharashtra,,18.287435,74.788228,2026,2026-01-18T15:02,iNaturalist research-grade observations
6129932892,Metopidius indicus,"Metopidius indicus (Latham, 1790)",Animalia,,Aves,Charadriiformes,Jacanidae,Metopidius,India,Gujarat,,22.376158,72.428034,2026,2026-01-18T10:38,iNaturalist research-grade observations
6129933501,Halcyon smyrnensis,"Halcyon smyrnensis (Linnaeus, 1758)",Animalia,,Aves,Coraciiformes,Alcedinidae,Halcyon,India,Gujarat,,22.331818,73.234715,2026,2026-01-25T14:56:06,iNaturalist research-grade observations
6129933641,Anas crecca,"Anas crecca Linnaeus, 1758",Animalia,,Aves,Anseriformes,Anatidae,Anas,India,Rajasthan,,27.259891,76.461045,2026,2026-01-24T09:19:53,iNaturalist research-grade observations
6129933679,Acridotheres tristis,"Acridotheres tristis (Linnaeus, 1766)",Animalia,,Aves,Passeriformes,Sturnidae,Acridotheres,India,Uttar Pradesh,,25.413314,81.846528,2026,2026-01-20T10:31:01,iNaturalist research-grade observations
6129933770,Tringa ochropus,"Tringa ochropus Linnaeus, 1758",Animalia,,Aves,Charadriiformes,Scolopacidae,Tringa,India,Karnataka,,13.076439,77.673782,2026,2026-01-18T02:41,iNaturalist research-grade observations
6129933881,Luscinia svecica,"Luscinia svecica (Linnaeus, 1758)",Animalia,,Aves,Passeriformes,Muscicapidae,Luscinia,India,Gujarat,,21.881572,72.121982,2026,2026-01-25T16:10:17,iNaturalist research-grade observations
6129933882,Tringa ochropus,"Tringa ochropus Linnaeus, 1758",Animalia,,Aves,Charadriiformes,Scolopacidae,Tringa,India,Karnataka,,13.076439,77.675327,2026,2026-01-18T02:40,iNaturalist research-grade observations
6129934050,Spilopelia chinensis,"Spilopelia chinensis suratensis (J.F.Gmelin, 1789)",Animalia,,Aves,Columbiformes,Columbidae,Spilopelia,India,Madhya Pradesh,,23.243144,77.387689,2026,2026-01-26T08:16:31,iNaturalist research-grade observations
6129934080,Tringa ochropus,"Tringa ochropus Linnaeus, 1758",Animalia,,Aves,Charadriiformes,Scolopacidae,Tringa,India,Karnataka,,13.077776,77.673953,2026,2026-01-18T02:41,iNaturalist research-grade observations
6129934085,Tringa ochropus,"Tringa ochropus Linnaeus, 1758",Animalia,,Aves,Charadriiformes,Scolopacidae,Tringa,India,Odisha,,19.347113,83.775844,2026,2026-01-26T17:12:08,iNaturalist research-grade observations
6129935313,Copsychus saularis,"Copsychus saularis (Linnaeus, 1758)",Animalia,,Aves,Passeriformes,Muscicapidae,Copsychus,India,Uttar Pradesh,,25.413314,81.846528,2026,2026-01-09T10:33:50,iNaturalist research-grade observations
