node_id,name,type,source,degree,in_degree,out_degree
6,virus,Pathogen,WHO_DON,3413,3413,0
62,livestock,Animal,WHO_DON,1058,1058,0
12,cat,Animal,WHO_DON,920,920,0
130,2026,Date,PubMed,786,786,0
109,2025,Date,WHO_DON,628,628,0
63,wildlife,Animal,WHO_DON,601,601,0
103,2024,Date,WHO_DON,522,522,0
227,monkey,Animal,PubMed,447,447,0
226,monkeypox,Disease,PubMed,442,442,0
217,mpox,Disease,PubMed,441,441,0
60,bat,Animal,WHO_DON,428,428,0
27,bird,Animal,WHO_DON,424,424,0
176,dengue,Disease,PubMed,423,423,0
152,cattle,Animal,PubMed,421,421,0
173,rabies,Disease,PubMed,418,418,0
156,sheep,Animal,PubMed,406,406,0
124,rodent,Animal,PubMed,396,396,0
43,Africa,Location,WHO_DON,376,376,0
4,influenza,Disease,WHO_DON,367,367,0
5,avian influenza,Disease,WHO_DON,357,357,0
8,h5n1,Pathogen,WHO_DON,343,343,0
61,bats,Animal,WHO_DON,330,330,0
59,ebola,Disease,WHO_DON,312,312,0
1621,1995,Date,PubMed,272,272,0
155,goat,Animal,PubMed,270,270,0
104,swine,Animal,WHO_DON,237,237,0
2551,kyasanur forest disease,Disease,PubMed,216,216,0
487,scrub typhus,Disease,PubMed,215,215,0
126,dog,Animal,PubMed,214,214,0
488,orientia tsutsugamushi,Pathogen,PubMed,214,214,0
81,2023,Date,WHO_DON,211,211,0
75,India,Location,WHO_DON,210,210,0
9,poultry,Animal,WHO_DON,186,186,0
72,2022,Date,WHO_DON,182,182,0
64,primate,Animal,WHO_DON,163,163,0
151,pig,Animal,PubMed,157,157,0
120,brucellosis,Disease,PubMed,154,154,0
260,nipah,Disease,PubMed,151,151,0
28,birds,Animal,WHO_DON,147,147,0
485,Punjab,Location,PubMed,132,132,0
518,Rajasthan,Location,PubMed,127,127,0
220,Kerala,Location,PubMed,125,125,0
189,anthrax,Disease,PubMed,125,125,0
312,Karnataka,Location,PubMed,123,123,0
2690,West Bengal,Location,PubMed,123,123,0
358,leptospira,Pathogen,PubMed,122,122,0
357,leptospirosis,Disease,PubMed,120,120,0
73,2021,Date,WHO_DON,119,119,0
377,bacillus anthracis,Pathogen,PubMed,117,117,0
1189,Assam,Location,PubMed,114,114,0
1287,Uttar Pradesh,Location,PubMed,111,111,0
154,Tamil Nadu,Location,PubMed,110,110,0
26,China,Location,WHO_DON,102,102,0
2569,Maharashtra,Location,PubMed,99,99,0
112,2020,Date,WHO_DON,95,95,0
236,Gujarat,Location,PubMed,94,94,0
139,bacteria,Pathogen,PubMed,94,94,0
7,influenza virus,Pathogen,WHO_DON,61,61,0
17,2019,Date,WHO_DON,60,60,0
135,dogs,Animal,PubMed,58,58,0
79,Brazil,Location,WHO_DON,57,57,0
134,parasite,Pathogen,PubMed,56,56,0
49,2018,Date,WHO_DON,53,53,0
114,covid-19,Disease,WHO_DON,52,52,0
113,covid,Disease,WHO_DON,52,52,0
165,mammal,Animal,PubMed,52,52,0
83,2014,Date,WHO_DON,45,45,0
34,United States,Location,WHO_DON,44,44,0
50,2017,Date,WHO_DON,40,40,0
241,Europe,Location,PubMed,37,37,0
141,cats,Animal,PubMed,35,35,0
46,2015,Date,WHO_DON,32,32,0
76,Bangladesh,Location,WHO_DON,32,32,0
21,2013,Date,WHO_DON,31,31,0
22,2012,Date,WHO_DON,31,31,0
78,Thailand,Location,WHO_DON,31,31,0
23,coronavirus,Disease,WHO_DON,28,28,0
24,coronavirus,Pathogen,WHO_DON,28,28,0
213,rodents,Animal,PubMed,25,25,0
44,2010,Date,WHO_DON,24,24,0
19,2016,Date,WHO_DON,24,24,0
39,2000,Date,WHO_DON,22,22,0
14,2009,Date,WHO_DON,21,21,0
147,bacterium,Pathogen,PubMed,20,20,0
52,2007,Date,WHO_DON,19,19,0
10,chicken,Animal,WHO_DON,19,19,0
32,2005,Date,WHO_DON,18,18,0
232,ebolavirus,Pathogen,PubMed,18,18,0
289,2008,Date,PubMed,18,18,0
3,2006,Date,WHO_DON,17,17,0
91,USA,Location,WHO_DON,16,16,0
18,2003,Date,WHO_DON,16,16,0
16,Pakistan,Location,WHO_DON,15,15,0
254,PUBMED_42772571,Document,PubMed,15,0,15
137,tuberculosis,Disease,PubMed,15,15,0
196,1990,Date,PubMed,14,14,0
54,2004,Date,WHO_DON,14,14,0
102,WHO_0041,Document,WHO_DON,14,0,14
30,Indonesia,Location,WHO_DON,14,14,0
370,PUBMED_42747996,Document,PubMed,13,0,13
88,malaria,Disease,WHO_DON,13,13,0
77,Nepal,Location,WHO_DON,13,13,0
74,WHO_0027,Document,WHO_DON,13,0,13
473,PUBMED_42725043,Document,PubMed,13,0,13
229,PUBMED_42776928,Document,PubMed,12,0,12
450,PUBMED_42729870,Document,PubMed,12,0,12
284,hepatitis,Disease,PubMed,12,12,0
143,2011,Date,PubMed,12,12,0
685,PUBMED_42671199,Document,PubMed,12,0,12
646,PUBMED_42679799,Document,PubMed,12,0,12
94,2002,Date,WHO_DON,12,12,0
435,PUBMED_42733754,Document,PubMed,11,0,11
684,PUBMED_42671285,Document,PubMed,11,0,11
101,WHO_0040,Document,WHO_DON,11,0,11
1780,PUBMED_39651468,Document,PubMed,11,0,11
378,PUBMED_42746100,Document,PubMed,11,0,11
111,WHO_0047,Document,WHO_DON,11,0,11
242,horse,Animal,PubMed,11,11,0
456,PUBMED_42728358,Document,PubMed,11,0,11
172,PUBMED_42784359,Document,PubMed,11,0,11
178,fungi,Pathogen,PubMed,11,11,0
1,WHO_0001,Document,WHO_DON,11,0,11
212,PUBMED_42779234,Document,PubMed,10,0,10
676,PUBMED_42674071,Document,PubMed,10,0,10
153,PUBMED_42787270,Document,PubMed,10,0,10
149,PUBMED_42787473,Document,PubMed,10,0,10
989,PUBMED_40156347,Document,PubMed,10,0,10
471,PUBMED_42725071,Document,PubMed,10,0,10
1526,PUBMED_23597620,Document,PubMed,10,0,10
393,PUBMED_42744038,Document,PubMed,10,0,10
465,PUBMED_42726894,Document,PubMed,10,0,10
657,PUBMED_42677876,Document,PubMed,10,0,10
58,WHO_0021,Document,WHO_DON,10,0,10
2519,PUBMED_33386293,Document,PubMed,9,0,9
3619,PUBMED_9007094,Document,PubMed,9,0,9
3430,PUBMED_9005523,Document,PubMed,9,0,9
160,PUBMED_42787051,Document,PubMed,9,0,9
536,PUBMED_42707236,Document,PubMed,9,0,9
930,PUBMED_41545362,Document,PubMed,9,0,9
29,WHO_0006,Document,WHO_DON,9,0,9
25,WHO_0005,Document,WHO_DON,9,0,9
350,PUBMED_42751066,Document,PubMed,9,0,9
5119,PUBMED_9019156,Document,PubMed,9,0,9
2467,PUBMED_35255442,Document,PubMed,9,0,9
4541,PUBMED_9014543,Document,PubMed,9,0,9
122,PUBMED_42789295,Document,PubMed,9,0,9
3326,PUBMED_9004712,Document,PubMed,9,0,9
13,WHO_0002,Document,WHO_DON,9,0,9
2426,PUBMED_37151580,Document,PubMed,9,0,9
2309,PUBMED_41637464,Document,PubMed,9,0,9
1822,PUBMED_38484753,Document,PubMed,9,0,9
4884,PUBMED_9017323,Document,PubMed,9,0,9
909,PUBMED_42044493,Document,PubMed,9,0,9
388,PUBMED_42744253,Document,PubMed,9,0,9
5008,PUBMED_9018212,Document,PubMed,9,0,9
4911,PUBMED_9017553,Document,PubMed,9,0,9
4956,PUBMED_9017870,Document,PubMed,9,0,9
3785,PUBMED_9008374,Document,PubMed,9,0,9
392,PUBMED_42744055,Document,PubMed,9,0,9
195,PUBMED_42780750,Document,PubMed,9,0,9
442,PUBMED_42732532,Document,PubMed,9,0,9
1034,PUBMED_38149927,Document,PubMed,9,0,9
3932,PUBMED_9009574,Document,PubMed,9,0,9
2820,PUBMED_9000755,Document,PubMed,9,0,9
4894,PUBMED_9017405,Document,PubMed,9,0,9
2982,PUBMED_9001970,Document,PubMed,9,0,9
916,PUBMED_41959054,Document,PubMed,9,0,9
2737,PUBMED_9000134,Document,PubMed,9,0,9
2723,PUBMED_9000026,Document,PubMed,9,0,9
1043,PUBMED_36916982,Document,PubMed,8,0,8
4033,PUBMED_9010419,Document,PubMed,8,0,8
199,Vietnam,Location,PubMed,8,8,0
2024,PUBMED_42180662,Document,PubMed,8,0,8
486,PUBMED_42721862,Document,PubMed,8,0,8
163,PUBMED_42785969,Document,PubMed,8,0,8
505,PUBMED_42715281,Document,PubMed,8,0,8
484,PUBMED_42722042,Document,PubMed,8,0,8
3646,PUBMED_9007297,Document,PubMed,8,0,8
4151,PUBMED_9011417,Document,PubMed,8,0,8
3615,PUBMED_9007053,Document,PubMed,8,0,8
3650,PUBMED_9007326,Document,PubMed,8,0,8
2038,PUBMED_42024631,Document,PubMed,8,0,8
527,PUBMED_42710278,Document,PubMed,8,0,8
3417,PUBMED_9005450,Document,PubMed,8,0,8
552,PUBMED_42703562,Document,PubMed,8,0,8
97,WHO_0038,Document,WHO_DON,8,0,8
1657,PUBMED_35252095,Document,PubMed,8,0,8
4425,PUBMED_9013577,Document,PubMed,8,0,8
51,WHO_0017,Document,WHO_DON,8,0,8
31,WHO_0007,Document,WHO_DON,8,0,8
5179,PUBMED_9019664,Document,PubMed,8,0,8
4386,PUBMED_9013249,Document,PubMed,8,0,8
2,Egypt,Location,WHO_DON,8,8,0
616,PUBMED_42687974,Document,PubMed,8,0,8
2337,PUBMED_40827904,Document,PubMed,8,0,8
138,PUBMED_42788037,Document,PubMed,8,0,8
3610,PUBMED_9007015,Document,PubMed,8,0,8
4093,PUBMED_9010879,Document,PubMed,8,0,8
4101,PUBMED_9010955,Document,PubMed,8,0,8
191,PUBMED_42780858,Document,PubMed,8,0,8
66,WHO_0023,Document,WHO_DON,8,0,8
57,WHO_0020,Document,WHO_DON,8,0,8
3490,PUBMED_9006033,Document,PubMed,8,0,8
1737,PUBMED_41034952,Document,PubMed,8,0,8
174,PUBMED_42784354,Document,PubMed,8,0,8
4238,PUBMED_9012090,Document,PubMed,8,0,8
4454,PUBMED_9013824,Document,PubMed,8,0,8
677,PUBMED_42674005,Document,PubMed,8,0,8
4243,PUBMED_9012141,Document,PubMed,8,0,8
4179,PUBMED_9011644,Document,PubMed,8,0,8
686,PUBMED_42671198,Document,PubMed,8,0,8
4181,PUBMED_9011665,Document,PubMed,8,0,8
4542,PUBMED_9014547,Document,PubMed,8,0,8
2457,PUBMED_35657574,Document,PubMed,8,0,8
4587,PUBMED_9014898,Document,PubMed,8,0,8
2878,PUBMED_9001171,Document,PubMed,8,0,8
858,PUBMED_42590901,Document,PubMed,8,0,8
2915,PUBMED_9001457,Document,PubMed,8,0,8
1988,PUBMED_42623297,Document,PubMed,8,0,8
402,PUBMED_42742179,Document,PubMed,8,0,8
389,1996,Date,PubMed,8,8,0
867,PUBMED_42583221,Document,PubMed,8,0,8
4700,PUBMED_9015774,Document,PubMed,8,0,8
4670,PUBMED_9015524,Document,PubMed,8,0,8
2193,PUBMED_40634987,Document,PubMed,8,0,8
446,PUBMED_42730521,Document,PubMed,8,0,8
414,PUBMED_42738562,Document,PubMed,8,0,8
230,PUBMED_42776647,Document,PubMed,8,0,8
273,PUBMED_42768131,Document,PubMed,8,0,8
3111,PUBMED_9002971,Document,PubMed,8,0,8
998,PUBMED_39848246,Document,PubMed,8,0,8
2021,PUBMED_42245449,Document,PubMed,8,0,8
1047,PUBMED_36219598,Document,PubMed,8,0,8
3183,PUBMED_9003578,Document,PubMed,8,0,8
3145,PUBMED_9003262,Document,PubMed,8,0,8
496,PUBMED_42718589,Document,PubMed,8,0,8
455,PUBMED_42728698,Document,PubMed,8,0,8
4001,PUBMED_9010138,Document,PubMed,8,0,8
445,PUBMED_42730531,Document,PubMed,8,0,8
3853,PUBMED_9008942,Document,PubMed,8,0,8
4605,PUBMED_9015035,Document,PubMed,8,0,8
2802,PUBMED_9000630,Document,PubMed,8,0,8
3894,PUBMED_9009283,Document,PubMed,8,0,8
2206,PUBMED_40531798,Document,PubMed,8,0,8
420,PUBMED_42738428,Document,PubMed,8,0,8
1019,PUBMED_39010948,Document,PubMed,8,0,8
1036,PUBMED_38024264,Document,PubMed,8,0,8
11,duck,Animal,WHO_DON,8,8,0
3714,PUBMED_9007794,Document,PubMed,8,0,8
2151,PUBMED_41012642,Document,PubMed,8,0,8
2911,PUBMED_9001416,Document,PubMed,8,0,8
893,PUBMED_42370406,Document,PubMed,8,0,8
2962,PUBMED_9001821,Document,PubMed,8,0,8
939,PUBMED_41422038,Document,PubMed,8,0,8
1915,PUBMED_36329989,Document,PubMed,8,0,8
891,1968,Date,PubMed,8,8,0
1973,PUBMED_42708527,Document,PubMed,8,0,8
2001,PUBMED_42434701,Document,PubMed,8,0,8
2200,PUBMED_40583348,Document,PubMed,8,0,8
972,PUBMED_40617962,Document,PubMed,8,0,8
966,PUBMED_40747555,Document,PubMed,8,0,8
973,PUBMED_40562366,Document,PubMed,8,0,8
1418,PUBMED_34960769,Document,PubMed,8,0,8
3807,PUBMED_9008556,Document,PubMed,8,0,8
2836,PUBMED_9000896,Document,PubMed,8,0,8
3803,PUBMED_9008519,Document,PubMed,8,0,8
1974,PUBMED_42708007,Document,PubMed,8,0,8
1969,PUBMED_42747820,Document,PubMed,8,0,8
1965,PUBMED_42782136,Document,PubMed,8,0,8
931,PUBMED_41526385,Document,PubMed,8,0,8
3725,PUBMED_9007880,Document,PubMed,8,0,8
4753,PUBMED_9016204,Document,PubMed,8,0,8
3776,PUBMED_9008305,Document,PubMed,8,0,8
5160,PUBMED_9019488,Document,PubMed,8,0,8
903,PUBMED_42096344,Document,PubMed,8,0,8
3398,PUBMED_9005332,Document,PubMed,8,0,8
1417,PUBMED_35215778,Document,PubMed,8,0,8
4912,PUBMED_9017557,Document,PubMed,8,0,8
80,WHO_0028,Document,WHO_DON,8,0,8
5189,PUBMED_9019736,Document,PubMed,7,0,7
3396,PUBMED_9005323,Document,PubMed,7,0,7
3488,PUBMED_9006024,Document,PubMed,7,0,7
3404,PUBMED_9005363,Document,PubMed,7,0,7
3402,PUBMED_9005354,Document,PubMed,7,0,7
3411,PUBMED_9005393,Document,PubMed,7,0,7
579,PUBMED_42697353,Document,PubMed,7,0,7
4401,PUBMED_9013376,Document,PubMed,7,0,7
4438,PUBMED_9013692,Document,PubMed,7,0,7
2332,PUBMED_41004516,Document,PubMed,7,0,7
2322,PUBMED_41202095,Document,PubMed,7,0,7
2397,PUBMED_38777985,Document,PubMed,7,0,7
4350,PUBMED_9012931,Document,PubMed,7,0,7
4339,PUBMED_9012861,Document,PubMed,7,0,7
4327,PUBMED_9012761,Document,PubMed,7,0,7
4322,PUBMED_9012721,Document,PubMed,7,0,7
4392,PUBMED_9013297,Document,PubMed,7,0,7
2388,PUBMED_39304348,Document,PubMed,7,0,7
3275,PUBMED_9004312,Document,PubMed,7,0,7
4838,PUBMED_9016915,Document,PubMed,7,0,7
4835,PUBMED_9016880,Document,PubMed,7,0,7
1960,PUBMED_35095371,Document,PubMed,7,0,7
1956,PUBMED_35206794,Document,PubMed,7,0,7
1979,PUBMED_42655683,Document,PubMed,7,0,7
1950,PUBMED_35457659,Document,PubMed,7,0,7
3015,PUBMED_9002242,Document,PubMed,7,0,7
3014,PUBMED_9002234,Document,PubMed,7,0,7
3012,PUBMED_9002216,Document,PubMed,7,0,7
929,PUBMED_41564537,Document,PubMed,7,0,7
928,PUBMED_41565636,Document,PubMed,7,0,7
925,PUBMED_41668256,Document,PubMed,7,0,7
2155,PUBMED_40978069,Document,PubMed,7,0,7
2152,PUBMED_41012622,Document,PubMed,7,0,7
4760,PUBMED_9016280,Document,PubMed,7,0,7
4759,PUBMED_9016266,Document,PubMed,7,0,7
4920,PUBMED_9017638,Document,PubMed,7,0,7
4913,PUBMED_9017569,Document,PubMed,7,0,7
3760,PUBMED_9008187,Document,PubMed,7,0,7
3755,PUBMED_9008145,Document,PubMed,7,0,7
3754,PUBMED_9008133,Document,PubMed,7,0,7
3748,PUBMED_9008085,Document,PubMed,7,0,7
911,PUBMED_42022805,Document,PubMed,7,0,7
4754,PUBMED_9016217,Document,PubMed,7,0,7
328,PUBMED_42757101,Document,PubMed,7,0,7
3777,PUBMED_9008308,Document,PubMed,7,0,7
902,PUBMED_42141860,Document,PubMed,7,0,7
900,PUBMED_42207910,Document,PubMed,7,0,7
1374,PUBMED_42788597,Document,PubMed,7,0,7
3042,PUBMED_9002440,Document,PubMed,7,0,7
3701,PUBMED_9007713,Document,PubMed,7,0,7
935,PUBMED_41472307,Document,PubMed,7,0,7
3767,PUBMED_9008244,Document,PubMed,7,0,7
3764,PUBMED_9008217,Document,PubMed,7,0,7
895,PUBMED_42330167,Document,PubMed,7,0,7
4730,PUBMED_9016003,Document,PubMed,7,0,7
4728,PUBMED_9015993,Document,PubMed,7,0,7
383,PUBMED_42745448,Document,PubMed,7,0,7
2171,PUBMED_40852005,Document,PubMed,7,0,7
2167,PUBMED_40889734,Document,PubMed,7,0,7
2910,PUBMED_9001412,Document,PubMed,7,0,7
2907,PUBMED_9001392,Document,PubMed,7,0,7
2889,PUBMED_9001248,Document,PubMed,7,0,7
3083,PUBMED_9002722,Document,PubMed,7,0,7
1003,PUBMED_39641589,Document,PubMed,7,0,7
3067,PUBMED_9002614,Document,PubMed,7,0,7
3059,PUBMED_9002563,Document,PubMed,7,0,7
1963,PUBMED_34965891,Document,PubMed,7,0,7
2016,PUBMED_42286531,Document,PubMed,7,0,7
2013,PUBMED_42318655,Document,PubMed,7,0,7
3052,PUBMED_9002506,Document,PubMed,7,0,7
3673,PUBMED_9007488,Document,PubMed,7,0,7
3670,PUBMED_9007479,Document,PubMed,7,0,7
1026,PUBMED_38596323,Document,PubMed,7,0,7
1024,PUBMED_38712345,Document,PubMed,7,0,7
985,PUBMED_40295755,Document,PubMed,7,0,7
3665,PUBMED_9007441,Document,PubMed,7,0,7
2868,PUBMED_9001098,Document,PubMed,7,0,7
2912,PUBMED_9001428,Document,PubMed,7,0,7
2182,PUBMED_40763194,Document,PubMed,7,0,7
4694,PUBMED_9015725,Document,PubMed,7,0,7
4677,PUBMED_9015582,Document,PubMed,7,0,7
1902,PUBMED_36570591,Document,PubMed,7,0,7
3770,PUBMED_9008252,Document,PubMed,7,0,7
1040,PUBMED_37679333,Document,PubMed,7,0,7
3093,PUBMED_9002811,Document,PubMed,7,0,7
4950,PUBMED_9017834,Document,PubMed,7,0,7
4946,PUBMED_9017821,Document,PubMed,7,0,7
4937,PUBMED_9017740,Document,PubMed,7,0,7
2047,PUBMED_41943416,Document,PubMed,7,0,7
376,PUBMED_42746171,Document,PubMed,7,0,7
2854,PUBMED_9001027,Document,PubMed,7,0,7
2846,PUBMED_9000969,Document,PubMed,7,0,7
2845,PUBMED_9000954,Document,PubMed,7,0,7
2838,PUBMED_9000911,Document,PubMed,7,0,7
1456,PUBMED_30615584,Document,PubMed,7,0,7
3814,PUBMED_9008602,Document,PubMed,7,0,7
2879,PUBMED_9001175,Document,PubMed,7,0,7
4903,PUBMED_9017475,Document,PubMed,7,0,7
1987,PUBMED_42624639,Document,PubMed,7,0,7
4639,PUBMED_9015295,Document,PubMed,7,0,7
4638,PUBMED_9015288,Document,PubMed,7,0,7
3907,PUBMED_9009406,Document,PubMed,7,0,7
3956,PUBMED_9009772,Document,PubMed,7,0,7
2801,PUBMED_9000625,Document,PubMed,7,0,7
2830,PUBMED_9000849,Document,PubMed,7,0,7
2865,PUBMED_9001090,Document,PubMed,7,0,7
844,PUBMED_42603017,Document,PubMed,7,0,7
3828,PUBMED_9008706,Document,PubMed,7,0,7
2859,PUBMED_9001050,Document,PubMed,7,0,7
4659,PUBMED_9015455,Document,PubMed,7,0,7
4653,PUBMED_9015402,Document,PubMed,7,0,7
4648,PUBMED_9015355,Document,PubMed,7,0,7
1857,PUBMED_37554890,Document,PubMed,7,0,7
3664,PUBMED_9007433,Document,PubMed,7,0,7
3657,PUBMED_9007387,Document,PubMed,7,0,7
250,PUBMED_42773359,Document,PubMed,7,0,7
249,PUBMED_42773470,Document,PubMed,7,0,7
5000,PUBMED_9018171,Document,PubMed,7,0,7
1058,PUBMED_31951644,Document,PubMed,7,0,7
1054,PUBMED_32558220,Document,PubMed,7,0,7
3155,PUBMED_9003355,Document,PubMed,7,0,7
3154,PUBMED_9003345,Document,PubMed,7,0,7
3149,PUBMED_9003289,Document,PubMed,7,0,7
3148,PUBMED_9003285,Document,PubMed,7,0,7
4998,PUBMED_9018144,Document,PubMed,7,0,7
3929,PUBMED_9009557,Document,PubMed,7,0,7
1829,PUBMED_38372845,Document,PubMed,7,0,7
2208,PUBMED_40529678,Document,PubMed,7,0,7
2205,PUBMED_40532107,Document,PubMed,7,0,7
2202,PUBMED_40573344,Document,PubMed,7,0,7
424,PUBMED_42736213,Document,PubMed,7,0,7
240,PUBMED_42774690,Document,PubMed,7,0,7
2023,PUBMED_42185822,Document,PubMed,7,0,7
1301,PUBMED_40891433,Document,PubMed,7,0,7
3129,PUBMED_9003114,Document,PubMed,7,0,7
3185,PUBMED_9003584,Document,PubMed,7,0,7
1048,PUBMED_34956648,Document,PubMed,7,0,7
3967,PUBMED_9009859,Document,PubMed,7,0,7
3961,PUBMED_9009805,Document,PubMed,7,0,7
2728,PUBMED_9000081,Document,PubMed,7,0,7
4626,PUBMED_9015197,Document,PubMed,7,0,7
4625,PUBMED_9015190,Document,PubMed,7,0,7
461,PUBMED_42727289,Document,PubMed,7,0,7
1522,PUBMED_23750507,Document,PubMed,7,0,7
1475,PUBMED_29237041,Document,PubMed,7,0,7
2775,PUBMED_9000435,Document,PubMed,7,0,7
4965,PUBMED_9017921,Document,PubMed,7,0,7
5014,PUBMED_9018269,Document,PubMed,7,0,7
219,PUBMED_42778230,Document,PubMed,7,0,7
216,PUBMED_42778602,Document,PubMed,7,0,7
5104,PUBMED_9019054,Document,PubMed,7,0,7
4111,PUBMED_9011052,Document,PubMed,7,0,7
1579,PUBMED_17326958,Document,PubMed,7,0,7
1544,PUBMED_21879147,Document,PubMed,7,0,7
4047,PUBMED_9010522,Document,PubMed,7,0,7
4040,PUBMED_9010480,Document,PubMed,7,0,7
1802,PUBMED_39146252,Document,PubMed,7,0,7
1565,PUBMED_18501284,Document,PubMed,7,0,7
4015,PUBMED_9010268,Document,PubMed,7,0,7
4014,PUBMED_9010255,Document,PubMed,7,0,7
4002,PUBMED_9010140,Document,PubMed,7,0,7
4987,PUBMED_9018097,Document,PubMed,7,0,7
4985,PUBMED_9018075,Document,PubMed,7,0,7
4575,PUBMED_9014819,Document,PubMed,7,0,7
4553,PUBMED_9014613,Document,PubMed,7,0,7
4547,PUBMED_9014579,Document,PubMed,7,0,7
1789,PUBMED_39459912,Document,PubMed,7,0,7
1610,PUBMED_11193644,Document,PubMed,7,0,7
4107,PUBMED_9011019,Document,PubMed,7,0,7
1821,PUBMED_38526081,Document,PubMed,7,0,7
1597,PUBMED_14720182,Document,PubMed,7,0,7
1590,PUBMED_15962560,Document,PubMed,7,0,7
4084,PUBMED_9010801,Document,PubMed,7,0,7
4082,PUBMED_9010785,Document,PubMed,7,0,7
4069,PUBMED_9010679,Document,PubMed,7,0,7
1046,PUBMED_36484390,Document,PubMed,7,0,7
2064,PUBMED_41754602,Document,PubMed,7,0,7
2059,PUBMED_41813810,Document,PubMed,7,0,7
5016,PUBMED_9018286,Document,PubMed,7,0,7
4126,PUBMED_9011181,Document,PubMed,7,0,7
5038,PUBMED_9018473,Document,PubMed,7,0,7
2065,PUBMED_41737841,Document,PubMed,7,0,7
1059,PUBMED_30314780,Document,PubMed,7,0,7
3649,PUBMED_9007317,Document,PubMed,7,0,7
3647,PUBMED_9007308,Document,PubMed,7,0,7
3643,PUBMED_9007277,Document,PubMed,7,0,7
3642,PUBMED_9007271,Document,PubMed,7,0,7
1052,PUBMED_33187179,Document,PubMed,7,0,7
1050,PUBMED_34625868,Document,PubMed,7,0,7
4121,PUBMED_9011143,Document,PubMed,7,0,7
4117,PUBMED_9011093,Document,PubMed,7,0,7
4113,PUBMED_9011062,Document,PubMed,7,0,7
4177,PUBMED_9011630,Document,PubMed,7,0,7
4174,PUBMED_9011621,Document,PubMed,7,0,7
2530,PUBMED_32976707,Document,PubMed,7,0,7
3178,PUBMED_9003545,Document,PubMed,7,0,7
2082,PUBMED_41592252,Document,PubMed,7,0,7
5077,PUBMED_9018803,Document,PubMed,7,0,7
5053,PUBMED_9018597,Document,PubMed,7,0,7
3170,PUBMED_9003477,Document,PubMed,7,0,7
3232,PUBMED_9003990,Document,PubMed,7,0,7
3583,PUBMED_9006796,Document,PubMed,7,0,7
3582,PUBMED_9006788,Document,PubMed,7,0,7
3575,PUBMED_9006731,Document,PubMed,7,0,7
2495,PUBMED_34211351,Document,PubMed,7,0,7
4172,PUBMED_9011601,Document,PubMed,7,0,7
4156,PUBMED_9011468,Document,PubMed,7,0,7
4196,PUBMED_9011753,Document,PubMed,7,0,7
4140,PUBMED_9011310,Document,PubMed,7,0,7
4139,PUBMED_9011307,Document,PubMed,7,0,7
4129,PUBMED_9011200,Document,PubMed,7,0,7
150,PUBMED_42787463,Document,PubMed,7,0,7
3499,PUBMED_9006110,Document,PubMed,7,0,7
3557,PUBMED_9006616,Document,PubMed,7,0,7
683,PUBMED_42671719,Document,PubMed,7,0,7
680,PUBMED_42672081,Document,PubMed,7,0,7
2502,PUBMED_34048430,Document,PubMed,7,0,7
3565,PUBMED_9006656,Document,PubMed,7,0,7
3219,PUBMED_9003900,Document,PubMed,7,0,7
2057,PUBMED_41830101,Document,PubMed,7,0,7
2054,PUBMED_41874581,Document,PubMed,7,0,7
3210,PUBMED_9003816,Document,PubMed,7,0,7
1267,PUBMED_41197138,Document,PubMed,7,0,7
3260,PUBMED_9004206,Document,PubMed,7,0,7
3545,PUBMED_9006516,Document,PubMed,7,0,7
3254,PUBMED_9004143,Document,PubMed,7,0,7
3596,PUBMED_9006914,Document,PubMed,7,0,7
4269,PUBMED_9012357,Document,PubMed,7,0,7
4259,PUBMED_9012284,Document,PubMed,7,0,7
4245,PUBMED_9012161,Document,PubMed,7,0,7
4320,PUBMED_9012715,Document,PubMed,7,0,7
4469,PUBMED_9013967,Document,PubMed,7,0,7
4461,PUBMED_9013900,Document,PubMed,7,0,7
4459,PUBMED_9013875,Document,PubMed,7,0,7
4456,PUBMED_9013844,Document,PubMed,7,0,7
517,PUBMED_42713208,Document,PubMed,7,0,7
2273,PUBMED_42532224,Document,PubMed,7,0,7
2263,PUBMED_40096741,Document,PubMed,7,0,7
2262,PUBMED_40107344,Document,PubMed,7,0,7
4223,PUBMED_9011975,Document,PubMed,7,0,7
4282,PUBMED_9012452,Document,PubMed,7,0,7
2478,PUBMED_34696405,Document,PubMed,7,0,7
107,WHO_0044,Document,WHO_DON,7,0,7
3314,PUBMED_9004634,Document,PubMed,7,0,7
2083,PUBMED_41575511,Document,PubMed,7,0,7
5136,PUBMED_9019299,Document,PubMed,7,0,7
5126,PUBMED_9019198,Document,PubMed,7,0,7
140,PUBMED_42787989,Document,PubMed,7,0,7
3303,PUBMED_9004534,Document,PubMed,7,0,7
1227,PUBMED_41539584,Document,PubMed,7,0,7
3459,PUBMED_9005781,Document,PubMed,7,0,7
4296,PUBMED_9012551,Document,PubMed,7,0,7
4291,PUBMED_9012515,Document,PubMed,7,0,7
2430,PUBMED_36992498,Document,PubMed,7,0,7
4435,PUBMED_9013676,Document,PubMed,7,0,7
2301,PUBMED_41830525,Document,PubMed,7,0,7
1655,PUBMED_38511004,Document,PubMed,7,0,7
2487,PUBMED_34438095,Document,PubMed,7,0,7
4271,PUBMED_9012374,Document,PubMed,7,0,7
5180,PUBMED_9019665,Document,PubMed,7,0,7
5210,PUBMED_9019918,Document,PubMed,7,0,7
2132,PUBMED_41136687,Document,PubMed,7,0,7
603,PUBMED_42691526,Document,PubMed,7,0,7
4363,PUBMED_9013046,Document,PubMed,7,0,7
572,PUBMED_42699591,Document,PubMed,7,0,7
2354,PUBMED_40407131,Document,PubMed,7,0,7
2345,PUBMED_40584258,Document,PubMed,7,0,7
71,WHO_0026,Document,WHO_DON,7,0,7
69,1997,Date,WHO_DON,7,7,0
96,WHO_0037,Document,WHO_DON,7,0,7
3443,PUBMED_9005650,Document,PubMed,7,0,7
5146,PUBMED_9019381,Document,PubMed,7,0,7
123,1994,Date,PubMed,7,7,0
3342,PUBMED_9004835,Document,PubMed,7,0,7
3341,PUBMED_9004833,Document,PubMed,7,0,7
4810,PUBMED_9016695,Document,PubMed,7,0,7
2933,PUBMED_9001605,Document,PubMed,7,0,7
2976,PUBMED_9001925,Document,PubMed,7,0,7
3736,PUBMED_9007964,Document,PubMed,7,0,7
907,PUBMED_42064832,Document,PubMed,7,0,7
4807,PUBMED_9016675,Document,PubMed,7,0,7
4802,PUBMED_9016647,Document,PubMed,7,0,7
4796,PUBMED_9016593,Document,PubMed,7,0,7
1967,PUBMED_42774934,Document,PubMed,7,0,7
3009,PUBMED_9002200,Document,PubMed,7,0,7
3723,PUBMED_9007862,Document,PubMed,7,0,7
961,PUBMED_40872830,Document,PubMed,7,0,7
957,PUBMED_40960863,Document,PubMed,7,0,7
921,PUBMED_41846968,Document,PubMed,7,0,7
36,WHO_0009,Document,WHO_DON,7,0,7
35,2001,Date,WHO_DON,7,7,0
5200,PUBMED_9019834,Document,PubMed,6,0,6
2143,PUBMED_41068979,Document,PubMed,6,0,6
2117,PUBMED_41275023,Document,PubMed,6,0,6
55,typhoid,Disease,WHO_DON,6,6,0
3410,PUBMED_9005385,Document,PubMed,6,0,6
1183,PUBMED_41812811,Document,PubMed,6,0,6
3420,PUBMED_9005473,Document,PubMed,6,0,6
3434,PUBMED_9005563,Document,PubMed,6,0,6
3403,PUBMED_9005355,Document,PubMed,6,0,6
1204,PUBMED_41719291,Document,PubMed,6,0,6
3335,PUBMED_9004791,Document,PubMed,6,0,6
3350,PUBMED_9004906,Document,PubMed,6,0,6
3354,PUBMED_9004943,Document,PubMed,6,0,6
2084,PUBMED_41572902,Document,PubMed,6,0,6
2087,PUBMED_41558442,Document,PubMed,6,0,6
2127,PUBMED_41173508,Document,PubMed,6,0,6
2130,PUBMED_41147642,Document,PubMed,6,0,6
4317,PUBMED_9012690,Document,PubMed,6,0,6
2370,PUBMED_39991700,Document,PubMed,6,0,6
1689,PUBMED_42497312,Document,PubMed,6,0,6
2372,PUBMED_39855853,Document,PubMed,6,0,6
2378,PUBMED_39764202,Document,PubMed,6,0,6
4323,PUBMED_9012724,Document,PubMed,6,0,6
4324,PUBMED_9012727,Document,PubMed,6,0,6
612,PUBMED_42689109,Document,PubMed,6,0,6
4346,PUBMED_9012903,Document,PubMed,6,0,6
4349,PUBMED_9012930,Document,PubMed,6,0,6
2394,PUBMED_38880578,Document,PubMed,6,0,6
1722,PUBMED_41647603,Document,PubMed,6,0,6
1728,PUBMED_41526916,Document,PubMed,6,0,6
1730,PUBMED_41344701,Document,PubMed,6,0,6
584,PUBMED_42696215,Document,PubMed,6,0,6
4403,PUBMED_9013391,Document,PubMed,6,0,6
4419,PUBMED_9013535,Document,PubMed,6,0,6
4429,PUBMED_9013623,Document,PubMed,6,0,6
4432,PUBMED_9013652,Document,PubMed,6,0,6
4434,PUBMED_9013669,Document,PubMed,6,0,6
4436,PUBMED_9013687,Document,PubMed,6,0,6
1715,PUBMED_42002983,Document,PubMed,6,0,6
1721,PUBMED_41662363,Document,PubMed,6,0,6
2445,PUBMED_36534358,Document,PubMed,6,0,6
2447,PUBMED_36338866,Document,PubMed,6,0,6
2456,PUBMED_35686140,Document,PubMed,6,0,6
1674,PUBMED_42708069,Document,PubMed,6,0,6
2419,PUBMED_37529427,Document,PubMed,6,0,6
2431,PUBMED_40303798,Document,PubMed,6,0,6
4297,PUBMED_9012553,Document,PubMed,6,0,6
4306,PUBMED_9012598,Document,PubMed,6,0,6
4308,PUBMED_9012615,Document,PubMed,6,0,6
2268,PUBMED_42572555,Document,PubMed,6,0,6
522,PUBMED_42711694,Document,PubMed,6,0,6
556,PUBMED_42702625,Document,PubMed,6,0,6
1735,PUBMED_41194066,Document,PubMed,6,0,6
4244,PUBMED_9012154,Document,PubMed,6,0,6
1659,PUBMED_33498685,Document,PubMed,6,0,6
1660,PUBMED_33139552,Document,PubMed,6,0,6
1661,PUBMED_31682727,Document,PubMed,6,0,6
2435,PUBMED_36794933,Document,PubMed,6,0,6
2438,PUBMED_36723830,Document,PubMed,6,0,6
2293,PUBMED_42198684,Document,PubMed,6,0,6
2295,PUBMED_42114331,Document,PubMed,6,0,6
2298,PUBMED_42007475,Document,PubMed,6,0,6
2304,PUBMED_41754457,Document,PubMed,6,0,6
574,PUBMED_42699212,Document,PubMed,6,0,6
578,PUBMED_42698579,Document,PubMed,6,0,6
534,PUBMED_42707635,Document,PubMed,6,0,6
4501,PUBMED_9014215,Document,PubMed,6,0,6
4502,PUBMED_9014218,Document,PubMed,6,0,6
4506,PUBMED_9014254,Document,PubMed,6,0,6
1604,PUBMED_12381556,Document,PubMed,6,0,6
2459,PUBMED_35601224,Document,PubMed,6,0,6
2460,PUBMED_35583250,Document,PubMed,6,0,6
2468,PUBMED_35092189,Document,PubMed,6,0,6
2476,PUBMED_34774124,Document,PubMed,6,0,6
4203,PUBMED_9011790,Document,PubMed,6,0,6
673,PUBMED_42674244,Document,PubMed,6,0,6
4217,PUBMED_9011911,Document,PubMed,6,0,6
4227,PUBMED_9012007,Document,PubMed,6,0,6
4228,PUBMED_9012011,Document,PubMed,6,0,6
4231,PUBMED_9012028,Document,PubMed,6,0,6
2267,PUBMED_42573341,Document,PubMed,6,0,6
2504,PUBMED_33963677,Document,PubMed,6,0,6
2507,PUBMED_33866448,Document,PubMed,6,0,6
2508,PUBMED_33770472,Document,PubMed,6,0,6
4178,PUBMED_9011642,Document,PubMed,6,0,6
4180,PUBMED_9011659,Document,PubMed,6,0,6
4191,PUBMED_9011717,Document,PubMed,6,0,6
1603,PUBMED_12604002,Document,PubMed,6,0,6
2246,PUBMED_40212205,Document,PubMed,6,0,6
2247,PUBMED_40205551,Document,PubMed,6,0,6
2251,PUBMED_40178341,Document,PubMed,6,0,6
2257,PUBMED_40133528,Document,PubMed,6,0,6
2258,PUBMED_40130288,Document,PubMed,6,0,6
4486,PUBMED_9014082,Document,PubMed,6,0,6
4491,PUBMED_9014122,Document,PubMed,6,0,6
4496,PUBMED_9014169,Document,PubMed,6,0,6
4497,PUBMED_9014177,Document,PubMed,6,0,6
528,PUBMED_42710264,Document,PubMed,6,0,6
4518,PUBMED_9014361,Document,PubMed,6,0,6
4519,PUBMED_9014362,Document,PubMed,6,0,6
4526,PUBMED_9014413,Document,PubMed,6,0,6
4527,PUBMED_9014416,Document,PubMed,6,0,6
4538,PUBMED_9014517,Document,PubMed,6,0,6
1752,PUBMED_40624596,Document,PubMed,6,0,6
1753,PUBMED_40614008,Document,PubMed,6,0,6
1783,PUBMED_39560125,Document,PubMed,6,0,6
1788,PUBMED_39467149,Document,PubMed,6,0,6
4155,PUBMED_9011457,Document,PubMed,6,0,6
4165,PUBMED_9011529,Document,PubMed,6,0,6
4168,PUBMED_9011561,Document,PubMed,6,0,6
2546,PUBMED_32134214,Document,PubMed,6,0,6
2494,PUBMED_34218820,Document,PubMed,6,0,6
2496,PUBMED_34154674,Document,PubMed,6,0,6
1769,PUBMED_40050780,Document,PubMed,6,0,6
1770,PUBMED_40046245,Document,PubMed,6,0,6
1772,PUBMED_39871324,Document,PubMed,6,0,6
1776,PUBMED_39693796,Document,PubMed,6,0,6
499,PUBMED_42717763,Document,PubMed,6,0,6
4550,PUBMED_9014593,Document,PubMed,6,0,6
4554,PUBMED_9014615,Document,PubMed,6,0,6
2228,PUBMED_40300351,Document,PubMed,6,0,6
2229,PUBMED_40289589,Document,PubMed,6,0,6
2531,PUBMED_32967296,Document,PubMed,6,0,6
2543,PUBMED_32358619,Document,PubMed,6,0,6
4114,PUBMED_9011064,Document,PubMed,6,0,6
4130,PUBMED_9011212,Document,PubMed,6,0,6
4134,PUBMED_9011265,Document,PubMed,6,0,6
4192,PUBMED_9011732,Document,PubMed,6,0,6
523,PUBMED_42711057,Document,PubMed,6,0,6
2236,PUBMED_40245474,Document,PubMed,6,0,6
491,PUBMED_42720549,Document,PubMed,6,0,6
4579,PUBMED_9014841,Document,PubMed,6,0,6
4588,PUBMED_9014909,Document,PubMed,6,0,6
2581,PUBMED_34152964,Document,PubMed,6,0,6
693,PUBMED_42800314,Document,PubMed,6,0,6
694,PUBMED_42799860,Document,PubMed,6,0,6
700,PUBMED_42798017,Document,PubMed,6,0,6
4095,PUBMED_9010897,Document,PubMed,6,0,6
4099,PUBMED_9010937,Document,PubMed,6,0,6
4104,PUBMED_9010987,Document,PubMed,6,0,6
1572,PUBMED_17913050,Document,PubMed,6,0,6
1612,PUBMED_9684293,Document,PubMed,6,0,6
2515,PUBMED_33628412,Document,PubMed,6,0,6
2518,PUBMED_33431302,Document,PubMed,6,0,6
1793,PUBMED_39425220,Document,PubMed,6,0,6
4046,PUBMED_9010519,Document,PubMed,6,0,6
4049,PUBMED_9010539,Document,PubMed,6,0,6
4056,PUBMED_9010582,Document,PubMed,6,0,6
2606,PUBMED_9267427,Document,PubMed,6,0,6
2607,PUBMED_3603621,Document,PubMed,6,0,6
4110,PUBMED_9011043,Document,PubMed,6,0,6
4068,PUBMED_9010671,Document,PubMed,6,0,6
4074,PUBMED_9010721,Document,PubMed,6,0,6
4078,PUBMED_9010753,Document,PubMed,6,0,6
4079,PUBMED_9010758,Document,PubMed,6,0,6
1556,PUBMED_19492948,Document,PubMed,6,0,6
1602,PUBMED_12637081,Document,PubMed,6,0,6
2568,PUBMED_38257879,Document,PubMed,6,0,6
2231,PUBMED_40284923,Document,PubMed,6,0,6
2234,PUBMED_40263113,Document,PubMed,6,0,6
2235,PUBMED_40250995,Document,PubMed,6,0,6
443,PUBMED_42732490,Document,PubMed,6,0,6
4597,PUBMED_9014994,Document,PubMed,6,0,6
4599,PUBMED_9015010,Document,PubMed,6,0,6
4600,PUBMED_9015011,Document,PubMed,6,0,6
4607,PUBMED_9015050,Document,PubMed,6,0,6
4608,PUBMED_9015052,Document,PubMed,6,0,6
4610,PUBMED_9015070,Document,PubMed,6,0,6
1807,PUBMED_38861425,Document,PubMed,6,0,6
1840,PUBMED_38101440,Document,PubMed,6,0,6
2636,PUBMED_42639605,Document,PubMed,6,0,6
2647,PUBMED_42341958,Document,PubMed,6,0,6
4086,PUBMED_9010806,Document,PubMed,6,0,6
4090,PUBMED_9010851,Document,PubMed,6,0,6
767,PUBMED_42661562,Document,PubMed,6,0,6
4037,PUBMED_9010442,Document,PubMed,6,0,6
4039,PUBMED_9010465,Document,PubMed,6,0,6
3985,PUBMED_9010015,Document,PubMed,6,0,6
2721,PUBMED_9000011,Document,PubMed,6,0,6
1551,PUBMED_19901385,Document,PubMed,6,0,6
2661,PUBMED_41921463,Document,PubMed,6,0,6
2668,PUBMED_41821585,Document,PubMed,6,0,6
2672,PUBMED_41714607,Document,PubMed,6,0,6
1524,PUBMED_23677045,Document,PubMed,6,0,6
4061,PUBMED_9010633,Document,PubMed,6,0,6
4007,PUBMED_9010182,Document,PubMed,6,0,6
4008,PUBMED_9010187,Document,PubMed,6,0,6
4019,PUBMED_9010306,Document,PubMed,6,0,6
2627,PUBMED_4971269,Document,PubMed,6,0,6
2632,PUBMED_14297196,Document,PubMed,6,0,6
1796,PUBMED_39362786,Document,PubMed,6,0,6
1797,PUBMED_39258377,Document,PubMed,6,0,6
1803,PUBMED_39126336,Document,PubMed,6,0,6
2217,PUBMED_40445195,Document,PubMed,6,0,6
2221,PUBMED_40425606,Document,PubMed,6,0,6
429,1970,Date,PubMed,6,6,0
430,PUBMED_42735583,Document,PubMed,6,0,6
433,PUBMED_42733759,Document,PubMed,6,0,6
4622,PUBMED_9015168,Document,PubMed,6,0,6
4623,PUBMED_9015175,Document,PubMed,6,0,6
4664,PUBMED_9015484,Document,PubMed,6,0,6
4627,PUBMED_9015198,Document,PubMed,6,0,6
1495,PUBMED_26423323,Document,PubMed,6,0,6
2677,PUBMED_41528410,Document,PubMed,6,0,6
4023,PUBMED_9010345,Document,PubMed,6,0,6
4027,PUBMED_9010381,Document,PubMed,6,0,6
3966,PUBMED_9009857,Document,PubMed,6,0,6
3970,PUBMED_9009882,Document,PubMed,6,0,6
3974,PUBMED_9009923,Document,PubMed,6,0,6
2224,PUBMED_40388983,Document,PubMed,6,0,6
2201,PUBMED_40575914,Document,PubMed,6,0,6
2207,PUBMED_40531681,Document,PubMed,6,0,6
2210,PUBMED_40504780,Document,PubMed,6,0,6
1831,PUBMED_38306321,Document,PubMed,6,0,6
2810,PUBMED_9000690,Document,PubMed,6,0,6
1503,PUBMED_25328631,Document,PubMed,6,0,6
2750,PUBMED_9000222,Document,PubMed,6,0,6
2751,PUBMED_9000224,Document,PubMed,6,0,6
2760,PUBMED_9000300,Document,PubMed,6,0,6
2763,PUBMED_9000333,Document,PubMed,6,0,6
3992,PUBMED_9010062,Document,PubMed,6,0,6
3940,PUBMED_9009662,Document,PubMed,6,0,6
3941,PUBMED_9009670,Document,PubMed,6,0,6
2773,PUBMED_9000417,Document,PubMed,6,0,6
1520,PUBMED_23870674,Document,PubMed,6,0,6
2817,PUBMED_9000738,Document,PubMed,6,0,6
2818,PUBMED_9000749,Document,PubMed,6,0,6
1459,PUBMED_30300384,Document,PubMed,6,0,6
2833,PUBMED_9000871,Document,PubMed,6,0,6
1453,PUBMED_30679459,Document,PubMed,6,0,6
1479,PUBMED_28972544,Document,PubMed,6,0,6
1484,PUBMED_28228179,Document,PubMed,6,0,6
1489,PUBMED_27499553,Document,PubMed,6,0,6
3953,PUBMED_9009747,Document,PubMed,6,0,6
834,PUBMED_42612403,Document,PubMed,6,0,6
3875,PUBMED_9009127,Document,PubMed,6,0,6
3881,PUBMED_9009173,Document,PubMed,6,0,6
3884,PUBMED_9009209,Document,PubMed,6,0,6
3885,PUBMED_9009223,Document,PubMed,6,0,6
4642,PUBMED_9015315,Document,PubMed,6,0,6
419,PUBMED_42738480,Document,PubMed,6,0,6
1837,PUBMED_38200524,Document,PubMed,6,0,6
1839,PUBMED_38134946,Document,PubMed,6,0,6
1873,PUBMED_37112966,Document,PubMed,6,0,6
1852,PUBMED_37787158,Document,PubMed,6,0,6
1853,PUBMED_37682812,Document,PubMed,6,0,6
398,PUBMED_42743159,Document,PubMed,6,0,6
4647,PUBMED_9015354,Document,PubMed,6,0,6
4654,PUBMED_9015414,Document,PubMed,6,0,6
4657,PUBMED_9015433,Document,PubMed,6,0,6
4661,PUBMED_9015474,Document,PubMed,6,0,6
3830,PUBMED_9008725,Document,PubMed,6,0,6
3831,PUBMED_9008735,Document,PubMed,6,0,6
3851,PUBMED_9008929,Document,PubMed,6,0,6
3854,PUBMED_9008947,Document,PubMed,6,0,6
2864,PUBMED_9001089,Document,PubMed,6,0,6
2815,PUBMED_9000725,Document,PubMed,6,0,6
1442,PUBMED_31285143,Document,PubMed,6,0,6
2874,PUBMED_9001132,Document,PubMed,6,0,6
3861,PUBMED_9009015,Document,PubMed,6,0,6
3800,PUBMED_9008500,Document,PubMed,6,0,6
3808,PUBMED_9008562,Document,PubMed,6,0,6
3809,PUBMED_9008571,Document,PubMed,6,0,6
1413,PUBMED_36069012,Document,PubMed,6,0,6
1455,PUBMED_30625020,Document,PubMed,6,0,6
2187,PUBMED_40703185,Document,PubMed,6,0,6
2189,PUBMED_40680893,Document,PubMed,6,0,6
4722,PUBMED_9015924,Document,PubMed,6,0,6
417,PUBMED_42738523,Document,PubMed,6,0,6
418,PUBMED_42738487,Document,PubMed,6,0,6
1866,PUBMED_37397743,Document,PubMed,6,0,6
1870,PUBMED_37277196,Document,PubMed,6,0,6
1834,PUBMED_38278475,Document,PubMed,6,0,6
1901,PUBMED_36575529,Document,PubMed,6,0,6
1904,PUBMED_36539823,Document,PubMed,6,0,6
1878,PUBMED_37009575,Document,PubMed,6,0,6
1879,PUBMED_36993465,Document,PubMed,6,0,6
1888,PUBMED_36843943,Document,PubMed,6,0,6
4678,PUBMED_9015588,Document,PubMed,6,0,6
4679,PUBMED_9015596,Document,PubMed,6,0,6
2181,PUBMED_40775237,Document,PubMed,6,0,6
882,PUBMED_42797905,Document,PubMed,6,0,6
3779,PUBMED_9008323,Document,PubMed,6,0,6
3789,PUBMED_9008414,Document,PubMed,6,0,6
3791,PUBMED_9008430,Document,PubMed,6,0,6
2916,PUBMED_9001469,Document,PubMed,6,0,6
1428,PUBMED_33302422,Document,PubMed,6,0,6
1431,PUBMED_33219645,Document,PubMed,6,0,6
1440,PUBMED_31797575,Document,PubMed,6,0,6
2169,PUBMED_40873171,Document,PubMed,6,0,6
2177,PUBMED_40792247,Document,PubMed,6,0,6
1893,PUBMED_36707191,Document,PubMed,6,0,6
352,PUBMED_42750870,Document,PubMed,6,0,6
4736,PUBMED_9016046,Document,PubMed,6,0,6
356,PUBMED_42749980,Document,PubMed,6,0,6
3795,PUBMED_9008458,Document,PubMed,6,0,6
3797,PUBMED_9008468,Document,PubMed,6,0,6
3771,PUBMED_9008262,Document,PubMed,6,0,6
3772,PUBMED_9008270,Document,PubMed,6,0,6
3822,PUBMED_9008664,Document,PubMed,6,0,6
3824,PUBMED_9008685,Document,PubMed,6,0,6
3825,PUBMED_9008686,Document,PubMed,6,0,6
875,PUBMED_42575600,Document,PubMed,6,0,6
1871,PUBMED_37263672,Document,PubMed,6,0,6
1900,PUBMED_36577682,Document,PubMed,6,0,6
4746,PUBMED_9016141,Document,PubMed,6,0,6
343,PUBMED_42752865,Document,PubMed,6,0,6
1895,PUBMED_36680848,Document,PubMed,6,0,6
1925,PUBMED_36168547,Document,PubMed,6,0,6
1927,PUBMED_36159029,Document,PubMed,6,0,6
1928,PUBMED_36159026,Document,PubMed,6,0,6
1930,PUBMED_36155258,Document,PubMed,6,0,6
1907,PUBMED_36466448,Document,PubMed,6,0,6
1910,PUBMED_36412749,Document,PubMed,6,0,6
3752,PUBMED_9008112,Document,PubMed,6,0,6
3762,PUBMED_9008198,Document,PubMed,6,0,6
2893,PUBMED_9001293,Document,PubMed,6,0,6
2895,PUBMED_9001309,Document,PubMed,6,0,6
2897,PUBMED_9001316,Document,PubMed,6,0,6
2898,PUBMED_9001318,Document,PubMed,6,0,6
2168,PUBMED_40885131,Document,PubMed,6,0,6
4765,PUBMED_9016317,Document,PubMed,6,0,6
4768,PUBMED_9016346,Document,PubMed,6,0,6
4770,PUBMED_9016366,Document,PubMed,6,0,6
4778,PUBMED_9016441,Document,PubMed,6,0,6
2164,PUBMED_40915313,Document,PubMed,6,0,6
2165,PUBMED_40911605,Document,PubMed,6,0,6
2166,PUBMED_40902788,Document,PubMed,6,0,6
2945,PUBMED_9001697,Document,PubMed,6,0,6
1380,PUBMED_41722278,Document,PubMed,6,0,6
884,PUBMED_42580038,Document,PubMed,6,0,6
923,PUBMED_41733352,Document,PubMed,6,0,6
904,PUBMED_42079231,Document,PubMed,6,0,6
3778,PUBMED_9008309,Document,PubMed,6,0,6
324,PUBMED_42760518,Document,PubMed,6,0,6
361,PUBMED_42749632,Document,PubMed,6,0,6
4743,PUBMED_9016113,Document,PubMed,6,0,6
4848,PUBMED_9016994,Document,PubMed,6,0,6
4851,PUBMED_9017017,Document,PubMed,6,0,6
338,PUBMED_42754328,Document,PubMed,6,0,6
4797,PUBMED_9016594,Document,PubMed,6,0,6
4798,PUBMED_9016608,Document,PubMed,6,0,6
2956,PUBMED_9001777,Document,PubMed,6,0,6
905,PUBMED_42075679,Document,PubMed,6,0,6
906,PUBMED_42070632,Document,PubMed,6,0,6
941,PUBMED_41360781,Document,PubMed,6,0,6
3733,PUBMED_9007932,Document,PubMed,6,0,6
3743,PUBMED_9008043,Document,PubMed,6,0,6
1402,PUBMED_38135706,Document,PubMed,6,0,6
1410,PUBMED_36593929,Document,PubMed,6,0,6
2935,PUBMED_9001614,Document,PubMed,6,0,6
1920,PUBMED_36248765,Document,PubMed,6,0,6
4758,PUBMED_9016255,Document,PubMed,6,0,6
3707,PUBMED_9007750,Document,PubMed,6,0,6
3711,PUBMED_9007775,Document,PubMed,6,0,6
949,PUBMED_41170939,Document,PubMed,6,0,6
3046,PUBMED_9002461,Document,PubMed,6,0,6
1378,PUBMED_42120058,Document,PubMed,6,0,6
2994,PUBMED_9002086,Document,PubMed,6,0,6
920,PUBMED_41857673,Document,PubMed,6,0,6
956,PUBMED_41004570,Document,PubMed,6,0,6
932,PUBMED_41526357,Document,PubMed,6,0,6
1391,PUBMED_39908385,Document,PubMed,6,0,6
2949,PUBMED_9001723,Document,PubMed,6,0,6
2156,PUBMED_40968504,Document,PubMed,6,0,6
2158,PUBMED_40950929,Document,PubMed,6,0,6
1968,PUBMED_42761034,Document,PubMed,6,0,6
1939,PUBMED_35720797,Document,PubMed,6,0,6
1942,PUBMED_35668397,Document,PubMed,6,0,6
1983,PUBMED_42646789,Document,PubMed,6,0,6
1955,PUBMED_35285427,Document,PubMed,6,0,6
1957,PUBMED_35192613,Document,PubMed,6,0,6
1959,PUBMED_35104430,Document,PubMed,6,0,6
4888,PUBMED_9017371,Document,PubMed,6,0,6
4895,PUBMED_9017420,Document,PubMed,6,0,6
4818,PUBMED_9016753,Document,PubMed,6,0,6
4831,PUBMED_9016853,Document,PubMed,6,0,6
3017,PUBMED_9002259,Document,PubMed,6,0,6
3029,PUBMED_9002346,Document,PubMed,6,0,6
3037,PUBMED_9002390,Document,PubMed,6,0,6
3040,PUBMED_9002415,Document,PubMed,6,0,6
934,PUBMED_41495977,Document,PubMed,6,0,6
936,PUBMED_41472219,Document,PubMed,6,0,6
3703,PUBMED_9007726,Document,PubMed,6,0,6
3704,PUBMED_9007737,Document,PubMed,6,0,6
1005,PUBMED_39528494,Document,PubMed,6,0,6
1007,PUBMED_39484442,Document,PubMed,6,0,6
979,PUBMED_40396285,Document,PubMed,6,0,6
980,PUBMED_40390703,Document,PubMed,6,0,6
981,PUBMED_40369349,Document,PubMed,6,0,6
982,PUBMED_40345493,Document,PubMed,6,0,6
951,PUBMED_41061043,Document,PubMed,6,0,6
954,PUBMED_41011746,Document,PubMed,6,0,6
955,PUBMED_41004584,Document,PubMed,6,0,6
990,PUBMED_40139184,Document,PubMed,6,0,6
991,PUBMED_40137763,Document,PubMed,6,0,6
992,PUBMED_40093138,Document,PubMed,6,0,6
965,PUBMED_40802022,Document,PubMed,6,0,6
968,PUBMED_40700518,Document,PubMed,6,0,6
969,PUBMED_40683733,Document,PubMed,6,0,6
971,PUBMED_40646862,Document,PubMed,6,0,6
1961,PUBMED_35057753,Document,PubMed,6,0,6
1964,PUBMED_34916862,Document,PubMed,6,0,6
1996,PUBMED_42526066,Document,PubMed,6,0,6
1998,PUBMED_42497353,Document,PubMed,6,0,6
1972,PUBMED_42711302,Document,PubMed,6,0,6
295,PUBMED_42765068,Document,PubMed,6,0,6
303,PUBMED_42764916,Document,PubMed,6,0,6
4868,PUBMED_9017174,Document,PubMed,6,0,6
1978,PUBMED_42662680,Document,PubMed,6,0,6
2011,PUBMED_42326914,Document,PubMed,6,0,6
2012,PUBMED_42325456,Document,PubMed,6,0,6
1344,PUBMED_40619431,Document,PubMed,6,0,6
3062,PUBMED_9002584,Document,PubMed,6,0,6
3071,PUBMED_9002629,Document,PubMed,6,0,6
975,PUBMED_40549164,Document,PubMed,6,0,6
976,PUBMED_40489557,Document,PubMed,6,0,6
3666,PUBMED_9007454,Document,PubMed,6,0,6
1011,PUBMED_39448163,Document,PubMed,6,0,6
984,PUBMED_40303080,Document,PubMed,6,0,6
1025,PUBMED_38695722,Document,PubMed,6,0,6
3669,PUBMED_9007474,Document,PubMed,6,0,6
3675,PUBMED_9007497,Document,PubMed,6,0,6
3120,PUBMED_9003029,Document,PubMed,6,0,6
3123,PUBMED_9003047,Document,PubMed,6,0,6
3128,PUBMED_9003102,Document,PubMed,6,0,6
3050,PUBMED_9002484,Document,PubMed,6,0,6
3057,PUBMED_9002548,Document,PubMed,6,0,6
1332,PUBMED_40715163,Document,PubMed,6,0,6
4954,PUBMED_9017859,Document,PubMed,6,0,6
4896,PUBMED_9017421,Document,PubMed,6,0,6
1992,PUBMED_42566353,Document,PubMed,6,0,6
1993,PUBMED_42562267,Document,PubMed,6,0,6
1994,PUBMED_42556944,Document,PubMed,6,0,6
2029,PUBMED_42141863,Document,PubMed,6,0,6
2031,PUBMED_42130644,Document,PubMed,6,0,6
2004,PUBMED_42360169,Document,PubMed,6,0,6
231,PUBMED_42776645,Document,PubMed,6,0,6
274,PUBMED_42767655,Document,PubMed,6,0,6
4941,PUBMED_9017774,Document,PubMed,6,0,6
4945,PUBMED_9017806,Document,PubMed,6,0,6
4947,PUBMED_9017823,Document,PubMed,6,0,6
3095,PUBMED_9002832,Document,PubMed,6,0,6
3098,PUBMED_9002857,Document,PubMed,6,0,6
3105,PUBMED_9002919,Document,PubMed,6,0,6
999,PUBMED_39847871,Document,PubMed,6,0,6
1002,PUBMED_39658318,Document,PubMed,6,0,6
1041,PUBMED_37068076,Document,PubMed,6,0,6
3659,PUBMED_9007398,Document,PubMed,6,0,6
4991,PUBMED_9018124,Document,PubMed,6,0,6
5048,PUBMED_9018564,Document,PubMed,6,0,6
1015,PUBMED_39253406,Document,PubMed,6,0,6
1020,PUBMED_38977017,Document,PubMed,6,0,6
1055,PUBMED_32435514,Document,PubMed,6,0,6
1031,PUBMED_38413243,Document,PubMed,6,0,6
1033,PUBMED_38305177,Document,PubMed,6,0,6
3166,PUBMED_9003430,Document,PubMed,6,0,6
3167,PUBMED_9003445,Document,PubMed,6,0,6
5003,PUBMED_9018186,Document,PubMed,6,0,6
4957,PUBMED_9017872,Document,PubMed,6,0,6
4962,PUBMED_9017898,Document,PubMed,6,0,6
4967,PUBMED_9017940,Document,PubMed,6,0,6
4969,PUBMED_9017945,Document,PubMed,6,0,6
4971,PUBMED_9017957,Document,PubMed,6,0,6
4976,PUBMED_9017992,Document,PubMed,6,0,6
5044,PUBMED_9018535,Document,PubMed,6,0,6
5050,PUBMED_9018579,Document,PubMed,6,0,6
5020,PUBMED_9018315,Document,PubMed,6,0,6
2025,PUBMED_42180661,Document,PubMed,6,0,6
2063,PUBMED_41791591,Document,PubMed,6,0,6
1069,PUBMED_24022072,Document,PubMed,6,0,6
1071,PUBMED_20536820,Document,PubMed,6,0,6
1045,PUBMED_36880345,Document,PubMed,6,0,6
1049,PUBMED_34750452,Document,PubMed,6,0,6
3194,PUBMED_9003669,Document,PubMed,6,0,6
3132,PUBMED_9003138,Document,PubMed,6,0,6
1311,PUBMED_40783477,Document,PubMed,6,0,6
2048,PUBMED_41935390,Document,PubMed,6,0,6
5022,PUBMED_9018339,Document,PubMed,6,0,6
235,PUBMED_42775180,Document,PubMed,6,0,6
4979,PUBMED_9018032,Document,PubMed,6,0,6
3621,PUBMED_9007102,Document,PubMed,6,0,6
3623,PUBMED_9007118,Document,PubMed,6,0,6
1053,PUBMED_32769208,Document,PubMed,6,0,6
1078,PUBMED_42720445,Document,PubMed,6,0,6
1089,PUBMED_42543556,Document,PubMed,6,0,6
3648,PUBMED_9007316,Document,PubMed,6,0,6
1039,PUBMED_37786724,Document,PubMed,6,0,6
1065,PUBMED_25380354,Document,PubMed,6,0,6
1068,PUBMED_24083506,Document,PubMed,6,0,6
2037,PUBMED_42042000,Document,PubMed,6,0,6
2039,PUBMED_42021428,Document,PubMed,6,0,6
5078,PUBMED_9018814,Document,PubMed,6,0,6
5080,PUBMED_9018842,Document,PubMed,6,0,6
200,PUBMED_42780288,Document,PubMed,6,0,6
5027,PUBMED_9018371,Document,PubMed,6,0,6
5028,PUBMED_9018375,Document,PubMed,6,0,6
5068,PUBMED_9018709,Document,PubMed,6,0,6
2040,PUBMED_42017783,Document,PubMed,6,0,6
2042,PUBMED_42010444,Document,PubMed,6,0,6
2078,PUBMED_41643608,Document,PubMed,6,0,6
2079,PUBMED_41600851,Document,PubMed,6,0,6
2052,PUBMED_41880196,Document,PubMed,6,0,6
2053,PUBMED_41878589,Document,PubMed,6,0,6
3174,PUBMED_9003507,Document,PubMed,6,0,6
3180,PUBMED_9003563,Document,PubMed,6,0,6
3182,PUBMED_9003576,Document,PubMed,6,0,6
1062,PUBMED_28274236,Document,PubMed,6,0,6
1064,PUBMED_25740996,Document,PubMed,6,0,6
3602,PUBMED_9006951,Document,PubMed,6,0,6
1103,PUBMED_42424290,Document,PubMed,6,0,6
3603,PUBMED_9006958,Document,PubMed,6,0,6
3606,PUBMED_9006990,Document,PubMed,6,0,6
2093,PUBMED_41495385,Document,PubMed,6,0,6
2095,PUBMED_41492168,Document,PubMed,6,0,6
5093,PUBMED_9018954,Document,PubMed,6,0,6
5095,PUBMED_9018969,Document,PubMed,6,0,6
5102,PUBMED_9019034,Document,PubMed,6,0,6
3213,PUBMED_9003846,Document,PubMed,6,0,6
3215,PUBMED_9003868,Document,PubMed,6,0,6
3627,PUBMED_9007151,Document,PubMed,6,0,6
3633,PUBMED_9007205,Document,PubMed,6,0,6
3566,PUBMED_9006658,Document,PubMed,6,0,6
3572,PUBMED_9006696,Document,PubMed,6,0,6
3576,PUBMED_9006745,Document,PubMed,6,0,6
3173,PUBMED_9003498,Document,PubMed,6,0,6
5055,PUBMED_9018609,Document,PubMed,6,0,6
5064,PUBMED_9018662,Document,PubMed,6,0,6
5065,PUBMED_9018672,Document,PubMed,6,0,6
118,WHO_0050,Document,WHO_DON,6,0,6
5109,PUBMED_9019095,Document,PubMed,6,0,6
5110,PUBMED_9019101,Document,PubMed,6,0,6
3250,PUBMED_9004116,Document,PubMed,6,0,6
3251,PUBMED_9004124,Document,PubMed,6,0,6
3258,PUBMED_9004185,Document,PubMed,6,0,6
3584,PUBMED_9006811,Document,PubMed,6,0,6
3592,PUBMED_9006894,Document,PubMed,6,0,6
3512,PUBMED_9006248,Document,PubMed,6,0,6
3522,PUBMED_9006330,Document,PubMed,6,0,6
1124,PUBMED_42213800,Document,PubMed,6,0,6
3523,PUBMED_9006342,Document,PubMed,6,0,6
3537,PUBMED_9006452,Document,PubMed,6,0,6
3197,PUBMED_9003686,Document,PubMed,6,0,6
2056,PUBMED_41833445,Document,PubMed,6,0,6
2091,PUBMED_41517648,Document,PubMed,6,0,6
5129,PUBMED_9019232,Document,PubMed,6,0,6
2108,PUBMED_41374373,Document,PubMed,6,0,6
2109,PUBMED_41359963,Document,PubMed,6,0,6
2111,PUBMED_41350540,Document,PubMed,6,0,6
2113,PUBMED_41326890,Document,PubMed,6,0,6
2114,PUBMED_41293069,Document,PubMed,6,0,6
3323,PUBMED_9004691,Document,PubMed,6,0,6
3325,PUBMED_9004704,Document,PubMed,6,0,6
3264,PUBMED_9004244,Document,PubMed,6,0,6
3272,PUBMED_9004296,Document,PubMed,6,0,6
3291,PUBMED_9004447,Document,PubMed,6,0,6
3292,PUBMED_9004458,Document,PubMed,6,0,6
3500,PUBMED_9006121,Document,PubMed,6,0,6
3233,PUBMED_9004003,Document,PubMed,6,0,6
3234,PUBMED_9004004,Document,PubMed,6,0,6
3246,PUBMED_9004080,Document,PubMed,6,0,6
2099,PUBMED_41437954,Document,PubMed,6,0,6
2102,PUBMED_41414936,Document,PubMed,6,0,6
5150,PUBMED_9019413,Document,PubMed,6,0,6
5152,PUBMED_9019433,Document,PubMed,6,0,6
3369,PUBMED_9005101,Document,PubMed,6,0,6
3508,PUBMED_9006192,Document,PubMed,6,0,6
3509,PUBMED_9006207,Document,PubMed,6,0,6
1156,PUBMED_41986958,Document,PubMed,6,0,6
3447,PUBMED_9005689,Document,PubMed,6,0,6
3464,PUBMED_9005814,Document,PubMed,6,0,6
3468,PUBMED_9005849,Document,PubMed,6,0,6
3478,PUBMED_9005929,Document,PubMed,6,0,6
3308,PUBMED_9004565,Document,PubMed,6,0,6
3309,PUBMED_9004579,Document,PubMed,6,0,6
3312,PUBMED_9004607,Document,PubMed,6,0,6
3313,PUBMED_9004621,Document,PubMed,6,0,6
2120,PUBMED_41209599,Document,PubMed,6,0,6
5199,PUBMED_9019832,Document,PubMed,6,0,6
5192,PUBMED_9019766,Document,PubMed,6,0,6
3439,PUBMED_9005614,Document,PubMed,6,0,6
1188,PUBMED_41788103,Document,PubMed,6,0,6
3382,PUBMED_9005195,Document,PubMed,6,0,6
3392,PUBMED_9005286,Document,PubMed,6,0,6
3393,PUBMED_9005300,Document,PubMed,6,0,6
3394,PUBMED_9005315,Document,PubMed,6,0,6
3395,PUBMED_9005318,Document,PubMed,6,0,6
3484,PUBMED_9005986,Document,PubMed,6,0,6
82,WHO_0029,Document,WHO_DON,6,0,6
70,WHO_0025,Document,WHO_DON,6,0,6
45,WHO_0014,Document,WHO_DON,6,0,6
2104,PUBMED_41405957,Document,PubMed,6,0,6
2106,PUBMED_41392049,Document,PubMed,6,0,6
4410,PUBMED_9013443,Document,PubMed,6,0,6
1739,PUBMED_40968733,Document,PubMed,6,0,6
1744,PUBMED_40769875,Document,PubMed,6,0,6
1703,PUBMED_42330989,Document,PubMed,6,0,6
1712,PUBMED_42125210,Document,PubMed,6,0,6
2340,PUBMED_40773434,Document,PubMed,6,0,6
2356,PUBMED_40392712,Document,PubMed,6,0,6
2361,PUBMED_40305818,Document,PubMed,6,0,6
596,PUBMED_42693475,Document,PubMed,6,0,6
4378,PUBMED_9013167,Document,PubMed,6,0,6
4387,PUBMED_9013259,Document,PubMed,6,0,6
2364,PUBMED_40278768,Document,PubMed,6,0,6
2367,PUBMED_40108683,Document,PubMed,6,0,6
2135,PUBMED_41126351,Document,PubMed,6,0,6
20,WHO_0004,Document,WHO_DON,6,0,6
42,WHO_0013,Document,WHO_DON,6,0,6
5170,PUBMED_9019585,Document,PubMed,5,0,5
5162,PUBMED_9019495,Document,PubMed,5,0,5
5161,PUBMED_9019489,Document,PubMed,5,0,5
5158,PUBMED_9019475,Document,PubMed,5,0,5
5157,PUBMED_9019470,Document,PubMed,5,0,5
108,WHO_0045,Document,WHO_DON,5,0,5
2119,PUBMED_41248705,Document,PubMed,5,0,5
2118,PUBMED_41258006,Document,PubMed,5,0,5
2116,PUBMED_41277969,Document,PubMed,5,0,5
2115,PUBMED_41288179,Document,PubMed,5,0,5
2146,PUBMED_41059470,Document,PubMed,5,0,5
2145,PUBMED_41060816,Document,PubMed,5,0,5
2144,PUBMED_41067239,Document,PubMed,5,0,5
2142,PUBMED_41069196,Document,PubMed,5,0,5
2141,PUBMED_41069596,Document,PubMed,5,0,5
2140,PUBMED_41079025,Document,PubMed,5,0,5
1161,PUBMED_41967310,Document,PubMed,5,0,5
1159,PUBMED_41973733,Document,PubMed,5,0,5
3510,PUBMED_9006221,Document,PubMed,5,0,5
3355,PUBMED_9004956,Document,PubMed,5,0,5
3346,PUBMED_9004870,Document,PubMed,5,0,5
3345,PUBMED_9004860,Document,PubMed,5,0,5
3343,PUBMED_9004840,Document,PubMed,5,0,5
3340,PUBMED_9004826,Document,PubMed,5,0,5
1214,PUBMED_41644307,Document,PubMed,5,0,5
3431,PUBMED_9005529,Document,PubMed,5,0,5
3429,PUBMED_9005515,Document,PubMed,5,0,5
3423,PUBMED_9005488,Document,PubMed,5,0,5
3419,PUBMED_9005458,Document,PubMed,5,0,5
1185,PUBMED_41798704,Document,PubMed,5,0,5
3405,PUBMED_9005367,Document,PubMed,5,0,5
3483,PUBMED_9005980,Document,PubMed,5,0,5
3270,PUBMED_9004284,Document,PubMed,5,0,5
1247,PUBMED_41358775,Document,PubMed,5,0,5
1240,PUBMED_41428693,Document,PubMed,5,0,5
3328,PUBMED_9004738,Document,PubMed,5,0,5
3320,PUBMED_9004665,Document,PubMed,5,0,5
3300,PUBMED_9004517,Document,PubMed,5,0,5
3299,PUBMED_9004508,Document,PubMed,5,0,5
1231,PUBMED_41505349,Document,PubMed,5,0,5
1224,PUBMED_41588438,Document,PubMed,5,0,5
3377,PUBMED_9005165,Document,PubMed,5,0,5
3375,PUBMED_9005156,Document,PubMed,5,0,5
3372,PUBMED_9005142,Document,PubMed,5,0,5
3451,PUBMED_9005724,Document,PubMed,5,0,5
3445,PUBMED_9005662,Document,PubMed,5,0,5
1165,PUBMED_41941668,Document,PubMed,5,0,5
1162,PUBMED_41965806,Document,PubMed,5,0,5
3503,PUBMED_9006145,Document,PubMed,5,0,5
3498,PUBMED_9006102,Document,PubMed,5,0,5
3495,PUBMED_9006070,Document,PubMed,5,0,5
3492,PUBMED_9006044,Document,PubMed,5,0,5
1145,PUBMED_42038651,Document,PubMed,5,0,5
1141,PUBMED_42063804,Document,PubMed,5,0,5
1140,PUBMED_42066747,Document,PubMed,5,0,5
1139,PUBMED_42085455,Document,PubMed,5,0,5
3489,PUBMED_9006028,Document,PubMed,5,0,5
3563,PUBMED_9006654,Document,PubMed,5,0,5
3552,PUBMED_9006570,Document,PubMed,5,0,5
3288,PUBMED_9004412,Document,PubMed,5,0,5
3286,PUBMED_9004399,Document,PubMed,5,0,5
3282,PUBMED_9004362,Document,PubMed,5,0,5
3276,PUBMED_9004322,Document,PubMed,5,0,5
3273,PUBMED_9004297,Document,PubMed,5,0,5
3527,PUBMED_9006370,Document,PubMed,5,0,5
1137,PUBMED_42092667,Document,PubMed,5,0,5
3520,PUBMED_9006313,Document,PubMed,5,0,5
3515,PUBMED_9006278,Document,PubMed,5,0,5
3513,PUBMED_9006262,Document,PubMed,5,0,5
3594,PUBMED_9006898,Document,PubMed,5,0,5
3253,PUBMED_9004131,Document,PubMed,5,0,5
3247,PUBMED_9004093,Document,PubMed,5,0,5
3237,PUBMED_9004016,Document,PubMed,5,0,5
1260,PUBMED_41276240,Document,PubMed,5,0,5
1253,PUBMED_41325475,Document,PubMed,5,0,5
1252,PUBMED_41325564,Document,PubMed,5,0,5
3295,PUBMED_9004479,Document,PubMed,5,0,5
3294,PUBMED_9004467,Document,PubMed,5,0,5
3293,PUBMED_9004464,Document,PubMed,5,0,5
3504,PUBMED_9006157,Document,PubMed,5,0,5
1113,PUBMED_42320381,Document,PubMed,5,0,5
1110,PUBMED_42333314,Document,PubMed,5,0,5
3569,PUBMED_9006677,Document,PubMed,5,0,5
3564,PUBMED_9006655,Document,PubMed,5,0,5
3624,PUBMED_9007125,Document,PubMed,5,0,5
3226,PUBMED_9003942,Document,PubMed,5,0,5
3216,PUBMED_9003878,Document,PubMed,5,0,5
3211,PUBMED_9003823,Document,PubMed,5,0,5
3208,PUBMED_9003802,Document,PubMed,5,0,5
1281,PUBMED_41041651,Document,PubMed,5,0,5
1280,PUBMED_41044315,Document,PubMed,5,0,5
3201,PUBMED_9003730,Document,PubMed,5,0,5
3262,PUBMED_9004223,Document,PubMed,5,0,5
3261,PUBMED_9004213,Document,PubMed,5,0,5
3529,PUBMED_9006376,Document,PubMed,5,0,5
3528,PUBMED_9006372,Document,PubMed,5,0,5
3638,PUBMED_9007238,Document,PubMed,5,0,5
3636,PUBMED_9007227,Document,PubMed,5,0,5
3620,PUBMED_9007096,Document,PubMed,5,0,5
1106,PUBMED_42359171,Document,PubMed,5,0,5
3600,PUBMED_9006938,Document,PubMed,5,0,5
1061,PUBMED_28325494,Document,PubMed,5,0,5
3179,PUBMED_9003553,Document,PubMed,5,0,5
1294,PUBMED_40937345,Document,PubMed,5,0,5
1288,PUBMED_40982466,Document,PubMed,5,0,5
1286,PUBMED_40991513,Document,PubMed,5,0,5
1284,PUBMED_41012629,Document,PubMed,5,0,5
3169,PUBMED_9003467,Document,PubMed,5,0,5
3228,PUBMED_9003957,Document,PubMed,5,0,5
3227,PUBMED_9003944,Document,PubMed,5,0,5
1119,PUBMED_42257705,Document,PubMed,5,0,5
1118,PUBMED_42277731,Document,PubMed,5,0,5
1035,PUBMED_38116452,Document,PubMed,5,0,5
1030,PUBMED_40303032,Document,PubMed,5,0,5
1029,PUBMED_38494746,Document,PubMed,5,0,5
1028,PUBMED_38550782,Document,PubMed,5,0,5
1057,PUBMED_31972269,Document,PubMed,5,0,5
1056,PUBMED_32014270,Document,PubMed,5,0,5
3159,PUBMED_9003392,Document,PubMed,5,0,5
3156,PUBMED_9003364,Document,PubMed,5,0,5
3141,PUBMED_9003223,Document,PubMed,5,0,5
3134,PUBMED_9003154,Document,PubMed,5,0,5
1044,PUBMED_36889484,Document,PubMed,5,0,5
1072,PUBMED_16430192,Document,PubMed,5,0,5
1067,PUBMED_25013769,Document,PubMed,5,0,5
1038,PUBMED_37907544,Document,PubMed,5,0,5
1037,PUBMED_38005960,Document,PubMed,5,0,5
3640,PUBMED_9007250,Document,PubMed,5,0,5
1021,PUBMED_38826283,Document,PubMed,5,0,5
986,PUBMED_40284894,Document,PubMed,5,0,5
1014,PUBMED_39317240,Document,PubMed,5,0,5
1013,PUBMED_39419988,Document,PubMed,5,0,5
1012,PUBMED_39421953,Document,PubMed,5,0,5
3663,PUBMED_9007427,Document,PubMed,5,0,5
3652,PUBMED_9007350,Document,PubMed,5,0,5
3117,PUBMED_9003008,Document,PubMed,5,0,5
3112,PUBMED_9002973,Document,PubMed,5,0,5
3109,PUBMED_9002952,Document,PubMed,5,0,5
3103,PUBMED_9002898,Document,PubMed,5,0,5
3101,PUBMED_9002884,Document,PubMed,5,0,5
3099,PUBMED_9002872,Document,PubMed,5,0,5
3091,PUBMED_9002794,Document,PubMed,5,0,5
1323,PUBMED_40732099,Document,PubMed,5,0,5
3164,PUBMED_9003419,Document,PubMed,5,0,5
987,PUBMED_40195357,Document,PubMed,5,0,5
3698,PUBMED_9007678,Document,PubMed,5,0,5
3691,PUBMED_9007623,Document,PubMed,5,0,5
3688,PUBMED_9007596,Document,PubMed,5,0,5
3683,PUBMED_9007564,Document,PubMed,5,0,5
1009,PUBMED_39467572,Document,PubMed,5,0,5
1004,PUBMED_39623068,Document,PubMed,5,0,5
3072,PUBMED_9002634,Document,PubMed,5,0,5
3070,PUBMED_9002626,Document,PubMed,5,0,5
3063,PUBMED_9002586,Document,PubMed,5,0,5
3056,PUBMED_9002537,Document,PubMed,5,0,5
996,PUBMED_39976482,Document,PubMed,5,0,5
995,PUBMED_39989955,Document,PubMed,5,0,5
3672,PUBMED_9007482,Document,PubMed,5,0,5
3667,PUBMED_9007460,Document,PubMed,5,0,5
1022,PUBMED_38825193,Document,PubMed,5,0,5
3713,PUBMED_9007793,Document,PubMed,5,0,5
3712,PUBMED_9007782,Document,PubMed,5,0,5
3705,PUBMED_9007745,Document,PubMed,5,0,5
3700,PUBMED_9007704,Document,PubMed,5,0,5
978,PUBMED_40425586,Document,PubMed,5,0,5
977,PUBMED_40465371,Document,PubMed,5,0,5
3039,PUBMED_9002407,Document,PubMed,5,0,5
3036,PUBMED_9002387,Document,PubMed,5,0,5
3033,PUBMED_9002362,Document,PubMed,5,0,5
1359,PUBMED_40494317,Document,PubMed,5,0,5
1358,PUBMED_40494336,Document,PubMed,5,0,5
3022,PUBMED_9002300,Document,PubMed,5,0,5
3084,PUBMED_9002737,Document,PubMed,5,0,5
3080,PUBMED_9002699,Document,PubMed,5,0,5
970,PUBMED_40673124,Document,PubMed,5,0,5
988,PUBMED_40178595,Document,PubMed,5,0,5
3728,PUBMED_9007897,Document,PubMed,5,0,5
3720,PUBMED_9007834,Document,PubMed,5,0,5
3718,PUBMED_9007822,Document,PubMed,5,0,5
962,PUBMED_40843521,Document,PubMed,5,0,5
960,PUBMED_40881630,Document,PubMed,5,0,5
922,PUBMED_41794845,Document,PubMed,5,0,5
2996,PUBMED_9002096,Document,PubMed,5,0,5
2988,PUBMED_9002038,Document,PubMed,5,0,5
2984,PUBMED_9002000,Document,PubMed,5,0,5
2983,PUBMED_9001985,Document,PubMed,5,0,5
2980,PUBMED_9001953,Document,PubMed,5,0,5
2979,PUBMED_9001950,Document,PubMed,5,0,5
1377,PUBMED_42375249,Document,PubMed,5,0,5
1373,PUBMED_40413542,Document,PubMed,5,0,5
1369,PUBMED_40431634,Document,PubMed,5,0,5
3048,PUBMED_9002478,Document,PubMed,5,0,5
3741,PUBMED_9008017,Document,PubMed,5,0,5
944,PUBMED_41293458,Document,PubMed,5,0,5
943,PUBMED_41318623,Document,PubMed,5,0,5
937,PUBMED_41472208,Document,PubMed,5,0,5
2970,PUBMED_9001885,Document,PubMed,5,0,5
2968,PUBMED_9001875,Document,PubMed,5,0,5
2961,PUBMED_9001812,Document,PubMed,5,0,5
2959,PUBMED_9001800,Document,PubMed,5,0,5
2954,PUBMED_9001752,Document,PubMed,5,0,5
2953,PUBMED_9001748,Document,PubMed,5,0,5
1394,PUBMED_39757183,Document,PubMed,5,0,5
1392,PUBMED_39804921,Document,PubMed,5,0,5
1386,PUBMED_40504866,Document,PubMed,5,0,5
3008,PUBMED_9002187,Document,PubMed,5,0,5
3004,PUBMED_9002157,Document,PubMed,5,0,5
3730,PUBMED_9007907,Document,PubMed,5,0,5
926,PUBMED_41598991,Document,PubMed,5,0,5
924,PUBMED_41728991,Document,PubMed,5,0,5
889,PUBMED_42405777,Document,PubMed,5,0,5
888,PUBMED_42459179,Document,PubMed,5,0,5
1379,PUBMED_41925288,Document,PubMed,5,0,5
2943,PUBMED_9001684,Document,PubMed,5,0,5
1408,PUBMED_36897949,Document,PubMed,5,0,5
1403,PUBMED_37871008,Document,PubMed,5,0,5
1401,PUBMED_38648093,Document,PubMed,5,0,5
1398,PUBMED_39320406,Document,PubMed,5,0,5
1397,PUBMED_39459967,Document,PubMed,5,0,5
2975,PUBMED_9001923,Document,PubMed,5,0,5
2971,PUBMED_9001896,Document,PubMed,5,0,5
919,PUBMED_41865676,Document,PubMed,5,0,5
918,PUBMED_41942524,Document,PubMed,5,0,5
915,PUBMED_41959793,Document,PubMed,5,0,5
896,PUBMED_42308142,Document,PubMed,5,0,5
890,PUBMED_42391691,Document,PubMed,5,0,5
3796,PUBMED_9008459,Document,PubMed,5,0,5
2884,PUBMED_9001216,Document,PubMed,5,0,5
1425,PUBMED_33993681,Document,PubMed,5,0,5
1423,PUBMED_34104446,Document,PubMed,5,0,5
1384,PUBMED_40573379,Document,PubMed,5,0,5
1383,PUBMED_40619741,Document,PubMed,5,0,5
1382,PUBMED_40920778,Document,PubMed,5,0,5
883,PUBMED_42594285,Document,PubMed,5,0,5
3759,PUBMED_9008182,Document,PubMed,5,0,5
3750,PUBMED_9008095,Document,PubMed,5,0,5
914,PUBMED_41985094,Document,PubMed,5,0,5
912,PUBMED_42016297,Document,PubMed,5,0,5
901,PUBMED_42167136,Document,PubMed,5,0,5
927,PUBMED_41576974,Document,PubMed,5,0,5
3799,PUBMED_9008496,Document,PubMed,5,0,5
3863,PUBMED_9009029,Document,PubMed,5,0,5
3856,PUBMED_9008967,Document,PubMed,5,0,5
2881,PUBMED_9001184,Document,PubMed,5,0,5
2871,PUBMED_9001119,Document,PubMed,5,0,5
1438,PUBMED_32011232,Document,PubMed,5,0,5
1436,PUBMED_32745160,Document,PubMed,5,0,5
1427,PUBMED_33320860,Document,PubMed,5,0,5
3793,PUBMED_9008441,Document,PubMed,5,0,5
3792,PUBMED_9008433,Document,PubMed,5,0,5
3790,PUBMED_9008429,Document,PubMed,5,0,5
3783,PUBMED_9008358,Document,PubMed,5,0,5
3781,PUBMED_9008344,Document,PubMed,5,0,5
3769,PUBMED_9008247,Document,PubMed,5,0,5
3766,PUBMED_9008240,Document,PubMed,5,0,5
898,PUBMED_42233641,Document,PubMed,5,0,5
3917,PUBMED_9009494,Document,PubMed,5,0,5
3916,PUBMED_9009481,Document,PubMed,5,0,5
3913,PUBMED_9009465,Document,PubMed,5,0,5
2856,PUBMED_9001037,Document,PubMed,5,0,5
2848,PUBMED_9000983,Document,PubMed,5,0,5
2841,PUBMED_9000941,Document,PubMed,5,0,5
2839,PUBMED_9000917,Document,PubMed,5,0,5
1454,PUBMED_30629634,Document,PubMed,5,0,5
1414,PUBMED_35608558,Document,PubMed,5,0,5
1412,PUBMED_36069068,Document,PubMed,5,0,5
3820,PUBMED_9008650,Document,PubMed,5,0,5
3815,PUBMED_9008606,Document,PubMed,5,0,5
3806,PUBMED_9008545,Document,PubMed,5,0,5
3804,PUBMED_9008524,Document,PubMed,5,0,5
3802,PUBMED_9008512,Document,PubMed,5,0,5
3801,PUBMED_9008505,Document,PubMed,5,0,5
1480,PUBMED_28754024,Document,PubMed,5,0,5
1452,PUBMED_30736432,Document,PubMed,5,0,5
1447,PUBMED_30890183,Document,PubMed,5,0,5
2834,PUBMED_9000875,Document,PubMed,5,0,5
2828,PUBMED_9000830,Document,PubMed,5,0,5
1470,PUBMED_29451044,Document,PubMed,5,0,5
1467,PUBMED_29894488,Document,PubMed,5,0,5
1460,PUBMED_30288933,Document,PubMed,5,0,5
2816,PUBMED_9000736,Document,PubMed,5,0,5
2862,PUBMED_9001080,Document,PubMed,5,0,5
3852,PUBMED_9008936,Document,PubMed,5,0,5
3846,PUBMED_9008878,Document,PubMed,5,0,5
850,PUBMED_42598025,Document,PubMed,5,0,5
841,PUBMED_42605196,Document,PubMed,5,0,5
3841,PUBMED_9008831,Document,PubMed,5,0,5
3840,PUBMED_9008819,Document,PubMed,5,0,5
2807,PUBMED_9000667,Document,PubMed,5,0,5
2806,PUBMED_9000659,Document,PubMed,5,0,5
3912,PUBMED_9009458,Document,PubMed,5,0,5
3890,PUBMED_9009258,Document,PubMed,5,0,5
3879,PUBMED_9009148,Document,PubMed,5,0,5
3868,PUBMED_9009081,Document,PubMed,5,0,5
3866,PUBMED_9009060,Document,PubMed,5,0,5
3864,PUBMED_9009039,Document,PubMed,5,0,5
3952,PUBMED_9009745,Document,PubMed,5,0,5
2804,PUBMED_9000645,Document,PubMed,5,0,5
2800,PUBMED_9000615,Document,PubMed,5,0,5
2789,PUBMED_9000527,Document,PubMed,5,0,5
1490,PUBMED_27388498,Document,PubMed,5,0,5
1487,PUBMED_28094609,Document,PubMed,5,0,5
1486,PUBMED_28192435,Document,PubMed,5,0,5
1481,PUBMED_30270883,Document,PubMed,5,0,5
3938,PUBMED_9009642,Document,PubMed,5,0,5
3927,PUBMED_9009541,Document,PubMed,5,0,5
3925,PUBMED_9009527,Document,PubMed,5,0,5
3924,PUBMED_9009523,Document,PubMed,5,0,5
3922,PUBMED_9009512,Document,PubMed,5,0,5
3919,PUBMED_9009508,Document,PubMed,5,0,5
3996,PUBMED_9010102,Document,PubMed,5,0,5
3994,PUBMED_9010081,Document,PubMed,5,0,5
2772,PUBMED_9000405,Document,PubMed,5,0,5
2746,PUBMED_9000193,Document,PubMed,5,0,5
2742,PUBMED_9000166,Document,PubMed,5,0,5
2740,PUBMED_9000152,Document,PubMed,5,0,5
1506,PUBMED_25123684,Document,PubMed,5,0,5
1504,PUBMED_25295750,Document,PubMed,5,0,5
1502,PUBMED_25494448,Document,PubMed,5,0,5
1500,PUBMED_25576098,Document,PubMed,5,0,5
2675,PUBMED_41575057,Document,PubMed,5,0,5
1538,PUBMED_22590657,Document,PubMed,5,0,5
1533,PUBMED_23137052,Document,PubMed,5,0,5
1498,PUBMED_26013374,Document,PubMed,5,0,5
1497,PUBMED_26330152,Document,PubMed,5,0,5
1494,PUBMED_26517839,Document,PubMed,5,0,5
2736,PUBMED_9000130,Document,PubMed,5,0,5
2734,PUBMED_9000116,Document,PubMed,5,0,5
2725,PUBMED_9000050,Document,PubMed,5,0,5
2724,PUBMED_9000040,Document,PubMed,5,0,5
1519,PUBMED_23969087,Document,PubMed,5,0,5
1516,PUBMED_24297874,Document,PubMed,5,0,5
1514,PUBMED_32226062,Document,PubMed,5,0,5
3950,PUBMED_9009728,Document,PubMed,5,0,5
3947,PUBMED_9009710,Document,PubMed,5,0,5
3939,PUBMED_9009651,Document,PubMed,5,0,5
3987,PUBMED_9010033,Document,PubMed,5,0,5
3986,PUBMED_9010020,Document,PubMed,5,0,5
3977,PUBMED_9009945,Document,PubMed,5,0,5
3975,PUBMED_9009930,Document,PubMed,5,0,5
799,PUBMED_42643749,Document,PubMed,5,0,5
792,PUBMED_42650696,Document,PubMed,5,0,5
3965,PUBMED_9009849,Document,PubMed,5,0,5
4025,PUBMED_9010353,Document,PubMed,5,0,5
2717,PUBMED_40071255,Document,PubMed,5,0,5
2711,PUBMED_40160078,Document,PubMed,5,0,5
2696,PUBMED_40747630,Document,PubMed,5,0,5
2691,PUBMED_40812713,Document,PubMed,5,0,5
2689,PUBMED_40814548,Document,PubMed,5,0,5
2687,PUBMED_40863243,Document,PubMed,5,0,5
2686,PUBMED_40867045,Document,PubMed,5,0,5
2682,PUBMED_40992438,Document,PubMed,5,0,5
4011,PUBMED_9010227,Document,PubMed,5,0,5
4010,PUBMED_9010214,Document,PubMed,5,0,5
4009,PUBMED_9010199,Document,PubMed,5,0,5
4005,PUBMED_9010162,Document,PubMed,5,0,5
4004,PUBMED_9010147,Document,PubMed,5,0,5
4065,PUBMED_9010657,Document,PubMed,5,0,5
4064,PUBMED_9010651,Document,PubMed,5,0,5
1525,PUBMED_23600787,Document,PubMed,5,0,5
2674,PUBMED_41646573,Document,PubMed,5,0,5
2671,PUBMED_41721445,Document,PubMed,5,0,5
2659,PUBMED_41948569,Document,PubMed,5,0,5
1553,PUBMED_19718950,Document,PubMed,5,0,5
1552,PUBMED_19751600,Document,PubMed,5,0,5
1547,PUBMED_21601050,Document,PubMed,5,0,5
2720,PUBMED_40029044,Document,PubMed,5,0,5
2718,PUBMED_40057725,Document,PubMed,5,0,5
4054,PUBMED_9010573,Document,PubMed,5,0,5
4044,PUBMED_9010508,Document,PubMed,5,0,5
4028,PUBMED_9010396,Document,PubMed,5,0,5
4091,PUBMED_9010863,Document,PubMed,5,0,5
2651,PUBMED_42257112,Document,PubMed,5,0,5
2639,PUBMED_42574145,Document,PubMed,5,0,5
2637,PUBMED_42585943,Document,PubMed,5,0,5
2628,PUBMED_4971268,Document,PubMed,5,0,5
1568,PUBMED_18425219,Document,PubMed,5,0,5
1567,PUBMED_18432094,Document,PubMed,5,0,5
1563,PUBMED_18761020,Document,PubMed,5,0,5
1559,PUBMED_19287829,Document,PubMed,5,0,5
1531,PUBMED_23433340,Document,PubMed,5,0,5
1530,PUBMED_23452510,Document,PubMed,5,0,5
1529,PUBMED_23459924,Document,PubMed,5,0,5
4017,PUBMED_9010286,Document,PubMed,5,0,5
753,PUBMED_42668177,Document,PubMed,5,0,5
741,PUBMED_42729852,Document,PubMed,5,0,5
4109,PUBMED_9011042,Document,PubMed,5,0,5
2625,PUBMED_5679148,Document,PubMed,5,0,5
2623,PUBMED_5679151,Document,PubMed,5,0,5
2620,PUBMED_5387827,Document,PubMed,5,0,5
2616,PUBMED_4400821,Document,PubMed,5,0,5
2603,PUBMED_21991403,Document,PubMed,5,0,5
2601,PUBMED_28607249,Document,PubMed,5,0,5
1586,PUBMED_16672396,Document,PubMed,5,0,5
1583,PUBMED_16847084,Document,PubMed,5,0,5
1581,PUBMED_17187565,Document,PubMed,5,0,5
1580,PUBMED_17326933,Document,PubMed,5,0,5
1542,PUBMED_22238695,Document,PubMed,5,0,5
1541,PUBMED_22349147,Document,PubMed,5,0,5
4060,PUBMED_9010624,Document,PubMed,5,0,5
727,PUBMED_42766670,Document,PubMed,5,0,5
4094,PUBMED_9010885,Document,PubMed,5,0,5
4092,PUBMED_9010865,Document,PubMed,5,0,5
1571,PUBMED_17985603,Document,PubMed,5,0,5
2592,PUBMED_30809731,Document,PubMed,5,0,5
2590,PUBMED_30994413,Document,PubMed,5,0,5
2567,PUBMED_38353765,Document,PubMed,5,0,5
1598,PUBMED_12932103,Document,PubMed,5,0,5
1596,PUBMED_15119766,Document,PubMed,5,0,5
1587,PUBMED_16572146,Document,PubMed,5,0,5
1557,PUBMED_19395747,Document,PubMed,5,0,5
1555,PUBMED_19515825,Document,PubMed,5,0,5
4085,PUBMED_9010804,Document,PubMed,5,0,5
4076,PUBMED_9010735,Document,PubMed,5,0,5
4075,PUBMED_9010725,Document,PubMed,5,0,5
4067,PUBMED_9010664,Document,PubMed,5,0,5
4194,PUBMED_9011742,Document,PubMed,5,0,5
4143,PUBMED_9011330,Document,PubMed,5,0,5
4118,PUBMED_9011108,Document,PubMed,5,0,5
4115,PUBMED_9011068,Document,PubMed,5,0,5
4175,PUBMED_9011623,Document,PubMed,5,0,5
2541,PUBMED_32439353,Document,PubMed,5,0,5
2540,PUBMED_32090172,Document,PubMed,5,0,5
2524,PUBMED_33097287,Document,PubMed,5,0,5
2522,PUBMED_33159111,Document,PubMed,5,0,5
2517,PUBMED_33466241,Document,PubMed,5,0,5
1578,PUBMED_17537536,Document,PubMed,5,0,5
1574,PUBMED_17703400,Document,PubMed,5,0,5
4106,PUBMED_9011004,Document,PubMed,5,0,5
4103,PUBMED_9010973,Document,PubMed,5,0,5
4102,PUBMED_9010966,Document,PubMed,5,0,5
731,PUBMED_42758940,Document,PubMed,5,0,5
1606,PUBMED_11973559,Document,PubMed,5,0,5
4190,PUBMED_9011713,Document,PubMed,5,0,5
4239,PUBMED_9012103,Document,PubMed,5,0,5
2510,PUBMED_33727580,Document,PubMed,5,0,5
2506,PUBMED_33904188,Document,PubMed,5,0,5
2500,PUBMED_34066734,Document,PubMed,5,0,5
1634,PUBMED_2130231,Document,PubMed,5,0,5
2497,PUBMED_34099828,Document,PubMed,5,0,5
2545,PUBMED_32232059,Document,PubMed,5,0,5
4160,PUBMED_9011492,Document,PubMed,5,0,5
4158,PUBMED_9011482,Document,PubMed,5,0,5
4153,PUBMED_9011441,Document,PubMed,5,0,5
4152,PUBMED_9011430,Document,PubMed,5,0,5
4150,PUBMED_9011404,Document,PubMed,5,0,5
4149,PUBMED_9011394,Document,PubMed,5,0,5
706,PUBMED_42797778,Document,PubMed,5,0,5
4319,PUBMED_9012707,Document,PubMed,5,0,5
4318,PUBMED_9012700,Document,PubMed,5,0,5
4232,PUBMED_9012036,Document,PubMed,5,0,5
4214,PUBMED_9011888,Document,PubMed,5,0,5
674,PUBMED_42674221,Document,PubMed,5,0,5
667,PUBMED_42676023,Document,PubMed,5,0,5
4202,PUBMED_9011787,Document,PubMed,5,0,5
4200,PUBMED_9011773,Document,PubMed,5,0,5
4283,PUBMED_9012463,Document,PubMed,5,0,5
4277,PUBMED_9012428,Document,PubMed,5,0,5
2472,PUBMED_34835056,Document,PubMed,5,0,5
2469,PUBMED_35034427,Document,PubMed,5,0,5
1638,PUBMED_6500865,Document,PubMed,5,0,5
1636,PUBMED_3864449,Document,PubMed,5,0,5
2465,PUBMED_35291358,Document,PubMed,5,0,5
2464,PUBMED_35343069,Document,PubMed,5,0,5
2407,PUBMED_38229485,Document,PubMed,5,0,5
2405,PUBMED_38297349,Document,PubMed,5,0,5
2455,PUBMED_35745517,Document,PubMed,5,0,5
2454,PUBMED_35803004,Document,PubMed,5,0,5
2450,PUBMED_36215506,Document,PubMed,5,0,5
2436,PUBMED_36793766,Document,PubMed,5,0,5
1666,PUBMED_42797790,Document,PubMed,5,0,5
1664,PUBMED_24184127,Document,PubMed,5,0,5
2493,PUBMED_34231315,Document,PubMed,5,0,5
2483,PUBMED_34492169,Document,PubMed,5,0,5
4268,PUBMED_9012345,Document,PubMed,5,0,5
4263,PUBMED_9012308,Document,PubMed,5,0,5
654,PUBMED_42678165,Document,PubMed,5,0,5
4258,PUBMED_9012279,Document,PubMed,5,0,5
4257,PUBMED_9012267,Document,PubMed,5,0,5
4247,PUBMED_9012182,Document,PubMed,5,0,5
4309,PUBMED_9012623,Document,PubMed,5,0,5
4305,PUBMED_9012591,Document,PubMed,5,0,5
4303,PUBMED_9012575,Document,PubMed,5,0,5
4301,PUBMED_9012564,Document,PubMed,5,0,5
4298,PUBMED_9012556,Document,PubMed,5,0,5
631,PUBMED_42684534,Document,PubMed,5,0,5
4287,PUBMED_9012493,Document,PubMed,5,0,5
4357,PUBMED_9013002,Document,PubMed,5,0,5
4353,PUBMED_9012967,Document,PubMed,5,0,5
4352,PUBMED_9012958,Document,PubMed,5,0,5
2422,PUBMED_37386642,Document,PubMed,5,0,5
2420,PUBMED_37436912,Document,PubMed,5,0,5
1677,PUBMED_42698519,Document,PubMed,5,0,5
1676,PUBMED_42699446,Document,PubMed,5,0,5
1670,PUBMED_42766081,Document,PubMed,5,0,5
2409,PUBMED_38123098,Document,PubMed,5,0,5
4342,PUBMED_9012881,Document,PubMed,5,0,5
623,PUBMED_42686042,Document,PubMed,5,0,5
4335,PUBMED_9012829,Document,PubMed,5,0,5
4394,PUBMED_9013311,Document,PubMed,5,0,5
4389,PUBMED_9013270,Document,PubMed,5,0,5
2385,PUBMED_39439057,Document,PubMed,5,0,5
2383,PUBMED_39443911,Document,PubMed,5,0,5
2380,PUBMED_39692056,Document,PubMed,5,0,5
2376,PUBMED_39797980,Document,PubMed,5,0,5
2371,PUBMED_39965004,Document,PubMed,5,0,5
1694,PUBMED_42430523,Document,PubMed,5,0,5
1687,PUBMED_42515627,Document,PubMed,5,0,5
2369,PUBMED_39995049,Document,PubMed,5,0,5
1654,PUBMED_39712434,Document,PubMed,5,0,5
2433,PUBMED_36862545,Document,PubMed,5,0,5
2432,PUBMED_36913925,Document,PubMed,5,0,5
4388,PUBMED_9013260,Document,PubMed,5,0,5
4385,PUBMED_9013244,Document,PubMed,5,0,5
4382,PUBMED_9013216,Document,PubMed,5,0,5
4380,PUBMED_9013187,Document,PubMed,5,0,5
599,PUBMED_42693390,Document,PubMed,5,0,5
4366,PUBMED_9013063,Document,PubMed,5,0,5
4365,PUBMED_9013059,Document,PubMed,5,0,5
573,PUBMED_42699333,Document,PubMed,5,0,5
566,PUBMED_42700325,Document,PubMed,5,0,5
2363,PUBMED_40284967,Document,PubMed,5,0,5
2359,PUBMED_40334492,Document,PubMed,5,0,5
2353,PUBMED_40413938,Document,PubMed,5,0,5
2341,PUBMED_40742122,Document,PubMed,5,0,5
1714,PUBMED_42086039,Document,PubMed,5,0,5
1713,PUBMED_42097709,Document,PubMed,5,0,5
2403,PUBMED_38395867,Document,PubMed,5,0,5
4417,PUBMED_9013517,Document,PubMed,5,0,5
4416,PUBMED_9013513,Document,PubMed,5,0,5
586,PUBMED_42696055,Document,PubMed,5,0,5
4400,PUBMED_9013364,Document,PubMed,5,0,5
4398,PUBMED_9013346,Document,PubMed,5,0,5
4395,PUBMED_9013312,Document,PubMed,5,0,5
4443,PUBMED_9013729,Document,PubMed,5,0,5
4442,PUBMED_9013721,Document,PubMed,5,0,5
2329,PUBMED_41039268,Document,PubMed,5,0,5
2324,PUBMED_41137582,Document,PubMed,5,0,5
2323,PUBMED_41182186,Document,PubMed,5,0,5
2321,PUBMED_41235837,Document,PubMed,5,0,5
2320,PUBMED_41238920,Document,PubMed,5,0,5
2313,PUBMED_41422039,Document,PubMed,5,0,5
2312,PUBMED_41462369,Document,PubMed,5,0,5
2365,PUBMED_40203013,Document,PubMed,5,0,5
4437,PUBMED_9013688,Document,PubMed,5,0,5
4433,PUBMED_9013666,Document,PubMed,5,0,5
4423,PUBMED_9013566,Document,PubMed,5,0,5
577,PUBMED_42698673,Document,PubMed,5,0,5
4484,PUBMED_9014078,Document,PubMed,5,0,5
4482,PUBMED_9014074,Document,PubMed,5,0,5
4471,PUBMED_9013988,Document,PubMed,5,0,5
2305,PUBMED_41691718,Document,PubMed,5,0,5
2294,PUBMED_42198637,Document,PubMed,5,0,5
2292,PUBMED_42229499,Document,PubMed,5,0,5
1741,PUBMED_40926237,Document,PubMed,5,0,5
1736,PUBMED_41160559,Document,PubMed,5,0,5
1699,PUBMED_42349475,Document,PubMed,5,0,5
2335,PUBMED_40872860,Document,PubMed,5,0,5
564,PUBMED_42700683,Document,PubMed,5,0,5
4418,PUBMED_9013520,Document,PubMed,5,0,5
1731,PUBMED_41305432,Document,PubMed,5,0,5
4468,PUBMED_9013961,Document,PubMed,5,0,5
4460,PUBMED_9013890,Document,PubMed,5,0,5
4457,PUBMED_9013854,Document,PubMed,5,0,5
4451,PUBMED_9013799,Document,PubMed,5,0,5
4447,PUBMED_9013772,Document,PubMed,5,0,5
4444,PUBMED_9013742,Document,PubMed,5,0,5
2284,PUBMED_42357628,Document,PubMed,5,0,5
2282,PUBMED_42360586,Document,PubMed,5,0,5
2281,PUBMED_42365992,Document,PubMed,5,0,5
2271,PUBMED_42549733,Document,PubMed,5,0,5
2264,PUBMED_40093536,Document,PubMed,5,0,5
2261,PUBMED_40116967,Document,PubMed,5,0,5
2260,PUBMED_40118087,Document,PubMed,5,0,5
2259,PUBMED_40128193,Document,PubMed,5,0,5
1719,PUBMED_41810013,Document,PubMed,5,0,5
4515,PUBMED_9014334,Document,PubMed,5,0,5
516,PUBMED_42713429,Document,PubMed,5,0,5
515,PUBMED_42713604,Document,PubMed,5,0,5
4512,PUBMED_9014307,Document,PubMed,5,0,5
4509,PUBMED_9014277,Document,PubMed,5,0,5
4544,PUBMED_9014565,Document,PubMed,5,0,5
4543,PUBMED_9014558,Document,PubMed,5,0,5
2256,PUBMED_40154108,Document,PubMed,5,0,5
2255,PUBMED_40159176,Document,PubMed,5,0,5
2254,PUBMED_40164599,Document,PubMed,5,0,5
2253,PUBMED_40168332,Document,PubMed,5,0,5
2252,PUBMED_40171842,Document,PubMed,5,0,5
2250,PUBMED_40183658,Document,PubMed,5,0,5
2249,PUBMED_40193168,Document,PubMed,5,0,5
2248,PUBMED_40201706,Document,PubMed,5,0,5
1734,PUBMED_41209602,Document,PubMed,5,0,5
4549,PUBMED_9014588,Document,PubMed,5,0,5
513,PUBMED_42713702,Document,PubMed,5,0,5
511,PUBMED_42714421,Document,PubMed,5,0,5
510,PUBMED_42714708,Document,PubMed,5,0,5
506,PUBMED_42714963,Document,PubMed,5,0,5
476,PUBMED_42724978,Document,PubMed,5,0,5
475,PUBMED_42725038,Document,PubMed,5,0,5
474,sars-cov-2,Pathogen,PubMed,5,5,0
1778,PUBMED_39666637,Document,PubMed,5,0,5
1777,PUBMED_39675368,Document,PubMed,5,0,5
1781,PUBMED_39627698,Document,PubMed,5,0,5
1779,PUBMED_39665245,Document,PubMed,5,0,5
1750,PUBMED_40682158,Document,PubMed,5,0,5
4536,PUBMED_9014495,Document,PubMed,5,0,5
4528,PUBMED_9014423,Document,PubMed,5,0,5
4525,PUBMED_9014407,Document,PubMed,5,0,5
472,1980,Date,PubMed,5,5,0
4581,PUBMED_9014851,Document,PubMed,5,0,5
4580,PUBMED_9014849,Document,PubMed,5,0,5
498,PUBMED_42717797,Document,PubMed,5,0,5
490,PUBMED_42721558,Document,PubMed,5,0,5
460,PUBMED_42727818,Document,PubMed,5,0,5
2239,PUBMED_40234789,Document,PubMed,5,0,5
2238,PUBMED_40235382,Document,PubMed,5,0,5
2237,PUBMED_40240533,Document,PubMed,5,0,5
2233,PUBMED_40266695,Document,PubMed,5,0,5
2232,PUBMED_40284899,Document,PubMed,5,0,5
2230,PUBMED_40288231,Document,PubMed,5,0,5
2227,PUBMED_40328893,Document,PubMed,5,0,5
2245,PUBMED_40213203,Document,PubMed,5,0,5
2244,PUBMED_40223710,Document,PubMed,5,0,5
2243,PUBMED_40225333,Document,PubMed,5,0,5
453,PUBMED_42729580,Document,PubMed,5,0,5
452,PUBMED_42729641,Document,PubMed,5,0,5
451,PUBMED_42729707,Document,PubMed,5,0,5
4604,PUBMED_9015033,Document,PubMed,5,0,5
4601,PUBMED_9015024,Document,PubMed,5,0,5
482,PUBMED_42722224,Document,PubMed,5,0,5
1805,PUBMED_38918760,Document,PubMed,5,0,5
1799,PUBMED_39222652,Document,PubMed,5,0,5
1795,PUBMED_39390974,Document,PubMed,5,0,5
1816,PUBMED_38640940,Document,PubMed,5,0,5
1815,PUBMED_38670481,Document,PubMed,5,0,5
1814,PUBMED_38713978,Document,PubMed,5,0,5
2226,PUBMED_40377953,Document,PubMed,5,0,5
2242,PUBMED_40230518,Document,PubMed,5,0,5
2241,PUBMED_40232684,Document,PubMed,5,0,5
2240,PUBMED_40234768,Document,PubMed,5,0,5
4621,PUBMED_9015156,Document,PubMed,5,0,5
4613,PUBMED_9015086,Document,PubMed,5,0,5
4611,PUBMED_9015071,Document,PubMed,5,0,5
464,PUBMED_42727023,Document,PubMed,5,0,5
2222,PUBMED_40406501,Document,PubMed,5,0,5
2220,PUBMED_40428857,Document,PubMed,5,0,5
2219,PUBMED_40438302,Document,PubMed,5,0,5
2218,PUBMED_40444438,Document,PubMed,5,0,5
2216,PUBMED_40469539,Document,PubMed,5,0,5
2215,PUBMED_40470132,Document,PubMed,5,0,5
2214,PUBMED_40470950,Document,PubMed,5,0,5
2213,PUBMED_40480973,Document,PubMed,5,0,5
2212,PUBMED_40489313,Document,PubMed,5,0,5
2211,PUBMED_40493066,Document,PubMed,5,0,5
1810,PUBMED_38783244,Document,PubMed,5,0,5
1808,PUBMED_38816800,Document,PubMed,5,0,5
1844,PUBMED_37993942,Document,PubMed,5,0,5
1843,PUBMED_38043556,Document,PubMed,5,0,5
1835,PUBMED_38278165,Document,PubMed,5,0,5
2209,PUBMED_40520303,Document,PubMed,5,0,5
2204,PUBMED_40551491,Document,PubMed,5,0,5
2203,PUBMED_40562151,Document,PubMed,5,0,5
2225,PUBMED_40388391,Document,PubMed,5,0,5
2223,PUBMED_40400454,Document,PubMed,5,0,5
4635,PUBMED_9015265,Document,PubMed,5,0,5
4634,PUBMED_9015253,Document,PubMed,5,0,5
4631,PUBMED_9015233,Document,PubMed,5,0,5
447,PUBMED_42730063,Document,PubMed,5,0,5
4669,PUBMED_9015517,Document,PubMed,5,0,5
4663,PUBMED_9015479,Document,PubMed,5,0,5
436,PUBMED_42733675,Document,PubMed,5,0,5
4624,PUBMED_9015177,Document,PubMed,5,0,5
2199,PUBMED_40588500,Document,PubMed,5,0,5
2198,PUBMED_40590853,Document,PubMed,5,0,5
4660,PUBMED_9015464,Document,PubMed,5,0,5
4658,PUBMED_9015442,Document,PubMed,5,0,5
4656,PUBMED_9015429,Document,PubMed,5,0,5
4651,PUBMED_9015380,Document,PubMed,5,0,5
4650,PUBMED_9015376,Document,PubMed,5,0,5
4645,PUBMED_9015338,Document,PubMed,5,0,5
401,PUBMED_42742206,Document,PubMed,5,0,5
2197,PUBMED_40592441,Document,PubMed,5,0,5
2196,PUBMED_40599438,Document,PubMed,5,0,5
2195,PUBMED_40617661,Document,PubMed,5,0,5
1856,PUBMED_37559741,Document,PubMed,5,0,5
1854,PUBMED_37661067,Document,PubMed,5,0,5
1851,PUBMED_37802545,Document,PubMed,5,0,5
1845,PUBMED_37992432,Document,PubMed,5,0,5
391,PUBMED_42744119,Document,PubMed,5,0,5
416,PUBMED_42738526,Document,PubMed,5,0,5
413,PUBMED_42738577,Document,PubMed,5,0,5
403,PUBMED_42741879,Document,PubMed,5,0,5
4672,PUBMED_9015540,Document,PubMed,5,0,5
4712,PUBMED_9015847,Document,PubMed,5,0,5
1860,PUBMED_37531478,Document,PubMed,5,0,5
2194,PUBMED_40630105,Document,PubMed,5,0,5
2192,PUBMED_40652991,Document,PubMed,5,0,5
2191,PUBMED_40660543,Document,PubMed,5,0,5
2190,PUBMED_40675496,Document,PubMed,5,0,5
2188,PUBMED_40698517,Document,PubMed,5,0,5
2186,PUBMED_40705002,Document,PubMed,5,0,5
2185,PUBMED_40715208,Document,PubMed,5,0,5
2184,PUBMED_40746323,Document,PubMed,5,0,5
2183,PUBMED_40750592,Document,PubMed,5,0,5
4705,PUBMED_9015793,Document,PubMed,5,0,5
4692,PUBMED_9015707,Document,PubMed,5,0,5
4689,PUBMED_9015682,Document,PubMed,5,0,5
4688,PUBMED_9015675,Document,PubMed,5,0,5
4686,PUBMED_9015668,Document,PubMed,5,0,5
4685,PUBMED_9015654,Document,PubMed,5,0,5
4683,PUBMED_9015631,Document,PubMed,5,0,5
4675,PUBMED_9015563,Document,PubMed,5,0,5
360,PUBMED_42749686,Document,PubMed,5,0,5
359,PUBMED_42749892,Document,PubMed,5,0,5
2179,PUBMED_40783724,Document,PubMed,5,0,5
1890,PUBMED_36789768,Document,PubMed,5,0,5
1889,PUBMED_36799826,Document,PubMed,5,0,5
1877,PUBMED_37055861,Document,PubMed,5,0,5
1876,PUBMED_37061918,Document,PubMed,5,0,5
1905,PUBMED_36516269,Document,PubMed,5,0,5
364,PUBMED_42749191,Document,PubMed,5,0,5
4783,PUBMED_9016488,Document,PubMed,5,0,5
4733,PUBMED_9016019,Document,PubMed,5,0,5
4727,PUBMED_9015979,Document,PubMed,5,0,5
4726,PUBMED_9015964,Document,PubMed,5,0,5
4723,PUBMED_9015931,Document,PubMed,5,0,5
382,PUBMED_42745852,Document,PubMed,5,0,5
351,PUBMED_42750927,Document,PubMed,5,0,5
2178,PUBMED_40784109,Document,PubMed,5,0,5
2176,PUBMED_40792286,Document,PubMed,5,0,5
2175,PUBMED_40822577,Document,PubMed,5,0,5
2174,PUBMED_40823209,Document,PubMed,5,0,5
2173,PUBMED_40834725,Document,PubMed,5,0,5
2172,PUBMED_40851449,Document,PubMed,5,0,5
2170,PUBMED_40873169,Document,PubMed,5,0,5
2180,PUBMED_40778847,Document,PubMed,5,0,5
4763,PUBMED_9016289,Document,PubMed,5,0,5
4755,PUBMED_9016225,Document,PubMed,5,0,5
4813,PUBMED_9016716,Document,PubMed,5,0,5
4808,PUBMED_9016683,Document,PubMed,5,0,5
2163,PUBMED_40920729,Document,PubMed,5,0,5
1922,PUBMED_36197925,Document,PubMed,5,0,5
1914,PUBMED_36332065,Document,PubMed,5,0,5
1911,PUBMED_36379378,Document,PubMed,5,0,5
1932,PUBMED_35987844,Document,PubMed,5,0,5
1897,PUBMED_36599498,Document,PubMed,5,0,5
1896,PUBMED_36610244,Document,PubMed,5,0,5
347,PUBMED_42752211,Document,PubMed,5,0,5
340,PUBMED_42754306,Document,PubMed,5,0,5
4750,PUBMED_9016166,Document,PubMed,5,0,5
4740,PUBMED_9016077,Document,PubMed,5,0,5
366,PUBMED_42748412,Document,PubMed,5,0,5
1966,PUBMED_42778521,Document,PubMed,5,0,5
2162,PUBMED_40920946,Document,PubMed,5,0,5
2161,PUBMED_40927952,Document,PubMed,5,0,5
2160,PUBMED_40928725,Document,PubMed,5,0,5
2159,PUBMED_40948607,Document,PubMed,5,0,5
2157,PUBMED_40950948,Document,PubMed,5,0,5
2154,PUBMED_41005545,Document,PubMed,5,0,5
2153,PUBMED_41011356,Document,PubMed,5,0,5
2150,PUBMED_41021859,Document,PubMed,5,0,5
2149,PUBMED_41037401,Document,PubMed,5,0,5
2148,PUBMED_41038284,Document,PubMed,5,0,5
2147,PUBMED_41057369,Document,PubMed,5,0,5
4780,PUBMED_9016470,Document,PubMed,5,0,5
4779,PUBMED_9016456,Document,PubMed,5,0,5
4771,PUBMED_9016381,Document,PubMed,5,0,5
4764,PUBMED_9016304,Document,PubMed,5,0,5
1952,PUBMED_35441222,Document,PubMed,5,0,5
1948,PUBMED_35537080,Document,PubMed,5,0,5
4805,PUBMED_9016657,Document,PubMed,5,0,5
4804,PUBMED_9016656,Document,PubMed,5,0,5
4800,PUBMED_9016632,Document,PubMed,5,0,5
4792,PUBMED_9016557,Document,PubMed,5,0,5
4790,PUBMED_9016554,Document,PubMed,5,0,5
334,PUBMED_42755973,Document,PubMed,5,0,5
329,PUBMED_42756954,Document,PubMed,5,0,5
4858,PUBMED_9017092,Document,PubMed,5,0,5
1946,PUBMED_35589157,Document,PubMed,5,0,5
1945,PUBMED_35622847,Document,PubMed,5,0,5
1944,PUBMED_35627473,Document,PubMed,5,0,5
1943,PUBMED_35657325,Document,PubMed,5,0,5
1940,PUBMED_35693754,Document,PubMed,5,0,5
1970,PUBMED_42743931,Document,PubMed,5,0,5
1997,PUBMED_42515591,Document,PubMed,5,0,5
1995,PUBMED_42556133,Document,PubMed,5,0,5
4846,PUBMED_9016977,Document,PubMed,5,0,5
4840,PUBMED_9016921,Document,PubMed,5,0,5
4834,PUBMED_9016879,Document,PubMed,5,0,5
4827,PUBMED_9016817,Document,PubMed,5,0,5
317,PUBMED_42761835,Document,PubMed,5,0,5
315,PUBMED_42762379,Document,PubMed,5,0,5
311,PUBMED_42762686,Document,PubMed,5,0,5
4814,PUBMED_9016721,Document,PubMed,5,0,5
1986,PUBMED_42625305,Document,PubMed,5,0,5
1985,PUBMED_42626674,Document,PubMed,5,0,5
1984,PUBMED_42636405,Document,PubMed,5,0,5
1982,PUBMED_42647848,Document,PubMed,5,0,5
1981,PUBMED_42655628,Document,PubMed,5,0,5
1980,PUBMED_42655662,Document,PubMed,5,0,5
4878,PUBMED_9017254,Document,PubMed,5,0,5
4877,PUBMED_9017240,Document,PubMed,5,0,5
4872,PUBMED_9017202,Document,PubMed,5,0,5
299,PUBMED_42765035,Document,PubMed,5,0,5
4863,PUBMED_9017130,Document,PubMed,5,0,5
4862,PUBMED_9017116,Document,PubMed,5,0,5
4860,PUBMED_9017098,Document,PubMed,5,0,5
4859,PUBMED_9017096,Document,PubMed,5,0,5
259,PUBMED_42771665,Document,PubMed,5,0,5
4928,PUBMED_9017687,Document,PubMed,5,0,5
4922,PUBMED_9017650,Document,PubMed,5,0,5
1975,PUBMED_42703025,Document,PubMed,5,0,5
1971,PUBMED_42723126,Document,PubMed,5,0,5
2002,PUBMED_42410978,Document,PubMed,5,0,5
2000,PUBMED_42458618,Document,PubMed,5,0,5
1999,PUBMED_42474038,Document,PubMed,5,0,5
4904,PUBMED_9017484,Document,PubMed,5,0,5
287,PUBMED_42765621,Document,PubMed,5,0,5
280,PUBMED_42766540,Document,PubMed,5,0,5
277,PUBMED_42767022,Document,PubMed,5,0,5
275,PUBMED_42767353,Document,PubMed,5,0,5
4955,PUBMED_9017864,Document,PubMed,5,0,5
1991,PUBMED_42576377,Document,PubMed,5,0,5
1990,PUBMED_42605412,Document,PubMed,5,0,5
1989,PUBMED_42608065,Document,PubMed,5,0,5
2018,PUBMED_42260341,Document,PubMed,5,0,5
2017,PUBMED_42272941,Document,PubMed,5,0,5
2015,PUBMED_42294713,Document,PubMed,5,0,5
2014,PUBMED_42299120,Document,PubMed,5,0,5
1977,PUBMED_42676489,Document,PubMed,5,0,5
1976,PUBMED_42680755,Document,PubMed,5,0,5
4883,PUBMED_9017318,Document,PubMed,5,0,5
2008,PUBMED_42338657,Document,PubMed,5,0,5
256,PUBMED_42772043,Document,PubMed,5,0,5
4940,PUBMED_9017767,Document,PubMed,5,0,5
269,PUBMED_42769806,Document,PubMed,5,0,5
267,PUBMED_42770068,Document,PubMed,5,0,5
262,PUBMED_42771063,Document,PubMed,5,0,5
2007,PUBMED_42341902,Document,PubMed,5,0,5
2006,PUBMED_42350436,Document,PubMed,5,0,5
2005,PUBMED_42359905,Document,PubMed,5,0,5
2003,PUBMED_42382695,Document,PubMed,5,0,5
2034,PUBMED_42057160,Document,PubMed,5,0,5
2033,PUBMED_42063915,Document,PubMed,5,0,5
2032,PUBMED_42129165,Document,PubMed,5,0,5
2030,PUBMED_42132395,Document,PubMed,5,0,5
2028,PUBMED_42147477,Document,PubMed,5,0,5
2027,PUBMED_42150814,Document,PubMed,5,0,5
5049,PUBMED_9018568,Document,PubMed,5,0,5
4993,PUBMED_9018129,Document,PubMed,5,0,5
4982,PUBMED_9018053,Document,PubMed,5,0,5
234,PUBMED_42775567,Document,PubMed,5,0,5
5023,PUBMED_9018347,Document,PubMed,5,0,5
2022,PUBMED_42231687,Document,PubMed,5,0,5
2020,PUBMED_42255080,Document,PubMed,5,0,5
2019,PUBMED_42257343,Document,PubMed,5,0,5
2050,PUBMED_41931668,Document,PubMed,5,0,5
2049,PUBMED_41933173,Document,PubMed,5,0,5
2046,PUBMED_41951942,Document,PubMed,5,0,5
2045,PUBMED_41953902,Document,PubMed,5,0,5
2044,PUBMED_41990720,Document,PubMed,5,0,5
2043,PUBMED_41991489,Document,PubMed,5,0,5
2010,PUBMED_42328982,Document,PubMed,5,0,5
2009,PUBMED_42333755,Document,PubMed,5,0,5
5045,PUBMED_9018543,Document,PubMed,5,0,5
5037,PUBMED_9018466,Document,PubMed,5,0,5
5033,PUBMED_9018418,Document,PubMed,5,0,5
206,2030,Date,PubMed,5,5,0
205,PUBMED_42779245,Document,PubMed,5,0,5
203,PUBMED_42779994,Document,PubMed,5,0,5
2036,PUBMED_42043242,Document,PubMed,5,0,5
2035,PUBMED_42053065,Document,PubMed,5,0,5
2066,PUBMED_41730293,Document,PubMed,5,0,5
2062,PUBMED_41796317,Document,PubMed,5,0,5
2061,PUBMED_41804624,Document,PubMed,5,0,5
2060,PUBMED_41811886,Document,PubMed,5,0,5
2026,PUBMED_42151805,Document,PubMed,5,0,5
5018,PUBMED_9018292,Document,PubMed,5,0,5
5015,PUBMED_9018284,Document,PubMed,5,0,5
225,PUBMED_42777545,Document,PubMed,5,0,5
2094,PUBMED_41493341,Document,PubMed,5,0,5
2092,PUBMED_41510450,Document,PubMed,5,0,5
2058,PUBMED_41819118,Document,PubMed,5,0,5
2055,PUBMED_41844069,Document,PubMed,5,0,5
2051,PUBMED_41920983,Document,PubMed,5,0,5
2081,PUBMED_41599062,Document,PubMed,5,0,5
2080,PUBMED_41600835,Document,PubMed,5,0,5
2077,PUBMED_41651084,Document,PubMed,5,0,5
2076,PUBMED_41673146,Document,PubMed,5,0,5
2075,PUBMED_41673447,Document,PubMed,5,0,5
2041,PUBMED_42011489,Document,PubMed,5,0,5
5072,PUBMED_9018746,Document,PubMed,5,0,5
5067,PUBMED_9018696,Document,PubMed,5,0,5
5066,PUBMED_9018683,Document,PubMed,5,0,5
5062,PUBMED_9018658,Document,PubMed,5,0,5
5060,PUBMED_9018654,Document,PubMed,5,0,5
5113,PUBMED_9019137,Document,PubMed,5,0,5
5108,PUBMED_9019087,Document,PubMed,5,0,5
5098,PUBMED_9018996,Document,PubMed,5,0,5
5092,PUBMED_9018948,Document,PubMed,5,0,5
5091,PUBMED_9018943,Document,PubMed,5,0,5
166,PUBMED_42785551,Document,PubMed,5,0,5
5121,PUBMED_9019163,Document,PubMed,5,0,5
5117,PUBMED_9019144,Document,PubMed,5,0,5
2071,PUBMED_41706384,Document,PubMed,5,0,5
2070,PUBMED_41709225,Document,PubMed,5,0,5
2069,PUBMED_41714599,Document,PubMed,5,0,5
2068,PUBMED_41722055,Document,PubMed,5,0,5
2067,PUBMED_41724269,Document,PubMed,5,0,5
2098,PUBMED_41461353,Document,PubMed,5,0,5
2097,PUBMED_41462260,Document,PubMed,5,0,5
2096,PUBMED_41472220,Document,PubMed,5,0,5
2123,PUBMED_41203638,Document,PubMed,5,0,5
2090,PUBMED_41518080,Document,PubMed,5,0,5
2089,PUBMED_41543221,Document,PubMed,5,0,5
2088,PUBMED_41551841,Document,PubMed,5,0,5
2086,PUBMED_41559051,Document,PubMed,5,0,5
2085,PUBMED_41559807,Document,PubMed,5,0,5
2112,PUBMED_41338437,Document,PubMed,5,0,5
2110,PUBMED_41353437,Document,PubMed,5,0,5
2107,PUBMED_41388370,Document,PubMed,5,0,5
2074,PUBMED_41675719,Document,PubMed,5,0,5
2073,PUBMED_41677705,Document,PubMed,5,0,5
2072,PUBMED_41688920,Document,PubMed,5,0,5
5135,PUBMED_9019295,Document,PubMed,5,0,5
5125,PUBMED_9019187,Document,PubMed,5,0,5
105,WHO_0042,Document,WHO_DON,5,0,5
5114,PUBMED_9019138,Document,PubMed,5,0,5
2139,PUBMED_41080304,Document,PubMed,5,0,5
2105,PUBMED_41392906,Document,PubMed,5,0,5
5153,PUBMED_9019443,Document,PubMed,5,0,5
5144,PUBMED_9019362,Document,PubMed,5,0,5
5142,PUBMED_9019359,Document,PubMed,5,0,5
87,1998,Date,WHO_DON,5,5,0
86,1999,Date,WHO_DON,5,5,0
84,WHO_0030,Document,WHO_DON,5,0,5
2103,PUBMED_41414934,Document,PubMed,5,0,5
2101,PUBMED_41428319,Document,PubMed,5,0,5
2100,PUBMED_41429130,Document,PubMed,5,0,5
2129,PUBMED_41157598,Document,PubMed,5,0,5
2128,PUBMED_41166295,Document,PubMed,5,0,5
2126,PUBMED_41183077,Document,PubMed,5,0,5
2125,PUBMED_41186613,Document,PubMed,5,0,5
2124,PUBMED_41199390,Document,PubMed,5,0,5
5218,PUBMED_9019979,Document,PubMed,5,0,5
5202,PUBMED_9019851,Document,PubMed,5,0,5
5197,PUBMED_9019820,Document,PubMed,5,0,5
15,WHO_0003,Document,WHO_DON,5,0,5
2122,PUBMED_41205529,Document,PubMed,5,0,5
2121,PUBMED_41209598,Document,PubMed,5,0,5
41,cholera,Disease,WHO_DON,5,5,0
2138,PUBMED_41083957,Document,PubMed,5,0,5
2137,PUBMED_41092779,Document,PubMed,5,0,5
2136,PUBMED_41104140,Document,PubMed,5,0,5
5182,PUBMED_9019684,Document,PubMed,5,0,5
5178,PUBMED_9019651,Document,PubMed,5,0,5
5176,PUBMED_9019632,Document,PubMed,5,0,5
5174,PUBMED_9019613,Document,PubMed,5,0,5
5172,PUBMED_9019598,Document,PubMed,5,0,5
92,WHO_0034,Document,WHO_DON,5,0,5
3389,PUBMED_9005271,Document,PubMed,5,0,5
3387,PUBMED_9005249,Document,PubMed,5,0,5
3386,PUBMED_9005241,Document,PubMed,5,0,5
1194,PUBMED_41759916,Document,PubMed,5,0,5
1155,PUBMED_41986995,Document,PubMed,5,0,5
3436,PUBMED_9005590,Document,PubMed,5,0,5
2134,PUBMED_41130568,Document,PubMed,5,0,5
2133,PUBMED_41133508,Document,PubMed,5,0,5
2131,PUBMED_41144227,Document,PubMed,5,0,5
5212,PUBMED_9019932,Document,PubMed,5,0,5
5211,PUBMED_9019925,Document,PubMed,5,0,5
5208,PUBMED_9019897,Document,PubMed,5,0,5
5206,PUBMED_9019877,Document,PubMed,5,0,5
5205,PUBMED_9019862,Document,PubMed,5,0,5
5204,PUBMED_9019856,Document,PubMed,5,0,5
5187,PUBMED_9019717,Document,PubMed,5,0,5
5201,PUBMED_9019841,Document,PubMed,4,0,4
5203,PUBMED_9019853,Document,PubMed,4,0,4
5207,PUBMED_9019885,Document,PubMed,4,0,4
5209,PUBMED_9019909,Document,PubMed,4,0,4
67,h7n9,Pathogen,WHO_DON,4,4,0
90,WHO_0033,Document,WHO_DON,4,0,4
1921,PUBMED_36223331,Document,PubMed,4,0,4
1919,PUBMED_36255647,Document,PubMed,4,0,4
1918,PUBMED_36263398,Document,PubMed,4,0,4
1917,PUBMED_36293703,Document,PubMed,4,0,4
1916,PUBMED_36315609,Document,PubMed,4,0,4
1913,PUBMED_36370717,Document,PubMed,4,0,4
1909,PUBMED_36426097,Document,PubMed,4,0,4
1908,PUBMED_36461100,Document,PubMed,4,0,4
1938,PUBMED_35747182,Document,PubMed,4,0,4
1937,PUBMED_35754166,Document,PubMed,4,0,4
1936,PUBMED_35788303,Document,PubMed,4,0,4
1935,PUBMED_35816491,Document,PubMed,4,0,4
1934,PUBMED_35861110,Document,PubMed,4,0,4
1933,PUBMED_35908851,Document,PubMed,4,0,4
1931,PUBMED_36141839,Document,PubMed,4,0,4
1887,PUBMED_36851146,Document,PubMed,4,0,4
1886,PUBMED_36870469,Document,PubMed,4,0,4
1885,PUBMED_36906778,Document,PubMed,4,0,4
1884,PUBMED_36939178,Document,PubMed,4,0,4
1883,PUBMED_36946725,Document,PubMed,4,0,4
1882,PUBMED_36957996,Document,PubMed,4,0,4
1881,PUBMED_36962988,Document,PubMed,4,0,4
1880,PUBMED_36967128,Document,PubMed,4,0,4
1875,PUBMED_37084479,Document,PubMed,4,0,4
1906,PUBMED_36516078,Document,PubMed,4,0,4
1903,PUBMED_36563700,Document,PubMed,4,0,4
1899,PUBMED_36582215,Document,PubMed,4,0,4
1898,PUBMED_36585031,Document,PubMed,4,0,4
1894,PUBMED_36682365,Document,PubMed,4,0,4
1892,PUBMED_36739878,Document,PubMed,4,0,4
1891,PUBMED_36748841,Document,PubMed,4,0,4
1850,PUBMED_37849404,Document,PubMed,4,0,4
1849,PUBMED_37880607,Document,PubMed,4,0,4
1848,PUBMED_37881726,Document,PubMed,4,0,4
1847,PUBMED_37881727,Document,PubMed,4,0,4
1846,PUBMED_40496799,Document,PubMed,4,0,4
1874,PUBMED_37099841,Document,PubMed,4,0,4
1872,PUBMED_37196593,Document,PubMed,4,0,4
1869,PUBMED_37355146,Document,PubMed,4,0,4
1868,PUBMED_37355438,Document,PubMed,4,0,4
1867,PUBMED_37369978,Document,PubMed,4,0,4
1865,PUBMED_37404281,Document,PubMed,4,0,4
1864,PUBMED_37470396,Document,PubMed,4,0,4
1863,PUBMED_37489781,Document,PubMed,4,0,4
1862,PUBMED_37515275,Document,PubMed,4,0,4
1861,PUBMED_37522962,Document,PubMed,4,0,4
1859,PUBMED_37539138,Document,PubMed,4,0,4
1818,PUBMED_38605526,Document,PubMed,4,0,4
1817,PUBMED_38625999,Document,PubMed,4,0,4
1813,PUBMED_38728629,Document,PubMed,4,0,4
1812,PUBMED_38743575,Document,PubMed,4,0,4
1811,PUBMED_38778293,Document,PubMed,4,0,4
1842,PUBMED_38053102,Document,PubMed,4,0,4
1841,PUBMED_38066574,Document,PubMed,4,0,4
1838,PUBMED_38156572,Document,PubMed,4,0,4
1836,PUBMED_38240249,Document,PubMed,4,0,4
1833,PUBMED_38279760,Document,PubMed,4,0,4
1832,PUBMED_38299454,Document,PubMed,4,0,4
1830,PUBMED_38340736,Document,PubMed,4,0,4
1828,PUBMED_38390012,Document,PubMed,4,0,4
1827,PUBMED_38390016,Document,PubMed,4,0,4
1858,PUBMED_37544326,Document,PubMed,4,0,4
1855,PUBMED_37596837,Document,PubMed,4,0,4
1786,PUBMED_39552644,Document,PubMed,4,0,4
1785,PUBMED_39559990,Document,PubMed,4,0,4
1784,PUBMED_39560047,Document,PubMed,4,0,4
1782,PUBMED_39566016,Document,PubMed,4,0,4
1809,PUBMED_38813481,Document,PubMed,4,0,4
1806,PUBMED_38873302,Document,PubMed,4,0,4
1804,PUBMED_39012096,Document,PubMed,4,0,4
1801,PUBMED_39173055,Document,PubMed,4,0,4
1800,PUBMED_39212633,Document,PubMed,4,0,4
1798,PUBMED_39236738,Document,PubMed,4,0,4
1826,PUBMED_38409877,Document,PubMed,4,0,4
1825,PUBMED_38413101,Document,PubMed,4,0,4
1824,PUBMED_38425680,Document,PubMed,4,0,4
1820,PUBMED_38532966,Document,PubMed,4,0,4
1819,PUBMED_38580170,Document,PubMed,4,0,4
5167,PUBMED_9019554,Document,PubMed,4,0,4
5165,PUBMED_9019535,Document,PubMed,4,0,4
5163,PUBMED_9019508,Document,PubMed,4,0,4
5155,PUBMED_9019463,Document,PubMed,4,0,4
1747,PUBMED_40692490,Document,PubMed,4,0,4
1775,PUBMED_39709377,Document,PubMed,4,0,4
1774,PUBMED_39805421,Document,PubMed,4,0,4
1773,PUBMED_39818205,Document,PubMed,4,0,4
1771,PUBMED_39939000,Document,PubMed,4,0,4
1768,PUBMED_40068928,Document,PubMed,4,0,4
1767,PUBMED_40128886,Document,PubMed,4,0,4
1766,PUBMED_40172216,Document,PubMed,4,0,4
1765,PUBMED_40177998,Document,PubMed,4,0,4
1764,PUBMED_40186866,Document,PubMed,4,0,4
1763,PUBMED_40194662,Document,PubMed,4,0,4
1794,PUBMED_39394249,Document,PubMed,4,0,4
1792,PUBMED_39436261,Document,PubMed,4,0,4
1791,PUBMED_39436951,Document,PubMed,4,0,4
1790,PUBMED_39438890,Document,PubMed,4,0,4
1787,PUBMED_39480209,Document,PubMed,4,0,4
2265,PUBMED_42735991,Document,PubMed,4,0,4
1762,PUBMED_40196593,Document,PubMed,4,0,4
1761,PUBMED_40228023,Document,PubMed,4,0,4
1760,PUBMED_40280145,Document,PubMed,4,0,4
1759,PUBMED_40330770,Document,PubMed,4,0,4
1758,PUBMED_40456231,Document,PubMed,4,0,4
1757,PUBMED_40467089,Document,PubMed,4,0,4
1756,PUBMED_40531972,Document,PubMed,4,0,4
1755,PUBMED_40575643,Document,PubMed,4,0,4
1754,PUBMED_40604579,Document,PubMed,4,0,4
1751,PUBMED_40644455,Document,PubMed,4,0,4
1749,PUBMED_40683139,Document,PubMed,4,0,4
1748,PUBMED_40687603,Document,PubMed,4,0,4
1732,PUBMED_41267113,Document,PubMed,4,0,4
2285,PUBMED_42357615,Document,PubMed,4,0,4
2283,PUBMED_42357654,Document,PubMed,4,0,4
2279,PUBMED_42393473,Document,PubMed,4,0,4
2277,PUBMED_42464509,Document,PubMed,4,0,4
2272,PUBMED_42541793,Document,PubMed,4,0,4
5147,PUBMED_9019387,Document,PubMed,4,0,4
5141,PUBMED_9019350,Document,PubMed,4,0,4
125,PUBMED_42789120,Document,PubMed,4,0,4
119,PUBMED_42790309,Document,PubMed,4,0,4
5138,PUBMED_9019320,Document,PubMed,4,0,4
5137,PUBMED_9019305,Document,PubMed,4,0,4
5131,PUBMED_9019258,Document,PubMed,4,0,4
5130,PUBMED_9019244,Document,PubMed,4,0,4
146,PUBMED_42787634,Document,PubMed,4,0,4
145,PUBMED_42787851,Document,PubMed,4,0,4
142,PUBMED_42787985,Document,PubMed,4,0,4
1716,PUBMED_41945571,Document,PubMed,4,0,4
2299,PUBMED_41982467,Document,PubMed,4,0,4
2296,PUBMED_42104085,Document,PubMed,4,0,4
2291,PUBMED_42249184,Document,PubMed,4,0,4
1746,PUBMED_40706506,Document,PubMed,4,0,4
1745,PUBMED_40754316,Document,PubMed,4,0,4
1743,PUBMED_40852134,Document,PubMed,4,0,4
1742,PUBMED_40920697,Document,PubMed,4,0,4
1740,PUBMED_40936811,Document,PubMed,4,0,4
1738,PUBMED_40999340,Document,PubMed,4,0,4
1733,PUBMED_41245129,Document,PubMed,4,0,4
133,PUBMED_42788600,Document,PubMed,4,0,4
5118,PUBMED_9019148,Document,PubMed,4,0,4
5112,PUBMED_9019124,Document,PubMed,4,0,4
5111,PUBMED_9019114,Document,PubMed,4,0,4
2315,PUBMED_41386201,Document,PubMed,4,0,4
2314,PUBMED_41401226,Document,PubMed,4,0,4
2307,PUBMED_41671675,Document,PubMed,4,0,4
1729,PUBMED_41391472,Document,PubMed,4,0,4
1727,PUBMED_41540350,Document,PubMed,4,0,4
1726,PUBMED_41591223,Document,PubMed,4,0,4
1725,PUBMED_41592782,Document,PubMed,4,0,4
1724,PUBMED_41593197,Document,PubMed,4,0,4
1723,PUBMED_41600793,Document,PubMed,4,0,4
1720,PUBMED_41676132,Document,PubMed,4,0,4
1718,PUBMED_41916495,Document,PubMed,4,0,4
1717,PUBMED_41943161,Document,PubMed,4,0,4
5097,PUBMED_9018989,Document,PubMed,4,0,4
5094,PUBMED_9018958,Document,PubMed,4,0,4
175,PUBMED_42784344,Document,PubMed,4,0,4
171,PUBMED_42784629,Document,PubMed,4,0,4
169,PUBMED_42785357,Document,PubMed,4,0,4
1702,PUBMED_42341788,Document,PubMed,4,0,4
1701,PUBMED_42341789,Document,PubMed,4,0,4
1700,PUBMED_42349474,Document,PubMed,4,0,4
2338,PUBMED_40795674,Document,PubMed,4,0,4
2331,PUBMED_41018969,Document,PubMed,4,0,4
2330,PUBMED_41026802,Document,PubMed,4,0,4
2326,PUBMED_41134389,Document,PubMed,4,0,4
2319,PUBMED_41243420,Document,PubMed,4,0,4
2318,PUBMED_41248104,Document,PubMed,4,0,4
2317,PUBMED_41253735,Document,PubMed,4,0,4
168,PUBMED_42785449,Document,PubMed,4,0,4
5076,PUBMED_9018792,Document,PubMed,4,0,4
5075,PUBMED_9018777,Document,PubMed,4,0,4
5074,PUBMED_9018765,Document,PubMed,4,0,4
5071,PUBMED_9018739,Document,PubMed,4,0,4
5070,PUBMED_9018726,Document,PubMed,4,0,4
190,PUBMED_42780870,Document,PubMed,4,0,4
186,PUBMED_42781381,Document,PubMed,4,0,4
185,PUBMED_42781536,Document,PubMed,4,0,4
2348,PUBMED_40559594,Document,PubMed,4,0,4
2347,PUBMED_40559730,Document,PubMed,4,0,4
2346,PUBMED_40577490,Document,PubMed,4,0,4
2343,PUBMED_40697821,Document,PubMed,4,0,4
1711,PUBMED_42172692,Document,PubMed,4,0,4
1710,PUBMED_42210365,Document,PubMed,4,0,4
1709,PUBMED_42221441,Document,PubMed,4,0,4
1708,PUBMED_42245043,Document,PubMed,4,0,4
1707,PUBMED_42264211,Document,PubMed,4,0,4
1706,PUBMED_42270369,Document,PubMed,4,0,4
1705,PUBMED_42285356,Document,PubMed,4,0,4
1704,PUBMED_42310549,Document,PubMed,4,0,4
1690,PUBMED_42476156,Document,PubMed,4,0,4
1688,PUBMED_42515566,Document,PubMed,4,0,4
1686,PUBMED_42515634,Document,PubMed,4,0,4
1685,PUBMED_42528850,Document,PubMed,4,0,4
1684,PUBMED_42537678,Document,PubMed,4,0,4
1683,PUBMED_42546729,Document,PubMed,4,0,4
2360,PUBMED_40327536,Document,PubMed,4,0,4
2358,PUBMED_40338958,Document,PubMed,4,0,4
5052,PUBMED_9018595,Document,PubMed,4,0,4
5051,PUBMED_9018584,Document,PubMed,4,0,4
5047,PUBMED_9018560,Document,PubMed,4,0,4
5041,PUBMED_9018514,Document,PubMed,4,0,4
5031,PUBMED_9018401,Document,PubMed,4,0,4
210,PUBMED_42779236,Document,PubMed,4,0,4
207,PUBMED_42779239,Document,PubMed,4,0,4
202,PUBMED_42780240,Document,PubMed,4,0,4
2382,PUBMED_39618401,Document,PubMed,4,0,4
2379,PUBMED_39710827,Document,PubMed,4,0,4
2377,PUBMED_39786642,Document,PubMed,4,0,4
2374,PUBMED_39845019,Document,PubMed,4,0,4
1698,PUBMED_42383297,Document,PubMed,4,0,4
1697,PUBMED_42386094,Document,PubMed,4,0,4
1696,PUBMED_42387048,Document,PubMed,4,0,4
1695,PUBMED_42427240,Document,PubMed,4,0,4
1693,PUBMED_42434018,Document,PubMed,4,0,4
1692,PUBMED_42453043,Document,PubMed,4,0,4
1691,PUBMED_42464817,Document,PubMed,4,0,4
201,PUBMED_42780280,Document,PubMed,4,0,4
197,PUBMED_42780686,Document,PubMed,4,0,4
5025,PUBMED_9018355,Document,PubMed,4,0,4
5019,PUBMED_9018307,Document,PubMed,4,0,4
5012,PUBMED_9018250,Document,PubMed,4,0,4
224,PUBMED_42777597,Document,PubMed,4,0,4
221,PUBMED_42778121,Document,PubMed,4,0,4
2408,PUBMED_38165919,Document,PubMed,4,0,4
2406,PUBMED_38264255,Document,PubMed,4,0,4
2400,PUBMED_38651034,Document,PubMed,4,0,4
2398,PUBMED_38708768,Document,PubMed,4,0,4
2392,PUBMED_39148261,Document,PubMed,4,0,4
2389,PUBMED_39269988,Document,PubMed,4,0,4
2387,PUBMED_39331677,Document,PubMed,4,0,4
5007,PUBMED_9018207,Document,PubMed,4,0,4
5006,PUBMED_9018205,Document,PubMed,4,0,4
5004,PUBMED_9018196,Document,PubMed,4,0,4
4995,PUBMED_9018135,Document,PubMed,4,0,4
4989,PUBMED_9018107,Document,PubMed,4,0,4
4983,PUBMED_9018062,Document,PubMed,4,0,4
238,PUBMED_42774971,Document,PubMed,4,0,4
233,PUBMED_42776594,Document,PubMed,4,0,4
4978,PUBMED_9018019,Document,PubMed,4,0,4
1675,PUBMED_42708066,Document,PubMed,4,0,4
1673,PUBMED_42715270,Document,PubMed,4,0,4
1672,PUBMED_42730077,Document,PubMed,4,0,4
1671,PUBMED_42765342,Document,PubMed,4,0,4
1669,PUBMED_42776651,Document,PubMed,4,0,4
1668,PUBMED_42789544,Document,PubMed,4,0,4
1667,PUBMED_42797759,Document,PubMed,4,0,4
2417,PUBMED_37631981,Document,PubMed,4,0,4
2416,PUBMED_37726112,Document,PubMed,4,0,4
2414,PUBMED_37885171,Document,PubMed,4,0,4
2411,PUBMED_37989240,Document,PubMed,4,0,4
4977,PUBMED_9018006,Document,PubMed,4,0,4
4974,PUBMED_9017978,Document,PubMed,4,0,4
4970,PUBMED_9017950,Document,PubMed,4,0,4
4964,PUBMED_9017909,Document,PubMed,4,0,4
1653,PUBMED_41894354,Document,PubMed,4,0,4
1652,PUBMED_41978305,Document,PubMed,4,0,4
1651,PUBMED_42387669,Document,PubMed,4,0,4
2425,PUBMED_37221263,Document,PubMed,4,0,4
2421,PUBMED_37403535,Document,PubMed,4,0,4
1682,PUBMED_42565265,Document,PubMed,4,0,4
1681,PUBMED_42566479,Document,PubMed,4,0,4
1680,PUBMED_42641631,Document,PubMed,4,0,4
1679,PUBMED_42648307,Document,PubMed,4,0,4
1678,PUBMED_42697214,Document,PubMed,4,0,4
246,PUBMED_42773773,Document,PubMed,4,0,4
244,PUBMED_42774291,Document,PubMed,4,0,4
243,PUBMED_42774677,Document,PubMed,4,0,4
4959,PUBMED_9017881,Document,PubMed,4,0,4
4958,PUBMED_9017873,Document,PubMed,4,0,4
4953,PUBMED_9017858,Document,PubMed,4,0,4
4949,PUBMED_9017832,Document,PubMed,4,0,4
4944,PUBMED_9017804,Document,PubMed,4,0,4
2451,PUBMED_36014002,Document,PubMed,4,0,4
2443,PUBMED_36560555,Document,PubMed,4,0,4
2442,PUBMED_36612830,Document,PubMed,4,0,4
2441,PUBMED_36642015,Document,PubMed,4,0,4
2440,PUBMED_36678447,Document,PubMed,4,0,4
1665,PUBMED_42797817,Document,PubMed,4,0,4
1663,PUBMED_24680955,Document,PubMed,4,0,4
1662,PUBMED_26276024,Document,PubMed,4,0,4
1658,PUBMED_34712599,Document,PubMed,4,0,4
1656,PUBMED_37610575,Document,PubMed,4,0,4
4943,PUBMED_9017797,Document,PubMed,4,0,4
4942,PUBMED_9017783,Document,PubMed,4,0,4
4936,PUBMED_9017738,Document,PubMed,4,0,4
4934,PUBMED_9017729,Document,PubMed,4,0,4
4931,PUBMED_9017714,Document,PubMed,4,0,4
271,PUBMED_42769611,Document,PubMed,4,0,4
268,PUBMED_42770038,Document,PubMed,4,0,4
1641,PUBMED_7136476,Document,PubMed,4,0,4
2463,PUBMED_35535811,Document,PubMed,4,0,4
2462,PUBMED_35578171,Document,PubMed,4,0,4
2461,PUBMED_35578793,Document,PubMed,4,0,4
2458,PUBMED_35601607,Document,PubMed,4,0,4
2453,PUBMED_35939503,Document,PubMed,4,0,4
2452,PUBMED_35962327,Document,PubMed,4,0,4
263,PUBMED_42770873,Document,PubMed,4,0,4
4929,PUBMED_9017696,Document,PubMed,4,0,4
4925,PUBMED_9017659,Document,PubMed,4,0,4
4923,PUBMED_9017652,Document,PubMed,4,0,4
4917,PUBMED_9017606,Document,PubMed,4,0,4
2477,PUBMED_34739920,Document,PubMed,4,0,4
2475,PUBMED_34785475,Document,PubMed,4,0,4
2471,PUBMED_34874936,Document,PubMed,4,0,4
1650,PUBMED_42491550,Document,PubMed,4,0,4
4907,PUBMED_9017509,Document,PubMed,4,0,4
4900,PUBMED_9017458,Document,PubMed,4,0,4
279,PUBMED_42766628,Document,PubMed,4,0,4
278,cow,Animal,PubMed,4,4,0
276,PUBMED_42767144,Document,PubMed,4,0,4
4898,PUBMED_9017448,Document,PubMed,4,0,4
4897,PUBMED_9017433,Document,PubMed,4,0,4
4890,PUBMED_9017385,Document,PubMed,4,0,4
4889,PUBMED_9017376,Document,PubMed,4,0,4
4886,PUBMED_9017343,Document,PubMed,4,0,4
4881,PUBMED_9017289,Document,PubMed,4,0,4
4870,PUBMED_9017194,Document,PubMed,4,0,4
301,PUBMED_42764973,Document,PubMed,4,0,4
1627,PUBMED_1625610,Document,PubMed,4,0,4
1624,PUBMED_7831488,Document,PubMed,4,0,4
1622,PUBMED_7953086,Document,PubMed,4,0,4
1620,PUBMED_8632923,Document,PubMed,4,0,4
2488,PUBMED_34375759,Document,PubMed,4,0,4
2485,PUBMED_34448977,Document,PubMed,4,0,4
296,PUBMED_42765064,Document,PubMed,4,0,4
292,PUBMED_42765222,Document,PubMed,4,0,4
291,PUBMED_42765226,Document,PubMed,4,0,4
4839,PUBMED_9016919,Document,PubMed,4,0,4
4833,PUBMED_9016871,Document,PubMed,4,0,4
4832,PUBMED_9016857,Document,PubMed,4,0,4
4829,PUBMED_9016841,Document,PubMed,4,0,4
4823,PUBMED_9016795,Document,PubMed,4,0,4
4821,PUBMED_9016778,Document,PubMed,4,0,4
2514,PUBMED_33648507,Document,PubMed,4,0,4
2513,PUBMED_33650812,Document,PubMed,4,0,4
2509,PUBMED_33749158,Document,PubMed,4,0,4
2505,PUBMED_33955689,Document,PubMed,4,0,4
2503,PUBMED_34043627,Document,PubMed,4,0,4
2501,PUBMED_34049499,Document,PubMed,4,0,4
1633,PUBMED_2131203,Document,PubMed,4,0,4
1629,PUBMED_1483992,Document,PubMed,4,0,4
4809,PUBMED_9016684,Document,PubMed,4,0,4
4806,PUBMED_9016672,Document,PubMed,4,0,4
4801,PUBMED_9016637,Document,PubMed,4,0,4
4795,PUBMED_9016585,Document,PubMed,4,0,4
4791,PUBMED_9016555,Document,PubMed,4,0,4
337,PUBMED_42754890,Document,PubMed,4,0,4
323,PUBMED_42760915,Document,PubMed,4,0,4
4786,PUBMED_9016512,Document,PubMed,4,0,4
4781,PUBMED_9016477,Document,PubMed,4,0,4
4773,PUBMED_9016393,Document,PubMed,4,0,4
4766,PUBMED_9016330,Document,PubMed,4,0,4
2526,PUBMED_33075049,Document,PubMed,4,0,4
2523,PUBMED_33139803,Document,PubMed,4,0,4
1615,PUBMED_8837628,Document,PubMed,4,0,4
1613,PUBMED_9179794,Document,PubMed,4,0,4
1608,PUBMED_11749754,Document,PubMed,4,0,4
354,PUBMED_42750694,Document,PubMed,4,0,4
349,PUBMED_42751460,Document,PubMed,4,0,4
345,PUBMED_42752633,Document,PubMed,4,0,4
4748,PUBMED_9016160,Document,PubMed,4,0,4
4744,PUBMED_9016122,Document,PubMed,4,0,4
4739,PUBMED_9016073,Document,PubMed,4,0,4
365,PUBMED_42749011,Document,PubMed,4,0,4
4738,PUBMED_9016062,Document,PubMed,4,0,4
2548,PUBMED_32089431,Document,PubMed,4,0,4
2544,PUBMED_32285224,Document,PubMed,4,0,4
2542,PUBMED_32437346,Document,PubMed,4,0,4
2538,PUBMED_32543112,Document,PubMed,4,0,4
2537,PUBMED_32598238,Document,PubMed,4,0,4
2534,PUBMED_32859190,Document,PubMed,4,0,4
2529,PUBMED_32995581,Document,PubMed,4,0,4
4732,PUBMED_9016014,Document,PubMed,4,0,4
4725,PUBMED_9015949,Document,PubMed,4,0,4
4724,PUBMED_9015938,Document,PubMed,4,0,4
374,PUBMED_42747542,Document,PubMed,4,0,4
371,PUBMED_42747631,Document,PubMed,4,0,4
4714,PUBMED_9015867,Document,PubMed,4,0,4
4713,PUBMED_9015859,Document,PubMed,4,0,4
4710,PUBMED_9015823,Document,PubMed,4,0,4
4708,PUBMED_9015819,Document,PubMed,4,0,4
1591,PUBMED_15742629,Document,PubMed,4,0,4
1589,PUBMED_16313033,Document,PubMed,4,0,4
2562,PUBMED_39743163,Document,PubMed,4,0,4
2561,PUBMED_39825388,Document,PubMed,4,0,4
2559,PUBMED_40130172,Document,PubMed,4,0,4
2558,PUBMED_40723468,Document,PubMed,4,0,4
2552,PUBMED_41806035,Document,PubMed,4,0,4
4707,PUBMED_9015815,Document,PubMed,4,0,4
4695,PUBMED_9015739,Document,PubMed,4,0,4
4691,PUBMED_9015695,Document,PubMed,4,0,4
4690,PUBMED_9015692,Document,PubMed,4,0,4
4687,PUBMED_9015672,Document,PubMed,4,0,4
4676,PUBMED_9015572,Document,PubMed,4,0,4
397,PUBMED_42743166,Document,PubMed,4,0,4
408,PUBMED_42741098,Document,PubMed,4,0,4
406,PUBMED_42741289,Document,PubMed,4,0,4
405,PUBMED_42741334,Document,PubMed,4,0,4
4671,PUBMED_9015528,Document,PubMed,4,0,4
4666,PUBMED_9015495,Document,PubMed,4,0,4
4652,PUBMED_9015393,Document,PubMed,4,0,4
2571,PUBMED_37844113,Document,PubMed,4,0,4
2563,PUBMED_39703604,Document,PubMed,4,0,4
1593,PUBMED_15702716,Document,PubMed,4,0,4
4644,PUBMED_9015335,Document,PubMed,4,0,4
428,PUBMED_42735690,Document,PubMed,4,0,4
426,PUBMED_42736015,Document,PubMed,4,0,4
4641,PUBMED_9015310,Document,PubMed,4,0,4
4636,PUBMED_9015273,Document,PubMed,4,0,4
4632,PUBMED_9015234,Document,PubMed,4,0,4
439,PUBMED_42733478,Document,PubMed,4,0,4
438,PUBMED_42733561,Document,PubMed,4,0,4
457,PUBMED_42728309,Document,PubMed,4,0,4
4609,PUBMED_9015056,Document,PubMed,4,0,4
2594,PUBMED_29594846,Document,PubMed,4,0,4
2589,PUBMED_33818450,Document,PubMed,4,0,4
2588,PUBMED_32655070,Document,PubMed,4,0,4
2587,PUBMED_32932653,Document,PubMed,4,0,4
2583,PUBMED_33910066,Document,PubMed,4,0,4
2580,PUBMED_34429443,Document,PubMed,4,0,4
2579,PUBMED_34558682,Document,PubMed,4,0,4
2578,PUBMED_34876036,Document,PubMed,4,0,4
2577,PUBMED_34907224,Document,PubMed,4,0,4
2576,PUBMED_35708407,Document,PubMed,4,0,4
478,PUBMED_42723767,Document,PubMed,4,0,4
470,PUBMED_42725358,Document,PubMed,4,0,4
467,PUBMED_42726670,Document,PubMed,4,0,4
4593,PUBMED_9014960,Document,PubMed,4,0,4
4592,PUBMED_9014946,Document,PubMed,4,0,4
483,PUBMED_42722141,Document,PubMed,4,0,4
2604,PUBMED_19486319,Document,PubMed,4,0,4
2599,PUBMED_27171207,Document,PubMed,4,0,4
2598,PUBMED_27692988,Document,PubMed,4,0,4
2595,PUBMED_29560461,Document,PubMed,4,0,4
1585,PUBMED_16701914,Document,PubMed,4,0,4
1573,PUBMED_17848065,Document,PubMed,4,0,4
4574,PUBMED_9014817,Document,PubMed,4,0,4
4573,PUBMED_9014804,Document,PubMed,4,0,4
4572,PUBMED_9014790,Document,PubMed,4,0,4
4570,PUBMED_9014778,Document,PubMed,4,0,4
4569,PUBMED_9014765,Document,PubMed,4,0,4
4566,PUBMED_9014730,Document,PubMed,4,0,4
4565,PUBMED_9014727,Document,PubMed,4,0,4
4564,PUBMED_9014712,Document,PubMed,4,0,4
4556,PUBMED_9014636,Document,PubMed,4,0,4
2622,PUBMED_5679153,Document,PubMed,4,0,4
2621,PUBMED_5679155,Document,PubMed,4,0,4
2617,PUBMED_5505199,Document,PubMed,4,0,4
2615,PUBMED_5001100,Document,PubMed,4,0,4
2614,PUBMED_4148214,Document,PubMed,4,0,4
2611,PUBMED_7442510,Document,PubMed,4,0,4
503,PUBMED_42717344,Document,PubMed,4,0,4
500,PUBMED_42717629,Document,PubMed,4,0,4
4546,PUBMED_9014576,Document,PubMed,4,0,4
4537,PUBMED_9014508,Document,PubMed,4,0,4
4532,PUBMED_9014470,Document,PubMed,4,0,4
4529,PUBMED_9014432,Document,PubMed,4,0,4
4523,PUBMED_9014397,Document,PubMed,4,0,4
4522,PUBMED_9014389,Document,PubMed,4,0,4
4520,PUBMED_9014373,Document,PubMed,4,0,4
4516,PUBMED_9014343,Document,PubMed,4,0,4
530,PUBMED_42709755,Document,PubMed,4,0,4
525,PUBMED_42710821,Document,PubMed,4,0,4
2641,PUBMED_42500761,Document,PubMed,4,0,4
2640,PUBMED_42524629,Document,PubMed,4,0,4
2638,PUBMED_42574146,Document,PubMed,4,0,4
2635,PUBMED_42713152,Document,PubMed,4,0,4
2634,PUBMED_42762120,Document,PubMed,4,0,4
2633,PUBMED_42772265,Document,PubMed,4,0,4
2630,PUBMED_5852195,Document,PubMed,4,0,4
2629,PUBMED_5657515,Document,PubMed,4,0,4
4510,PUBMED_9014291,Document,PubMed,4,0,4
4507,PUBMED_9014261,Document,PubMed,4,0,4
4500,PUBMED_9014200,Document,PubMed,4,0,4
546,PUBMED_42705418,Document,PubMed,4,0,4
545,PUBMED_42705670,Document,PubMed,4,0,4
544,PUBMED_42705734,Document,PubMed,4,0,4
1539,PUBMED_22493112,Document,PubMed,4,0,4
2658,PUBMED_41968754,Document,PubMed,4,0,4
2657,PUBMED_41983632,Document,PubMed,4,0,4
2656,PUBMED_41986063,Document,PubMed,4,0,4
2655,PUBMED_42138336,Document,PubMed,4,0,4
2654,PUBMED_42147597,Document,PubMed,4,0,4
2653,PUBMED_42192672,Document,PubMed,4,0,4
2652,PUBMED_42235924,Document,PubMed,4,0,4
2650,PUBMED_42289287,Document,PubMed,4,0,4
2649,PUBMED_42295711,Document,PubMed,4,0,4
2648,PUBMED_42302771,Document,PubMed,4,0,4
2646,PUBMED_42365542,Document,PubMed,4,0,4
2645,PUBMED_42388549,Document,PubMed,4,0,4
2644,PUBMED_42390463,Document,PubMed,4,0,4
2643,PUBMED_42411810,Document,PubMed,4,0,4
2642,PUBMED_42446345,Document,PubMed,4,0,4
2669,PUBMED_41814205,Document,PubMed,4,0,4
2667,PUBMED_41830684,Document,PubMed,4,0,4
2666,PUBMED_41852660,Document,PubMed,4,0,4
2665,PUBMED_41865742,Document,PubMed,4,0,4
2664,PUBMED_41908251,Document,PubMed,4,0,4
2663,PUBMED_41909413,Document,PubMed,4,0,4
2662,PUBMED_41920206,Document,PubMed,4,0,4
2660,PUBMED_41939484,Document,PubMed,4,0,4
1550,PUBMED_19999377,Document,PubMed,4,0,4
1549,PUBMED_20128344,Document,PubMed,4,0,4
1546,PUBMED_21646516,Document,PubMed,4,0,4
1545,PUBMED_21867415,Document,PubMed,4,0,4
1540,PUBMED_22379103,Document,PubMed,4,0,4
4490,PUBMED_9014107,Document,PubMed,4,0,4
4488,PUBMED_9014097,Document,PubMed,4,0,4
4480,PUBMED_9014053,Document,PubMed,4,0,4
4478,PUBMED_9014044,Document,PubMed,4,0,4
4477,PUBMED_9014035,Document,PubMed,4,0,4
4476,PUBMED_9014021,Document,PubMed,4,0,4
2683,PUBMED_40964729,Document,PubMed,4,0,4
2681,PUBMED_41247776,Document,PubMed,4,0,4
2680,PUBMED_41364204,Document,PubMed,4,0,4
2679,PUBMED_41466670,Document,PubMed,4,0,4
2678,PUBMED_41471875,Document,PubMed,4,0,4
2676,PUBMED_41552196,Document,PubMed,4,0,4
1537,PUBMED_22615575,Document,PubMed,4,0,4
1536,PUBMED_32226083,Document,PubMed,4,0,4
1528,PUBMED_23520734,Document,PubMed,4,0,4
1523,PUBMED_23689981,Document,PubMed,4,0,4
2673,PUBMED_41663206,Document,PubMed,4,0,4
2670,PUBMED_41758910,Document,PubMed,4,0,4
4465,PUBMED_9013938,Document,PubMed,4,0,4
4458,PUBMED_9013862,Document,PubMed,4,0,4
2705,PUBMED_40322689,Document,PubMed,4,0,4
2704,PUBMED_40339217,Document,PubMed,4,0,4
2703,PUBMED_40485559,Document,PubMed,4,0,4
2702,PUBMED_40485570,Document,PubMed,4,0,4
2701,PUBMED_40632361,Document,PubMed,4,0,4
2700,PUBMED_40645584,Document,PubMed,4,0,4
2699,PUBMED_40717932,Document,PubMed,4,0,4
2698,PUBMED_40727501,Document,PubMed,4,0,4
2697,PUBMED_40746285,Document,PubMed,4,0,4
2695,PUBMED_40754340,Document,PubMed,4,0,4
2694,PUBMED_40759614,Document,PubMed,4,0,4
2693,PUBMED_40780062,Document,PubMed,4,0,4
2692,PUBMED_40785726,Document,PubMed,4,0,4
2688,PUBMED_40840137,Document,PubMed,4,0,4
2685,PUBMED_40922067,Document,PubMed,4,0,4
2684,PUBMED_40950599,Document,PubMed,4,0,4
1510,PUBMED_24847903,Document,PubMed,4,0,4
1509,PUBMED_25011930,Document,PubMed,4,0,4
1507,PUBMED_25121408,Document,PubMed,4,0,4
2722,PUBMED_9000013,Document,PubMed,4,0,4
2719,PUBMED_40036866,Document,PubMed,4,0,4
2716,PUBMED_40073309,Document,PubMed,4,0,4
2715,PUBMED_40087950,Document,PubMed,4,0,4
2714,PUBMED_40089993,Document,PubMed,4,0,4
2713,PUBMED_40108590,Document,PubMed,4,0,4
2712,PUBMED_40116598,Document,PubMed,4,0,4
2710,PUBMED_40185248,Document,PubMed,4,0,4
2709,PUBMED_40259581,Document,PubMed,4,0,4
2708,PUBMED_40302684,Document,PubMed,4,0,4
2707,PUBMED_40313124,Document,PubMed,4,0,4
2706,PUBMED_40314054,Document,PubMed,4,0,4
2732,PUBMED_9000103,Document,PubMed,4,0,4
1515,PUBMED_24349592,Document,PubMed,4,0,4
1513,PUBMED_24661865,Document,PubMed,4,0,4
1512,PUBMED_24755619,Document,PubMed,4,0,4
1511,PUBMED_24784570,Document,PubMed,4,0,4
4450,PUBMED_9013798,Document,PubMed,4,0,4
4441,PUBMED_9013716,Document,PubMed,4,0,4
4428,PUBMED_9013613,Document,PubMed,4,0,4
570,PUBMED_42699671,Document,PubMed,4,0,4
4415,PUBMED_9013503,Document,PubMed,4,0,4
4409,PUBMED_9013442,Document,PubMed,4,0,4
4408,PUBMED_9013427,Document,PubMed,4,0,4
4406,PUBMED_9013401,Document,PubMed,4,0,4
594,PUBMED_42693700,Document,PubMed,4,0,4
583,PUBMED_42696224,Document,PubMed,4,0,4
4391,PUBMED_9013290,Document,PubMed,4,0,4
4390,PUBMED_9013282,Document,PubMed,4,0,4
4384,PUBMED_9013240,Document,PubMed,4,0,4
2749,PUBMED_9000221,Document,PubMed,4,0,4
2747,PUBMED_9000198,Document,PubMed,4,0,4
2743,PUBMED_9000171,Document,PubMed,4,0,4
2739,PUBMED_9000144,Document,PubMed,4,0,4
1505,PUBMED_25166219,Document,PubMed,4,0,4
4377,PUBMED_9013158,Document,PubMed,4,0,4
4376,PUBMED_9013150,Document,PubMed,4,0,4
4371,PUBMED_9013099,Document,PubMed,4,0,4
608,PUBMED_42689826,Document,PubMed,4,0,4
604,PUBMED_42691279,Document,PubMed,4,0,4
601,PUBMED_42692179,Document,PubMed,4,0,4
4369,PUBMED_9013081,Document,PubMed,4,0,4
4367,PUBMED_9013069,Document,PubMed,4,0,4
4362,PUBMED_9013032,Document,PubMed,4,0,4
2767,PUBMED_9000369,Document,PubMed,4,0,4
2762,PUBMED_9000319,Document,PubMed,4,0,4
2758,PUBMED_9000283,Document,PubMed,4,0,4
2756,PUBMED_9000256,Document,PubMed,4,0,4
2754,PUBMED_9000233,Document,PubMed,4,0,4
2753,PUBMED_9000229,Document,PubMed,4,0,4
4358,PUBMED_9013007,Document,PubMed,4,0,4
4347,PUBMED_9012910,Document,PubMed,4,0,4
624,PUBMED_42685734,Document,PubMed,4,0,4
617,PUBMED_42687962,Document,PubMed,4,0,4
614,PUBMED_42688691,Document,PubMed,4,0,4
4336,PUBMED_9012830,Document,PubMed,4,0,4
4330,PUBMED_9012780,Document,PubMed,4,0,4
4329,PUBMED_9012771,Document,PubMed,4,0,4
4321,PUBMED_9012716,Document,PubMed,4,0,4
4316,PUBMED_9012684,Document,PubMed,4,0,4
4315,PUBMED_9012674,Document,PubMed,4,0,4
4314,PUBMED_9012670,Document,PubMed,4,0,4
4313,PUBMED_9012660,Document,PubMed,4,0,4
4311,PUBMED_9012646,Document,PubMed,4,0,4
4310,PUBMED_9012636,Document,PubMed,4,0,4
1478,PUBMED_29149215,Document,PubMed,4,0,4
1476,PUBMED_29228367,Document,PubMed,4,0,4
2783,PUBMED_9000493,Document,PubMed,4,0,4
2781,PUBMED_9000482,Document,PubMed,4,0,4
2774,PUBMED_9000429,Document,PubMed,4,0,4
4294,PUBMED_9012536,Document,PubMed,4,0,4
642,PUBMED_42680313,Document,PubMed,4,0,4
641,PUBMED_42681213,Document,PubMed,4,0,4
636,PUBMED_42682494,Document,PubMed,4,0,4
628,PUBMED_42685492,Document,PubMed,4,0,4
4290,PUBMED_9012507,Document,PubMed,4,0,4
2796,PUBMED_9000583,Document,PubMed,4,0,4
2795,PUBMED_9000574,Document,PubMed,4,0,4
2794,PUBMED_9000565,Document,PubMed,4,0,4
2793,PUBMED_9000564,Document,PubMed,4,0,4
2787,PUBMED_9000520,Document,PubMed,4,0,4
1485,PUBMED_28219746,Document,PubMed,4,0,4
1483,PUBMED_28497055,Document,PubMed,4,0,4
4274,PUBMED_9012405,Document,PubMed,4,0,4
4273,PUBMED_9012391,Document,PubMed,4,0,4
4267,PUBMED_9012340,Document,PubMed,4,0,4
4265,PUBMED_9012326,Document,PubMed,4,0,4
4260,PUBMED_9012298,Document,PubMed,4,0,4
4256,PUBMED_9012264,Document,PubMed,4,0,4
4252,PUBMED_9012221,Document,PubMed,4,0,4
4250,PUBMED_9012197,Document,PubMed,4,0,4
4246,PUBMED_9012170,Document,PubMed,4,0,4
4241,PUBMED_9012119,Document,PubMed,4,0,4
4240,PUBMED_9012118,Document,PubMed,4,0,4
4236,PUBMED_9012071,Document,PubMed,4,0,4
4235,PUBMED_9012056,Document,PubMed,4,0,4
4234,PUBMED_9012055,Document,PubMed,4,0,4
4230,PUBMED_9012016,Document,PubMed,4,0,4
1468,PUBMED_29505617,Document,PubMed,4,0,4
1466,PUBMED_29931738,Document,PubMed,4,0,4
1462,PUBMED_30220397,Document,PubMed,4,0,4
2813,PUBMED_9000707,Document,PubMed,4,0,4
2811,PUBMED_9000693,Document,PubMed,4,0,4
2809,PUBMED_9000687,Document,PubMed,4,0,4
2803,PUBMED_9000643,Document,PubMed,4,0,4
4222,PUBMED_9011964,Document,PubMed,4,0,4
4219,PUBMED_9011939,Document,PubMed,4,0,4
4216,PUBMED_9011908,Document,PubMed,4,0,4
4213,PUBMED_9011877,Document,PubMed,4,0,4
4212,PUBMED_9011870,Document,PubMed,4,0,4
1443,PUBMED_31248686,Document,PubMed,4,0,4
2832,PUBMED_9000869,Document,PubMed,4,0,4
2827,PUBMED_9000824,Document,PubMed,4,0,4
2826,PUBMED_9000815,Document,PubMed,4,0,4
1471,PUBMED_29430859,Document,PubMed,4,0,4
4208,PUBMED_9011833,Document,PubMed,4,0,4
4207,PUBMED_9011818,Document,PubMed,4,0,4
4206,PUBMED_9011816,Document,PubMed,4,0,4
4205,PUBMED_9011811,Document,PubMed,4,0,4
4184,PUBMED_9011679,Document,PubMed,4,0,4
4182,PUBMED_9011674,Document,PubMed,4,0,4
687,PUBMED_42671195,Document,PubMed,4,0,4
682,PUBMED_42671827,Document,PubMed,4,0,4
4176,PUBMED_9011624,Document,PubMed,4,0,4
4166,PUBMED_9011543,Document,PubMed,4,0,4
4164,PUBMED_9011523,Document,PubMed,4,0,4
2847,PUBMED_9000980,Document,PubMed,4,0,4
1458,PUBMED_30417198,Document,PubMed,4,0,4
1450,PUBMED_30747140,Document,PubMed,4,0,4
4154,PUBMED_9011449,Document,PubMed,4,0,4
704,PUBMED_42797883,Document,PubMed,4,0,4
697,PUBMED_42798775,Document,PubMed,4,0,4
4141,PUBMED_9011314,Document,PubMed,4,0,4
4138,PUBMED_9011292,Document,PubMed,4,0,4
4127,PUBMED_9011186,Document,PubMed,4,0,4
4119,PUBMED_9011122,Document,PubMed,4,0,4
722,PUBMED_42781097,Document,PubMed,4,0,4
720,PUBMED_42787265,Document,PubMed,4,0,4
4112,PUBMED_9011057,Document,PubMed,4,0,4
4100,PUBMED_9010942,Document,PubMed,4,0,4
1432,PUBMED_33185145,Document,PubMed,4,0,4
1430,PUBMED_33230120,Document,PubMed,4,0,4
2861,PUBMED_9001067,Document,PubMed,4,0,4
2855,PUBMED_9001035,Document,PubMed,4,0,4
2853,PUBMED_9001026,Document,PubMed,4,0,4
2851,PUBMED_9001018,Document,PubMed,4,0,4
2849,PUBMED_9000997,Document,PubMed,4,0,4
725,PUBMED_42775832,Document,PubMed,4,0,4
4080,PUBMED_9010772,Document,PubMed,4,0,4
4073,PUBMED_9010714,Document,PubMed,4,0,4
4071,PUBMED_9010698,Document,PubMed,4,0,4
4070,PUBMED_9010693,Document,PubMed,4,0,4
750,PUBMED_42676405,Document,PubMed,4,0,4
748,PUBMED_42681944,Document,PubMed,4,0,4
4066,PUBMED_9010658,Document,PubMed,4,0,4
4052,PUBMED_9010565,Document,PubMed,4,0,4
4050,PUBMED_9010546,Document,PubMed,4,0,4
4048,PUBMED_9010526,Document,PubMed,4,0,4
2882,PUBMED_9001197,Document,PubMed,4,0,4
2872,PUBMED_9001121,Document,PubMed,4,0,4
1435,PUBMED_32752569,Document,PubMed,4,0,4
1434,PUBMED_32911766,Document,PubMed,4,0,4
4038,PUBMED_9010457,Document,PubMed,4,0,4
763,PUBMED_42662143,Document,PubMed,4,0,4
4031,PUBMED_9010405,Document,PubMed,4,0,4
4022,PUBMED_9010334,Document,PubMed,4,0,4
4003,PUBMED_9010142,Document,PubMed,4,0,4
786,PUBMED_42654733,Document,PubMed,4,0,4
785,PUBMED_42654740,Document,PubMed,4,0,4
781,PUBMED_42655014,Document,PubMed,4,0,4
778,PUBMED_42655767,Document,PubMed,4,0,4
3999,PUBMED_9010127,Document,PubMed,4,0,4
3990,PUBMED_9010051,Document,PubMed,4,0,4
2890,PUBMED_9001257,Document,PubMed,4,0,4
1424,PUBMED_34043640,Document,PubMed,4,0,4
1422,PUBMED_34448897,Document,PubMed,4,0,4
1416,PUBMED_35221371,Document,PubMed,4,0,4
3984,PUBMED_9010007,Document,PubMed,4,0,4
3982,PUBMED_9009992,Document,PubMed,4,0,4
3979,PUBMED_9009959,Document,PubMed,4,0,4
798,PUBMED_42644084,Document,PubMed,4,0,4
789,PUBMED_42651962,Document,PubMed,4,0,4
3969,PUBMED_9009872,Document,PubMed,4,0,4
3964,PUBMED_9009836,Document,PubMed,4,0,4
3962,PUBMED_9009816,Document,PubMed,4,0,4
3955,PUBMED_9009770,Document,PubMed,4,0,4
3948,PUBMED_9009717,Document,PubMed,4,0,4
3944,PUBMED_9009692,Document,PubMed,4,0,4
3943,PUBMED_9009678,Document,PubMed,4,0,4
815,PUBMED_42626796,Document,PubMed,4,0,4
2914,PUBMED_9001448,Document,PubMed,4,0,4
2908,PUBMED_9001393,Document,PubMed,4,0,4
2905,PUBMED_9001371,Document,PubMed,4,0,4
2903,PUBMED_9001360,Document,PubMed,4,0,4
2902,PUBMED_9001349,Document,PubMed,4,0,4
2896,PUBMED_9001313,Document,PubMed,4,0,4
806,PUBMED_42634835,Document,PubMed,4,0,4
803,PUBMED_42639102,Document,PubMed,4,0,4
3935,PUBMED_9009608,Document,PubMed,4,0,4
3928,PUBMED_9009546,Document,PubMed,4,0,4
3920,PUBMED_9009509,Document,PubMed,4,0,4
3918,PUBMED_9009501,Document,PubMed,4,0,4
3915,PUBMED_9009480,Document,PubMed,4,0,4
3911,PUBMED_9009445,Document,PubMed,4,0,4
3910,PUBMED_9009433,Document,PubMed,4,0,4
3908,PUBMED_9009410,Document,PubMed,4,0,4
1400,PUBMED_38668258,Document,PubMed,4,0,4
1399,PUBMED_39205276,Document,PubMed,4,0,4
2929,PUBMED_9001571,Document,PubMed,4,0,4
2928,PUBMED_9001569,Document,PubMed,4,0,4
2925,PUBMED_9001534,Document,PubMed,4,0,4
3905,PUBMED_9009389,Document,PubMed,4,0,4
3904,PUBMED_9009379,Document,PubMed,4,0,4
3903,PUBMED_9009372,Document,PubMed,4,0,4
3901,PUBMED_9009350,Document,PubMed,4,0,4
3900,PUBMED_9009335,Document,PubMed,4,0,4
3892,PUBMED_9009276,Document,PubMed,4,0,4
3889,PUBMED_9009247,Document,PubMed,4,0,4
3887,PUBMED_9009238,Document,PubMed,4,0,4
3886,PUBMED_9009225,Document,PubMed,4,0,4
3880,PUBMED_9009159,Document,PubMed,4,0,4
3878,PUBMED_9009135,Document,PubMed,4,0,4
3877,PUBMED_9009130,Document,PubMed,4,0,4
2941,PUBMED_9001672,Document,PubMed,4,0,4
1409,PUBMED_36782311,Document,PubMed,4,0,4
1407,PUBMED_36992499,Document,PubMed,4,0,4
1405,PUBMED_37486871,Document,PubMed,4,0,4
3873,PUBMED_9009113,Document,PubMed,4,0,4
3872,PUBMED_9009110,Document,PubMed,4,0,4
3871,PUBMED_9009097,Document,PubMed,4,0,4
3870,PUBMED_9009090,Document,PubMed,4,0,4
3865,PUBMED_9009050,Document,PubMed,4,0,4
3847,PUBMED_9008891,Document,PubMed,4,0,4
3843,PUBMED_9008847,Document,PubMed,4,0,4
846,PUBMED_42601893,Document,PubMed,4,0,4
842,PUBMED_42604856,Document,PubMed,4,0,4
835,PUBMED_42612402,Document,PubMed,4,0,4
3838,PUBMED_9008796,Document,PubMed,4,0,4
3834,PUBMED_9008762,Document,PubMed,4,0,4
2951,PUBMED_9001740,Document,PubMed,4,0,4
1390,PUBMED_39966449,Document,PubMed,4,0,4
1389,PUBMED_40227349,Document,PubMed,4,0,4
1385,PUBMED_40526180,Document,PubMed,4,0,4
3833,PUBMED_9008757,Document,PubMed,4,0,4
3826,PUBMED_9008695,Document,PubMed,4,0,4
3821,PUBMED_9008653,Document,PubMed,4,0,4
3817,PUBMED_9008627,Document,PubMed,4,0,4
3813,PUBMED_9008597,Document,PubMed,4,0,4
3812,PUBMED_9008589,Document,PubMed,4,0,4
855,PUBMED_42593124,Document,PubMed,4,0,4
853,PUBMED_42595022,Document,PubMed,4,0,4
3794,PUBMED_9008448,Document,PubMed,4,0,4
3786,PUBMED_9008388,Document,PubMed,4,0,4
3782,PUBMED_9008350,Document,PubMed,4,0,4
3780,PUBMED_9008338,Document,PubMed,4,0,4
872,PUBMED_42575613,Document,PubMed,4,0,4
1366,PUBMED_40449873,Document,PubMed,4,0,4
1365,PUBMED_40452062,Document,PubMed,4,0,4
1364,PUBMED_40461433,Document,PubMed,4,0,4
2978,PUBMED_9001945,Document,PubMed,4,0,4
2974,PUBMED_9001922,Document,PubMed,4,0,4
2969,PUBMED_9001877,Document,PubMed,4,0,4
2966,PUBMED_9001862,Document,PubMed,4,0,4
2965,PUBMED_9001852,Document,PubMed,4,0,4
870,PUBMED_42576862,Document,PubMed,4,0,4
3768,PUBMED_9008245,Document,PubMed,4,0,4
897,PUBMED_42244705,Document,PubMed,4,0,4
894,PUBMED_42365786,Document,PubMed,4,0,4
892,PUBMED_42388832,Document,PubMed,4,0,4
887,PUBMED_42484665,Document,PubMed,4,0,4
886,PUBMED_42539232,Document,PubMed,4,0,4
885,PUBMED_42573239,Document,PubMed,4,0,4
2985,PUBMED_9002009,Document,PubMed,4,0,4
1376,PUBMED_42421415,Document,PubMed,4,0,4
1371,PUBMED_40425005,Document,PubMed,4,0,4
1370,PUBMED_40426104,Document,PubMed,4,0,4
1367,PUBMED_40439444,Document,PubMed,4,0,4
3758,PUBMED_9008170,Document,PubMed,4,0,4
3749,PUBMED_9008090,Document,PubMed,4,0,4
3747,PUBMED_9008074,Document,PubMed,4,0,4
913,PUBMED_42009717,Document,PubMed,4,0,4
910,PUBMED_42042777,Document,PubMed,4,0,4
908,PUBMED_42060628,Document,PubMed,4,0,4
899,PUBMED_42213088,Document,PubMed,4,0,4
917,PUBMED_41955459,Document,PubMed,4,0,4
3016,PUBMED_9002248,Document,PubMed,4,0,4
3003,PUBMED_9002145,Document,PubMed,4,0,4
3002,PUBMED_9002136,Document,PubMed,4,0,4
2998,PUBMED_9002104,Document,PubMed,4,0,4
3737,PUBMED_9007976,Document,PubMed,4,0,4
946,PUBMED_41250131,Document,PubMed,4,0,4
945,PUBMED_41279505,Document,PubMed,4,0,4
942,PUBMED_41350454,Document,PubMed,4,0,4
940,PUBMED_41401439,Document,PubMed,4,0,4
938,PUBMED_41460789,Document,PubMed,4,0,4
933,PUBMED_41506526,Document,PubMed,4,0,4
3729,PUBMED_9007905,Document,PubMed,4,0,4
3724,PUBMED_9007868,Document,PubMed,4,0,4
3721,PUBMED_9007838,Document,PubMed,4,0,4
3717,PUBMED_9007821,Document,PubMed,4,0,4
959,PUBMED_40900100,Document,PubMed,4,0,4
958,PUBMED_40909817,Document,PubMed,4,0,4
953,PUBMED_41011828,Document,PubMed,4,0,4
952,PUBMED_41016509,Document,PubMed,4,0,4
950,PUBMED_41109220,Document,PubMed,4,0,4
948,PUBMED_41197866,Document,PubMed,4,0,4
947,PUBMED_41217731,Document,PubMed,4,0,4
3025,PUBMED_9002324,Document,PubMed,4,0,4
3024,PUBMED_9002320,Document,PubMed,4,0,4
3020,PUBMED_9002292,Document,PubMed,4,0,4
3019,PUBMED_9002285,Document,PubMed,4,0,4
3710,PUBMED_9007767,Document,PubMed,4,0,4
967,PUBMED_40740369,Document,PubMed,4,0,4
964,PUBMED_40812463,Document,PubMed,4,0,4
963,PUBMED_40820141,Document,PubMed,4,0,4
994,PUBMED_40007412,Document,PubMed,4,0,4
993,PUBMED_40023796,Document,PubMed,4,0,4
983,PUBMED_40303175,Document,PubMed,4,0,4
3695,PUBMED_9007647,Document,PubMed,4,0,4
3038,PUBMED_9002400,Document,PubMed,4,0,4
3035,PUBMED_9002372,Document,PubMed,4,0,4
3034,PUBMED_9002365,Document,PubMed,4,0,4
3031,PUBMED_9002353,Document,PubMed,4,0,4
3694,PUBMED_9007643,Document,PubMed,4,0,4
3692,PUBMED_9007627,Document,PubMed,4,0,4
3686,PUBMED_9007583,Document,PubMed,4,0,4
3685,PUBMED_9007572,Document,PubMed,4,0,4
1010,PUBMED_39467571,Document,PubMed,4,0,4
1008,PUBMED_39468565,Document,PubMed,4,0,4
1006,PUBMED_39484458,Document,PubMed,4,0,4
1001,PUBMED_39714185,Document,PubMed,4,0,4
1000,PUBMED_39814072,Document,PubMed,4,0,4
997,PUBMED_39882189,Document,PubMed,4,0,4
3682,PUBMED_9007549,Document,PubMed,4,0,4
1338,PUBMED_40694582,Document,PubMed,4,0,4
1333,PUBMED_40711643,Document,PubMed,4,0,4
1331,PUBMED_40720529,Document,PubMed,4,0,4
3058,PUBMED_9002555,Document,PubMed,4,0,4
3045,PUBMED_9002451,Document,PubMed,4,0,4
3677,PUBMED_9007518,Document,PubMed,4,0,4
1023,PUBMED_38756514,Document,PubMed,4,0,4
1018,PUBMED_39071164,Document,PubMed,4,0,4
1017,PUBMED_39134272,Document,PubMed,4,0,4
1016,PUBMED_39213758,Document,PubMed,4,0,4
3658,PUBMED_9007396,Document,PubMed,4,0,4
3653,PUBMED_9007363,Document,PubMed,4,0,4
1042,PUBMED_37042611,Document,PubMed,4,0,4
1032,PUBMED_38360813,Document,PubMed,4,0,4
1027,PUBMED_38595670,Document,PubMed,4,0,4
1051,PUBMED_34584927,Document,PubMed,4,0,4
1073,PUBMED_42797801,Document,PubMed,4,0,4
1070,PUBMED_22851656,Document,PubMed,4,0,4
1066,PUBMED_25115493,Document,PubMed,4,0,4
1063,PUBMED_26467906,Document,PubMed,4,0,4
1060,PUBMED_30152454,Document,PubMed,4,0,4
3068,PUBMED_9002620,Document,PubMed,4,0,4
3065,PUBMED_9002601,Document,PubMed,4,0,4
3061,PUBMED_9002578,Document,PubMed,4,0,4
3645,PUBMED_9007287,Document,PubMed,4,0,4
3644,PUBMED_9007286,Document,PubMed,4,0,4
1086,PUBMED_42627873,Document,PubMed,4,0,4
1083,PUBMED_42636244,Document,PubMed,4,0,4
1081,PUBMED_42645624,Document,PubMed,4,0,4
1076,PUBMED_42767552,Document,PubMed,4,0,4
1075,PUBMED_42777006,Document,PubMed,4,0,4
3628,PUBMED_9007161,Document,PubMed,4,0,4
3626,PUBMED_9007150,Document,PubMed,4,0,4
3625,PUBMED_9007138,Document,PubMed,4,0,4
3622,PUBMED_9007111,Document,PubMed,4,0,4
3618,PUBMED_9007086,Document,PubMed,4,0,4
3086,PUBMED_9002754,Document,PubMed,4,0,4
3085,PUBMED_9002749,Document,PubMed,4,0,4
3081,PUBMED_9002708,Document,PubMed,4,0,4
3078,PUBMED_9002691,Document,PubMed,4,0,4
3077,PUBMED_9002678,Document,PubMed,4,0,4
3076,PUBMED_9002667,Document,PubMed,4,0,4
3609,PUBMED_9007009,Document,PubMed,4,0,4
3607,PUBMED_9006993,Document,PubMed,4,0,4
3605,PUBMED_9006983,Document,PubMed,4,0,4
3604,PUBMED_9006972,Document,PubMed,4,0,4
1105,PUBMED_42401942,Document,PubMed,4,0,4
1102,PUBMED_42428999,Document,PubMed,4,0,4
1329,PUBMED_40720538,Document,PubMed,4,0,4
1325,PUBMED_40730239,Document,PubMed,4,0,4
1324,PUBMED_40730791,Document,PubMed,4,0,4
1322,PUBMED_40733524,Document,PubMed,4,0,4
1321,PUBMED_40736908,Document,PubMed,4,0,4
1094,PUBMED_42506752,Document,PubMed,4,0,4
1092,PUBMED_42520067,Document,PubMed,4,0,4
3599,PUBMED_9006932,Document,PubMed,4,0,4
3590,PUBMED_9006876,Document,PubMed,4,0,4
3588,PUBMED_9006857,Document,PubMed,4,0,4
3587,PUBMED_9006843,Document,PubMed,4,0,4
3580,PUBMED_9006768,Document,PubMed,4,0,4
1122,PUBMED_42231195,Document,PubMed,4,0,4
1121,PUBMED_42255767,Document,PubMed,4,0,4
1120,PUBMED_42255779,Document,PubMed,4,0,4
3115,PUBMED_9002993,Document,PubMed,4,0,4
3114,PUBMED_9002987,Document,PubMed,4,0,4
3110,PUBMED_9002967,Document,PubMed,4,0,4
3106,PUBMED_9002929,Document,PubMed,4,0,4
1116,PUBMED_42286757,Document,PubMed,4,0,4
1115,PUBMED_42302086,Document,PubMed,4,0,4
1114,PUBMED_42314658,Document,PubMed,4,0,4
1109,PUBMED_42337626,Document,PubMed,4,0,4
3568,PUBMED_9006674,Document,PubMed,4,0,4
3560,PUBMED_9006632,Document,PubMed,4,0,4
3559,PUBMED_9006627,Document,PubMed,4,0,4
3547,PUBMED_9006537,Document,PubMed,4,0,4
3543,PUBMED_9006498,Document,PubMed,4,0,4
3536,PUBMED_9006440,Document,PubMed,4,0,4
3531,PUBMED_9006404,Document,PubMed,4,0,4
3530,PUBMED_9006389,Document,PubMed,4,0,4
3524,PUBMED_9006351,Document,PubMed,4,0,4
1302,PUBMED_40891360,Document,PubMed,4,0,4
1300,PUBMED_40895961,Document,PubMed,4,0,4
3135,PUBMED_9003168,Document,PubMed,4,0,4
3130,PUBMED_9003122,Document,PubMed,4,0,4
1132,PUBMED_42139220,Document,PubMed,4,0,4
1130,PUBMED_42149962,Document,PubMed,4,0,4
1127,PUBMED_42189923,Document,PubMed,4,0,4
1123,PUBMED_42215590,Document,PubMed,4,0,4
3518,PUBMED_9006305,Document,PubMed,4,0,4
3511,PUBMED_9006235,Document,PubMed,4,0,4
3506,PUBMED_9006175,Document,PubMed,4,0,4
3501,PUBMED_9006134,Document,PubMed,4,0,4
3496,PUBMED_9006078,Document,PubMed,4,0,4
3494,PUBMED_9006056,Document,PubMed,4,0,4
3493,PUBMED_9006048,Document,PubMed,4,0,4
1152,PUBMED_42008613,Document,PubMed,4,0,4
1151,PUBMED_42011934,Document,PubMed,4,0,4
3147,PUBMED_9003276,Document,PubMed,4,0,4
1312,PUBMED_40781679,Document,PubMed,4,0,4
1309,PUBMED_40819672,Document,PubMed,4,0,4
3485,PUBMED_9006001,Document,PubMed,4,0,4
3482,PUBMED_9005970,Document,PubMed,4,0,4
3474,PUBMED_9005906,Document,PubMed,4,0,4
3470,PUBMED_9005865,Document,PubMed,4,0,4
3469,PUBMED_9005850,Document,PubMed,4,0,4
3462,PUBMED_9005804,Document,PubMed,4,0,4
3461,PUBMED_9005797,Document,PubMed,4,0,4
3454,PUBMED_9005746,Document,PubMed,4,0,4
3453,PUBMED_9005741,Document,PubMed,4,0,4
3450,PUBMED_9005709,Document,PubMed,4,0,4
1170,PUBMED_41915540,Document,PubMed,4,0,4
1167,PUBMED_41930645,Document,PubMed,4,0,4
1163,PUBMED_41947237,Document,PubMed,4,0,4
1285,PUBMED_41002152,Document,PubMed,4,0,4
1283,PUBMED_41027403,Document,PubMed,4,0,4
3168,PUBMED_9003452,Document,PubMed,4,0,4
3163,PUBMED_9003417,Document,PubMed,4,0,4
3162,PUBMED_9003406,Document,PubMed,4,0,4
3161,PUBMED_9003396,Document,PubMed,4,0,4
3160,PUBMED_9003395,Document,PubMed,4,0,4
3158,PUBMED_9003382,Document,PubMed,4,0,4
3153,PUBMED_9003341,Document,PubMed,4,0,4
3152,PUBMED_9003326,Document,PubMed,4,0,4
1157,PUBMED_41985827,Document,PubMed,4,0,4
3438,PUBMED_9005607,Document,PubMed,4,0,4
3437,PUBMED_9005598,Document,PubMed,4,0,4
3435,PUBMED_9005578,Document,PubMed,4,0,4
3426,PUBMED_9005496,Document,PubMed,4,0,4
3424,PUBMED_9005489,Document,PubMed,4,0,4
3188,PUBMED_9003612,Document,PubMed,4,0,4
3171,PUBMED_9003482,Document,PubMed,4,0,4
1296,PUBMED_40920874,Document,PubMed,4,0,4
1295,PUBMED_40920915,Document,PubMed,4,0,4
3415,PUBMED_9005434,Document,PubMed,4,0,4
1181,PUBMED_41827002,Document,PubMed,4,0,4
1176,PUBMED_41860982,Document,PubMed,4,0,4
1174,PUBMED_41871106,Document,PubMed,4,0,4
3409,PUBMED_9005380,Document,PubMed,4,0,4
3406,PUBMED_9005368,Document,PubMed,4,0,4
3397,PUBMED_9005330,Document,PubMed,4,0,4
3385,PUBMED_9005226,Document,PubMed,4,0,4
3384,PUBMED_9005212,Document,PubMed,4,0,4
3383,PUBMED_9005204,Document,PubMed,4,0,4
3380,PUBMED_9005174,Document,PubMed,4,0,4
1200,PUBMED_41734239,Document,PubMed,4,0,4
1199,PUBMED_41742860,Document,PubMed,4,0,4
1198,PUBMED_41752317,Document,PubMed,4,0,4
1197,PUBMED_41755671,Document,PubMed,4,0,4
1196,PUBMED_41757582,Document,PubMed,4,0,4
1193,PUBMED_41770737,Document,PubMed,4,0,4
3202,PUBMED_9003733,Document,PubMed,4,0,4
3195,PUBMED_9003678,Document,PubMed,4,0,4
3192,PUBMED_9003653,Document,PubMed,4,0,4
3191,PUBMED_9003639,Document,PubMed,4,0,4
1191,PUBMED_41772670,Document,PubMed,4,0,4
1190,PUBMED_41772683,Document,PubMed,4,0,4
3376,PUBMED_9005164,Document,PubMed,4,0,4
3371,PUBMED_9005129,Document,PubMed,4,0,4
3364,PUBMED_9005053,Document,PubMed,4,0,4
3214,PUBMED_9003853,Document,PubMed,4,0,4
3212,PUBMED_9003832,Document,PubMed,4,0,4
3205,PUBMED_9003764,Document,PubMed,4,0,4
3203,PUBMED_9003741,Document,PubMed,4,0,4
1279,PUBMED_41050254,Document,PubMed,4,0,4
1277,PUBMED_41064340,Document,PubMed,4,0,4
3361,PUBMED_9005023,Document,PubMed,4,0,4
3351,PUBMED_9004919,Document,PubMed,4,0,4
3349,PUBMED_9004899,Document,PubMed,4,0,4
3348,PUBMED_9004886,Document,PubMed,4,0,4
3344,PUBMED_9004845,Document,PubMed,4,0,4
3338,PUBMED_9004803,Document,PubMed,4,0,4
3337,PUBMED_9004801,Document,PubMed,4,0,4
3336,PUBMED_9004797,Document,PubMed,4,0,4
3334,PUBMED_9004784,Document,PubMed,4,0,4
1210,PUBMED_41652392,Document,PubMed,4,0,4
1256,PUBMED_41303860,Document,PubMed,4,0,4
1251,PUBMED_41330753,Document,PubMed,4,0,4
3231,PUBMED_9003975,Document,PubMed,4,0,4
3229,PUBMED_9003966,Document,PubMed,4,0,4
1206,PUBMED_41702637,Document,PubMed,4,0,4
1205,PUBMED_41714595,Document,PubMed,4,0,4
1203,PUBMED_41722758,Document,PubMed,4,0,4
3329,PUBMED_9004749,Document,PubMed,4,0,4
3317,PUBMED_9004648,Document,PubMed,4,0,4
3310,PUBMED_9004585,Document,PubMed,4,0,4
3304,PUBMED_9004539,Document,PubMed,4,0,4
3302,PUBMED_9004532,Document,PubMed,4,0,4
1234,PUBMED_41473504,Document,PubMed,4,0,4
1232,PUBMED_41494848,Document,PubMed,4,0,4
1223,PUBMED_41593468,Document,PubMed,4,0,4
3243,PUBMED_9004049,Document,PubMed,4,0,4
3242,PUBMED_9004047,Document,PubMed,4,0,4
3240,PUBMED_9004036,Document,PubMed,4,0,4
3236,PUBMED_9004013,Document,PubMed,4,0,4
3235,PUBMED_9004010,Document,PubMed,4,0,4
1266,PUBMED_41221228,Document,PubMed,4,0,4
1265,PUBMED_41241183,Document,PubMed,4,0,4
1259,PUBMED_41276266,Document,PubMed,4,0,4
1222,PUBMED_41599015,Document,PubMed,4,0,4
1220,PUBMED_41615193,Document,PubMed,4,0,4
3297,PUBMED_9004494,Document,PubMed,4,0,4
3290,PUBMED_9004435,Document,PubMed,4,0,4
3278,PUBMED_9004331,Document,PubMed,4,0,4
1250,PUBMED_41330760,Document,PubMed,4,0,4
1245,PUBMED_41379636,Document,PubMed,4,0,4
1241,PUBMED_41418842,Document,PubMed,4,0,4
1239,PUBMED_41459161,Document,PubMed,4,0,4
1236,PUBMED_41472311,Document,PubMed,4,0,4
3263,PUBMED_9004236,Document,PubMed,4,0,4
3256,PUBMED_9004170,Document,PubMed,4,0,4
47,WHO_0015,Document,WHO_DON,4,0,4
65,WHO_0022,Document,WHO_DON,4,0,4
53,WHO_0018,Document,WHO_DON,4,0,4
1929,PUBMED_36158749,Document,PubMed,4,0,4
1926,PUBMED_36165551,Document,PubMed,4,0,4
1924,PUBMED_36168658,Document,PubMed,4,0,4
1923,PUBMED_36197875,Document,PubMed,4,0,4
1954,PUBMED_35294384,Document,PubMed,4,0,4
1953,PUBMED_35350879,Document,PubMed,4,0,4
1951,PUBMED_35446128,Document,PubMed,4,0,4
1949,PUBMED_35506948,Document,PubMed,4,0,4
1947,PUBMED_35587495,Document,PubMed,4,0,4
1941,PUBMED_35668457,Document,PubMed,4,0,4
1962,PUBMED_35047476,Document,PubMed,4,0,4
1958,PUBMED_35155325,Document,PubMed,4,0,4
85,WHO_0031,Document,WHO_DON,3,0,3
5169,PUBMED_9019574,Document,PubMed,3,0,3
5168,PUBMED_9019567,Document,PubMed,3,0,3
5166,PUBMED_9019548,Document,PubMed,3,0,3
5164,PUBMED_9019521,Document,PubMed,3,0,3
5159,PUBMED_9019480,Document,PubMed,3,0,3
106,WHO_0043,Document,WHO_DON,3,0,3
100,WHO_0039,Document,WHO_DON,3,0,3
1244,PUBMED_41379717,Document,PubMed,3,0,3
1243,PUBMED_41379725,Document,PubMed,3,0,3
1242,PUBMED_41387904,Document,PubMed,3,0,3
1238,PUBMED_41468381,Document,PubMed,3,0,3
1237,PUBMED_41472210,Document,PubMed,3,0,3
1235,PUBMED_41472722,Document,PubMed,3,0,3
3259,PUBMED_9004197,Document,PubMed,3,0,3
3257,PUBMED_9004175,Document,PubMed,3,0,3
3255,PUBMED_9004157,Document,PubMed,3,0,3
3252,PUBMED_9004128,Document,PubMed,3,0,3
3249,PUBMED_9004107,Document,PubMed,3,0,3
3248,PUBMED_9004101,Document,PubMed,3,0,3
3245,PUBMED_9004070,Document,PubMed,3,0,3
5195,PUBMED_9019801,Document,PubMed,3,0,3
3285,PUBMED_9004389,Document,PubMed,3,0,3
3284,PUBMED_9004385,Document,PubMed,3,0,3
3277,PUBMED_9004327,Document,PubMed,3,0,3
3274,PUBMED_9004300,Document,PubMed,3,0,3
3271,PUBMED_9004285,Document,PubMed,3,0,3
3269,PUBMED_9004281,Document,PubMed,3,0,3
3268,PUBMED_9004276,Document,PubMed,3,0,3
3267,PUBMED_9004265,Document,PubMed,3,0,3
1249,PUBMED_41347426,Document,PubMed,3,0,3
1248,PUBMED_41351622,Document,PubMed,3,0,3
1246,PUBMED_41364721,Document,PubMed,3,0,3
1228,PUBMED_41531540,Document,PubMed,3,0,3
1226,PUBMED_41545921,Document,PubMed,3,0,3
1225,PUBMED_41546866,Document,PubMed,3,0,3
3238,PUBMED_9004020,Document,PubMed,3,0,3
1264,PUBMED_41256561,Document,PubMed,3,0,3
1263,PUBMED_41260397,Document,PubMed,3,0,3
1262,PUBMED_41261754,Document,PubMed,3,0,3
1261,PUBMED_41272522,Document,PubMed,3,0,3
1221,PUBMED_41611297,Document,PubMed,3,0,3
1219,PUBMED_41615549,Document,PubMed,3,0,3
3296,PUBMED_9004486,Document,PubMed,3,0,3
3289,PUBMED_9004423,Document,PubMed,3,0,3
2270,PUBMED_42556301,Document,PubMed,3,0,3
2266,PUBMED_42655835,Document,PubMed,3,0,3
2290,PUBMED_42266430,Document,PubMed,3,0,3
2289,PUBMED_42294688,Document,PubMed,3,0,3
2288,PUBMED_42298921,Document,PubMed,3,0,3
2287,PUBMED_42321905,Document,PubMed,3,0,3
2286,PUBMED_42347174,Document,PubMed,3,0,3
2280,PUBMED_42372630,Document,PubMed,3,0,3
2278,PUBMED_42424311,Document,PubMed,3,0,3
2276,PUBMED_42482989,Document,PubMed,3,0,3
2275,PUBMED_42493196,Document,PubMed,3,0,3
2274,PUBMED_42531271,Document,PubMed,3,0,3
5149,PUBMED_9019399,Document,PubMed,3,0,3
5148,PUBMED_9019394,Document,PubMed,3,0,3
3327,PUBMED_9004725,Document,PubMed,3,0,3
3321,PUBMED_9004670,Document,PubMed,3,0,3
3319,PUBMED_9004657,Document,PubMed,3,0,3
3318,PUBMED_9004651,Document,PubMed,3,0,3
3316,PUBMED_9004639,Document,PubMed,3,0,3
3315,PUBMED_9004635,Document,PubMed,3,0,3
3306,PUBMED_9004546,Document,PubMed,3,0,3
3305,PUBMED_9004544,Document,PubMed,3,0,3
3301,PUBMED_9004525,Document,PubMed,3,0,3
1233,PUBMED_41475302,Document,PubMed,3,0,3
1230,PUBMED_41511969,Document,PubMed,3,0,3
1229,PUBMED_41525936,Document,PubMed,3,0,3
1209,PUBMED_41667103,Document,PubMed,3,0,3
1208,PUBMED_41671227,Document,PubMed,3,0,3
1258,PUBMED_41284658,Document,PubMed,3,0,3
1257,PUBMED_41299722,Document,PubMed,3,0,3
1255,PUBMED_41305528,Document,PubMed,3,0,3
1254,PUBMED_41314423,Document,PubMed,3,0,3
3224,PUBMED_9003925,Document,PubMed,3,0,3
3221,PUBMED_9003911,Document,PubMed,3,0,3
3220,PUBMED_9003906,Document,PubMed,3,0,3
1207,PUBMED_41671481,Document,PubMed,3,0,3
3357,PUBMED_9004981,Document,PubMed,3,0,3
3347,PUBMED_9004871,Document,PubMed,3,0,3
3339,PUBMED_9004812,Document,PubMed,3,0,3
3333,PUBMED_9004783,Document,PubMed,3,0,3
3332,PUBMED_9004779,Document,PubMed,3,0,3
3331,PUBMED_9004767,Document,PubMed,3,0,3
1218,PUBMED_41619199,Document,PubMed,3,0,3
1217,PUBMED_41619542,Document,PubMed,3,0,3
1216,PUBMED_41629255,Document,PubMed,3,0,3
1215,PUBMED_41639463,Document,PubMed,3,0,3
1213,PUBMED_41645098,Document,PubMed,3,0,3
1212,PUBMED_41649418,Document,PubMed,3,0,3
1211,PUBMED_41650846,Document,PubMed,3,0,3
5140,PUBMED_9019340,Document,PubMed,3,0,3
5139,PUBMED_9019329,Document,PubMed,3,0,3
116,WHO_0048,Document,WHO_DON,3,0,3
5133,PUBMED_9019278,Document,PubMed,3,0,3
5132,PUBMED_9019264,Document,PubMed,3,0,3
5128,PUBMED_9019221,Document,PubMed,3,0,3
5127,PUBMED_9019206,Document,PubMed,3,0,3
3363,PUBMED_9005044,Document,PubMed,3,0,3
3217,PUBMED_9003883,Document,PubMed,3,0,3
3209,PUBMED_9003812,Document,PubMed,3,0,3
3207,PUBMED_9003790,Document,PubMed,3,0,3
3206,PUBMED_9003776,Document,PubMed,3,0,3
1282,PUBMED_41040339,Document,PubMed,3,0,3
1278,PUBMED_41061233,Document,PubMed,3,0,3
1276,PUBMED_41073070,Document,PubMed,3,0,3
1275,PUBMED_41073990,Document,PubMed,3,0,3
1274,PUBMED_41074191,Document,PubMed,3,0,3
3362,PUBMED_9005029,Document,PubMed,3,0,3
3360,PUBMED_9005011,Document,PubMed,3,0,3
3359,PUBMED_9005003,Document,PubMed,3,0,3
1268,PUBMED_41187838,Document,PubMed,3,0,3
3200,PUBMED_9003716,Document,PubMed,3,0,3
3199,PUBMED_9003714,Document,PubMed,3,0,3
3193,PUBMED_9003654,Document,PubMed,3,0,3
3190,PUBMED_9003629,Document,PubMed,3,0,3
1192,PUBMED_41770744,Document,PubMed,3,0,3
1187,PUBMED_41788869,Document,PubMed,3,0,3
3374,PUBMED_9005154,Document,PubMed,3,0,3
3373,PUBMED_9005147,Document,PubMed,3,0,3
3368,PUBMED_9005093,Document,PubMed,3,0,3
3367,PUBMED_9005088,Document,PubMed,3,0,3
3366,PUBMED_9005073,Document,PubMed,3,0,3
5123,PUBMED_9019173,Document,PubMed,3,0,3
2306,PUBMED_41689149,Document,PubMed,3,0,3
2303,PUBMED_41758123,Document,PubMed,3,0,3
2302,PUBMED_41770437,Document,PubMed,3,0,3
2300,PUBMED_41854922,Document,PubMed,3,0,3
2297,PUBMED_42095981,Document,PubMed,3,0,3
5120,PUBMED_9019160,Document,PubMed,3,0,3
5116,PUBMED_9019142,Document,PubMed,3,0,3
5115,PUBMED_9019139,Document,PubMed,3,0,3
3401,PUBMED_9005351,Document,PubMed,3,0,3
3399,PUBMED_9005333,Document,PubMed,3,0,3
3391,PUBMED_9005280,Document,PubMed,3,0,3
3390,PUBMED_9005274,Document,PubMed,3,0,3
3388,PUBMED_9005257,Document,PubMed,3,0,3
3381,PUBMED_9005181,Document,PubMed,3,0,3
3379,PUBMED_9005172,Document,PubMed,3,0,3
1202,PUBMED_41725013,Document,PubMed,3,0,3
1201,PUBMED_41730042,Document,PubMed,3,0,3
1195,PUBMED_41757795,Document,PubMed,3,0,3
1273,PUBMED_41086802,Document,PubMed,3,0,3
1272,PUBMED_41124290,Document,PubMed,3,0,3
1271,PUBMED_41147565,Document,PubMed,3,0,3
1270,PUBMED_41161670,Document,PubMed,3,0,3
1269,PUBMED_41164060,Document,PubMed,3,0,3
1186,PUBMED_41788870,Document,PubMed,3,0,3
1184,PUBMED_41809986,Document,PubMed,3,0,3
1182,PUBMED_41825613,Document,PubMed,3,0,3
1180,PUBMED_41838677,Document,PubMed,3,0,3
1179,PUBMED_41840088,Document,PubMed,3,0,3
1178,PUBMED_41855619,Document,PubMed,3,0,3
1177,PUBMED_41856153,Document,PubMed,3,0,3
1175,PUBMED_41866122,Document,PubMed,3,0,3
1173,PUBMED_41902189,Document,PubMed,3,0,3
1172,PUBMED_41904583,Document,PubMed,3,0,3
1171,PUBMED_41913524,Document,PubMed,3,0,3
3187,PUBMED_9003608,Document,PubMed,3,0,3
3186,PUBMED_9003599,Document,PubMed,3,0,3
3184,PUBMED_9003581,Document,PubMed,3,0,3
3176,PUBMED_9003529,Document,PubMed,3,0,3
3175,PUBMED_9003520,Document,PubMed,3,0,3
3172,PUBMED_9003484,Document,PubMed,3,0,3
1298,PUBMED_40910631,Document,PubMed,3,0,3
1297,PUBMED_40918598,Document,PubMed,3,0,3
1293,PUBMED_40946836,Document,PubMed,3,0,3
3421,PUBMED_9005481,Document,PubMed,3,0,3
3418,PUBMED_9005452,Document,PubMed,3,0,3
3416,PUBMED_9005435,Document,PubMed,3,0,3
161,PUBMED_42786614,Document,PubMed,3,0,3
159,PUBMED_42787090,Document,PubMed,3,0,3
2316,PUBMED_41340029,Document,PubMed,3,0,3
2311,PUBMED_41529770,Document,PubMed,3,0,3
2310,PUBMED_41574538,Document,PubMed,3,0,3
2308,PUBMED_41658392,Document,PubMed,3,0,3
5101,PUBMED_9019024,Document,PubMed,3,0,3
5099,PUBMED_9019010,Document,PubMed,3,0,3
1292,PUBMED_40950590,Document,PubMed,3,0,3
1291,PUBMED_40952812,Document,PubMed,3,0,3
1290,PUBMED_40955762,Document,PubMed,3,0,3
1289,PUBMED_40979045,Document,PubMed,3,0,3
3157,PUBMED_9003373,Document,PubMed,3,0,3
1160,PUBMED_41972018,Document,PubMed,3,0,3
1158,PUBMED_41979541,Document,PubMed,3,0,3
3441,PUBMED_9005634,Document,PubMed,3,0,3
3428,PUBMED_9005513,Document,PubMed,3,0,3
3427,PUBMED_9005502,Document,PubMed,3,0,3
2336,PUBMED_40871263,Document,PubMed,3,0,3
2334,PUBMED_40877989,Document,PubMed,3,0,3
2333,PUBMED_40978320,Document,PubMed,3,0,3
2328,PUBMED_41039384,Document,PubMed,3,0,3
2327,PUBMED_41092271,Document,PubMed,3,0,3
2325,PUBMED_41137545,Document,PubMed,3,0,3
5089,PUBMED_9018936,Document,PubMed,3,0,3
5088,PUBMED_9018924,Document,PubMed,3,0,3
5086,PUBMED_9018900,Document,PubMed,3,0,3
5085,PUBMED_9018887,Document,PubMed,3,0,3
3463,PUBMED_9005813,Document,PubMed,3,0,3
3460,PUBMED_9005792,Document,PubMed,3,0,3
3457,PUBMED_9005770,Document,PubMed,3,0,3
3456,PUBMED_9005765,Document,PubMed,3,0,3
3452,PUBMED_9005734,Document,PubMed,3,0,3
3449,PUBMED_9005700,Document,PubMed,3,0,3
3448,PUBMED_9005696,Document,PubMed,3,0,3
3446,PUBMED_9005674,Document,PubMed,3,0,3
1169,PUBMED_41920817,Document,PubMed,3,0,3
1168,PUBMED_41929328,Document,PubMed,3,0,3
1166,PUBMED_41935139,Document,PubMed,3,0,3
1164,PUBMED_41945227,Document,PubMed,3,0,3
1144,PUBMED_42045827,Document,PubMed,3,0,3
1143,PUBMED_42048453,Document,PubMed,3,0,3
1142,PUBMED_42060583,Document,PubMed,3,0,3
3481,PUBMED_9005968,Document,PubMed,3,0,3
3479,PUBMED_9005940,Document,PubMed,3,0,3
3476,PUBMED_9005914,Document,PubMed,3,0,3
3475,PUBMED_9005912,Document,PubMed,3,0,3
3473,PUBMED_9005905,Document,PubMed,3,0,3
3471,PUBMED_9005876,Document,PubMed,3,0,3
3466,PUBMED_9005840,Document,PubMed,3,0,3
5084,PUBMED_9018883,Document,PubMed,3,0,3
5083,PUBMED_9018877,Document,PubMed,3,0,3
5082,PUBMED_9018864,Document,PubMed,3,0,3
5081,PUBMED_9018856,Document,PubMed,3,0,3
5079,PUBMED_9018829,Document,PubMed,3,0,3
5061,PUBMED_9018657,Document,PubMed,3,0,3
193,1976,Date,PubMed,3,3,0
188,PUBMED_42781010,Document,PubMed,3,0,3
2349,PUBMED_40494694,Document,PubMed,3,0,3
3151,PUBMED_9003315,Document,PubMed,3,0,3
3150,PUBMED_9003302,Document,PubMed,3,0,3
3146,PUBMED_9003273,Document,PubMed,3,0,3
3144,PUBMED_9003253,Document,PubMed,3,0,3
3142,PUBMED_9003232,Document,PubMed,3,0,3
3140,PUBMED_9003215,Document,PubMed,3,0,3
3139,PUBMED_9003206,Document,PubMed,3,0,3
1314,PUBMED_40774243,Document,PubMed,3,0,3
1313,PUBMED_40779247,Document,PubMed,3,0,3
1310,PUBMED_40802689,Document,PubMed,3,0,3
1308,PUBMED_40832412,Document,PubMed,3,0,3
1307,PUBMED_40854730,Document,PubMed,3,0,3
1148,PUBMED_42013888,Document,PubMed,3,0,3
1147,PUBMED_42029018,Document,PubMed,3,0,3
1146,PUBMED_42035582,Document,PubMed,3,0,3
1126,PUBMED_42198786,Document,PubMed,3,0,3
1125,PUBMED_42208522,Document,PubMed,3,0,3
3521,PUBMED_9006318,Document,PubMed,3,0,3
3502,PUBMED_9006139,Document,PubMed,3,0,3
1154,PUBMED_41987308,Document,PubMed,3,0,3
1153,PUBMED_41995261,Document,PubMed,3,0,3
1150,PUBMED_42013114,Document,PubMed,3,0,3
1149,PUBMED_42013832,Document,PubMed,3,0,3
2344,PUBMED_40635077,Document,PubMed,3,0,3
2342,PUBMED_40708502,Document,PubMed,3,0,3
2339,PUBMED_40774611,Document,PubMed,3,0,3
2368,PUBMED_40059837,Document,PubMed,3,0,3
2366,PUBMED_40195055,Document,PubMed,3,0,3
2362,PUBMED_40302760,Document,PubMed,3,0,3
2357,PUBMED_40358123,Document,PubMed,3,0,3
2355,PUBMED_40397827,Document,PubMed,3,0,3
2352,PUBMED_40447019,Document,PubMed,3,0,3
2351,PUBMED_40450534,Document,PubMed,3,0,3
2350,PUBMED_40494339,Document,PubMed,3,0,3
1133,PUBMED_42125402,Document,PubMed,3,0,3
1306,PUBMED_40857344,Document,PubMed,3,0,3
1305,PUBMED_40866754,Document,PubMed,3,0,3
1304,PUBMED_40875748,Document,PubMed,3,0,3
1303,PUBMED_40884588,Document,PubMed,3,0,3
1299,PUBMED_40907669,Document,PubMed,3,0,3
3137,PUBMED_9003189,Document,PubMed,3,0,3
3136,PUBMED_9003175,Document,PubMed,3,0,3
3126,PUBMED_9003085,Document,PubMed,3,0,3
1131,PUBMED_42144706,Document,PubMed,3,0,3
1129,PUBMED_42160394,Document,PubMed,3,0,3
1128,PUBMED_42165908,Document,PubMed,3,0,3
3542,PUBMED_9006486,Document,PubMed,3,0,3
3541,PUBMED_9006473,Document,PubMed,3,0,3
3539,PUBMED_9006463,Document,PubMed,3,0,3
3538,PUBMED_9006458,Document,PubMed,3,0,3
3535,PUBMED_9006431,Document,PubMed,3,0,3
3534,PUBMED_9006430,Document,PubMed,3,0,3
3532,PUBMED_9006415,Document,PubMed,3,0,3
3525,PUBMED_9006366,Document,PubMed,3,0,3
1138,PUBMED_42085526,Document,PubMed,3,0,3
1136,PUBMED_42095213,Document,PubMed,3,0,3
1135,PUBMED_42112726,Document,PubMed,3,0,3
1134,PUBMED_42113825,Document,PubMed,3,0,3
1108,PUBMED_42346064,Document,PubMed,3,0,3
1107,PUBMED_42357692,Document,PubMed,3,0,3
3570,PUBMED_9006679,Document,PubMed,3,0,3
3567,PUBMED_9006664,Document,PubMed,3,0,3
3556,PUBMED_9006611,Document,PubMed,3,0,3
3555,PUBMED_9006602,Document,PubMed,3,0,3
3554,PUBMED_9006587,Document,PubMed,3,0,3
3551,PUBMED_9006556,Document,PubMed,3,0,3
3546,PUBMED_9006523,Document,PubMed,3,0,3
5058,PUBMED_9018629,Document,PubMed,3,0,3
5057,PUBMED_9018619,Document,PubMed,3,0,3
5054,PUBMED_9018605,Document,PubMed,3,0,3
5046,PUBMED_9018550,Document,PubMed,3,0,3
5042,PUBMED_9018521,Document,PubMed,3,0,3
5036,PUBMED_9018453,Document,PubMed,3,0,3
5035,PUBMED_9018440,Document,PubMed,3,0,3
3571,PUBMED_9006691,Document,PubMed,3,0,3
1117,PUBMED_42283928,Document,PubMed,3,0,3
3125,PUBMED_9003071,Document,PubMed,3,0,3
3124,PUBMED_9003061,Document,PubMed,3,0,3
3121,PUBMED_9003031,Document,PubMed,3,0,3
3116,PUBMED_9002998,Document,PubMed,3,0,3
3107,PUBMED_9002936,Document,PubMed,3,0,3
3104,PUBMED_9002908,Document,PubMed,3,0,3
1112,PUBMED_42326244,Document,PubMed,3,0,3
1111,PUBMED_42330388,Document,PubMed,3,0,3
208,PUBMED_42779238,Document,PubMed,3,0,3
204,PUBMED_42779247,Document,PubMed,3,0,3
2386,PUBMED_39375799,Document,PubMed,3,0,3
2384,PUBMED_39440173,Document,PubMed,3,0,3
2381,PUBMED_39630492,Document,PubMed,3,0,3
2375,PUBMED_39801573,Document,PubMed,3,0,3
2373,PUBMED_39855232,Document,PubMed,3,0,3
5026,PUBMED_9018358,Document,PubMed,3,0,3
5013,PUBMED_9018255,Document,PubMed,3,0,3
5011,PUBMED_9018246,Document,PubMed,3,0,3
1091,PUBMED_42521495,Document,PubMed,3,0,3
3601,PUBMED_9006943,Document,PubMed,3,0,3
3598,PUBMED_9006924,Document,PubMed,3,0,3
3597,PUBMED_9006915,Document,PubMed,3,0,3
3595,PUBMED_9006902,Document,PubMed,3,0,3
3593,PUBMED_9006897,Document,PubMed,3,0,3
3591,PUBMED_9006890,Document,PubMed,3,0,3
3589,PUBMED_9006869,Document,PubMed,3,0,3
3586,PUBMED_9006832,Document,PubMed,3,0,3
3581,PUBMED_9006775,Document,PubMed,3,0,3
3578,PUBMED_9006754,Document,PubMed,3,0,3
3577,PUBMED_9006750,Document,PubMed,3,0,3
3574,PUBMED_9006725,Document,PubMed,3,0,3
3573,PUBMED_9006710,Document,PubMed,3,0,3
1098,PUBMED_42486049,Document,PubMed,3,0,3
3097,PUBMED_9002849,Document,PubMed,3,0,3
3096,PUBMED_9002838,Document,PubMed,3,0,3
3094,PUBMED_9002821,Document,PubMed,3,0,3
1330,PUBMED_40720537,Document,PubMed,3,0,3
1328,PUBMED_40716624,Document,PubMed,3,0,3
1327,PUBMED_40721752,Document,PubMed,3,0,3
1326,PUBMED_40724859,Document,PubMed,3,0,3
1320,PUBMED_40752768,Document,PubMed,3,0,3
1319,PUBMED_40754456,Document,PubMed,3,0,3
1097,PUBMED_42488599,Document,PubMed,3,0,3
1096,PUBMED_42490527,Document,PubMed,3,0,3
1095,PUBMED_42493484,Document,PubMed,3,0,3
1093,PUBMED_42509367,Document,PubMed,3,0,3
1315,PUBMED_40771229,Document,PubMed,3,0,3
3089,PUBMED_9002781,Document,PubMed,3,0,3
3082,PUBMED_9002719,Document,PubMed,3,0,3
3079,PUBMED_9002695,Document,PubMed,3,0,3
3614,PUBMED_9007039,Document,PubMed,3,0,3
3613,PUBMED_9007036,Document,PubMed,3,0,3
3611,PUBMED_9007019,Document,PubMed,3,0,3
3608,PUBMED_9006999,Document,PubMed,3,0,3
1104,PUBMED_42422559,Document,PubMed,3,0,3
1101,PUBMED_42448577,Document,PubMed,3,0,3
1100,PUBMED_42461032,Document,PubMed,3,0,3
1099,PUBMED_42484256,Document,PubMed,3,0,3
2404,PUBMED_38364349,Document,PubMed,3,0,3
2402,PUBMED_38457645,Document,PubMed,3,0,3
2401,PUBMED_38627945,Document,PubMed,3,0,3
2399,PUBMED_38705342,Document,PubMed,3,0,3
2396,PUBMED_38782291,Document,PubMed,3,0,3
2395,PUBMED_38827296,Document,PubMed,3,0,3
2393,PUBMED_39071485,Document,PubMed,3,0,3
2391,PUBMED_39234170,Document,PubMed,3,0,3
2390,PUBMED_39262844,Document,PubMed,3,0,3
218,PUBMED_42778310,Document,PubMed,3,0,3
211,PUBMED_42779235,Document,PubMed,3,0,3
1085,PUBMED_42629575,Document,PubMed,3,0,3
1084,PUBMED_42635921,Document,PubMed,3,0,3
1082,PUBMED_42636246,Document,PubMed,3,0,3
1080,PUBMED_42666984,Document,PubMed,3,0,3
1079,PUBMED_42706263,Document,PubMed,3,0,3
1077,PUBMED_42761567,Document,PubMed,3,0,3
3634,PUBMED_9007211,Document,PubMed,3,0,3
3632,PUBMED_9007195,Document,PubMed,3,0,3
3631,PUBMED_9007190,Document,PubMed,3,0,3
3629,PUBMED_9007173,Document,PubMed,3,0,3
3617,PUBMED_9007071,Document,PubMed,3,0,3
3616,PUBMED_9007065,Document,PubMed,3,0,3
1318,PUBMED_40756194,Document,PubMed,3,0,3
1317,PUBMED_40763725,Document,PubMed,3,0,3
1316,PUBMED_40767097,Document,PubMed,3,0,3
1346,PUBMED_40595990,Document,PubMed,3,0,3
1345,PUBMED_40609054,Document,PubMed,3,0,3
1343,PUBMED_40623994,Document,PubMed,3,0,3
1342,PUBMED_40629438,Document,PubMed,3,0,3
1341,PUBMED_40659152,Document,PubMed,3,0,3
1340,PUBMED_40676977,Document,PubMed,3,0,3
3641,PUBMED_9007258,Document,PubMed,3,0,3
3639,PUBMED_9007243,Document,PubMed,3,0,3
3637,PUBMED_9007230,Document,PubMed,3,0,3
3635,PUBMED_9007217,Document,PubMed,3,0,3
1090,PUBMED_42524574,Document,PubMed,3,0,3
1088,PUBMED_42552340,Document,PubMed,3,0,3
1087,PUBMED_42563347,Document,PubMed,3,0,3
3676,PUBMED_9007504,Document,PubMed,3,0,3
3674,PUBMED_9007490,Document,PubMed,3,0,3
3668,PUBMED_9007467,Document,PubMed,3,0,3
3662,PUBMED_9007413,Document,PubMed,3,0,3
3656,PUBMED_9007385,Document,PubMed,3,0,3
3651,PUBMED_9007339,Document,PubMed,3,0,3
1074,PUBMED_42797550,Document,PubMed,3,0,3
3075,PUBMED_9002653,Document,PubMed,3,0,3
3074,PUBMED_9002642,Document,PubMed,3,0,3
3069,PUBMED_9002624,Document,PubMed,3,0,3
5005,PUBMED_9018197,Document,PubMed,3,0,3
5002,PUBMED_9018179,Document,PubMed,3,0,3
5001,PUBMED_9018178,Document,PubMed,3,0,3
4999,PUBMED_9018157,Document,PubMed,3,0,3
4996,PUBMED_9018140,Document,PubMed,3,0,3
4994,PUBMED_9018134,Document,PubMed,3,0,3
4988,PUBMED_9018105,Document,PubMed,3,0,3
4981,PUBMED_9018049,Document,PubMed,3,0,3
4980,PUBMED_9018047,Document,PubMed,3,0,3
1339,PUBMED_40686432,Document,PubMed,3,0,3
1337,PUBMED_40701687,Document,PubMed,3,0,3
1336,PUBMED_40701689,Document,PubMed,3,0,3
1335,PUBMED_40704292,Document,PubMed,3,0,3
1334,PUBMED_40708628,Document,PubMed,3,0,3
3055,PUBMED_9002529,Document,PubMed,3,0,3
3054,PUBMED_9002519,Document,PubMed,3,0,3
3053,PUBMED_9002511,Document,PubMed,3,0,3
3051,PUBMED_9002495,Document,PubMed,3,0,3
3049,PUBMED_9002483,Document,PubMed,3,0,3
3680,PUBMED_9007536,Document,PubMed,3,0,3
3678,PUBMED_9007525,Document,PubMed,3,0,3
3044,PUBMED_9002448,Document,PubMed,3,0,3
3041,PUBMED_9002428,Document,PubMed,3,0,3
3030,PUBMED_9002350,Document,PubMed,3,0,3
3027,PUBMED_9002332,Document,PubMed,3,0,3
1362,PUBMED_40480602,Document,PubMed,3,0,3
1361,PUBMED_40481331,Document,PubMed,3,0,3
1360,PUBMED_40488409,Document,PubMed,3,0,3
1357,PUBMED_40499372,Document,PubMed,3,0,3
1356,PUBMED_40523038,Document,PubMed,3,0,3
3693,PUBMED_9007639,Document,PubMed,3,0,3
3690,PUBMED_9007616,Document,PubMed,3,0,3
3687,PUBMED_9007593,Document,PubMed,3,0,3
2418,PUBMED_40303667,Document,PubMed,3,0,3
2415,PUBMED_37735412,Document,PubMed,3,0,3
2413,PUBMED_37974043,Document,PubMed,3,0,3
2412,PUBMED_37984160,Document,PubMed,3,0,3
2410,PUBMED_38024279,Document,PubMed,3,0,3
4975,PUBMED_9017989,Document,PubMed,3,0,3
4973,PUBMED_9017968,Document,PubMed,3,0,3
4972,PUBMED_9017963,Document,PubMed,3,0,3
4966,PUBMED_9017930,Document,PubMed,3,0,3
257,PUBMED_42772036,Document,PubMed,3,0,3
1351,PUBMED_40559549,Document,PubMed,3,0,3
1350,PUBMED_40561184,Document,PubMed,3,0,3
1349,PUBMED_40566281,Document,PubMed,3,0,3
1348,PUBMED_40573389,Document,PubMed,3,0,3
1347,PUBMED_40573409,Document,PubMed,3,0,3
3026,PUBMED_9002331,Document,PubMed,3,0,3
3023,PUBMED_9002305,Document,PubMed,3,0,3
3709,PUBMED_9007763,Document,PubMed,3,0,3
3706,PUBMED_9007749,Document,PubMed,3,0,3
3702,PUBMED_9007715,Document,PubMed,3,0,3
3697,PUBMED_9007676,Document,PubMed,3,0,3
3739,PUBMED_9007993,Document,PubMed,3,0,3
3734,PUBMED_9007946,Document,PubMed,3,0,3
3732,PUBMED_9007917,Document,PubMed,3,0,3
3727,PUBMED_9007895,Document,PubMed,3,0,3
3726,PUBMED_9007890,Document,PubMed,3,0,3
3722,PUBMED_9007847,Document,PubMed,3,0,3
3719,PUBMED_9007824,Document,PubMed,3,0,3
3716,PUBMED_9007808,Document,PubMed,3,0,3
1355,PUBMED_40524337,Document,PubMed,3,0,3
1354,PUBMED_40526741,Document,PubMed,3,0,3
1353,PUBMED_40549184,Document,PubMed,3,0,3
1352,PUBMED_40559542,Document,PubMed,3,0,3
3745,PUBMED_9008061,Document,PubMed,3,0,3
3013,PUBMED_9002228,Document,PubMed,3,0,3
3005,PUBMED_9002160,Document,PubMed,3,0,3
2999,PUBMED_9002114,Document,PubMed,3,0,3
3740,PUBMED_9008003,Document,PubMed,3,0,3
2434,PUBMED_36853111,Document,PubMed,3,0,3
2429,PUBMED_37019573,Document,PubMed,3,0,3
2428,PUBMED_37139877,Document,PubMed,3,0,3
2427,PUBMED_37148738,Document,PubMed,3,0,3
2424,PUBMED_37256491,Document,PubMed,3,0,3
2423,PUBMED_37261460,Document,PubMed,3,0,3
4952,PUBMED_9017846,Document,PubMed,3,0,3
4948,PUBMED_9017830,Document,PubMed,3,0,3
2449,PUBMED_36225093,Document,PubMed,3,0,3
2448,PUBMED_36311652,Document,PubMed,3,0,3
2446,PUBMED_36429805,Document,PubMed,3,0,3
2444,PUBMED_36544013,Document,PubMed,3,0,3
2439,PUBMED_36701376,Document,PubMed,3,0,3
2437,PUBMED_36746434,Document,PubMed,3,0,3
4939,PUBMED_9017755,Document,PubMed,3,0,3
4932,PUBMED_9017717,Document,PubMed,3,0,3
2992,PUBMED_9002071,Document,PubMed,3,0,3
2990,PUBMED_9002067,Document,PubMed,3,0,3
2989,PUBMED_9002052,Document,PubMed,3,0,3
2986,PUBMED_9002022,Document,PubMed,3,0,3
2981,PUBMED_9001961,Document,PubMed,3,0,3
1375,PUBMED_42651679,Document,PubMed,3,0,3
1372,PUBMED_40418376,Document,PubMed,3,0,3
1368,PUBMED_40433193,Document,PubMed,3,0,3
3753,PUBMED_9008124,Document,PubMed,3,0,3
1644,PUBMED_371286,Document,PubMed,3,0,3
1643,PUBMED_7128092,Document,PubMed,3,0,3
1640,1982,Date,PubMed,3,3,0
1639,1971,Date,PubMed,3,3,0
1635,PUBMED_3060954,Document,PubMed,3,0,3
2466,PUBMED_35288654,Document,PubMed,3,0,3
4927,PUBMED_9017676,Document,PubMed,3,0,3
4924,PUBMED_9017654,Document,PubMed,3,0,3
4921,PUBMED_9017642,Document,PubMed,3,0,3
4919,PUBMED_9017631,Document,PubMed,3,0,3
2972,PUBMED_9001906,Document,PubMed,3,0,3
2967,PUBMED_9001869,Document,PubMed,3,0,3
2964,PUBMED_9001846,Document,PubMed,3,0,3
2960,PUBMED_9001802,Document,PubMed,3,0,3
3773,PUBMED_9008276,Document,PubMed,3,0,3
3763,PUBMED_9008204,Document,PubMed,3,0,3
4915,PUBMED_9017590,Document,PubMed,3,0,3
2484,PUBMED_34490611,Document,PubMed,3,0,3
2482,PUBMED_34538140,Document,PubMed,3,0,3
2481,PUBMED_34591637,Document,PubMed,3,0,3
2480,PUBMED_34637744,Document,PubMed,3,0,3
2479,PUBMED_34684256,Document,PubMed,3,0,3
2474,PUBMED_34797910,Document,PubMed,3,0,3
2473,PUBMED_34818325,Document,PubMed,3,0,3
2470,PUBMED_39897598,Document,PubMed,3,0,3
1649,PUBMED_5534282,Document,PubMed,3,0,3
1648,PUBMED_16512166,Document,PubMed,3,0,3
1646,PUBMED_4155006,Document,PubMed,3,0,3
4914,PUBMED_9017576,Document,PubMed,3,0,3
854,PUBMED_42593176,Document,PubMed,3,0,3
851,PUBMED_42597933,Document,PubMed,3,0,3
3787,PUBMED_9008392,Document,PubMed,3,0,3
876,PUBMED_42575596,Document,PubMed,3,0,3
874,PUBMED_42575610,Document,PubMed,3,0,3
1363,PUBMED_40464294,Document,PubMed,3,0,3
3819,PUBMED_9008643,Document,PubMed,3,0,3
3818,PUBMED_9008633,Document,PubMed,3,0,3
866,PUBMED_42584730,Document,PubMed,3,0,3
4909,PUBMED_9017529,Document,PubMed,3,0,3
4906,PUBMED_9017505,Document,PubMed,3,0,3
4901,PUBMED_9017461,Document,PubMed,3,0,3
286,PUBMED_42765625,Document,PubMed,3,0,3
283,PUBMED_42766132,Document,PubMed,3,0,3
281,PUBMED_42766254,Document,PubMed,3,0,3
4892,PUBMED_9017388,Document,PubMed,3,0,3
4891,PUBMED_9017386,Document,PubMed,3,0,3
4885,PUBMED_9017331,Document,PubMed,3,0,3
4880,PUBMED_9017274,Document,PubMed,3,0,3
4876,PUBMED_9017231,Document,PubMed,3,0,3
4873,PUBMED_9017211,Document,PubMed,3,0,3
4867,PUBMED_9017164,Document,PubMed,3,0,3
305,PUBMED_42764265,Document,PubMed,3,0,3
2952,PUBMED_9001746,Document,PubMed,3,0,3
2950,PUBMED_9001732,Document,PubMed,3,0,3
2947,PUBMED_9001707,Document,PubMed,3,0,3
1393,PUBMED_39801328,Document,PubMed,3,0,3
1388,PUBMED_40232835,Document,PubMed,3,0,3
1387,PUBMED_40456818,Document,PubMed,3,0,3
1381,PUBMED_41185906,Document,PubMed,3,0,3
3827,PUBMED_9008696,Document,PubMed,3,0,3
304,PUBMED_42764359,Document,PubMed,3,0,3
1625,PUBMED_7777331,Document,PubMed,3,0,3
1623,PUBMED_7801717,Document,PubMed,3,0,3
1619,PUBMED_8625859,Document,PubMed,3,0,3
2498,PUBMED_34091225,Document,PubMed,3,0,3
2492,PUBMED_34268873,Document,PubMed,3,0,3
2491,PUBMED_34292521,Document,PubMed,3,0,3
2490,PUBMED_34312716,Document,PubMed,3,0,3
2489,PUBMED_34360274,Document,PubMed,3,0,3
2486,PUBMED_34446779,Document,PubMed,3,0,3
298,PUBMED_42765037,Document,PubMed,3,0,3
849,PUBMED_42598836,Document,PubMed,3,0,3
847,PUBMED_42600205,Document,PubMed,3,0,3
845,PUBMED_42602938,Document,PubMed,3,0,3
836,PUBMED_42609311,Document,PubMed,3,0,3
3842,PUBMED_9008834,Document,PubMed,3,0,3
3835,PUBMED_9008767,Document,PubMed,3,0,3
4865,PUBMED_9017150,Document,PubMed,3,0,3
4861,PUBMED_9017101,Document,PubMed,3,0,3
4857,PUBMED_9017078,Document,PubMed,3,0,3
4854,PUBMED_9017055,Document,PubMed,3,0,3
4853,PUBMED_9017041,Document,PubMed,3,0,3
4852,PUBMED_9017032,Document,PubMed,3,0,3
4849,PUBMED_9017007,Document,PubMed,3,0,3
4845,PUBMED_9016962,Document,PubMed,3,0,3
821,PUBMED_42625199,Document,PubMed,3,0,3
3874,PUBMED_9009120,Document,PubMed,3,0,3
3867,PUBMED_9009067,Document,PubMed,3,0,3
3859,PUBMED_9008991,Document,PubMed,3,0,3
3858,PUBMED_9008980,Document,PubMed,3,0,3
3857,PUBMED_9008977,Document,PubMed,3,0,3
3855,PUBMED_9008962,Document,PubMed,3,0,3
3849,PUBMED_9008914,Document,PubMed,3,0,3
3845,PUBMED_9008867,Document,PubMed,3,0,3
4842,PUBMED_9016940,Document,PubMed,3,0,3
4841,PUBMED_9016928,Document,PubMed,3,0,3
4830,PUBMED_9016844,Document,PubMed,3,0,3
4826,PUBMED_9016812,Document,PubMed,3,0,3
4820,PUBMED_9016771,Document,PubMed,3,0,3
2944,PUBMED_9001693,Document,PubMed,3,0,3
2938,PUBMED_9001643,Document,PubMed,3,0,3
2937,PUBMED_9001636,Document,PubMed,3,0,3
2934,PUBMED_9001607,Document,PubMed,3,0,3
2932,PUBMED_9001598,Document,PubMed,3,0,3
2931,PUBMED_9001586,Document,PubMed,3,0,3
1406,PUBMED_37027194,Document,PubMed,3,0,3
1404,PUBMED_37668395,Document,PubMed,3,0,3
318,PUBMED_42761805,Document,PubMed,3,0,3
316,PUBMED_42761972,Document,PubMed,3,0,3
1605,PUBMED_12144896,Document,PubMed,3,0,3
2512,PUBMED_33712334,Document,PubMed,3,0,3
2511,PUBMED_33712856,Document,PubMed,3,0,3
2499,PUBMED_34090402,Document,PubMed,3,0,3
1632,PUBMED_2152474,Document,PubMed,3,0,3
1631,PUBMED_2250324,Document,PubMed,3,0,3
1630,PUBMED_1463142,Document,PubMed,3,0,3
1628,1992,Date,PubMed,3,3,0
313,PUBMED_42762637,Document,PubMed,3,0,3
310,PUBMED_42762776,Document,PubMed,3,0,3
309,PUBMED_42762897,Document,PubMed,3,0,3
3896,PUBMED_9009289,Document,PubMed,3,0,3
3891,PUBMED_9009271,Document,PubMed,3,0,3
3882,PUBMED_9009183,Document,PubMed,3,0,3
829,PUBMED_42616341,Document,PubMed,3,0,3
828,PUBMED_42619011,Document,PubMed,3,0,3
307,PUBMED_42763351,Document,PubMed,3,0,3
4816,PUBMED_9016738,Document,PubMed,3,0,3
4812,PUBMED_9016708,Document,PubMed,3,0,3
4803,PUBMED_9016653,Document,PubMed,3,0,3
4799,PUBMED_9016621,Document,PubMed,3,0,3
4794,PUBMED_9016573,Document,PubMed,3,0,3
4793,PUBMED_9016564,Document,PubMed,3,0,3
4789,PUBMED_9016541,Document,PubMed,3,0,3
4787,PUBMED_9016525,Document,PubMed,3,0,3
3906,PUBMED_9009404,Document,PubMed,3,0,3
1396,PUBMED_39671343,Document,PubMed,3,0,3
1395,PUBMED_39737920,Document,PubMed,3,0,3
2922,PUBMED_9001513,Document,PubMed,3,0,3
2919,PUBMED_9001501,Document,PubMed,3,0,3
3902,PUBMED_9009362,Document,PubMed,3,0,3
3899,PUBMED_9009325,Document,PubMed,3,0,3
3897,PUBMED_9009302,Document,PubMed,3,0,3
331,PUBMED_42756860,Document,PubMed,3,0,3
330,PUBMED_42756862,Document,PubMed,3,0,3
326,PUBMED_42757802,Document,PubMed,3,0,3
4785,PUBMED_9016504,Document,PubMed,3,0,3
4782,PUBMED_9016482,Document,PubMed,3,0,3
4776,PUBMED_9016424,Document,PubMed,3,0,3
4774,PUBMED_9016403,Document,PubMed,3,0,3
804,PUBMED_42638872,Document,PubMed,3,0,3
3937,PUBMED_9009629,Document,PubMed,3,0,3
3934,PUBMED_9009596,Document,PubMed,3,0,3
3933,PUBMED_9009589,Document,PubMed,3,0,3
3931,PUBMED_9009570,Document,PubMed,3,0,3
3930,PUBMED_9009566,Document,PubMed,3,0,3
3926,PUBMED_9009536,Document,PubMed,3,0,3
3923,PUBMED_9009513,Document,PubMed,3,0,3
3914,PUBMED_9009471,Document,PubMed,3,0,3
3909,PUBMED_9009418,Document,PubMed,3,0,3
2525,PUBMED_33092662,Document,PubMed,3,0,3
2521,PUBMED_33225569,Document,PubMed,3,0,3
2520,PUBMED_33317081,Document,PubMed,3,0,3
2516,PUBMED_33494807,Document,PubMed,3,0,3
1618,PUBMED_8950840,Document,PubMed,3,0,3
1617,PUBMED_8996726,Document,PubMed,3,0,3
1616,PUBMED_8735118,Document,PubMed,3,0,3
1614,PUBMED_9208195,Document,PubMed,3,0,3
1611,PUBMED_10614858,Document,PubMed,3,0,3
1609,PUBMED_11405946,Document,PubMed,3,0,3
1607,PUBMED_11957338,Document,PubMed,3,0,3
4762,PUBMED_9016287,Document,PubMed,3,0,3
4761,PUBMED_9016285,Document,PubMed,3,0,3
4756,PUBMED_9016236,Document,PubMed,3,0,3
2918,PUBMED_9001489,Document,PubMed,3,0,3
2917,PUBMED_9001480,Document,PubMed,3,0,3
2900,PUBMED_9001344,Document,PubMed,3,0,3
814,PUBMED_42627230,Document,PubMed,3,0,3
813,PUBMED_42627819,Document,PubMed,3,0,3
788,PUBMED_42652462,Document,PubMed,3,0,3
3968,PUBMED_9009867,Document,PubMed,3,0,3
3960,PUBMED_9009803,Document,PubMed,3,0,3
3958,PUBMED_9009787,Document,PubMed,3,0,3
3954,PUBMED_9009761,Document,PubMed,3,0,3
3949,PUBMED_9009722,Document,PubMed,3,0,3
3946,PUBMED_9009704,Document,PubMed,3,0,3
3942,PUBMED_9009677,Document,PubMed,3,0,3
342,PUBMED_42753710,Document,PubMed,3,0,3
4749,PUBMED_9016165,Document,PubMed,3,0,3
4745,PUBMED_9016134,Document,PubMed,3,0,3
4742,PUBMED_9016102,Document,PubMed,3,0,3
369,PUBMED_42748132,Document,PubMed,3,0,3
368,PUBMED_42748189,Document,PubMed,3,0,3
362,PUBMED_42749445,Document,PubMed,3,0,3
2549,PUBMED_32070308,Document,PubMed,3,0,3
2547,PUBMED_32090486,Document,PubMed,3,0,3
2539,PUBMED_32536636,Document,PubMed,3,0,3
2536,PUBMED_32622381,Document,PubMed,3,0,3
2535,PUBMED_32812389,Document,PubMed,3,0,3
2533,PUBMED_32866142,Document,PubMed,3,0,3
2532,PUBMED_32885615,Document,PubMed,3,0,3
2528,PUBMED_33052311,Document,PubMed,3,0,3
2527,PUBMED_33066992,Document,PubMed,3,0,3
4731,PUBMED_9016009,Document,PubMed,3,0,3
3980,PUBMED_9009967,Document,PubMed,3,0,3
3978,PUBMED_9009948,Document,PubMed,3,0,3
3972,PUBMED_9009910,Document,PubMed,3,0,3
797,PUBMED_42645812,Document,PubMed,3,0,3
794,PUBMED_42650660,Document,PubMed,3,0,3
4729,PUBMED_9015998,Document,PubMed,3,0,3
386,PUBMED_42744991,Document,PubMed,3,0,3
372,PUBMED_42747621,Document,PubMed,3,0,3
4721,PUBMED_9015916,Document,PubMed,3,0,3
4720,PUBMED_9015911,Document,PubMed,3,0,3
4719,PUBMED_9015901,Document,PubMed,3,0,3
4718,PUBMED_9015900,Document,PubMed,3,0,3
4717,PUBMED_9015889,Document,PubMed,3,0,3
4716,PUBMED_9015875,Document,PubMed,3,0,3
3989,PUBMED_9010041,Document,PubMed,3,0,3
2887,PUBMED_9001237,Document,PubMed,3,0,3
2885,PUBMED_9001225,Document,PubMed,3,0,3
2883,PUBMED_9001210,Document,PubMed,3,0,3
1426,PUBMED_33987941,Document,PubMed,3,0,3
1421,PUBMED_34452492,Document,PubMed,3,0,3
1420,PUBMED_34925368,Document,PubMed,3,0,3
1419,PUBMED_34960742,Document,PubMed,3,0,3
1415,PUBMED_35439242,Document,PubMed,3,0,3
3981,PUBMED_9009982,Document,PubMed,3,0,3
782,PUBMED_42654974,Document,PubMed,3,0,3
773,PUBMED_42657156,Document,PubMed,3,0,3
3998,PUBMED_9010113,Document,PubMed,3,0,3
3997,PUBMED_9010105,Document,PubMed,3,0,3
3995,PUBMED_9010092,Document,PubMed,3,0,3
3993,PUBMED_9010077,Document,PubMed,3,0,3
1592,PUBMED_15702724,Document,PubMed,3,0,3
1588,PUBMED_16363690,Document,PubMed,3,0,3
2560,PUBMED_39936178,Document,PubMed,3,0,3
2557,PUBMED_41224805,Document,PubMed,3,0,3
2556,PUBMED_41381662,Document,PubMed,3,0,3
2555,PUBMED_41516162,Document,PubMed,3,0,3
2554,PUBMED_41578914,Document,PubMed,3,0,3
2553,PUBMED_41699064,Document,PubMed,3,0,3
2550,PUBMED_42542768,Document,PubMed,3,0,3
4030,PUBMED_9010401,Document,PubMed,3,0,3
4029,PUBMED_9010398,Document,PubMed,3,0,3
4026,PUBMED_9010366,Document,PubMed,3,0,3
4018,PUBMED_9010299,Document,PubMed,3,0,3
4016,PUBMED_9010279,Document,PubMed,3,0,3
4699,PUBMED_9015771,Document,PubMed,3,0,3
4698,PUBMED_9015766,Document,PubMed,3,0,3
4697,PUBMED_9015751,Document,PubMed,3,0,3
4682,PUBMED_9015629,Document,PubMed,3,0,3
4680,PUBMED_9015604,Document,PubMed,3,0,3
396,PUBMED_42743633,Document,PubMed,3,0,3
412,PUBMED_42738585,Document,PubMed,3,0,3
411,PUBMED_42740360,Document,PubMed,3,0,3
407,PUBMED_42741221,Document,PubMed,3,0,3
4662,PUBMED_9015475,Document,PubMed,3,0,3
4655,PUBMED_9015415,Document,PubMed,3,0,3
2575,PUBMED_35708408,Document,PubMed,3,0,3
4041,PUBMED_9010490,Document,PubMed,3,0,3
4035,PUBMED_9010427,Document,PubMed,3,0,3
769,PUBMED_42660776,Document,PubMed,3,0,3
2574,PUBMED_36941826,Document,PubMed,3,0,3
2573,PUBMED_37126514,Document,PubMed,3,0,3
2572,PUBMED_37163557,Document,PubMed,3,0,3
2570,PUBMED_38216805,Document,PubMed,3,0,3
2566,PUBMED_38648403,Document,PubMed,3,0,3
2565,PUBMED_38690402,Document,PubMed,3,0,3
2564,PUBMED_39184677,Document,PubMed,3,0,3
1601,PUBMED_12653149,Document,PubMed,3,0,3
1600,PUBMED_12781014,Document,PubMed,3,0,3
1599,PUBMED_12922136,Document,PubMed,3,0,3
1595,PUBMED_15132411,Document,PubMed,3,0,3
1594,PUBMED_15602023,Document,PubMed,3,0,3
4649,PUBMED_9015366,Document,PubMed,3,0,3
4643,PUBMED_9015322,Document,PubMed,3,0,3
4051,PUBMED_9010553,Document,PubMed,3,0,3
1411,PUBMED_36298796,Document,PubMed,3,0,3
2869,PUBMED_9001103,Document,PubMed,3,0,3
2867,PUBMED_9001096,Document,PubMed,3,0,3
1441,PUBMED_31683632,Document,PubMed,3,0,3
1439,PUBMED_31917361,Document,PubMed,3,0,3
1437,PUBMED_32230744,Document,PubMed,3,0,3
4045,PUBMED_9010513,Document,PubMed,3,0,3
4637,PUBMED_9015285,Document,PubMed,3,0,3
4630,PUBMED_9015231,Document,PubMed,3,0,3
4628,PUBMED_9015201,Document,PubMed,3,0,3
441,PUBMED_42733281,Document,PubMed,3,0,3
4617,PUBMED_9015112,Document,PubMed,3,0,3
4616,PUBMED_9015103,Document,PubMed,3,0,3
4614,PUBMED_9015097,Document,PubMed,3,0,3
459,PUBMED_42727863,Document,PubMed,3,0,3
4062,PUBMED_9010634,Document,PubMed,3,0,3
4058,PUBMED_9010604,Document,PubMed,3,0,3
4606,PUBMED_9015037,Document,PubMed,3,0,3
2593,PUBMED_29868505,Document,PubMed,3,0,3
2591,PUBMED_30945970,Document,PubMed,3,0,3
2586,PUBMED_33793560,Document,PubMed,3,0,3
2585,PUBMED_33797610,Document,PubMed,3,0,3
2584,PUBMED_33906997,Document,PubMed,3,0,3
4603,PUBMED_9015031,Document,PubMed,3,0,3
4596,PUBMED_9014986,Document,PubMed,3,0,3
480,PUBMED_42723374,Document,PubMed,3,0,3
477,PUBMED_42724587,Document,PubMed,3,0,3
4594,PUBMED_9014974,Document,PubMed,3,0,3
4589,PUBMED_9014921,Document,PubMed,3,0,3
4585,PUBMED_9014880,Document,PubMed,3,0,3
4584,PUBMED_9014871,Document,PubMed,3,0,3
4583,PUBMED_9014865,Document,PubMed,3,0,3
494,PUBMED_42719521,Document,PubMed,3,0,3
726,PUBMED_42772264,Document,PubMed,3,0,3
724,PUBMED_42780144,Document,PubMed,3,0,3
4098,PUBMED_9010932,Document,PubMed,3,0,3
4097,PUBMED_9010917,Document,PubMed,3,0,3
4089,PUBMED_9010841,Document,PubMed,3,0,3
4088,PUBMED_9010830,Document,PubMed,3,0,3
4083,PUBMED_9010799,Document,PubMed,3,0,3
4081,PUBMED_9010777,Document,PubMed,3,0,3
4077,PUBMED_9010738,Document,PubMed,3,0,3
4072,PUBMED_9010699,Document,PubMed,3,0,3
751,PUBMED_42670690,Document,PubMed,3,0,3
492,PUBMED_42720246,Document,PubMed,3,0,3
2605,PUBMED_17722860,Document,PubMed,3,0,3
2602,PUBMED_23110991,Document,PubMed,3,0,3
2600,PUBMED_25540956,Document,PubMed,3,0,3
2597,PUBMED_28218163,Document,PubMed,3,0,3
2596,PUBMED_28256476,Document,PubMed,3,0,3
1584,PUBMED_16701966,Document,PubMed,3,0,3
1582,PUBMED_17140099,Document,PubMed,3,0,3
1577,PUBMED_17599781,Document,PubMed,3,0,3
1576,PUBMED_17609187,Document,PubMed,3,0,3
1575,PUBMED_17633303,Document,PubMed,3,0,3
4578,PUBMED_9014828,Document,PubMed,3,0,3
4577,PUBMED_9014825,Document,PubMed,3,0,3
4571,PUBMED_9014784,Document,PubMed,3,0,3
1433,PUBMED_33122433,Document,PubMed,3,0,3
1429,PUBMED_33290391,Document,PubMed,3,0,3
2866,PUBMED_9001093,Document,PubMed,3,0,3
2858,PUBMED_9001049,Document,PubMed,3,0,3
2852,PUBMED_9001024,Document,PubMed,3,0,3
2850,PUBMED_9001010,Document,PubMed,3,0,3
728,PUBMED_42766255,Document,PubMed,3,0,3
713,PUBMED_42796653,Document,PubMed,3,0,3
712,PUBMED_42796659,Document,PubMed,3,0,3
709,PUBMED_42796705,Document,PubMed,3,0,3
4563,PUBMED_9014702,Document,PubMed,3,0,3
4560,PUBMED_9014667,Document,PubMed,3,0,3
4557,PUBMED_9014644,Document,PubMed,3,0,3
4555,PUBMED_9014623,Document,PubMed,3,0,3
4552,PUBMED_9014599,Document,PubMed,3,0,3
4548,PUBMED_9014584,Document,PubMed,3,0,3
2626,1961,Date,PubMed,3,3,0
2618,PUBMED_5820842,Document,PubMed,3,0,3
2612,PUBMED_200556,Document,PubMed,3,0,3
2610,PUBMED_6668008,Document,PubMed,3,0,3
2608,1964,Date,PubMed,3,3,0
4545,PUBMED_9014570,Document,PubMed,3,0,3
4132,PUBMED_9011238,Document,PubMed,3,0,3
4128,PUBMED_9011197,Document,PubMed,3,0,3
4125,PUBMED_9011176,Document,PubMed,3,0,3
4124,PUBMED_9011168,Document,PubMed,3,0,3
4123,PUBMED_9011164,Document,PubMed,3,0,3
4120,PUBMED_9011129,Document,PubMed,3,0,3
4116,PUBMED_9011083,Document,PubMed,3,0,3
718,PUBMED_42791732,Document,PubMed,3,0,3
4540,PUBMED_9014528,Document,PubMed,3,0,3
4535,PUBMED_9014486,Document,PubMed,3,0,3
4534,PUBMED_9014484,Document,PubMed,3,0,3
4533,PUBMED_9014478,Document,PubMed,3,0,3
4531,PUBMED_9014460,Document,PubMed,3,0,3
4530,PUBMED_9014445,Document,PubMed,3,0,3
4521,PUBMED_9014376,Document,PubMed,3,0,3
4517,PUBMED_9014357,Document,PubMed,3,0,3
520,PUBMED_42712699,Document,PubMed,3,0,3
4148,PUBMED_9011380,Document,PubMed,3,0,3
705,PUBMED_42797833,Document,PubMed,3,0,3
698,PUBMED_42798412,Document,PubMed,3,0,3
696,PUBMED_42798889,Document,PubMed,3,0,3
4146,PUBMED_9011360,Document,PubMed,3,0,3
4144,PUBMED_9011344,Document,PubMed,3,0,3
4142,PUBMED_9011329,Document,PubMed,3,0,3
1570,PUBMED_18258027,Document,PubMed,3,0,3
1566,PUBMED_18501283,Document,PubMed,3,0,3
1564,PUBMED_18634480,Document,PubMed,3,0,3
1562,PUBMED_18819417,Document,PubMed,3,0,3
1561,PUBMED_18957635,Document,PubMed,3,0,3
1560,PUBMED_19278278,Document,PubMed,3,0,3
4511,PUBMED_9014298,Document,PubMed,3,0,3
4499,PUBMED_9014189,Document,PubMed,3,0,3
4161,PUBMED_9011500,Document,PubMed,3,0,3
2844,PUBMED_9000953,Document,PubMed,3,0,3
2843,PUBMED_9000952,Document,PubMed,3,0,3
2837,PUBMED_9000906,Document,PubMed,3,0,3
1457,PUBMED_30541272,Document,PubMed,3,0,3
1451,PUBMED_30747137,Document,PubMed,3,0,3
1449,PUBMED_30747141,Document,PubMed,3,0,3
1448,PUBMED_30849126,Document,PubMed,3,0,3
1446,PUBMED_30983262,Document,PubMed,3,0,3
1445,PUBMED_31159618,Document,PubMed,3,0,3
1444,PUBMED_31239167,Document,PubMed,3,0,3
4159,PUBMED_9011483,Document,PubMed,3,0,3
543,PUBMED_42705771,Document,PubMed,3,0,3
1554,PUBMED_19628013,Document,PubMed,3,0,3
1548,PUBMED_20688627,Document,PubMed,3,0,3
1543,PUBMED_22102679,Document,PubMed,3,0,3
531,PUBMED_42709285,Document,PubMed,3,0,3
4498,PUBMED_9014180,Document,PubMed,3,0,3
4495,PUBMED_9014160,Document,PubMed,3,0,3
690,PUBMED_42800390,Document,PubMed,3,0,3
4171,PUBMED_9011592,Document,PubMed,3,0,3
4170,PUBMED_9011577,Document,PubMed,3,0,3
4169,PUBMED_9011573,Document,PubMed,3,0,3
4163,PUBMED_9011518,Document,PubMed,3,0,3
4493,PUBMED_9014139,Document,PubMed,3,0,3
4489,PUBMED_9014098,Document,PubMed,3,0,3
4481,PUBMED_9014060,Document,PubMed,3,0,3
4474,PUBMED_9014011,Document,PubMed,3,0,3
4473,PUBMED_9014009,Document,PubMed,3,0,3
4467,PUBMED_9013954,Document,PubMed,3,0,3
4209,PUBMED_9011843,Document,PubMed,3,0,3
4201,PUBMED_9011774,Document,PubMed,3,0,3
4199,PUBMED_9011768,Document,PubMed,3,0,3
4195,PUBMED_9011749,Document,PubMed,3,0,3
4193,PUBMED_9011735,Document,PubMed,3,0,3
4189,PUBMED_9011711,Document,PubMed,3,0,3
4187,PUBMED_9011702,Document,PubMed,3,0,3
1535,PUBMED_22712421,Document,PubMed,3,0,3
1534,PUBMED_22861358,Document,PubMed,3,0,3
1532,PUBMED_23382420,Document,PubMed,3,0,3
1527,PUBMED_23541783,Document,PubMed,3,0,3
4464,PUBMED_9013931,Document,PubMed,3,0,3
4462,PUBMED_9013908,Document,PubMed,3,0,3
4452,PUBMED_9013811,Document,PubMed,3,0,3
554,PUBMED_42703479,Document,PubMed,3,0,3
1508,PUBMED_25064563,Document,PubMed,3,0,3
2738,PUBMED_9000138,Document,PubMed,3,0,3
2731,PUBMED_9000098,Document,PubMed,3,0,3
2729,PUBMED_9000088,Document,PubMed,3,0,3
2726,PUBMED_9000057,Document,PubMed,3,0,3
1518,PUBMED_24060567,Document,PubMed,3,0,3
1517,PUBMED_24278493,Document,PubMed,3,0,3
553,PUBMED_42703547,Document,PubMed,3,0,3
2825,PUBMED_9000809,Document,PubMed,3,0,3
2823,PUBMED_9000795,Document,PubMed,3,0,3
2819,PUBMED_9000753,Document,PubMed,3,0,3
1474,PUBMED_29255631,Document,PubMed,3,0,3
1473,PUBMED_29293476,Document,PubMed,3,0,3
1472,PUBMED_29293591,Document,PubMed,3,0,3
550,PUBMED_42703886,Document,PubMed,3,0,3
547,PUBMED_42704659,Document,PubMed,3,0,3
4449,PUBMED_9013784,Document,PubMed,3,0,3
4445,PUBMED_9013756,Document,PubMed,3,0,3
4440,PUBMED_9013710,Document,PubMed,3,0,3
4431,PUBMED_9013649,Document,PubMed,3,0,3
4430,PUBMED_9013636,Document,PubMed,3,0,3
4427,PUBMED_9013606,Document,PubMed,3,0,3
4426,PUBMED_9013592,Document,PubMed,3,0,3
4422,PUBMED_9013552,Document,PubMed,3,0,3
1463,PUBMED_30072086,Document,PubMed,3,0,3
1461,PUBMED_30226803,Document,PubMed,3,0,3
2814,PUBMED_9000717,Document,PubMed,3,0,3
2812,PUBMED_9000701,Document,PubMed,3,0,3
4221,PUBMED_9011956,Document,PubMed,3,0,3
4220,PUBMED_9011948,Document,PubMed,3,0,3
4218,PUBMED_9011926,Document,PubMed,3,0,3
4211,PUBMED_9011860,Document,PubMed,3,0,3
668,PUBMED_42675525,Document,PubMed,3,0,3
4255,PUBMED_9012255,Document,PubMed,3,0,3
4253,PUBMED_9012236,Document,PubMed,3,0,3
4242,PUBMED_9012129,Document,PubMed,3,0,3
4226,PUBMED_9011994,Document,PubMed,3,0,3
4225,PUBMED_9011990,Document,PubMed,3,0,3
4224,PUBMED_9011984,Document,PubMed,3,0,3
1469,PUBMED_29479072,Document,PubMed,3,0,3
1465,PUBMED_29941066,Document,PubMed,3,0,3
1464,PUBMED_30025563,Document,PubMed,3,0,3
4421,PUBMED_9013546,Document,PubMed,3,0,3
576,PUBMED_42698703,Document,PubMed,3,0,3
575,PUBMED_42698884,Document,PubMed,3,0,3
571,PUBMED_42699664,Document,PubMed,3,0,3
563,PUBMED_42700684,Document,PubMed,3,0,3
4414,PUBMED_9013490,Document,PubMed,3,0,3
4413,PUBMED_9013483,Document,PubMed,3,0,3
4264,PUBMED_9012311,Document,PubMed,3,0,3
4262,PUBMED_9012305,Document,PubMed,3,0,3
4261,PUBMED_9012303,Document,PubMed,3,0,3
651,PUBMED_42678812,Document,PubMed,3,0,3
645,PUBMED_42679837,Document,PubMed,3,0,3
643,PUBMED_42680057,Document,PubMed,3,0,3
593,PUBMED_42693940,Document,PubMed,3,0,3
4399,PUBMED_9013361,Document,PubMed,3,0,3
4397,PUBMED_9013331,Document,PubMed,3,0,3
2752,PUBMED_9000228,Document,PubMed,3,0,3
2745,PUBMED_9000182,Document,PubMed,3,0,3
2744,PUBMED_9000180,Document,PubMed,3,0,3
2741,PUBMED_9000163,Document,PubMed,3,0,3
1501,PUBMED_25536075,Document,PubMed,3,0,3
1499,PUBMED_25769428,Document,PubMed,3,0,3
1496,PUBMED_26392297,Document,PubMed,3,0,3
1493,PUBMED_26631275,Document,PubMed,3,0,3
1492,PUBMED_26661691,Document,PubMed,3,0,3
1491,PUBMED_27127994,Document,PubMed,3,0,3
4375,PUBMED_9013137,Document,PubMed,3,0,3
4276,PUBMED_9012419,Document,PubMed,3,0,3
2799,PUBMED_9000601,Document,PubMed,3,0,3
2798,PUBMED_9000593,Document,PubMed,3,0,3
2797,PUBMED_9000588,Document,PubMed,3,0,3
2792,PUBMED_9000559,Document,PubMed,3,0,3
2790,PUBMED_9000535,Document,PubMed,3,0,3
2788,PUBMED_9000525,Document,PubMed,3,0,3
1488,PUBMED_27502570,Document,PubMed,3,0,3
1482,PUBMED_28643547,Document,PubMed,3,0,3
4272,PUBMED_9012377,Document,PubMed,3,0,3
4270,PUBMED_9012361,Document,PubMed,3,0,3
634,PUBMED_42683173,Document,PubMed,3,0,3
632,PUBMED_42684511,Document,PubMed,3,0,3
630,PUBMED_42684862,Document,PubMed,3,0,3
4289,PUBMED_9012503,Document,PubMed,3,0,3
4288,PUBMED_9012501,Document,PubMed,3,0,3
4281,PUBMED_9012441,Document,PubMed,3,0,3
4374,PUBMED_9013127,Document,PubMed,3,0,3
607,PUBMED_42690064,Document,PubMed,3,0,3
606,PUBMED_42691039,Document,PubMed,3,0,3
4364,PUBMED_9013047,Document,PubMed,3,0,3
4360,PUBMED_9013020,Document,PubMed,3,0,3
2770,PUBMED_9000393,Document,PubMed,3,0,3
2769,PUBMED_9000385,Document,PubMed,3,0,3
2768,PUBMED_9000374,Document,PubMed,3,0,3
2766,PUBMED_9000361,Document,PubMed,3,0,3
2765,PUBMED_9000355,Document,PubMed,3,0,3
2764,PUBMED_9000342,Document,PubMed,3,0,3
2761,PUBMED_9000311,Document,PubMed,3,0,3
2784,PUBMED_9000499,Document,PubMed,3,0,3
2779,PUBMED_9000472,Document,PubMed,3,0,3
2771,PUBMED_9000395,Document,PubMed,3,0,3
4299,PUBMED_9012557,Document,PubMed,3,0,3
4293,PUBMED_9012526,Document,PubMed,3,0,3
4292,PUBMED_9012524,Document,PubMed,3,0,3
639,PUBMED_42681505,Document,PubMed,3,0,3
4351,PUBMED_9012946,Document,PubMed,3,0,3
4345,PUBMED_9012888,Document,PubMed,3,0,3
626,PUBMED_42685544,Document,PubMed,3,0,3
615,PUBMED_42688411,Document,PubMed,3,0,3
4337,PUBMED_9012836,Document,PubMed,3,0,3
4334,PUBMED_9012822,Document,PubMed,3,0,3
4332,PUBMED_9012800,Document,PubMed,3,0,3
4328,PUBMED_9012762,Document,PubMed,3,0,3
4312,PUBMED_9012651,Document,PubMed,3,0,3
4307,PUBMED_9012611,Document,PubMed,3,0,3
1477,PUBMED_29182939,Document,PubMed,3,0,3
5198,PUBMED_9019828,Document,PubMed,3,0,3
5196,PUBMED_9019805,Document,PubMed,3,0,3
5183,PUBMED_9019697,Document,PubMed,3,0,3
5181,PUBMED_9019672,Document,PubMed,3,0,3
5177,PUBMED_9019638,Document,PubMed,3,0,3
5175,PUBMED_9019627,Document,PubMed,3,0,3
5173,PUBMED_9019605,Document,PubMed,3,0,3
98,1988,Date,WHO_DON,3,3,0
95,WHO_0036,Document,WHO_DON,3,0,3
5190,PUBMED_9019748,Document,PubMed,3,0,3
5188,PUBMED_9019722,Document,PubMed,3,0,3
48,WHO_0016,Document,WHO_DON,3,0,3
40,WHO_0012,Document,WHO_DON,3,0,3
56,WHO_0019,Document,WHO_DON,3,0,3
5186,PUBMED_9019714,Document,PubMed,3,0,3
5217,PUBMED_9019972,Document,PubMed,3,0,3
5214,PUBMED_9019942,Document,PubMed,3,0,3
5220,PUBMED_9019999,Document,PubMed,2,0,2
5215,PUBMED_9019950,Document,PubMed,2,0,2
89,WHO_0032,Document,WHO_DON,2,0,2
37,WHO_0010,Document,WHO_DON,2,0,2
5156,PUBMED_9019465,Document,PubMed,2,0,2
33,WHO_0008,Document,WHO_DON,2,0,2
5191,PUBMED_9019763,Document,PubMed,2,0,2
5145,PUBMED_9019367,Document,PubMed,2,0,2
3322,PUBMED_9004681,Document,PubMed,2,0,2
3307,PUBMED_9004558,Document,PubMed,2,0,2
3230,PUBMED_9003972,Document,PubMed,2,0,2
3225,PUBMED_9003927,Document,PubMed,2,0,2
3223,PUBMED_9003923,Document,PubMed,2,0,2
3222,PUBMED_9003920,Document,PubMed,2,0,2
3218,PUBMED_9003891,Document,PubMed,2,0,2
3330,PUBMED_9004757,Document,PubMed,2,0,2
3356,PUBMED_9004971,Document,PubMed,2,0,2
3353,PUBMED_9004934,Document,PubMed,2,0,2
3352,PUBMED_9004931,Document,PubMed,2,0,2
5143,PUBMED_9019360,Document,PubMed,2,0,2
4300,PUBMED_9012558,Document,PubMed,2,0,2
4295,PUBMED_9012538,Document,PubMed,2,0,2
640,PUBMED_42681502,Document,PubMed,2,0,2
4348,PUBMED_9012920,Document,PubMed,2,0,2
4344,PUBMED_9012887,Document,PubMed,2,0,2
4343,PUBMED_9012884,Document,PubMed,2,0,2
4341,PUBMED_9012879,Document,PubMed,2,0,2
4340,PUBMED_9012873,Document,PubMed,2,0,2
625,PUBMED_42685595,Document,PubMed,2,0,2
613,PUBMED_42688980,Document,PubMed,2,0,2
611,PUBMED_42689166,Document,PubMed,2,0,2
4368,PUBMED_9013080,Document,PubMed,2,0,2
4359,PUBMED_9013009,Document,PubMed,2,0,2
2759,PUBMED_9000290,Document,PubMed,2,0,2
2757,PUBMED_9000271,Document,PubMed,2,0,2
2755,PUBMED_9000246,Document,PubMed,2,0,2
4356,PUBMED_9013001,Document,PubMed,2,0,2
2778,PUBMED_9000459,Document,PubMed,2,0,2
2777,PUBMED_9000446,Document,PubMed,2,0,2
2776,PUBMED_9000444,Document,PubMed,2,0,2
629,PUBMED_42685365,Document,PubMed,2,0,2
4286,PUBMED_9012490,Document,PubMed,2,0,2
4285,PUBMED_9012479,Document,PubMed,2,0,2
4284,PUBMED_9012473,Document,PubMed,2,0,2
4280,PUBMED_9012437,Document,PubMed,2,0,2
4373,PUBMED_9013118,Document,PubMed,2,0,2
4372,PUBMED_9013112,Document,PubMed,2,0,2
610,PUBMED_42689357,Document,PubMed,2,0,2
602,PUBMED_42691773,Document,PubMed,2,0,2
598,PUBMED_42693462,Document,PubMed,2,0,2
597,1981,Date,PubMed,2,2,0
128,PUBMED_42788740,Document,PubMed,2,0,2
117,WHO_0049,Document,WHO_DON,2,0,2
115,measles,Disease,WHO_DON,2,2,0
5134,PUBMED_9019288,Document,PubMed,2,0,2
3365,PUBMED_9005058,Document,PubMed,2,0,2
3204,PUBMED_9003750,Document,PubMed,2,0,2
3358,PUBMED_9004996,Document,PubMed,2,0,2
3196,PUBMED_9003679,Document,PubMed,2,0,2
3378,PUBMED_9005171,Document,PubMed,2,0,2
3370,PUBMED_9005115,Document,PubMed,2,0,2
4402,PUBMED_9013382,Document,PubMed,2,0,2
4396,PUBMED_9013318,Document,PubMed,2,0,2
2748,PUBMED_9000211,Document,PubMed,2,0,2
4383,PUBMED_9013226,Document,PubMed,2,0,2
4381,PUBMED_9013202,Document,PubMed,2,0,2
4279,PUBMED_9012436,Document,PubMed,2,0,2
4278,PUBMED_9012433,Document,PubMed,2,0,2
2791,PUBMED_9000545,Document,PubMed,2,0,2
4275,PUBMED_9012412,Document,PubMed,2,0,2
4266,PUBMED_9012327,Document,PubMed,2,0,2
638,PUBMED_42682386,Document,PubMed,2,0,2
635,PUBMED_42682550,Document,PubMed,2,0,2
633,PUBMED_42683297,Document,PubMed,2,0,2
650,PUBMED_42678818,Document,PubMed,2,0,2
647,PUBMED_42679575,Document,PubMed,2,0,2
644,PUBMED_42680011,Document,PubMed,2,0,2
585,PUBMED_42696199,Document,PubMed,2,0,2
136,PUBMED_42788577,Document,PubMed,2,0,2
131,PUBMED_42788643,Document,PubMed,2,0,2
5122,PUBMED_9019165,Document,PubMed,2,0,2
5107,PUBMED_9019080,Document,PubMed,2,0,2
3400,PUBMED_9005345,Document,PubMed,2,0,2
3414,PUBMED_9005424,Document,PubMed,2,0,2
3413,PUBMED_9005412,Document,PubMed,2,0,2
3412,PUBMED_9005406,Document,PubMed,2,0,2
3408,PUBMED_9005378,Document,PubMed,2,0,2
3407,PUBMED_9005375,Document,PubMed,2,0,2
3189,PUBMED_9003622,Document,PubMed,2,0,2
3181,PUBMED_9003572,Document,PubMed,2,0,2
3177,PUBMED_9003539,Document,PubMed,2,0,2
3422,PUBMED_9005485,Document,PubMed,2,0,2
4233,PUBMED_9012050,Document,PubMed,2,0,2
4229,PUBMED_9012012,Document,PubMed,2,0,2
4420,PUBMED_9013536,Document,PubMed,2,0,2
568,PUBMED_42700195,Document,PubMed,2,0,2
565,PUBMED_42700597,Document,PubMed,2,0,2
4412,PUBMED_9013469,Document,PubMed,2,0,2
4411,PUBMED_9013458,Document,PubMed,2,0,2
4407,PUBMED_9013416,Document,PubMed,2,0,2
4405,PUBMED_9013397,Document,PubMed,2,0,2
655,PUBMED_42678097,Document,PubMed,2,0,2
158,PUBMED_42787100,Document,PubMed,2,0,2
148,PUBMED_42787561,Document,PubMed,2,0,2
5106,PUBMED_9019069,Document,PubMed,2,0,2
5105,PUBMED_9019058,Document,PubMed,2,0,2
5103,PUBMED_9019041,Document,PubMed,2,0,2
5100,PUBMED_9019023,Document,PubMed,2,0,2
5096,PUBMED_9018975,Document,PubMed,2,0,2
3442,PUBMED_9005646,Document,PubMed,2,0,2
3440,PUBMED_9005619,Document,PubMed,2,0,2
3433,PUBMED_9005552,Document,PubMed,2,0,2
3432,PUBMED_9005537,Document,PubMed,2,0,2
3425,PUBMED_9005492,Document,PubMed,2,0,2
177,PUBMED_42783989,Document,PubMed,2,0,2
4448,PUBMED_9013783,Document,PubMed,2,0,2
4446,PUBMED_9013768,Document,PubMed,2,0,2
4439,PUBMED_9013703,Document,PubMed,2,0,2
2805,PUBMED_9000649,Document,PubMed,2,0,2
4215,PUBMED_9011895,Document,PubMed,2,0,2
671,PUBMED_42674630,Document,PubMed,2,0,2
670,PUBMED_42675153,Document,PubMed,2,0,2
669,PUBMED_42675330,Document,PubMed,2,0,2
4254,PUBMED_9012249,Document,PubMed,2,0,2
4251,PUBMED_9012207,Document,PubMed,2,0,2
4249,PUBMED_9012194,Document,PubMed,2,0,2
4248,PUBMED_9012191,Document,PubMed,2,0,2
4237,PUBMED_9012079,Document,PubMed,2,0,2
2727,PUBMED_9000068,Document,PubMed,2,0,2
1521,1986,Date,PubMed,2,2,0
2831,PUBMED_9000856,Document,PubMed,2,0,2
2829,PUBMED_9000843,Document,PubMed,2,0,2
2821,PUBMED_9000767,Document,PubMed,2,0,2
664,PUBMED_42676396,Document,PubMed,2,0,2
663,PUBMED_42676501,Document,PubMed,2,0,2
662,PUBMED_42676529,Document,PubMed,2,0,2
548,PUBMED_42704604,Document,PubMed,2,0,2
4198,PUBMED_9011760,Document,PubMed,2,0,2
4197,PUBMED_9011755,Document,PubMed,2,0,2
4188,PUBMED_9011708,Document,PubMed,2,0,2
4186,PUBMED_9011690,Document,PubMed,2,0,2
4463,PUBMED_9013916,Document,PubMed,2,0,2
4455,PUBMED_9013833,Document,PubMed,2,0,2
4453,PUBMED_9013813,Document,PubMed,2,0,2
561,PUBMED_42700958,Document,PubMed,2,0,2
559,PUBMED_42701380,Document,PubMed,2,0,2
558,PUBMED_42701398,Document,PubMed,2,0,2
555,PUBMED_42703068,Document,PubMed,2,0,2
2735,PUBMED_9000119,Document,PubMed,2,0,2
167,PUBMED_42785458,Document,PubMed,2,0,2
5087,PUBMED_9018911,Document,PubMed,2,0,2
3465,PUBMED_9005827,Document,PubMed,2,0,2
3458,PUBMED_9005774,Document,PubMed,2,0,2
3444,PUBMED_9005653,Document,PubMed,2,0,2
3487,PUBMED_9006022,Document,PubMed,2,0,2
3486,PUBMED_9006012,Document,PubMed,2,0,2
3477,PUBMED_9005926,Document,PubMed,2,0,2
5069,PUBMED_9018721,Document,PubMed,2,0,2
4162,PUBMED_9011503,Document,PubMed,2,0,2
4494,PUBMED_9014152,Document,PubMed,2,0,2
4492,PUBMED_9014130,Document,PubMed,2,0,2
4487,PUBMED_9014089,Document,PubMed,2,0,2
4485,PUBMED_9014081,Document,PubMed,2,0,2
4483,PUBMED_9014077,Document,PubMed,2,0,2
4479,PUBMED_9014050,Document,PubMed,2,0,2
4475,PUBMED_9014019,Document,PubMed,2,0,2
4472,PUBMED_9013994,Document,PubMed,2,0,2
4470,PUBMED_9013980,Document,PubMed,2,0,2
4466,PUBMED_9013948,Document,PubMed,2,0,2
4210,PUBMED_9011857,Document,PubMed,2,0,2
4204,PUBMED_9011805,Document,PubMed,2,0,2
539,PUBMED_42706992,Document,PubMed,2,0,2
532,PUBMED_42708070,Document,PubMed,2,0,2
688,PUBMED_42802706,Document,PubMed,2,0,2
675,PUBMED_42674136,Document,PubMed,2,0,2
4173,PUBMED_9011611,Document,PubMed,2,0,2
4167,PUBMED_9011557,Document,PubMed,2,0,2
5059,PUBMED_9018639,Document,PubMed,2,0,2
194,1984,Date,PubMed,2,2,0
3143,PUBMED_9003245,Document,PubMed,2,0,2
3516,PUBMED_9006283,Document,PubMed,2,0,2
3514,PUBMED_9006275,Document,PubMed,2,0,2
3507,PUBMED_9006183,Document,PubMed,2,0,2
3505,PUBMED_9006160,Document,PubMed,2,0,2
4145,PUBMED_9011351,Document,PubMed,2,0,2
4514,PUBMED_9014327,Document,PubMed,2,0,2
2631,1965,Date,PubMed,2,2,0
4508,PUBMED_9014268,Document,PubMed,2,0,2
4505,PUBMED_9014249,Document,PubMed,2,0,2
4504,PUBMED_9014234,Document,PubMed,2,0,2
4503,PUBMED_9014229,Document,PubMed,2,0,2
2842,PUBMED_9000946,Document,PubMed,2,0,2
2840,PUBMED_9000930,Document,PubMed,2,0,2
2835,PUBMED_9000882,Document,PubMed,2,0,2
4157,PUBMED_9011481,Document,PubMed,2,0,2
542,PUBMED_42706609,Document,PubMed,2,0,2
180,PUBMED_42783610,Document,PubMed,2,0,2
3138,PUBMED_9003194,Document,PubMed,2,0,2
3133,PUBMED_9003143,Document,PubMed,2,0,2
3131,PUBMED_9003125,Document,PubMed,2,0,2
3127,PUBMED_9003099,Document,PubMed,2,0,2
3544,PUBMED_9006505,Document,PubMed,2,0,2
3533,PUBMED_9006429,Document,PubMed,2,0,2
3526,PUBMED_9006369,Document,PubMed,2,0,2
3561,PUBMED_9006646,Document,PubMed,2,0,2
3558,PUBMED_9006624,Document,PubMed,2,0,2
3553,PUBMED_9006581,Document,PubMed,2,0,2
4539,PUBMED_9014518,Document,PubMed,2,0,2
4524,PUBMED_9014404,Document,PubMed,2,0,2
529,PUBMED_42710214,Document,PubMed,2,0,2
521,PUBMED_42711753,Document,PubMed,2,0,2
703,PUBMED_42797893,Document,PubMed,2,0,2
692,PUBMED_42800348,Document,PubMed,2,0,2
3549,PUBMED_9006549,Document,PubMed,2,0,2
3548,PUBMED_9006538,Document,PubMed,2,0,2
179,PUBMED_42783954,Document,PubMed,2,0,2
5056,PUBMED_9018612,Document,PubMed,2,0,2
5043,PUBMED_9018533,Document,PubMed,2,0,2
5040,PUBMED_9018502,Document,PubMed,2,0,2
5039,PUBMED_9018487,Document,PubMed,2,0,2
5034,PUBMED_9018429,Document,PubMed,2,0,2
5032,PUBMED_9018412,Document,PubMed,2,0,2
5030,PUBMED_9018400,Document,PubMed,2,0,2
5029,PUBMED_9018388,Document,PubMed,2,0,2
3122,PUBMED_9003039,Document,PubMed,2,0,2
3119,PUBMED_9003023,Document,PubMed,2,0,2
3113,PUBMED_9002980,Document,PubMed,2,0,2
3108,PUBMED_9002939,Document,PubMed,2,0,2
507,PUBMED_42714937,Document,PubMed,2,0,2
1558,1985,Date,PubMed,2,2,0
2619,1969,Date,PubMed,2,2,0
2609,1973,Date,PubMed,2,2,0
502,PUBMED_42717400,Document,PubMed,2,0,2
501,PUBMED_42717435,Document,PubMed,2,0,2
4136,PUBMED_9011276,Document,PubMed,2,0,2
4135,PUBMED_9011267,Document,PubMed,2,0,2
4133,PUBMED_9011251,Document,PubMed,2,0,2
4131,PUBMED_9011225,Document,PubMed,2,0,2
4122,PUBMED_9011153,Document,PubMed,2,0,2
4105,PUBMED_9011000,Document,PubMed,2,0,2
738,PUBMED_42741007,Document,PubMed,2,0,2
736,PUBMED_42743363,Document,PubMed,2,0,2
4567,PUBMED_9014745,Document,PubMed,2,0,2
4562,PUBMED_9014688,Document,PubMed,2,0,2
4561,PUBMED_9014680,Document,PubMed,2,0,2
4559,PUBMED_9014661,Document,PubMed,2,0,2
4551,PUBMED_9014595,Document,PubMed,2,0,2
509,PUBMED_42714752,Document,PubMed,2,0,2
508,PUBMED_42714832,Document,PubMed,2,0,2
734,PUBMED_42749012,Document,PubMed,2,0,2
733,PUBMED_42750051,Document,PubMed,2,0,2
2863,PUBMED_9001083,Document,PubMed,2,0,2
2860,PUBMED_9001063,Document,PubMed,2,0,2
716,PUBMED_42791822,Document,PubMed,2,0,2
715,PUBMED_42792041,Document,PubMed,2,0,2
708,PUBMED_42796715,Document,PubMed,2,0,2
707,PUBMED_42796768,Document,PubMed,2,0,2
198,PUBMED_42780467,Document,PubMed,2,0,2
5024,PUBMED_9018350,Document,PubMed,2,0,2
5021,PUBMED_9018325,Document,PubMed,2,0,2
223,PUBMED_42778003,Document,PubMed,2,0,2
3585,PUBMED_9006826,Document,PubMed,2,0,2
3579,PUBMED_9006766,Document,PubMed,2,0,2
3100,PUBMED_9002877,Document,PubMed,2,0,2
3092,PUBMED_9002797,Document,PubMed,2,0,2
3090,PUBMED_9002790,Document,PubMed,2,0,2
3088,PUBMED_9002778,Document,PubMed,2,0,2
3087,PUBMED_9002768,Document,PubMed,2,0,2
3612,PUBMED_9007030,Document,PubMed,2,0,2
222,PUBMED_42778010,Document,PubMed,2,0,2
4591,PUBMED_9014941,Document,PubMed,2,0,2
4590,PUBMED_9014928,Document,PubMed,2,0,2
4586,PUBMED_9014894,Document,PubMed,2,0,2
4582,PUBMED_9014852,Document,PubMed,2,0,2
495,PUBMED_42719189,Document,PubMed,2,0,2
493,PUBMED_42719778,Document,PubMed,2,0,2
4096,PUBMED_9010908,Document,PubMed,2,0,2
4087,PUBMED_9010820,Document,PubMed,2,0,2
752,PUBMED_42670366,Document,PubMed,2,0,2
489,PUBMED_42721830,Document,PubMed,2,0,2
4576,PUBMED_9014820,Document,PubMed,2,0,2
735,PUBMED_42743369,Document,PubMed,2,0,2
742,PUBMED_42726332,Document,PubMed,2,0,2
740,PUBMED_42736188,Document,PubMed,2,0,2
4063,PUBMED_9010644,Document,PubMed,2,0,2
4059,PUBMED_9010609,Document,PubMed,2,0,2
4055,PUBMED_9010574,Document,PubMed,2,0,2
4053,PUBMED_9010566,Document,PubMed,2,0,2
4602,PUBMED_9015030,Document,PubMed,2,0,2
4598,PUBMED_9014996,Document,PubMed,2,0,2
4595,PUBMED_9014975,Document,PubMed,2,0,2
214,PUBMED_42778949,Document,PubMed,2,0,2
5009,PUBMED_9018226,Document,PubMed,2,0,2
3630,PUBMED_9007180,Document,PubMed,2,0,2
3066,PUBMED_9002611,Document,PubMed,2,0,2
3064,PUBMED_9002587,Document,PubMed,2,0,2
3671,PUBMED_9007480,Document,PubMed,2,0,2
3661,PUBMED_9007410,Document,PubMed,2,0,2
3660,PUBMED_9007406,Document,PubMed,2,0,2
3655,PUBMED_9007372,Document,PubMed,2,0,2
3654,PUBMED_9007367,Document,PubMed,2,0,2
4997,PUBMED_9018142,Document,PubMed,2,0,2
4992,PUBMED_9018126,Document,PubMed,2,0,2
4620,PUBMED_9015143,Document,PubMed,2,0,2
4618,PUBMED_9015124,Document,PubMed,2,0,2
4615,PUBMED_9015098,Document,PubMed,2,0,2
4612,PUBMED_9015078,Document,PubMed,2,0,2
466,PUBMED_42726887,Document,PubMed,2,0,2
463,PUBMED_42727236,Document,PubMed,2,0,2
458,PUBMED_42727874,Document,PubMed,2,0,2
747,PUBMED_42687202,Document,PubMed,2,0,2
745,PUBMED_42707344,Document,PubMed,2,0,2
744,PUBMED_42709838,Document,PubMed,2,0,2
4043,PUBMED_9010506,Document,PubMed,2,0,2
4042,PUBMED_9010503,Document,PubMed,2,0,2
432,PUBMED_42734805,Document,PubMed,2,0,2
431,PUBMED_42735347,Document,PubMed,2,0,2
427,PUBMED_42736007,Document,PubMed,2,0,2
425,PUBMED_42736154,Document,PubMed,2,0,2
423,PUBMED_42737474,Document,PubMed,2,0,2
421,PUBMED_42737978,Document,PubMed,2,0,2
4640,PUBMED_9015309,Document,PubMed,2,0,2
4633,PUBMED_9015238,Document,PubMed,2,0,2
4629,PUBMED_9015216,Document,PubMed,2,0,2
449,PUBMED_42729977,Document,PubMed,2,0,2
4990,PUBMED_9018113,Document,PubMed,2,0,2
4986,PUBMED_9018087,Document,PubMed,2,0,2
4984,PUBMED_9018064,Document,PubMed,2,0,2
237,PUBMED_42775161,Document,PubMed,2,0,2
3684,PUBMED_9007569,Document,PubMed,2,0,2
3047,PUBMED_9002466,Document,PubMed,2,0,2
3679,PUBMED_9007535,Document,PubMed,2,0,2
3043,PUBMED_9002442,Document,PubMed,2,0,2
3032,PUBMED_9002357,Document,PubMed,2,0,2
228,PUBMED_42777402,Document,PubMed,2,0,2
4968,PUBMED_9017944,Document,PubMed,2,0,2
764,PUBMED_42661958,Document,PubMed,2,0,2
757,PUBMED_42666301,Document,PubMed,2,0,2
4646,PUBMED_9015352,Document,PubMed,2,0,2
434,2035,Date,PubMed,2,2,0
2880,PUBMED_9001178,Document,PubMed,2,0,2
2877,PUBMED_9001165,Document,PubMed,2,0,2
2876,PUBMED_9001152,Document,PubMed,2,0,2
2875,PUBMED_9001141,Document,PubMed,2,0,2
2870,PUBMED_9001115,Document,PubMed,2,0,2
390,PUBMED_42744156,Document,PubMed,2,0,2
4674,PUBMED_9015558,Document,PubMed,2,0,2
4673,PUBMED_9015545,Document,PubMed,2,0,2
4668,PUBMED_9015511,Document,PubMed,2,0,2
4667,PUBMED_9015498,Document,PubMed,2,0,2
4665,PUBMED_9015491,Document,PubMed,2,0,2
4036,PUBMED_9010440,Document,PubMed,2,0,2
765,PUBMED_42661682,Document,PubMed,2,0,2
253,PUBMED_42772696,Document,PubMed,2,0,2
3021,PUBMED_9002298,Document,PubMed,2,0,2
3708,PUBMED_9007752,Document,PubMed,2,0,2
3699,PUBMED_9007692,Document,PubMed,2,0,2
3696,PUBMED_9007661,Document,PubMed,2,0,2
3738,PUBMED_9007980,Document,PubMed,2,0,2
3731,PUBMED_9007914,Document,PubMed,2,0,2
3715,PUBMED_9007804,Document,PubMed,2,0,2
3744,PUBMED_9008051,Document,PubMed,2,0,2
3018,PUBMED_9002274,Document,PubMed,2,0,2
3011,PUBMED_9002204,Document,PubMed,2,0,2
3010,PUBMED_9002202,Document,PubMed,2,0,2
4021,PUBMED_9010326,Document,PubMed,2,0,2
4020,PUBMED_9010318,Document,PubMed,2,0,2
4013,PUBMED_9010245,Document,PubMed,2,0,2
4012,PUBMED_9010233,Document,PubMed,2,0,2
784,PUBMED_42654798,Document,PubMed,2,0,2
4701,PUBMED_9015775,Document,PubMed,2,0,2
4696,PUBMED_9015748,Document,PubMed,2,0,2
4684,PUBMED_9015640,Document,PubMed,2,0,2
4681,PUBMED_9015617,Document,PubMed,2,0,2
400,PUBMED_42742343,Document,PubMed,2,0,2
399,PUBMED_42742778,Document,PubMed,2,0,2
395,PUBMED_42743804,Document,PubMed,2,0,2
394,PUBMED_42743976,Document,PubMed,2,0,2
771,PUBMED_42660111,Document,PubMed,2,0,2
4000,PUBMED_9010131,Document,PubMed,2,0,2
3991,PUBMED_9010053,Document,PubMed,2,0,2
4711,PUBMED_9015836,Document,PubMed,2,0,2
4709,PUBMED_9015822,Document,PubMed,2,0,2
4706,PUBMED_9015803,Document,PubMed,2,0,2
4704,PUBMED_9015784,Document,PubMed,2,0,2
4703,PUBMED_9015782,Document,PubMed,2,0,2
4702,PUBMED_9015777,Document,PubMed,2,0,2
4034,PUBMED_9010421,Document,PubMed,2,0,2
4032,PUBMED_9010415,Document,PubMed,2,0,2
4024,PUBMED_9010346,Document,PubMed,2,0,2
3007,PUBMED_9002183,Document,PubMed,2,0,2
3006,PUBMED_9002170,Document,PubMed,2,0,2
3001,PUBMED_9002126,Document,PubMed,2,0,2
2997,PUBMED_9002101,Document,PubMed,2,0,2
247,PUBMED_42773725,Document,PubMed,2,0,2
245,PUBMED_42774196,Document,PubMed,2,0,2
4960,PUBMED_9017884,Document,PubMed,2,0,2
4951,PUBMED_9017841,Document,PubMed,2,0,2
381,PUBMED_42746048,Document,PubMed,2,0,2
3988,PUBMED_9010035,Document,PubMed,2,0,2
2892,PUBMED_9001280,Document,PubMed,2,0,2
2891,PUBMED_9001268,Document,PubMed,2,0,2
780,PUBMED_42655658,Document,PubMed,2,0,2
779,PUBMED_42655706,Document,PubMed,2,0,2
777,PUBMED_42655770,Document,PubMed,2,0,2
776,PUBMED_42655789,Document,PubMed,2,0,2
775,PUBMED_42656683,Document,PubMed,2,0,2
4935,PUBMED_9017736,Document,PubMed,2,0,2
4933,PUBMED_9017722,Document,PubMed,2,0,2
270,1975,Date,PubMed,2,2,0
2991,PUBMED_9002069,Document,PubMed,2,0,2
2987,PUBMED_9002023,Document,PubMed,2,0,2
3761,PUBMED_9008197,Document,PubMed,2,0,2
3757,PUBMED_9008162,Document,PubMed,2,0,2
3756,PUBMED_9008157,Document,PubMed,2,0,2
3751,PUBMED_9008110,Document,PubMed,2,0,2
3746,PUBMED_9008072,Document,PubMed,2,0,2
1637,1983,Date,PubMed,2,2,0
4737,PUBMED_9016061,Document,PubMed,2,0,2
4735,PUBMED_9016032,Document,PubMed,2,0,2
4734,PUBMED_9016023,Document,PubMed,2,0,2
3976,PUBMED_9009933,Document,PubMed,2,0,2
3973,PUBMED_9009915,Document,PubMed,2,0,2
3971,PUBMED_9009897,Document,PubMed,2,0,2
791,PUBMED_42651246,Document,PubMed,2,0,2
384,PUBMED_42745309,Document,PubMed,2,0,2
3951,PUBMED_9009731,Document,PubMed,2,0,2
3945,PUBMED_9009703,Document,PubMed,2,0,2
817,PUBMED_42626567,Document,PubMed,2,0,2
348,PUBMED_42752209,Document,PubMed,2,0,2
346,PUBMED_42752218,Document,PubMed,2,0,2
341,PUBMED_42753832,Document,PubMed,2,0,2
339,PUBMED_42754308,Document,PubMed,2,0,2
4752,PUBMED_9016189,Document,PubMed,2,0,2
4751,PUBMED_9016180,Document,PubMed,2,0,2
4741,PUBMED_9016091,Document,PubMed,2,0,2
355,PUBMED_42750254,Document,PubMed,2,0,2
264,PUBMED_42770716,Document,PubMed,2,0,2
4930,PUBMED_9017707,Document,PubMed,2,0,2
4926,PUBMED_9017670,Document,PubMed,2,0,2
2977,PUBMED_9001934,Document,PubMed,2,0,2
2973,PUBMED_9001910,Document,PubMed,2,0,2
2963,PUBMED_9001834,Document,PubMed,2,0,2
871,PUBMED_42576529,Document,PubMed,2,0,2
869,PUBMED_42578659,Document,PubMed,2,0,2
868,PUBMED_42580006,Document,PubMed,2,0,2
3775,PUBMED_9008294,Document,PubMed,2,0,2
3774,PUBMED_9008283,Document,PubMed,2,0,2
2993,PUBMED_9002078,Document,PubMed,2,0,2
4918,PUBMED_9017617,Document,PubMed,2,0,2
4916,PUBMED_9017594,Document,PubMed,2,0,2
2909,PUBMED_9001408,Document,PubMed,2,0,2
2906,PUBMED_9001379,Document,PubMed,2,0,2
2904,PUBMED_9001369,Document,PubMed,2,0,2
2901,PUBMED_9001345,Document,PubMed,2,0,2
2899,PUBMED_9001330,Document,PubMed,2,0,2
2894,PUBMED_9001302,Document,PubMed,2,0,2
812,PUBMED_42629573,Document,PubMed,2,0,2
811,PUBMED_42629593,Document,PubMed,2,0,2
810,PUBMED_42632361,Document,PubMed,2,0,2
3963,PUBMED_9009822,Document,PubMed,2,0,2
3959,PUBMED_9009802,Document,PubMed,2,0,2
3957,PUBMED_9009782,Document,PubMed,2,0,2
327,PUBMED_42757725,Document,PubMed,2,0,2
4784,PUBMED_9016495,Document,PubMed,2,0,2
4777,PUBMED_9016438,Document,PubMed,2,0,2
4775,PUBMED_9016414,Document,PubMed,2,0,2
4772,PUBMED_9016388,Document,PubMed,2,0,2
4769,PUBMED_9016356,Document,PubMed,2,0,2
809,PUBMED_42632371,Document,PubMed,2,0,2
807,PUBMED_42634738,Document,PubMed,2,0,2
805,PUBMED_42638782,Document,PubMed,2,0,2
3936,PUBMED_9009620,Document,PubMed,2,0,2
3921,PUBMED_9009510,Document,PubMed,2,0,2
4757,PUBMED_9016245,Document,PubMed,2,0,2
4817,PUBMED_9016741,Document,PubMed,2,0,2
4815,PUBMED_9016727,Document,PubMed,2,0,2
4811,PUBMED_9016699,Document,PubMed,2,0,2
4788,PUBMED_9016537,Document,PubMed,2,0,2
336,PUBMED_42755343,Document,PubMed,2,0,2
2930,PUBMED_9001572,Document,PubMed,2,0,2
2927,PUBMED_9001555,Document,PubMed,2,0,2
2926,PUBMED_9001546,Document,PubMed,2,0,2
2924,PUBMED_9001525,Document,PubMed,2,0,2
2923,PUBMED_9001524,Document,PubMed,2,0,2
2921,PUBMED_9001507,Document,PubMed,2,0,2
2920,PUBMED_9001506,Document,PubMed,2,0,2
3898,PUBMED_9009312,Document,PubMed,2,0,2
823,PUBMED_42623734,Document,PubMed,2,0,2
319,PUBMED_42761556,Document,PubMed,2,0,2
308,PUBMED_42763008,Document,PubMed,2,0,2
3895,PUBMED_9009287,Document,PubMed,2,0,2
3893,PUBMED_9009281,Document,PubMed,2,0,2
3888,PUBMED_9009240,Document,PubMed,2,0,2
3883,PUBMED_9009195,Document,PubMed,2,0,2
3876,PUBMED_9009128,Document,PubMed,2,0,2
832,PUBMED_42614418,Document,PubMed,2,0,2
831,PUBMED_42614769,Document,PubMed,2,0,2
830,PUBMED_42615649,Document,PubMed,2,0,2
827,PUBMED_42619311,Document,PubMed,2,0,2
3784,PUBMED_9008364,Document,PubMed,2,0,2
881,PUBMED_42571427,Document,PubMed,2,0,2
880,PUBMED_42571585,Document,PubMed,2,0,2
878,PUBMED_42572397,Document,PubMed,2,0,2
877,PUBMED_42574173,Document,PubMed,2,0,2
3816,PUBMED_9008615,Document,PubMed,2,0,2
3811,PUBMED_9008587,Document,PubMed,2,0,2
3805,PUBMED_9008533,Document,PubMed,2,0,2
3798,PUBMED_9008482,Document,PubMed,2,0,2
4843,PUBMED_9016946,Document,PubMed,2,0,2
4836,PUBMED_9016888,Document,PubMed,2,0,2
4828,PUBMED_9016831,Document,PubMed,2,0,2
4825,PUBMED_9016801,Document,PubMed,2,0,2
4824,PUBMED_9016796,Document,PubMed,2,0,2
4822,PUBMED_9016791,Document,PubMed,2,0,2
4819,PUBMED_9016765,Document,PubMed,2,0,2
2942,PUBMED_9001681,Document,PubMed,2,0,2
2940,PUBMED_9001666,Document,PubMed,2,0,2
2939,PUBMED_9001656,Document,PubMed,2,0,2
2936,PUBMED_9001622,Document,PubMed,2,0,2
3836,PUBMED_9008776,Document,PubMed,2,0,2
4866,PUBMED_9017152,Document,PubMed,2,0,2
4864,PUBMED_9017143,Document,PubMed,2,0,2
4856,PUBMED_9017068,Document,PubMed,2,0,2
4855,PUBMED_9017061,Document,PubMed,2,0,2
4850,PUBMED_9017010,Document,PubMed,2,0,2
4847,PUBMED_9016988,Document,PubMed,2,0,2
4844,PUBMED_9016952,Document,PubMed,2,0,2
820,PUBMED_42625228,Document,PubMed,2,0,2
819,PUBMED_42625231,Document,PubMed,2,0,2
3860,PUBMED_9009005,Document,PubMed,2,0,2
3850,PUBMED_9008924,Document,PubMed,2,0,2
3848,PUBMED_9008905,Document,PubMed,2,0,2
862,PUBMED_42587918,Document,PubMed,2,0,2
861,PUBMED_42588941,Document,PubMed,2,0,2
860,PUBMED_42588951,Document,PubMed,2,0,2
859,PUBMED_42589673,Document,PubMed,2,0,2
4910,PUBMED_9017539,Document,PubMed,2,0,2
4908,PUBMED_9017521,Document,PubMed,2,0,2
4905,PUBMED_9017496,Document,PubMed,2,0,2
4902,PUBMED_9017469,Document,PubMed,2,0,2
4899,PUBMED_9017453,Document,PubMed,2,0,2
290,PUBMED_42765245,Document,PubMed,2,0,2
288,PUBMED_42765246,Document,PubMed,2,0,2
285,PUBMED_42766043,Document,PubMed,2,0,2
3829,PUBMED_9008713,Document,PubMed,2,0,2
3823,PUBMED_9008678,Document,PubMed,2,0,2
294,PUBMED_42765083,Document,PubMed,2,0,2
3844,PUBMED_9008857,Document,PubMed,2,0,2
848,PUBMED_42599396,Document,PubMed,2,0,2
843,PUBMED_42603685,Document,PubMed,2,0,2
838,PUBMED_42607044,Document,PubMed,2,0,2
3839,PUBMED_9008810,Document,PubMed,2,0,2
3837,PUBMED_9008791,Document,PubMed,2,0,2
282,PUBMED_42766177,Document,PubMed,2,0,2
4893,PUBMED_9017392,Document,PubMed,2,0,2
4887,PUBMED_9017357,Document,PubMed,2,0,2
4882,PUBMED_9017303,Document,PubMed,2,0,2
4879,PUBMED_9017265,Document,PubMed,2,0,2
4875,PUBMED_9017221,Document,PubMed,2,0,2
4874,PUBMED_9017218,Document,PubMed,2,0,2
4871,PUBMED_9017199,Document,PubMed,2,0,2
4869,PUBMED_9017188,Document,PubMed,2,0,2
2957,PUBMED_9001784,Document,PubMed,2,0,2
2955,PUBMED_9001763,Document,PubMed,2,0,2
2948,PUBMED_9001711,Document,PubMed,2,0,2
3832,PUBMED_9008747,Document,PubMed,2,0,2
5193,PUBMED_9019781,Document,PubMed,2,0,2
99,1991,Date,WHO_DON,2,2,0
5154,PUBMED_9019456,Document,PubMed,2,0,2
3265,PUBMED_9004247,Document,PubMed,2,0,2
3287,PUBMED_9004410,Document,PubMed,2,0,2
3283,PUBMED_9004374,Document,PubMed,2,0,2
3281,PUBMED_9004359,Document,PubMed,2,0,2
3280,PUBMED_9004350,Document,PubMed,2,0,2
3244,PUBMED_9004064,Document,PubMed,2,0,2
3241,PUBMED_9004037,Document,PubMed,2,0,2
3239,PUBMED_9004021,Document,PubMed,2,0,2
3298,PUBMED_9004495,Document,PubMed,2,0,2
4338,PUBMED_9012848,Document,PubMed,2,0,2
4333,PUBMED_9012811,Document,PubMed,2,0,2
4331,PUBMED_9012791,Document,PubMed,2,0,2
4326,PUBMED_9012748,Document,PubMed,2,0,2
4325,PUBMED_9012741,Document,PubMed,2,0,2
4304,PUBMED_9012582,Document,PubMed,2,0,2
4302,PUBMED_9012574,Document,PubMed,2,0,2
2786,PUBMED_9000517,Document,PubMed,2,0,2
5213,PUBMED_9019941,Document,PubMed,2,0,2
5184,PUBMED_9019710,Document,PubMed,2,0,2
5171,PUBMED_9019594,Document,PubMed,2,0,2
68,WHO_0024,Document,WHO_DON,2,0,2
93,WHO_0035,Document,WHO_DON,2,0,2
5216,PUBMED_9019959,Document,PubMed,1,0,1
5194,PUBMED_9019791,Document,PubMed,1,0,1
5185,PUBMED_9019711,Document,PubMed,1,0,1
5219,PUBMED_9019988,Document,PubMed,1,0,1
3279,PUBMED_9004335,Document,PubMed,1,0,1
3266,PUBMED_9004258,Document,PubMed,1,0,1
5151,PUBMED_9019418,Document,PubMed,1,0,1
110,WHO_0046,Document,WHO_DON,1,0,1
2946,PUBMED_9001706,Document,PubMed,1,0,1
2958,PUBMED_9001792,Document,PubMed,1,0,1
306,PUBMED_42764260,Document,PubMed,1,0,1
2785,PUBMED_9000512,Document,PubMed,1,0,1
2782,PUBMED_9000492,Document,PubMed,1,0,1
2780,PUBMED_9000477,Document,PubMed,1,0,1
609,PUBMED_42689822,Document,PubMed,1,0,1
600,PUBMED_42692560,Document,PubMed,1,0,1
595,PUBMED_42693507,Document,PubMed,1,0,1
129,PUBMED_42788720,Document,PubMed,1,0,1
127,PUBMED_42788961,Document,PubMed,1,0,1
121,PUBMED_42790045,Document,PubMed,1,0,1
5124,PUBMED_9019178,Document,PubMed,1,0,1
3198,PUBMED_9003699,Document,PubMed,1,0,1
144,PUBMED_42787980,Document,PubMed,1,0,1
4393,PUBMED_9013300,Document,PubMed,1,0,1
4379,PUBMED_9013175,Document,PubMed,1,0,1
826,PUBMED_42619404,Document,PubMed,1,0,1
335,PUBMED_42755649,Document,PubMed,1,0,1
333,PUBMED_42756578,Document,PubMed,1,0,1
824,PUBMED_42623324,Document,PubMed,1,0,1
822,PUBMED_42625193,Document,PubMed,1,0,1
314,1932,Date,PubMed,1,1,0
833,PUBMED_42613622,Document,PubMed,1,0,1
1647,1974,Date,PubMed,1,1,0
856,PUBMED_42592549,Document,PubMed,1,0,1
852,PUBMED_42597822,Document,PubMed,1,0,1
3788,PUBMED_9008403,Document,PubMed,1,0,1
879,PUBMED_42571705,Document,PubMed,1,0,1
873,1909,Date,PubMed,1,1,0
3810,PUBMED_9008585,Document,PubMed,1,0,1
4837,PUBMED_9016900,Document,PubMed,1,0,1
818,PUBMED_42625232,Document,PubMed,1,0,1
344,PUBMED_42752813,Document,PubMed,1,0,1
4747,PUBMED_9016154,Document,PubMed,1,0,1
367,1953,Date,PubMed,1,1,0
363,PUBMED_42749218,Document,PubMed,1,0,1
261,PUBMED_42771189,Document,PubMed,1,0,1
3765,PUBMED_9008230,Document,PubMed,1,0,1
816,PUBMED_42626793,Document,PubMed,1,0,1
2913,PUBMED_9001443,Document,PubMed,1,0,1
787,PUBMED_42653999,Document,PubMed,1,0,1
332,PUBMED_42756636,Document,PubMed,1,0,1
325,PUBMED_42758459,Document,PubMed,1,0,1
4767,PUBMED_9016342,Document,PubMed,1,0,1
808,PUBMED_42634114,Document,PubMed,1,0,1
373,PUBMED_42747590,Document,PubMed,1,0,1
2888,PUBMED_9001240,Document,PubMed,1,0,1
2886,PUBMED_9001230,Document,PubMed,1,0,1
3983,PUBMED_9009994,Document,PubMed,1,0,1
266,PUBMED_42770112,Document,PubMed,1,0,1
265,PUBMED_42770546,Document,PubMed,1,0,1
1645,1978,Date,PubMed,1,1,0
1642,1929,Date,PubMed,1,1,0
802,PUBMED_42640955,Document,PubMed,1,0,1
801,PUBMED_42640990,Document,PubMed,1,0,1
800,PUBMED_42643296,Document,PubMed,1,0,1
796,PUBMED_42646796,Document,PubMed,1,0,1
795,PUBMED_42648029,Document,PubMed,1,0,1
793,PUBMED_42650690,Document,PubMed,1,0,1
790,PUBMED_42651717,Document,PubMed,1,0,1
4693,PUBMED_9015711,Document,PubMed,1,0,1
774,PUBMED_42656989,Document,PubMed,1,0,1
772,PUBMED_42659721,Document,PubMed,1,0,1
4715,PUBMED_9015869,Document,PubMed,1,0,1
755,PUBMED_42667764,Document,PubMed,1,0,1
3000,PUBMED_9002122,Document,PubMed,1,0,1
2995,PUBMED_9002088,Document,PubMed,1,0,1
3742,PUBMED_9008028,Document,PubMed,1,0,1
252,PUBMED_42772764,Document,PubMed,1,0,1
251,PUBMED_42772849,Document,PubMed,1,0,1
248,1960,Date,PubMed,1,1,0
4961,PUBMED_9017894,Document,PubMed,1,0,1
4938,PUBMED_9017744,Document,PubMed,1,0,1
379,1987,Date,PubMed,1,1,0
375,PUBMED_42747181,Document,PubMed,1,0,1
756,PUBMED_42666519,Document,PubMed,1,0,1
2873,PUBMED_9001129,Document,PubMed,1,0,1
387,PUBMED_42744328,Document,PubMed,1,0,1
415,1963,Date,PubMed,1,1,0
410,PUBMED_42740829,Document,PubMed,1,0,1
404,PUBMED_42741807,Document,PubMed,1,0,1
770,PUBMED_42660163,Document,PubMed,1,0,1
768,PUBMED_42661223,Document,PubMed,1,0,1
766,PUBMED_42661564,Document,PubMed,1,0,1
258,PUBMED_42771855,Document,PubMed,1,0,1
255,PUBMED_42772245,Document,PubMed,1,0,1
974,bird flu,Disease,PubMed,1,1,0
3735,PUBMED_9007956,Document,PubMed,1,0,1
4006,PUBMED_9010174,Document,PubMed,1,0,1
783,PUBMED_42654809,Document,PubMed,1,0,1
746,PUBMED_42706840,Document,PubMed,1,0,1
743,PUBMED_42713606,Document,PubMed,1,0,1
422,PUBMED_42737970,Document,PubMed,1,0,1
448,PUBMED_42730050,Document,PubMed,1,0,1
444,PUBMED_42730678,Document,PubMed,1,0,1
440,2050,Date,PubMed,1,1,0
239,PUBMED_42774761,Document,PubMed,1,0,1
3681,PUBMED_9007538,Document,PubMed,1,0,1
3028,PUBMED_9002340,Document,PubMed,1,0,1
3689,PUBMED_9007608,Document,PubMed,1,0,1
4963,PUBMED_9017901,Document,PubMed,1,0,1
762,PUBMED_42662732,Document,PubMed,1,0,1
761,PUBMED_42664231,Document,PubMed,1,0,1
760,PUBMED_42664744,Document,PubMed,1,0,1
759,PUBMED_30969573,Document,PubMed,1,0,1
758,PUBMED_42665784,Document,PubMed,1,0,1
754,2027,Date,PubMed,1,1,0
739,PUBMED_42740615,Document,PubMed,1,0,1
4057,PUBMED_9010592,Document,PubMed,1,0,1
454,PUBMED_42728903,Document,PubMed,1,0,1
2582,1957,Date,PubMed,1,1,0
481,PUBMED_42722640,Document,PubMed,1,0,1
479,PUBMED_42723555,Document,PubMed,1,0,1
469,PUBMED_42725554,Document,PubMed,1,0,1
215,1903,Date,PubMed,1,1,0
5010,PUBMED_9018238,Document,PubMed,1,0,1
3060,PUBMED_9002571,Document,PubMed,1,0,1
3073,PUBMED_9002638,Document,PubMed,1,0,1
437,fungus,Pathogen,PubMed,1,1,0
4619,PUBMED_9015133,Document,PubMed,1,0,1
462,PUBMED_42727281,Document,PubMed,1,0,1
749,1901,Date,PubMed,1,1,0
514,PUBMED_42713642,Document,PubMed,1,0,1
512,PUBMED_42713744,Document,PubMed,1,0,1
2857,PUBMED_9001038,Document,PubMed,1,0,1
732,PUBMED_42751752,Document,PubMed,1,0,1
730,PUBMED_42759949,Document,PubMed,1,0,1
729,PUBMED_42765002,Document,PubMed,1,0,1
717,PUBMED_42791742,Document,PubMed,1,0,1
714,PUBMED_42792054,Document,PubMed,1,0,1
711,PUBMED_42796666,Document,PubMed,1,0,1
710,PUBMED_42796669,Document,PubMed,1,0,1
3102,PUBMED_9002886,Document,PubMed,1,0,1
209,PUBMED_42779237,Document,PubMed,1,0,1
5017,PUBMED_9018291,Document,PubMed,1,0,1
468,PUBMED_42726526,Document,PubMed,1,0,1
723,PUBMED_42780419,Document,PubMed,1,0,1
4147,PUBMED_9011371,Document,PubMed,1,0,1
702,PUBMED_42797920,Document,PubMed,1,0,1
701,PUBMED_42797947,Document,PubMed,1,0,1
699,PUBMED_42798364,Document,PubMed,1,0,1
695,PUBMED_42799486,Document,PubMed,1,0,1
691,PUBMED_42800351,Document,PubMed,1,0,1
3118,PUBMED_9003017,Document,PubMed,1,0,1
504,PUBMED_42715748,Document,PubMed,1,0,1
2624,1933,Date,PubMed,1,1,0
2613,1977,Date,PubMed,1,1,0
4137,PUBMED_9011281,Document,PubMed,1,0,1
721,PUBMED_42783247,Document,PubMed,1,0,1
4108,PUBMED_9011027,Document,PubMed,1,0,1
737,PUBMED_42742838,Document,PubMed,1,0,1
4568,PUBMED_9014757,Document,PubMed,1,0,1
4558,PUBMED_9014648,Document,PubMed,1,0,1
3491,PUBMED_9006040,Document,PubMed,1,0,1
183,PUBMED_42782459,Document,PubMed,1,0,1
1569,1989,Date,PubMed,1,1,0
4513,PUBMED_9014322,Document,PubMed,1,0,1
541,PUBMED_42706680,Document,PubMed,1,0,1
540,PUBMED_42706691,Document,PubMed,1,0,1
182,PUBMED_42782622,Document,PubMed,1,0,1
181,PUBMED_42783337,Document,PubMed,1,0,1
3540,PUBMED_9006469,Document,PubMed,1,0,1
3562,PUBMED_9006650,Document,PubMed,1,0,1
3550,PUBMED_9006553,Document,PubMed,1,0,1
719,PUBMED_42787672,Document,PubMed,1,0,1
526,PUBMED_42710724,Document,PubMed,1,0,1
524,PUBMED_42711003,Document,PubMed,1,0,1
519,PUBMED_42712876,Document,PubMed,1,0,1
538,PUBMED_42707105,Document,PubMed,1,0,1
537,PUBMED_42707175,Document,PubMed,1,0,1
533,PUBMED_42707867,Document,PubMed,1,0,1
4185,PUBMED_9011680,Document,PubMed,1,0,1
4183,PUBMED_9011675,Document,PubMed,1,0,1
689,PUBMED_42801102,Document,PubMed,1,0,1
681,1941,Date,PubMed,1,1,0
679,PUBMED_42672097,Document,PubMed,1,0,1
678,PUBMED_42673710,Document,PubMed,1,0,1
5063,PUBMED_9018661,Document,PubMed,1,0,1
192,1967,Date,PubMed,1,1,0
3519,PUBMED_9006307,Document,PubMed,1,0,1
3517,PUBMED_9006298,Document,PubMed,1,0,1
3497,PUBMED_9006092,Document,PubMed,1,0,1
665,PUBMED_42676261,Document,PubMed,1,0,1
549,PUBMED_42704147,Document,PubMed,1,0,1
562,PUBMED_42700875,Document,PubMed,1,0,1
560,PUBMED_42701063,Document,PubMed,1,0,1
557,PUBMED_42702276,Document,PubMed,1,0,1
2733,PUBMED_9000114,Document,PubMed,1,0,1
164,1926,Date,PubMed,1,1,0
5090,PUBMED_9018940,Document,PubMed,1,0,1
3455,PUBMED_9005757,Document,PubMed,1,0,1
3480,PUBMED_9005953,Document,PubMed,1,0,1
3472,PUBMED_9005891,Document,PubMed,1,0,1
3467,PUBMED_9005846,Document,PubMed,1,0,1
5073,PUBMED_9018761,Document,PubMed,1,0,1
661,PUBMED_42676567,Document,PubMed,1,0,1
659,PUBMED_42676817,Document,PubMed,1,0,1
567,PUBMED_42700198,Document,PubMed,1,0,1
656,PUBMED_42677955,Document,PubMed,1,0,1
653,PUBMED_42678314,Document,PubMed,1,0,1
3165,PUBMED_9003423,Document,PubMed,1,0,1
4424,PUBMED_9013573,Document,PubMed,1,0,1
2808,PUBMED_9000674,Document,PubMed,1,0,1
672,PUBMED_42674629,Document,PubMed,1,0,1
2730,PUBMED_9000091,Document,PubMed,1,0,1
551,PUBMED_42703855,Document,PubMed,1,0,1
666,PUBMED_42676235,Document,PubMed,1,0,1
2824,PUBMED_9000805,Document,PubMed,1,0,1
2822,PUBMED_9000780,Document,PubMed,1,0,1
637,PUBMED_42682458,Document,PubMed,1,0,1
649,PUBMED_42678954,Document,PubMed,1,0,1
648,PUBMED_42679051,Document,PubMed,1,0,1
4404,PUBMED_9013394,Document,PubMed,1,0,1
592,PUBMED_42693945,Document,PubMed,1,0,1
591,PUBMED_42694085,Document,PubMed,1,0,1
590,PUBMED_42694119,Document,PubMed,1,0,1
589,PUBMED_42694214,Document,PubMed,1,0,1
587,PUBMED_42694895,Document,PubMed,1,0,1
582,2081,Date,PubMed,1,1,0
581,2060,Date,PubMed,1,1,0
580,2041,Date,PubMed,1,1,0
132,PUBMED_42788636,Document,PubMed,1,0,1
162,PUBMED_42786201,Document,PubMed,1,0,1
569,PUBMED_42699875,Document,PubMed,1,0,1
837,PUBMED_42607940,Document,PubMed,1,0,1
38,WHO_0011,Document,WHO_DON,1,0,1
1912,1931,Date,PubMed,1,1,0
1823,1950,Date,PubMed,1,1,0
2269,1935,Date,PubMed,1,1,0
3324,PUBMED_9004696,Document,PubMed,1,0,1
3311,PUBMED_9004599,Document,PubMed,1,0,1
622,PUBMED_42686580,Document,PubMed,1,0,1
620,PUBMED_42686722,Document,PubMed,1,0,1
619,PUBMED_42687260,Document,PubMed,1,0,1
618,PUBMED_42687317,Document,PubMed,1,0,1
4370,PUBMED_9013090,Document,PubMed,1,0,1
4361,PUBMED_9013026,Document,PubMed,1,0,1
4355,PUBMED_9012988,Document,PubMed,1,0,1
4354,PUBMED_9012979,Document,PubMed,1,0,1
321,PUBMED_42761089,Document,PubMed,1,0,1
320,PUBMED_42761239,Document,PubMed,1,0,1
825,PUBMED_42619517,Document,PubMed,1,0,1
293,PUBMED_42765098,Document,PubMed,1,0,1
3869,PUBMED_9009084,Document,PubMed,1,0,1
3862,PUBMED_9009017,Document,PubMed,1,0,1
865,PUBMED_42585216,Document,PubMed,1,0,1
864,PUBMED_42586064,Document,PubMed,1,0,1
863,PUBMED_42587337,Document,PubMed,1,0,1
857,PUBMED_42592087,Document,PubMed,1,0,1
1626,1993,Date,PubMed,1,1,0
297,PUBMED_42765042,Document,PubMed,1,0,1
840,PUBMED_42605460,Document,PubMed,1,0,1
839,PUBMED_42606373,Document,PubMed,1,0,1
300,PUBMED_42765021,Document,PubMed,0,0,0
302,PUBMED_42764961,Document,PubMed,0,0,0
621,PUBMED_42686664,Document,PubMed,0,0,0
588,PUBMED_42694424,Document,PubMed,0,0,0
170,PUBMED_42784792,Document,PubMed,0,0,0
157,PUBMED_42787101,Document,PubMed,0,0,0
652,PUBMED_42678601,Document,PubMed,0,0,0
658,PUBMED_42677848,Document,PubMed,0,0,0
660,PUBMED_42676665,Document,PubMed,0,0,0
187,PUBMED_42781137,Document,PubMed,0,0,0
535,PUBMED_42707514,Document,PubMed,0,0,0
184,PUBMED_42782382,Document,PubMed,0,0,0
497,PUBMED_42718568,Document,PubMed,0,0,0
409,PUBMED_42741053,Document,PubMed,0,0,0
380,PUBMED_42746073,Document,PubMed,0,0,0
272,PUBMED_42768430,Document,PubMed,0,0,0
353,PUBMED_42750777,Document,PubMed,0,0,0
385,PUBMED_42745009,Document,PubMed,0,0,0
322,PUBMED_42761019,Document,PubMed,0,0,0
605,PUBMED_42691088,Document,PubMed,0,0,0
627,PUBMED_42685537,Document,PubMed,0,0,0
