node_id,name,type,source
1,PUBMED_42714421,Document," and """"planning"""" with the weights of 0.379"
2,<span>New cases and deaths attributable to EVD continue to be reported by the Ministries of Health in Guinea,Document, and Sierra Leone. Between 2 and 4 August 2014
3,<span>As of 24 October 2012,Document, 25 have been fatal (12 confirmed
4,<span>As of 4 August 2014,Document, 495 cases (351 confirmed
5,<span>Nearly all cases have been reported from the port city of Pointe Noire,Document, Bouenza
6,<div></div>  <p>Currently,Document, Uganda
7,WHO_3,Document,"2016</a></li><li><a href=""""https://www.who.int/hiv/pub/guidelines/keypopulations-2016/en/"""">Consolidated Guidelines on HIV Prevention"
8,<span>WHO has received reports of laboratory-confirmed cases originating in the following countries in the Middle East to date: Jordan,Document, and the United Arab Emirates (UAE). France
9,Germany,Location, and the United Arab Emirates (UAE). France
10,<span>This is China’s seventh laboratory-confirmed human case. Of these cases,Document, Anhui
11,Guangxi,Location, Anhui
12,<span>On 10 September 2014,Document, Colorado
13,Illinois,Location, Colorado
14,PUBMED_42725358,Document, Kor-GLASS has strengthened international surveillance and One Health collaboration capacities through its designation and redesignation as a WHO Collaborating Centre for AMR Surveillance. CONCLUSIONS: Over the past decade
15,<span>Between 2 and 4 August 2014,Document, and suspect cases) as well as 45 deaths were reported from Guinea
16,Liberia,Location, and suspect cases) as well as 45 deaths were reported from Guinea
17,<span>National and District Ebola Task Forces were coordinated by the MoH to respond to the outbreak. MoH worked closely with WHO and other agencies which included the African Field Epidemiology Network (AFENET),Document, Uganda Red Cross Society (URCS)
18,"<h5 class=""""section_head3"""">Confirmed",Document, Liberia
19,Nigeria,Location, Liberia
20,PUBMED_42710278,Document, Hyalomma asiaticum
21,<span>Subsequent information from the Chinese government about the magnitude of the SARS outbreaks in Beijing and Shanxi Province has been carefully reviewed by WHO. This assessment has considered the magnitude of the outbreak,Document, and evidence that travellers are becoming infected while in one area and then subsequently exporting the disease elsewhere. On the basis of this assessment
22,2 April,Date, and evidence that travellers are becoming infected while in one area and then subsequently exporting the disease elsewhere. On the basis of this assessment
23,Beijing,Location, and evidence that travellers are becoming infected while in one area and then subsequently exporting the disease elsewhere. On the basis of this assessment
24,Shanxi,Location, and evidence that travellers are becoming infected while in one area and then subsequently exporting the disease elsewhere. On the basis of this assessment
25,<span>As a result of ongoing assessments as to the nature of outbreaks of severe acute respiratory syndrome (SARS) in Beijing and Shanxi Province,Document, Canada
26,PUBMED_42776594,Document, with substantial clonal spread
27,<span>Using the same criteria,Document, their families and other close person-to-person contacts
28,WHO_47,Document, including one associated death (CFR 0.14%) have been reported from seven districts in western Nepal (Banke &ndash; 327 cases; Surkhet&ndash; 62 cases; Bardiya &ndash; 49 cases; Kailali &ndash; 39 cases; Kanchanpur &ndash; 27 cases; Bajura &ndash; 13 cases
29,<li>A 39-year-old female health-care worker,Document, no history of travel
30,<li>A 41-year old male hospital employee residing in Abu Dhabi. He was asymptomatic,Document, no significant travel history
31,PUBMED_42693945,Document, control
32,the United States,Location, control
33,the last decade,Date, control
34,<span>A mission briefing with representatives from Member States was held on 5 August at the World Health Organization (WHO). Information about the nature of Ebola virus disease (EVD) was highlighted. This was followed by outlining the essential components for control,Document, identifying transmission chains and stopping disease spread
35,<span>On 22 April 2014,Document, dyspnoea
36,2 May 2014,Date, dyspnoea
37,PUBMED_42779239,Document, such as drinking raw water and consuming raw or undercooked fish
38,<span>The following cases of laboratory confirmed Middle East respiratory syndrome coronavirus (MERS-CoV) have been reported from Jordan,Document, the United Arab Emirates
39,PUBMED_42771855,Document, there is a lack of rigorous causal evidence regarding the spillover effects of cancer onset
40,WHO_45,Document, district leaders
41,<li>A 30-year old male UAE national,Document, but he was clinically stable
42,25 April,Date, but he was clinically stable
43,PUBMED_42752633,Document, coupled with human activities
44,</li></ul><p><span>The 18 cases of MERS-CoV infection reported during this time period are from three regions of the country. At the time of writing,Document, including direct and/or indirect contact with dromedaries
45,<span>People at high risk of severe disease due to MERS-CoV should avoid close contact with animals when visiting farms or barn areas where the virus is known to be potentially circulating. For the general public,Document, such as regular hand washing before and after touching animals
46,<span>On 23 August,Document, and vomiting. He received treatment for malaria
47,<span>There are five identified subtypes of Ebola virus. The subtypes have been named after the location where they were been first detected in EHF outbreaks. Three subtypes of the five have been associated with large EHF outbreaks in Africa. Ebola-Zaire,Document, can infect humans
48,<span>Currently,Document, sneezing
49,PUBMED_42727023,Document, longitudinal reservoir surveillance
50,WHO_28,Document, and a history of wild bird presence around her home. No close contacts of the case developed an infection or symptoms of illness at the time of reporting. </p><p>Environmental samples were collected from the patient's residence and the wet market where the patient spent time before the onset of illness. The results of testing showed that the samples collected from the wet market were positive for influenza A(H3).<strong></strong></p> <p>Zoonotic influenza infections in humans may be asymptomatic or may cause disease. Depending on factors related to the specific virus and the infected host
51,influenza,Disease, and a history of wild bird presence around her home. No close contacts of the case developed an infection or symptoms of illness at the time of reporting. </p><p>Environmental samples were collected from the patient's residence and the wet market where the patient spent time before the onset of illness. The results of testing showed that the samples collected from the wet market were positive for influenza A(H3).<strong></strong></p> <p>Zoonotic influenza infections in humans may be asymptomatic or may cause disease. Depending on factors related to the specific virus and the infected host
52,avian influenza,Disease, and a history of wild bird presence around her home. No close contacts of the case developed an infection or symptoms of illness at the time of reporting. </p><p>Environmental samples were collected from the patient's residence and the wet market where the patient spent time before the onset of illness. The results of testing showed that the samples collected from the wet market were positive for influenza A(H3).<strong></strong></p> <p>Zoonotic influenza infections in humans may be asymptomatic or may cause disease. Depending on factors related to the specific virus and the infected host
53,virus,Pathogen, and a history of wild bird presence around her home. No close contacts of the case developed an infection or symptoms of illness at the time of reporting. </p><p>Environmental samples were collected from the patient's residence and the wet market where the patient spent time before the onset of illness. The results of testing showed that the samples collected from the wet market were positive for influenza A(H3).<strong></strong></p> <p>Zoonotic influenza infections in humans may be asymptomatic or may cause disease. Depending on factors related to the specific virus and the infected host
54,influenza virus,Pathogen, and a history of wild bird presence around her home. No close contacts of the case developed an infection or symptoms of illness at the time of reporting. </p><p>Environmental samples were collected from the patient's residence and the wet market where the patient spent time before the onset of illness. The results of testing showed that the samples collected from the wet market were positive for influenza A(H3).<strong></strong></p> <p>Zoonotic influenza infections in humans may be asymptomatic or may cause disease. Depending on factors related to the specific virus and the infected host
55,bird,Animal, and a history of wild bird presence around her home. No close contacts of the case developed an infection or symptoms of illness at the time of reporting. </p><p>Environmental samples were collected from the patient's residence and the wet market where the patient spent time before the onset of illness. The results of testing showed that the samples collected from the wet market were positive for influenza A(H3).<strong></strong></p> <p>Zoonotic influenza infections in humans may be asymptomatic or may cause disease. Depending on factors related to the specific virus and the infected host
56,birds,Animal, and a history of wild bird presence around her home. No close contacts of the case developed an infection or symptoms of illness at the time of reporting. </p><p>Environmental samples were collected from the patient's residence and the wet market where the patient spent time before the onset of illness. The results of testing showed that the samples collected from the wet market were positive for influenza A(H3).<strong></strong></p> <p>Zoonotic influenza infections in humans may be asymptomatic or may cause disease. Depending on factors related to the specific virus and the infected host
57,poultry,Animal, and a history of wild bird presence around her home. No close contacts of the case developed an infection or symptoms of illness at the time of reporting. </p><p>Environmental samples were collected from the patient's residence and the wet market where the patient spent time before the onset of illness. The results of testing showed that the samples collected from the wet market were positive for influenza A(H3).<strong></strong></p> <p>Zoonotic influenza infections in humans may be asymptomatic or may cause disease. Depending on factors related to the specific virus and the infected host
58,PUBMED_42674630,Document, driven by the selectively enriched electroactive
59,bacteria,Pathogen, driven by the selectively enriched electroactive
60,PUBMED_42682458,Document," the rapid onset of pulmonary dysfunction following brain injury has been attributed to the """"massive catecholamine release""""-a massive"
61,cat,Animal," the rapid onset of pulmonary dysfunction following brain injury has been attributed to the """"massive catecholamine release""""-a massive"
62,PUBMED_42752211,Document, confirming active zoonotic transmission. The results demonstrate the coexistence of both lineages
63,WHO_26,Document, with no associated deaths. </p><p>Between 29 December 2021 and 31 October 2022
64,Riyadh,Location, with no associated deaths. </p><p>Between 29 December 2021 and 31 October 2022
65,coronavirus,Disease, with no associated deaths. </p><p>Between 29 December 2021 and 31 October 2022
66,coronavirus,Pathogen, with no associated deaths. </p><p>Between 29 December 2021 and 31 October 2022
67,WHO_41,Document, was reported on 28 January 2024
68,WHO_16,Document," sans-serif;font-size:16px;text-align:inherit;text-transform:inherit;word-spacing:normal;caret-color:auto;white-space:inherit;"""">As of October 2018"
69,Haut-Katanga,Location," sans-serif;font-size:16px;text-align:inherit;text-transform:inherit;word-spacing:normal;caret-color:auto;white-space:inherit;"""">As of October 2018"
70,the Democratic Republic of the Congo,Location," sans-serif;font-size:16px;text-align:inherit;text-transform:inherit;word-spacing:normal;caret-color:auto;white-space:inherit;"""">As of October 2018"
71,11-year old,Date," sans-serif;font-size:16px;text-align:inherit;text-transform:inherit;word-spacing:normal;caret-color:auto;white-space:inherit;"""">As of October 2018"
72,6 October,Date," sans-serif;font-size:16px;text-align:inherit;text-transform:inherit;word-spacing:normal;caret-color:auto;white-space:inherit;"""">As of October 2018"
73,29-month old,Date," sans-serif;font-size:16px;text-align:inherit;text-transform:inherit;word-spacing:normal;caret-color:auto;white-space:inherit;"""">As of October 2018"
74,7 October,Date," sans-serif;font-size:16px;text-align:inherit;text-transform:inherit;word-spacing:normal;caret-color:auto;white-space:inherit;"""">As of October 2018"
75,<div></div>  <p><p>Infection with MERS-CoV can cause severe disease resulting in high mortality. Humans are infected with MERS-CoV from direct or indirect contact with dromedary camels. MERS-CoV has demonstrated the ability to transmit between humans. So far,Document, following contact with dromedaries) or human source (for example
76,<div></div>  <p>Infection with MERS-CoV can cause severe disease resulting in high mortality. Humans are infected with MERS-CoV from direct or indirect contact with dromedary camels. MERS-CoV has demonstrated the ability to transmit between humans. So far,Document, following contact with camels) or human source (for example
77,<span>The patient developed first symptoms on 1 May 2014 while in Medina,Document, his condition deteriorated
78,PUBMED_42682494,Document, monitoring and evaluation of the impacts of such programmes is limited and there can be a tendency to equate numbers of dogs sterilised with success. The aim of this study was to examine practitioners perspectives on the role of sterilisation in managing FRD populations
79,PUBMED_42775567,Document, high-risk resistance plasmids carrying blaNDM-5 and tet(X4) are detected
80,China,Location, high-risk resistance plasmids carrying blaNDM-5 and tet(X4) are detected
81,<span>On 27 August,Document, issued an alert
82,Guinea,Location, issued an alert
83,<span>The Division of Global Migration and Quarantine (DGMQ) from the US Centers for Disease Control and Prevention (CDC) continues to work with local,Document, as well as with the airlines to obtain the passenger manifests from the flights to help identify
84,<span>The Ministry of Health (MoH) continues to work with local health authorities and international partners in active surveillance,Document, management of patients in health care facilities
85,PUBMED_42707867,Document, host response
86,PUBMED_42774971,Document,122 dogs were included. Malignant tumors accounted for 59.3% of cases. Skin (38.4%)
87,<li>A 38 year-old female administrative officer in a health clinic from Abu Dhabi who became ill on 20 April 2014. She was admitted to hospital on 26 April 2014. Initial laboratory tests for MERS-CoV were negative for the virus,Document, but is also to have no history of travel
88,<li>A 51-year old male Omani national,Document, developed fever on 18 April 2014. He was admitted to the hospital on 20 April 2014. On 23 April 2014 he tested positive for MERS-CoV. He is currently in hospital in isolation in a stable condition. The patient has comorbidities
89,<span>On 4 March 2014,Document, China
90,h7n9,Pathogen, China
91,<span>The Ministry of Health (MoH),Document, a total of 24 probable and confirmed cases were recorded
92,of intense headache,Document, and vomiting
93,PUBMED_42779235,Document, it is still necessary to enhance the long-term cross-sectoral coordination mechanism
94,PUBMED_42694895,Document, along with the characteristic time-related histopathological changes and its presence within normal myocardium
95,<div></div>  <p>Sporadic cases of infection acquired following sexual activity have already been reported in the past. These cases of sexual transmission do not change the overall risk assessment since the virus continues to be primarily transmitted to people through mosquito bites. The risk of a global spread of Zika virus to areas where the competent vectors,Document, given the wide geographical distribution of these mosquitoes in various regions of the world. WHO continues to monitor the epidemiological situation and conduct risk assessment based on the latest available information.&nbsp;</p> <p>The proximity of mosquito vector breeding sites to human habitation is a significant risk factor for Zika virus infection. Prevention and control relies on reducing the breeding of mosquitoes through source reduction (removal and modification of breeding sites) and reducing contact between mosquitoes and people. This can be achieved by reducing the number of natural and artificial water-filled habitats that support mosquito larvae
96,PUBMED_42671199,Document, causing huge losses in domestic poultry
97,WHO_25,Document," sans-serif;font-size:16px;text-align:inherit;text-transform:inherit;word-spacing:normal;caret-color:auto;white-space:inherit;"""">From 1 June through 16 September 2018"
98,WHO_32,Document," sans-serif;font-size:16px;text-align:inherit;text-transform:inherit;word-spacing:normal;caret-color:auto;white-space:inherit;"""">On 17 April 2016"
99,32-year-old,Date," sans-serif;font-size:16px;text-align:inherit;text-transform:inherit;word-spacing:normal;caret-color:auto;white-space:inherit;"""">On 17 April 2016"
100,Lima province,Location," sans-serif;font-size:16px;text-align:inherit;text-transform:inherit;word-spacing:normal;caret-color:auto;white-space:inherit;"""">On 17 April 2016"
101,WHO_14,Document," sans-serif;font-size:16px;text-align:inherit;text-transform:inherit;word-spacing:normal;caret-color:auto;white-space:inherit;"""">Between 18 and 21 July 2015"
102,the Republic of Korea,Location," sans-serif;font-size:16px;text-align:inherit;text-transform:inherit;word-spacing:normal;caret-color:auto;white-space:inherit;"""">Between 18 and 21 July 2015"
103,the Republic of Korea</h3><p><span,Location," sans-serif;font-size:16px;text-align:inherit;text-transform:inherit;word-spacing:normal;caret-color:auto;white-space:inherit;"""">Between 18 and 21 July 2015"
104,PUBMED_42728358,Document, and the environment. Although BDBV is not a new pathogen
105,ebola,Disease, and the environment. Although BDBV is not a new pathogen
106,PUBMED_42730050,Document, 20 unprompted implementation proposals indicated that the co-design format activated strategic action competence not fully captured by current One Health competency models. Although the findings are exploratory and limited to a single cohort at two Austrian institutions
107,<span>On 6 August,Document, whether the Ebola virus disease outbreak constitutes a Public Health Emergency of International Concern (PHEIC). Experts will receive an epidemiological briefing and will determine whether the criteria for a PHEIC have been met. If the Emergency Committee agrees that this is a PHEIC
108,Friday,Date, whether the Ebola virus disease outbreak constitutes a Public Health Emergency of International Concern (PHEIC). Experts will receive an epidemiological briefing and will determine whether the criteria for a PHEIC have been met. If the Emergency Committee agrees that this is a PHEIC
109,<span>Both countries are continuing synchronized,Document, and in the affected areas of the Democratic Republic of the Congo (Equateur and Bandundu provinces) on 25 July
110,the age of five years,Date, and in the affected areas of the Democratic Republic of the Congo (Equateur and Bandundu provinces) on 25 July
111,WHO_22,Document, including five deaths. Additionally
112,between 31 October,Date, including five deaths. Additionally
113,December 2017,Date, including five deaths. Additionally
114,PUBMED_42758459,Document, we estimated how freed time is reallocated to paid work
115,<span>The Government of Congo has alerted the public to the outbreak and launched an emergency response plan,Document, UNICEF and the US CDC. At least three nationwide vaccination campaigns are expected
116,PUBMED_42671198,Document, including bacteria
117,PUBMED_42729580,Document, but its empirical basis and the conditions under which it operates remain incompletely understood. Here
118,dog,Animal, but its empirical basis and the conditions under which it operates remain incompletely understood. Here
119,<span>Following a request by the Chinese Ministry of Health,Document, were researchers at the institute
120,PUBMED_42678165,Document, and specific tool for the precise detection and differentiation of B. anthracis strains in China.IMPORTANCEAnthrax
121,bacterium,Pathogen, and specific tool for the precise detection and differentiation of B. anthracis strains in China.IMPORTANCEAnthrax
122,<span>EV-D68 is identified using molecular techniques at a limited number of laboratories in the USA. Enterovirus infections,Document, but laboratory detections of enterovirus and parechovirus types are reported voluntarily to the National Enterovirus Surveillance System
123,<span>On 25 July 2007,Document, advance notification of two new polio cases was received
124,Angola,Location, advance notification of two new polio cases was received
125,2007,Date, advance notification of two new polio cases was received
126,Luanda,Location, advance notification of two new polio cases was received
127,PUBMED_42710264,Document, with only two genuine sub-consensus events in the B3.13 background
128,cattle,Animal, with only two genuine sub-consensus events in the B3.13 background
129,<span>The 20-year-old nurse,Document, all cases have been linked to chains of transmission involving close contact with an identified case. The second confirmed case
130,Anhui Province,Location, all cases have been linked to chains of transmission involving close contact with an identified case. The second confirmed case
131,<span>WHO’s International Travel and Health recommends that all travellers to and from polio affected areas be fully vaccinated against polio. Three countries remain endemic for indigenous transmission of WPV: Nigeria,Document, the Horn of Africa is affected by an outbreak of WPV
132,Kenya,Location, the Horn of Africa is affected by an outbreak of WPV
133,Somalia,Location, the Horn of Africa is affected by an outbreak of WPV
134,PUBMED_42741098,Document, with the eastern and southern regions showing a significant lead. Regional disparities have remained at high levels and continue to widen
135,PUBMED_42773359,Document,PubMed
136,Iraq,Location,PubMed
137,cats,Animal,PubMed
138,goat,Animal,PubMed
139,sheep,Animal,PubMed
140,PUBMED_42761019,Document,PubMed
141,PUBMED_42699591,Document,PubMed
142,Bangladesh,Location,PubMed
143,nipah,Disease,PubMed
144,bat,Animal,PubMed
145,PUBMED_42766043,Document,PubMed
146,livestock,Animal,PubMed
147,PUBMED_42721830,Document,PubMed
148,Poland,Location,PubMed
149,two seasons,Date,PubMed
150,Proteobacteria,Location,PubMed
151,Bacteroidota,Location,PubMed
152,Winter,Date,PubMed
153,summer,Date,PubMed
154,PUBMED_42788037,Document,PubMed
155,Guizhou,Location,PubMed
156,2019-2023,Date,PubMed
157,Guizhou Province,Location,PubMed
158,between 2019 and 2023,Date,PubMed
159,2019-2021,Date,PubMed
160,2020,Date,PubMed
161,five-year,Date,PubMed
162,PUBMED_42765222,Document,PubMed
163,2011-2022,Date,PubMed
164,Shandong,Location,PubMed
165,Qinghai,Location,PubMed
166,Shanghai,Location,PubMed
167,PUBMED_42779247,Document,PubMed
168,Tianzhu Tibetan Autonomous County,Location,PubMed
169,Gansu Province,Location,PubMed
170,Hotan Prefecture,Location,PubMed
171,Xinjiang Uygur Autonomous Region,Location,PubMed
172,2019 to 2023,Date,PubMed
173,June 2023,Date,PubMed
174,Tianzhu County,Location,PubMed
175,2-year,Date,PubMed
176,PUBMED_42700597,Document,PubMed
177,fungi,Pathogen,PubMed
178,PUBMED_42764916,Document,PubMed
179,Senegal,Location,PubMed
180,2014,Date,PubMed
181,September 2018,Date,PubMed
182,December 2019,Date,PubMed
183,1161,Date,PubMed
184,hepatitis,Disease,PubMed
185,pig,Animal,PubMed
186,PUBMED_42703562,Document,PubMed
187,Jordan,Location,PubMed
188,annually,Date,PubMed
189,January 2020,Date,PubMed
190,May 2021,Date,PubMed
191,PUBMED_42743633,Document,PubMed
192,Aeromonas,Location,PubMed
193,PUBMED_42765246,Document,PubMed
194,2008,Date,PubMed
195,2022,Date,PubMed
196,Nanjing,Location,PubMed
197,PUBMED_42765245,Document,PubMed
198,2005,Date,PubMed
199,2023,Date,PubMed
200,Zhengzhou,Location,PubMed
201,Luoyang,Location,PubMed
202,Nanyang,Location,PubMed
203,Henan,Location,PubMed
204,Pingdingshan,Location,PubMed
205,PUBMED_42688980,Document,PubMed
206,India,Location,PubMed
207,PUBMED_42691039,Document,PubMed
208,the United Kingdom,Location,PubMed
209,UK,Location,PubMed
210,dogs,Animal,PubMed
211,PUBMED_42700958,Document,PubMed
212,21,Date,PubMed
213,2018-2024,Date,PubMed
214,"<div></div>    """,Document,"1999 - Plague in Malawi 27 July 1999 Disease Outbreak Reported Since 18 June a number of sporadic suspect cases of plague have occurred in Nsanje district, Southern Region. Up to 21 July, 74 suspect cases had been reported from a total of 22 villages. Six villages along the Mozambican border were the most affected reporting around 3 to 4 suspect cases each. Some of the other villages reported only one suspect case each. The treatment of patients is under way as well as environmental control measures which include spraying and dusting of affected and surrounding housing areas, health education on proper storage of foodstuffs and refuse disposal. The situation was being handled effectively by the Ministry of Health but drug supplies have been depleted and more may be needed. WHO has offered its assistance to the national health authorities. The last outbreak of plague in Malawi was in 1997 when a total of 582 cases were reported including cases in Nsanje, Chikwawa and Ntchisi Districts, all in Southern Region."
215,1023,Date,"1999 - Plague in Malawi 27 July 1999 Disease Outbreak Reported Since 18 June a number of sporadic suspect cases of plague have occurred in Nsanje district, Southern Region. Up to 21 July, 74 suspect cases had been reported from a total of 22 villages. Six villages along the Mozambican border were the most affected reporting around 3 to 4 suspect cases each. Some of the other villages reported only one suspect case each. The treatment of patients is under way as well as environmental control measures which include spraying and dusting of affected and surrounding housing areas, health education on proper storage of foodstuffs and refuse disposal. The situation was being handled effectively by the Ministry of Health but drug supplies have been depleted and more may be needed. WHO has offered its assistance to the national health authorities. The last outbreak of plague in Malawi was in 1997 when a total of 582 cases were reported including cases in Nsanje, Chikwawa and Ntchisi Districts, all in Southern Region."
216,1086,Date,"Poliomyelitis in Angola and the Democratic Republic of the Congo 30 July 2007 On 25 July 2007, four new cases of polio were confirmed in Equateur province of the Democratic Republic of the Congo, bringing the total number of cases in the country this year to 26. In neighbouring Angola, advance notification of two new polio cases was received, which will bring the total number of cases in Angola in 2007 to 8. The two cases are from Luanda and Benguele provinces. Both countries are continuing synchronized, cross-border outbreak response activities. Large-scale, supplementary immunization activities (SIAs) were launched nationwide in Angola, and in the affected areas of the Democratic Republic of the Congo (Equateur and Bandundu provinces) on 25 July, to reach more than 8 million children under the age of five years. Further immunization campaigns will be conducted later in the year. In 2005, poliovirus of Indian origin re-infected Angola, before subsequently spreading to the Democratic Republic of the Congo in 2006. For more information Global Polio Eradication Initiative"
217,1110,Date,"Avian influenza situation in Egypt 20 March 2006 The Ministry of Health in Egypt has confirmed the country s first case of human infection with the H5N1 avian influenza virus. The case occurred in a 30-year-old woman from the Qaliubiya governorate near Cairo. She developed symptoms in early March following close contact with diseased chickens, ducks, and a turkey in the household flock. She was hospitalized on 16 March and died the following day. Monitoring of the woman s family members and close contacts has found no signs of influenza-like illness. Testing was conducted by the US Naval Medical Research Unit (NAMRU-3), which is based in Cairo. Samples are being sent abroad for diagnostic verification and further analysis by a WHO collaborating laboratory. WHO will adjust the figures in its cumulative number of cases following the results of this external verification. Egypt confirmed its first H5N1 outbreak in poultry on 17 February. The virus has since been reported in 18 of the country s 26 governorates. In Egypt, poultry are often kept in close proximity to households, also in urban areas."
218,1217,Date,"Cholera in Iraq - Update 3 19 June 2003 Disease Outbreak Reported From 28 April to 4 June 2003, a total of 73 laboratory-confirmed cholera cases have been reported in Iraq : 68 in Basra governorate, 4 in Missan governorate, 1 in Muthana governorate. No deaths have been reported. From 17 May to 4 June 2003, the daily surveillance system of diarrhoeal disease cases in the four main hospitals of Basra reported a total of 1549 cases of acute watery diarrhea. Among these cases, 25.6 % occurred in patients aged 5 years and above. The water supply situation is critical. Short-term measures have been undertaken by UNICEF and local authorities to improve accessibility to safe drinking water and to limit the spread of water-borne epidemics. WHO is supporting local authorities in implementing an early warning communicable disease surveillance system, in strengthening laboratory capacity and in coordinating the cholera outbreak response. The surveillance system is being expanded to the whole Lower South (all 4 governorates) and weekly reports from all facilities have begun. UNICEF is also supporting the initiative by providing health education material in Arabic and chlorine tablets to all health directorates."
219,1258,Date,"Human infection with avian influenza A(H7N9) virus update Disease outbreak news 17 December 2013 - On 15 and 16 December 2013, the National Health and Family Planning Commission, China notified WHO of two new laboratory-confirmed cases of human infection with avian influenza A(H7N9) virus. The first patient is a 39-year-old man from Guangdong Province. He became ill on 6 December 2013 and was admitted to hospital on 11 December 2013. He is currently in critical condition. The second patient is a 65-year-old woman from Guangdong Province. She was exposed to live poultry and became ill on 11 December 2013 and was admitted to hospital on 15 December 2013. She is currently in critical condition. So far, there is no evidence of sustained human-to-human transmission. The Chinese government continues to take the following surveillance and control measures: strengthen surveillance and situation analysis; reinforce case management and treatment; conduct risk communication with the public and release information; strengthen international collaboration and communication; and conduct scientific studies. WHO does not advise special screening at points of entry with regard to this event, nor does it currently recommend any travel or trade restrictions."
220,1369,Date,"Enterovirus D68 in the United States of America 17 September 2014 On 10 September 2014, the United States of America informed the Pan American Health Organization/World Health Organization (PAHO/WHO) about an outbreak of severe respiratory illness associated with Enterovirus D68 (EV-D68). As of 16 September 2014, 130 laboratory-confirmed cases of EV-D68 have been reported in 12 US states Alabama, Colorado, Illinois, Indiana, Iowa, Kansas, Kentucky, Louisiana, Missouri, New York, Oklahoma, and Pennsylvania. Investigations into suspected clusters in many other states are ongoing. EV-D68 is identified using molecular techniques at a limited number of laboratories in the USA. Enterovirus infections, including EV-D68, are not nationally notifiable, but laboratory detections of enterovirus and parechovirus types are reported voluntarily to the National Enterovirus Surveillance System, which is managed by the US Centers for Disease Control and Prevention. Currently, there are no available vaccines or specific treatments for EV-D68 and clinical care is supportive. Symptoms of EV-D68 may include fever, runny nose, sneezing, cough, and body and muscle aches. Individuals with pre-existing conditions, such as asthma or other respiratory diseases, may be especially prone to severe infections from EV-D68 and may experience difficulty breathing or have wheezing."
221,14260,Date,"Middle East respiratory syndrome coronavirus (MERS-CoV) update Disease Outbreak News 15 May 2014 - The following cases of laboratory confirmed Middle East respiratory syndrome coronavirus (MERS-CoV) have been reported from Jordan, Lebanon, the Netherlands, the United Arab Emirates, and the United States of America. Netherlands On 14 May 2014, the National IHR Focal Point for the Netherlands notified WHO of the first laboratory confirmed case of MERS-CoV infection in the Netherlands. The patient is a 70 year-old male citizen of the Netherlands, with travel history to the Kingdom of Saudi Arabia between 26 April 2014 and 10 May 2014. The patient developed first symptoms on 1 May 2014 while in Medina, Saudi Arabia. He was evaluated at an emergency care department in Mecca on 6 May and given antibiotics; he did not have respiratory symptoms while in Saudi Arabia. On return to the Netherlands, on 10 May, his condition deteriorated, including development of respiratory symptoms, and he was hospitalized on the same day. On 13 May, he tested positive for MERS-CoV. Currently, the patient is in the ICU in a stable condition. The patient reports no contact with animals or consumption of raw animal products. Identification of close contacts, including flight contacts has been initiated. United States of America On 12 May 2014, the United States IHR National Focal Point reported the second laboratory confirmed MERS-CoV infection in the United States in a male health-care worker in his 40s, who lives and works in Jeddah, Saudi Arabia. He travelled to the United States from Jeddah on 1 May 2014 on commercial flights via London Heathrow with travel from London to Boston, Massachusetts; from Boston to Atlanta, Georgia; and from Atlanta to Orlando, Florida. He began feeling unwell on 1 May 2014 on the flight from Jeddah to London with a low-grade fever, chills, and a slight cough. On 9 May 2014, he was seen in an emergency room and hospitalized. The patient is in a stable condition. The Division of Global Migration and Quarantine (DGMQ) from the US Centers for Disease Control and Prevention (CDC) continues to work with local, state, and international partners, as well as with the airlines to obtain the passenger manifests from the flights to help identify, locate, and interview contacts. United Arab Emirates On 11 May 2014, the National IHR Focal Point of the United Arab Emirates reported nine additional MERS-CoV cases residing in Abu Dhabi. Two are UAE nationals, one is an Omani national, and six are of different nationalities but residing in Abu Dhabi. A 51-year old male Omani national, residing in Al Buraimi, Oman, developed fever on 18 April 2014. He was admitted to the hospital on 20 April 2014. On 23 April 2014 he tested positive for MERS-CoV. He is currently in hospital in isolation in a stable condition. The patient has comorbidities, no history of travel, no contact with animals, and no history of contact with a laboratory confirmed case of MERS-CoV. The IHR NFP for Oman was already informed about this case. A 39-year-old female health-care worker, residing in Abu Dhabi, who was screened as part of contact investigation. She was asymptomatic; MERS-CoV was confirmed by the laboratory on the 25 April 2014. She has a history of exposure to a confirmed case of MERS-CoV notified to WHO on 18 April 2014. She has no comorbidities, no history of travel, and no contact with animals. A 30-year old male UAE national, residing in Abu Dhabi. On 24 April 2014, he went to the emergency room with cough and shortness of breath, but he was clinically stable, and was treated as an outpatient. On 25 April, he tested positive for MERS-CoV. He is currently in hospital in a good general condition. The patient had reported comorbidities, no history of recent travel, no history of animal contact, and no history of contact with a laboratory confirmed case of MERS-CoV. A 42-years old male UAE national, residing in Abu Dhabi, who was asymptomatic and was screened as a contact of the first case in this notification. On 25 April 2014, he tested positive for MERS-CoV. He has no history of travel and no history of contact with animals. A 30-year old female health-care worker residing in Abu Dhabi. She had a sore throat on 15 April 2014; a sputum sample was taken on 16 April 2014 as part of a general screening of health-care workers following a cluster of cases in the hospital. She tested positive for MERS-CoV on the 17 April 2014 and was admitted to hospital the same day. She was discharged on the 22 April 2014. She has no comorbidity, no significant travel history, and no contact with animals. A 44-year old male health-care worker residing in Abu Dhabi. He had a mild sore throat that started on the 19 April 2014. He had contact on 13 April at a social gathering with a confirmed case reported to WHO on 17 April 2014. The patient tested positive for MERS-CoV on 21 April 2014 and was admitted to hospital on 22 April 2014. He was discharged on 1 May 2014. He has no comorbidities, no significant travel history, and no contact with animals. A 41-year old male hospital employee residing in Abu Dhabi. He was asymptomatic, but was screened without having contact with any case as part of a general screening at his work place. On 21 April, he tested positive for MERS-CoV and was admitted to hospital on 22 April. He was discharged on 27 April 2014. He has no comorbidities, no significant travel history, and no contact with animals A 68-year old male hospital employee residing in Abu Dhabi. He was asymptomatic, but was screened without having contact with any case as part of a general screening at his work place. On 23 April, he tested positive for MERS-CoV and was admitted to hospital on 24 April 2014 for isolation. He was discharged on 30 April 2014. He has reported comorbidities, has no significant travel history, and no contact with animals. A 45-year old male hospital employee residing in Abu Dhabi. He was asymptomatic, but was screened without having contact with any case as part of a general screening at his work place. On 26 April, he tested positive for MERS-CoV and was admitted to hospital on the same day for isolation. He was discharged on 1 May 2014. He has no comorbidities, no significant travel history, and no contact with animals. On 8 May 2014, the National IHR Focal Point for the United Arab Emirates (UAE) reported an additional four laboratory-confirmed cases of infection with MERS-CoV. A 37 year-old male expatriate construction worker in Abu Dhabi who became ill on 23 April 2014 and was hospitalized on 29 April 2014. He tested positive for MERS-CoV on 1 May 2014 and is currently in the intensive care unit (ICU) in a critical but stable condition. He is reported to have no comorbidities, no history of travel, and no contact with laboratory confirmed cases or with animals. A 38 year-old female administrative officer in a health clinic from Abu Dhabi who became ill on 20 April 2014. She was admitted to hospital on 26 April 2014. Initial laboratory tests for MERS-CoV were negative for the virus, but a follow-up test on 27 April 2014 returned positive on 1 May 2014. Currently, the patient is in the ICU in a critical but stable situation. She has several comorbidities, but is also to have no history of travel, no contact with laboratory confirmed cases or with animals, and no history of raw camel milk consumption. A 61 year-old male expatriate tailor shop owner residing in Abu Dhabi. He has been hospitalized since 18 March 2014 as a case of atrial fibrillation and chronic obstructive pulmonary disease (COPD). Samples collected on 29 April 2014 and sent to the laboratory tested positive for MERS-CoV on 1 May 2014. Currently, he is in the ICU in a critical but stable condition. He is reported have no history of travel, no contact with laboratory confirmed cases or with animals, and no history of raw camel milk consumption. A 34 year-old female expatriate residing in Abu Dhabi. She is asymptomatic. She was detected through mass screening of her work place without being in contact with any known case. Samples collected on 29 April 2014 and sent to the laboratory tested positive for MERS-CoV on 1 May 2014. She is reported to have no comorbidities, no history of travel, and no contact with laboratory confirmed cases or with animals. She is a vegetarian and consumes only pasteurized dairy products. One additional case not previously reported was provided to WHO on 8 April 2014 by the National IHR Focal Point for UAE: A 59 year-old male farm employee residing in Abu Dhabi. The patient had onset of symptoms on 28 March 2014 with febrile illness. On 30 March 2014, he was admitted to hospital and was being treated in the ICU. On 3 April 2014, he was laboratory confirmed with MERS-CoV. He is reported to have had contact with an admitted laboratory confirmed case of MERS-CoV. Public health authorities continued to carry out contact tracing and an epidemiological investigation. Further developments will be communicated when available. Jordan On 11 May 2014, the National IHR Focal Point for Jordan reported to WHO an additional case of MERS-CoV. The case is a 50 year-old male health-care worker, Jordanian citizen, and resident of Zarka Governorate. He presented with symptoms on 7 May 2014. On 10 May his condition worsened and he was diagnosed with pneumonia after performing a chest X-ray. He was admitted to hospital the same day and tested positive for MERS-CoV. The patient has a history of contact with two MERS-confirmed cases. He is in a stable condition. He is reported to have no history of travel and no history of contact with animals. Tracing and screening of six family members and 24 health-care workers for MERS-CoV is currently ongoing. Lebanon On 8 May, 2014, the National IHR Focal Point (NFP) of Lebanon reported the first laboratory-confirmed case of MERS-CoV infection. On 22 April 2014, a 60 year-old male health-care worker and national of Lebanon complained of high-grade fever. On 27 April 2014, he was diagnosed with pneumonia and was admitted to the hospital on 30 April 2014. His symptoms included fever, dyspnoea, and productive cough. On 2 May 2014, he tested positive for MERS-CoV. He is reported to have comorbidities. He was in a stable condition in hospital and was released on 7 May 2014. The patient is reported to have no contact with laboratory confirmed cases or with animals and no history of raw camel milk consumption. No history of travel was reported in the 14 days prior to onset of symptoms. The patient is known to travel throughout the Gulf region, particularly to Kuwait, Saudi Arabia, and UAE; investigations into the patient s travel history are ongoing. His most recent travel was five weeks prior to symptom onset to UAE and eight weeks prior to symptom onset to Jeddah where he visited one of the hospitals that had been facing an upsurge of MERS-CoV cases. Globally, 572 laboratory-confirmed cases of infection with MERS-CoV have officially been reported to WHO, including 173 deaths. The global total includes all of the cases reported in this update (18), plus 58 laboratory confirmed cases officially reported to WHO from Saudi Arabia between 5 and 9 May. WHO is working with Saudi Arabia for additional information on these cases and will provide further updates as soon as possible. WHO advice Based on the current situation and available information, WHO encourages all Member States to continue their surveillance for severe acute respiratory infections (SARI) and to carefully review any unusual patterns. Infection prevention and control measures are critical to prevent the possible spread of MERS-CoV in health care facilities. Health-care facilities that provide for patients suspected or confirmed to be infected with MERS-CoV infection should take appropriate measures to decrease the risk of transmission of the virus from an infected patient to other patients, health-care workers and visitors. Health care workers should be educated, trained and refreshed with skills on infection prevention and control. It is not always possible to identify patients with MERS-CoV early because some have mild or unusual symptoms. For this reason, it is important that health-care workers apply standard precautions consistently with all patients regardless of their diagnosis in all work practices all the time. Droplet precautions should be added to the standard precautions when providing care to all patients with symptoms of acute respiratory infection. Contact precautions and eye protection should be added when caring for probable or confirmed cases of MERS-CoV infection. Airborne precautions should be applied when performing aerosol generating procedures. Patients should be managed as potentially infected when the clinical and epidemiological clues strongly suggest MERS-CoV, even if an initial test on a nasopharyngeal swab is negative. Repeat testing should be done when the initial testing is negative, preferably on specimens from the lower respiratory tract. Health-care providers are advised to maintain vigilance. Recent travellers returning from the Middle East who develop SARI should be tested for MERS-CoV as advised in the current surveillance recommendations. All Member States are reminded to promptly assess and notify WHO of any new case of infection with MERS-CoV, along with information about potential exposures that may have resulted in infection and a description of the clinical course. Investigation into the source of exposure should promptly be initiated to identify the mode of exposure, so that further transmission of the virus can be prevented. People at high risk of severe disease due to MERS-CoV should avoid close contact with animals when visiting farms or barn areas where the virus is known to be potentially circulating. For the general public, when visiting a farm or a barn, general hygiene measures, such as regular hand washing before and after touching animals, avoiding contact with sick animals, and following food hygiene practices, should be adhered to. WHO does not advise special screening at points of entry with regard to this event nor does it currently recommend the application of any travel or trade restrictions."
222,1478,Date,"Avian influenza situation in China update 51 30 December 2005 The Ministry of Health of China has confirmed an additional case of human infection on the mainland with the H5N1 avian influenza virus. The case is a 41-year-old woman from the south-eastern province of Fujian. She developed symptoms of fever followed by pneumonia on 6 December, and was admitted to hospital two days later. The patient died on 21 December. On 13 December, initial laboratory tests on samples from the patient tested negative for H5N1. But further tests on 23 December including PCR tests carried out at the Chinese Center for Disease Control in Beijing showed positive results. The virus was also isolated from the patient. Close contacts who have been placed under medical observation have not displayed any symptoms, health authorities report. Agricultural authorities so far have not been able to confirm the presence of the H5 virus subtype in poultry in the vicinity of the patient s residence or place of work. Investigators have not been able to confirm any direct contact between the patient and poultry prior to the onset of illness. The investigation, however, is continuing and answers to these and other questions are still being sought. This is China s seventh laboratory-confirmed human case. Of these cases, three have been fatal (including this latest case). To date, China has reported human cases in six provinces and regions: Hunan, Anhui, Guangxi, Liaoning, Jiangxi and Fujian."
223,1480,Date,"Update 65 - Situation in Toronto 24 May 2003 Situation in Toronto Health authorities in Canada have today informed WHO that two clusters of cases of respiratory illness are undergoing investigation for respiratory illness, including pneumonia. One cluster of 5 cases is associated with St John s Rehabilitation Hospital in Toronto. The second cluster of 26 cases, including 10 health care workers, is associated with North York General Hospital. One patient undergoing investigation has been linked to both hospitals. As a precaution, both clusters are being managed as possibly representing cases of SARS until proven otherwise. Results of laboratory, clinical and epidemiological investigations are expected early next week. The status of Toronto, which was removed last week from the WHO list of areas with recent local transmission, remains unchanged pending further information made available as the investigations progress. Update on cases and countries As of today, a cumulative total of 8141 probable cases with 696 deaths have been reported from 28 countries. This represents an increase of 89 new cases and 7 deaths when compared with yesterday. The new deaths occurred in China (5) and Hong Kong SAR (2). All of the new cases were reported from two outbreak sites, Taiwan and China. Taiwan has today reported 55 new cases, bringing the cumulative total to 538 cases and 60 deaths. China reported 34 new cases, bringing the cumulative total to 5309 cases and 308 deaths."
224,1665,Date,"2001 - Meningococcal disease in the African Meningitis Belt 20 February 2001 Disease Outbreak Reported The highest number of cases and the highest burden of this disease occur in sub-Saharan Africa in an area that is referred to as the meningitis belt. This is the area between Senegal and Ethiopia and includes all or part of at least 15 countries, with an estimated total population of approximately 300 million. Epidemics occur in seasonal cycles between the end of November and the end of June, depending on the location and climate of the country and declines rapidly with the arrival of the rainy season. WHO has reported a total number of 603 cases, including 45 deaths (case-fatality rate of 7.5%) in 4 d partements in the north of Benin: Alibori, Borgou, Atacora and Donga, since January 2001. Neisseria meningitidis serogroup A has been confirmed. The Ministry of Health has initiated a mass vaccination campaign in these d partements. From 25 December 2000 to 15 February 2001, a total of 798 cases and 83 deaths (case-fatality rate of 10.4%) has been reported by WHO in 2 pr fectures in southwestern Chad : Moyen-Chari and Longone Occidental. Neisseria meningitidis serogroup A has been confirmed. A mass vaccination campaign is underway. As of 30 January 2001, WHO has reported an outbreak of meningocccal disease in Ethiopia in 5 regions: Amhara, Gambella, Somali, Tigray and Southern regions, with a total of 485 cases and 61 deaths. Neisseria meningitidis serogroup A has been confirmed. The Ministry of Health has reinforced surveillance and is carrying out vaccinations in the affected areas. The media is also providing health education messages."
225,1744,Date,"China confirms SARS infection in two previously reported cases update 4 29 April 2004 The Chinese Ministry of Health has today reported diagnostic confirmation of SARS infection in two patients previously under investigation in Beijing. Confirmation is based on the results of laboratory tests, clinical symptoms, and a history of close contact with a known case. Both patients are relatives the mother and an aunt of a 20-year-old nurse who treated what is thought to be the index case in the outbreak. The nurse subsequently developed respiratory symptoms and was hospitalized on 7 April. She was visited the next day by family members, including the mother and aunt. The 44-year-old mother is now in critical condition. The 36-year-old aunt, who was diagnosed with bilateral pneumonia earlier this week, remains in stable condition. Both patients are part of a third generation of cases that includes the nurse s father and two other patients hospitalized on the same ward, including one patient who shared a room with the nurse. The number of SARS cases either clinically confirmed or under investigation remains nine: seven in Beijing and two (including the single fatality) in Anhui Province. In Beijing, all seven SARS cases are now being treated in isolation at Ditan Hospital. This is a risk reduction strategy aimed at preventing further spread through the hospital system. According to WHO guidelines for the global surveillance of SARS, classification as a confirmed case at the start of an outbreak requires independent verification of results by an external international reference laboratory. Such procedures are considered necessary in view of the implications that confirmed SARS cases can have for international public health."
226,1856,Date,"Polio in the Syrian Arab Republic - update Disease outbreak news 26 November 2013 - A total of 17 cases due to wild poliovirus type 1 (WPV1) have been confirmed in the Syrian Arab Republic. In addition to 15 cases confirmed in Deir Al Zour province, two additional cases have been confirmed, one each in rural Damascus and Aleppo, confirming widespread circulation of the virus. The case with most recent onset developed paralysis on 8 October 2013. A comprehensive outbreak response continues to be implemented across the region. Seven countries and territories are holding mass polio vaccination campaigns targeting 22 million children under the age of five years. In a joint resolution, all countries of the WHO Eastern Mediterranean Region have declared polio eradication to be an emergency, calling for support in negotiating and establishing access to those children who are currently unreached with polio vaccination. WHO and UNICEF are committed to work with all organizations and agencies providing humanitarian assistance to Syrians affected by the conflict to ensure all Syrian children are vaccinated no matter where they live. It is anticipated that outbreak response will need to continue for at least six to eight months, depending on the area and based on evolving epidemiology. Given the current situation in the Syrian Arab Republic, frequent population movements across the region and subnational immunity gaps in key areas, the risk of further spread of wild poliovirus across the region is considered to be high. A surveillance alert has been issued for the region to actively search for additional potential cases in addition to implementing the recommended supplementary immunization activities with oral polio vaccine. WHO s International Travel and Health recommendations for travelers to and from polio-affected areas pdf, 10.54Mb"
227,PUBMED_42747181,Document," and waste management to reduce and prevent the emergence of antibiotic resistant strains."""
228,2026,Date," and waste management to reduce and prevent the emergence of antibiotic resistant strains."""
229,2356,Date,"Polio in Congo 4 November 2010 - An acute outbreak of poliomyelitis is occurring in the Republic of Congo, with 120 cases of acute flaccid paralysis and 58 deaths. Half the cases have been reported in the past ten days, with the first case occurring in early October. Two cases have been confirmed to have been caused by wild poliovirus type 1 and laboratory testing continues. Most cases are in young adults: among those cases for which age data is available (43) at this time, 33 are between the ages of 15-25 years. Only one is under five years old, three are between 7 and 13 and five are between 26 and 58. The outbreak is due to imported poliovirus. Congo had recorded its last case of indigenous polio in 2000. Investigations are ongoing to determine definitively the origins of the virus. Nearly all cases have been reported from the port city of Pointe Noire, with cases also reported from Dolisie (2), Kayes, Bouenza, Brazzaville, and Mvouiti (one each). The Government of Congo has alerted the public to the outbreak and launched an emergency response plan, with support from key partners, including WHO, UNICEF and the US CDC. At least three nationwide vaccination campaigns are expected, using monovalent oral polio vaccine and targeting the entire population. The number, geographic extent and target age groups of further campaigns will be determined by the Government based on the evolving epidemiology. It is anticipated that a multi-country campaign will be required to cover bordering at-risk areas. New cases continue to be reported every day. It is important that countries across central Africa and the Horn of Africa strengthen AFP surveillance, in order to rapidly detect any poliovirus importations and facilitate a rapid response. Countries should also strengthen population immunity levels to minimise the consequences of any virus introduction. As per recommendations outlined in WHO's International Travel and Health, guidance travellers to and from Angola and DR Congo should be fully protected by vaccination. Given the recent progress achieved in Nigeria (98% reduction in cases this year compared to the same period in 2009), very high priority is being given to rapidly controlling persistent transmission such as in Angola and stopping new outbreaks such as Congo. For more information Global Polio Eradication Initiative"
230,2567,Date,"Ebola virus disease update - Senegal 30 August 2014 Epidemiology and surveillance On 30 August 2014, Senegal s Ministry of Public Health and Social Affairs provided WHO with details about a case of Ebola virus disease (EVD) announced in that country on 29 August. WHO has also received details of the emergency investigation immediately launched by the Government. Testing and confirmation of Ebola were undertaken by a laboratory at the Institut Pasteur in Dakar. The case is a 21-year-old male native of Guinea, who arrived in Dakar, by road, on 20 August and stayed with relatives at a home in the outskirts of the city. On 23 August, he sought medical care for symptoms that included fever, diarrhoea, and vomiting. He received treatment for malaria, but did not improve and left the facility. After leaving the facility, he continued to reside with his relatives. Though the investigation is in its early stages, he is not presently known to have travelled elsewhere. On 26 August, he was referred to a specialized facility for infectious diseases, still showing the same symptoms, and was hospitalized. On 27 August, authorities in Conakry, Guinea, issued an alert, informing medical services in Guinea and neighbouring countries, that a person, who was a close contact of a confirmed EVD patient, had escaped the surveillance system. That alert prompted testing at the Dakar laboratory, launched an investigation, and triggered urgent contact tracing. Health sector response WHO is treating this first case in Senegal as a top priority emergency. Key operational personnel were dispatched to Dakar today; others will follow. The Government of Senegal has informed WHO of the urgent need for epidemiological support, personal protective equipment, and hygiene kits. These needs will be met with the fastest possible speed. WHO continues to monitor for reports of rumoured or suspected cases from countries around the world and systematic verification of these cases is ongoing. Countries are encouraged to continue engaging in active surveillance and preparedness activities. WHO does not recommend any travel or trade restrictions be applied except in cases where individuals have been confirmed or are suspected of being infected with EVD or where individuals have had contact with cases of EVD. (Contacts do not include properly-protected health-care workers and laboratory staff.) Temporary recommendations from the Emergency Committee with regard to actions to be taken by countries can be found at: IHR Emergency Committee on Ebola outbreak in west Africa"
231,2799,Date,"Poliovirus detected from environmental samples in Israel 3 June 2013 - In Israel, wild poliovirus type 1 (WPV1) was isolated from sewage samples collected on 9 April 2013 in Rahat, southern Israel. The virus has been detected in sewage only; no case of paralytic polio has been reported. Genetic sequencing and epidemiological investigations are ongoing to determine its origin. Preliminary analyses indicate the strain is not related to the virus currently affecting the Horn of Africa. The virus isolate was detected through routine environmental surveillance in Israel that involves regular testing of sewage water. Israel has been free of indigenous WPV transmission since 1988. In the past, wild poliovirus has been detected in environmental samples collected in this region between 1991 and 2002 without occurrence of cases of paralytic polio in the area. Following detection of the wild poliovirus, health authorities in Israel are conducting a full epidemiological and public health investigation, actively searching for potential cases of paralytic polio as well as for any un-immunized persons. Routine immunization levels are estimated at 94 percent. Outcomes of the investigation will determine the need for any additional catch-up immunization activities, as necessary. Similar activities are being implemented by health authorities in Gaza and the West Bank. Specimens collected through environmental surveillance since 2002 in both Gaza and the West Bank have consistently tested negative for the presence of WPV. Given that there are high levels of population immunity levels in the area, and the investigations and response being implemented, the World Health Organization (WHO) assesses the risk of further international spread of this virus strain from Israel as low to moderate. It is important that all countries, in particular those with frequent travel and contacts with polio affected countries, strengthen surveillance for cases of acute flaccid paralysis (AFP), in order to rapidly detect any new poliovirus importations and facilitate a rapid response. Countries should also analyze routine immunization coverage data to identify any subnational gaps in population immunity to guide catch-up immunization activities and thereby minimize the consequences of any new virus introduction. Priority should be given to areas at high-risk of importations and where OPV3/DPT3 vaccine coverage is less than 80 percent. WHO s International Travel and Health recommends that all travellers to and from polio affected areas be fully vaccinated against polio. Three countries remain endemic for indigenous transmission of WPV: Nigeria, Pakistan and Afghanistan. Additionally, in 2013, the Horn of Africa is affected by an outbreak of WPV, with six cases confirmed in Kenya and Somalia."
232,2838,Date,"End of Ebola outbreak in Uganda 4 October 2012 - The Ministry of Health (MoH), Uganda has declared today, the end of the Ebola haemorrhagic fever (EHF) outbreak in Kibaale district. The last case was confirmed on 3 August 2012 and was discharged from the hospital on 24 August 2012. This is double the maximum incubation period (21 days) for Ebola as recommended by WHO. In the outbreak, a total of 24 probable and confirmed cases were recorded, of which 11 were laboratory confirmed by the Uganda Virus Research Institute (UVRI) in Entebbe. A total of 17 deaths were reported in this outbreak. National and District Ebola Task Forces were coordinated by the MoH to respond to the outbreak. MoH worked closely with WHO and other agencies which included the African Field Epidemiology Network (AFENET), EMESCO Foundation (a local NGO), Infectious Diseases Institute (IDI), Uganda Red Cross Society (URCS), M decins Sans Fronti res (MSF), the United Nations Children's Fund (UNICEF), US Centers for Disease Control and prevention (CDC), US Agency for International Development (USAID). WHO also coordinated with the Global Outbreak Alert and Response Network (GOARN) to support the response operations. The response activities carried out during the outbreak included enhanced surveillance for early case detection and contact tracing, reinforcement of infection prevention and control including case management in isolation facilities using barrier nursing and conducting supervised safe burials, reinforcement of standard precautions in health care settings and enhancing communication interventions at the national and community levels. A team led by CDC conducted ecological studies in Kibaale district to try and understand the likely source and route of transmission of the virus. Samples from bats, primates and livestock were collected to study the possible source of the Ebola virus and putative initial human infection from wildlife. The Ebola response teams have continued to educate the community on prevention, detection of and early reporting of any suspected cases in future. Health workers in the district have been trained on prevention of health care associated infections. WHO does not recommend that any travel or trade restrictions be applied to the Uganda with respect to this event. General information on Ebola subtypes There are five identified subtypes of Ebola virus. The subtypes have been named after the location where they were been first detected in EHF outbreaks. Three subtypes of the five have been associated with large EHF outbreaks in Africa. Ebola-Zaire, Ebola-Sudan and Ebola-Bundibugyo. EHF is a febrile haemorrhagic illness which causes death in 25-90% of all cases. The Ebola Reston species, found in the Philippines, can infect humans, but no illness or death in humans has been reported to date."
233,3079,Date,"2000 - Meningococcal disease in Francen(Update), United Kingdom (Update), Oman, Saudi ARabia, Netherlands 21 April 2000 Disease Outbreak Reported There have been a number of cases of meningococcal disease which are associated with returnees from the Haj and their close contacts. France- Update. The number of cases of meningococcal disease associated with pilgrims who have travelled for the Haj has increased, and the total number of cases to date is 14, including 4 deaths. Eleven of the confirmed cases were of meningococcal serogroup W135. United Kingdom- Update. The number of cases of meningococcal disease linked to pilgrims has increased, and is now 22 with 4 deaths. Twenty of the confirmed cases are of meningococcal serogroup W135 and 1 of N. meningitidis serogroup A. The onset of the last case of meningococcal disease reported to date (in a contact) was on 11 April. Oman. There have been 12 cases to date, all have recovered. Of these, 3 were pilgrims (2 males aged 40 and 55 years and 1 female aged 60 years) returning from the Haj, and 9 cases were close contacts of those returned from the Haj. The ages of these patients ranged from 6 months to 80 years. The date of onset of the first case was 20 March, and the most recent case was reported on 6 April. Seven of the confirmed cases are of meningococcal serogroup W135 and 2 of Neisseria meningitidis serogroup A. Saudi Arabia. A total of 199 cases with 55 deaths has been reported since the Haj last month. Bacteriological investigations have revealed N. meningitidis serogroup A in 55 cases, serogroup W135 in 30 and serogroup B in 1 case. A record number of pilgrims (around 1.3 million) travelled to Saudi Arabia for the Haj this year, with an increase in the number from South-East Asia. The health authorities are monitoring the situation closely. Case management and contact tracing are taking place. Netherlands. There have been 2 confirmed cases and 1 probable case of meningococcal disease in close contacts of pilgrims returning from the Haj. The dates of onset in the confirmed cases were 5 and 6 April. Serogroup W135 Neisseiria meningitidis has been isolated from both. Meningococcal disease. As with all types of meningococcal disease, early diagnosis and treatment are essential. The symptoms of group W135 meningococcal disease are the same as for other groups of the disease: sudden onset of intense headache, high fever, nausea, and vomiting, photophobia and stiff neck. The most severe clinical form of the disease, meningococcal septicaemia can be presented by abrupt onset, high fever, petechial rash or purpura. WHO recommends that chemoprophylaxis be given to close contacts of the cases, such as persons sleeping in the same dwelling. In most countries rifampicin is recommended. Immunization against meningococcal disease A+C has been an entry requirement by Saudi Arabia for pilgrims travelling to the Haj. However, the meningococcal A+C vaccine does not protect against group W135 infection. WHO encourages national reference laboratories to closely monitor meningococcal disease."
234,3103,Date,"Middle East respiratory syndrome coronavirus (MERS-CoV) - update 23 June 2013 - The Ministry of Health (MoH) in Saudi Arabia has announced two additional laboratory-confirmed cases and a death in a previously confirmed case of Middle East respiratory syndrome coronavirus (MERS-CoV). One case is a 41 year-old female from Riyadh who had contact with a confirmed case. The other case is a 32 year-old male from the Eastern Region with underlying medical conditions who is in critical condition. In addition, the MoH has announced the death of a previously reported confirmed case from the Eastern Region who had been admitted to hospital on 26 April 2013. Globally, from September 2012 to date, WHO has been informed of a total of 70 laboratory-confirmed cases of infection with MERS-CoV, including 39 deaths. WHO has received reports of laboratory-confirmed cases originating in the following countries in the Middle East to date: Jordan, Qatar, Saudi Arabia, and the United Arab Emirates (UAE). France, Germany, Italy, Tunisia and the United Kingdom also reported laboratory-confirmed cases; they were either transferred there for care of the disease or returned from the Middle East and subsequently became ill. In France, Italy, Tunisia and the United Kingdom, there has been limited local transmission among patients who had not been to the Middle East but had been in close contact with the laboratory-confirmed or probable cases. Based on the current situation and available information, WHO encourages all Member States to continue their surveillance for severe acute respiratory infections (SARI) and to carefully review any unusual patterns. Health care providers are advised to maintain vigilance. Recent travellers returning from the Middle East who develop SARI should be tested for MERS-CoV as advised in the current surveillance recommendations. Specimens from patients lower respiratory tracts should be obtained for diagnosis where possible. Clinicians are reminded that MERS-CoV infection should be considered even with atypical signs and symptoms, such as diarrhoea, in patients who are immunocompromised. Health care facilities are reminded of the importance of systematic implementation of infection prevention and control (IPC). Health care facilities that provide care for patients suspected or confirmed with MERS-CoV infection should take appropriate measures to decrease the risk of transmission of the virus to other patients, health care workers and visitors. All Member States are reminded to promptly assess and notify WHO of any new case of infection with MERS-CoV, along with information about potential exposures that may have resulted in infection and a description of the clinical course. Investigation into the source of exposure should promptly be initiated to identify the mode of exposure, so that further transmission of the virus can be prevented. WHO does not advise special screening at points of entry with regard to this event nor does it currently recommend the application of any travel or trade restrictions. WHO continues to closely monitor the situation."
235,3225,Date,"Human infection with avian influenza A(H7N9) virus update Disease outbreak news 7 March 2014 - On 4 March 2014, the Centre for Health Protection (CHP) of the Department of Health, Hong Kong SAR, China, notified WHO of an additional laboratory-confirmed case of human infection with avian influenza A(H7N9) virus. The patient is an 18 month-old girl who developed mild fever. She consulted a doctor on 28 February, was admitted to a hospital on 1 March and was discharged from the hospital on 3 March in stable condition. Following laboratory-confirmation with avian influenza A(H7N9) virus infection on 4 March, the patient was admitted to another hospital. She is currently asymptomatic, with no fever. Initial epidemiological investigation revealed that the patient travelled to Foshan, Guangdong province from 5-27 February, where she visited a wet market with her mother. Further investigations into her travel and exposure history are ongoing, including tracing of all close contacts. Sporadic human cases The overall risk assessment has not changed (see WHO Risk Assessment under 'Related links'). The previous report of avian influenza A(H7N9) virus detection in live poultry exported from mainland China to Hong Kong SAR shows the potential for the virus to spread through movement of live poultry, at this time there is no indication that international spread of avian influenza A(H7N9) has occurred. However as the virus infection does not cause signs of disease in poultry, continued surveillance is needed. Further sporadic human cases of avian influenza A(H7N9) infection are expected in affected and possibly neighbouring areas. Should human cases from affected areas travel internationally, their infection may be detected in another country during or after arrival. If this were to occur, community level spread is unlikely as the virus does not have the ability to transmit easily among humans. Until the virus adapts itself for efficient human-to-human transmission, the risk of ongoing international spread of H7N9 virus by travellers is low. WHO advice WHO advises that travellers to countries with known outbreaks of avian influenza should avoid poultry farms, or contact with animals in live bird markets, or entering areas where poultry may be slaughtered, or contact with any surfaces that appear to be contaminated with faeces from poultry or other animals. Travellers should also wash their hands often with soap and water. Travellers should follow good food safety and good food hygiene practices. WHO does not advise special screening at points of entry with regard to this event, nor does it currently recommend any travel or trade restrictions. As always, a diagnosis of infection with an avian influenza virus should be considered in individuals who develop severe acute respiratory symptoms while travelling or soon after returning from an area where avian influenza is a concern. WHO encourages countries to continue strengthening influenza surveillance, including surveillance for severe acute respiratory infections (SARI) and to carefully review any unusual patterns, in order to ensure reporting of human infections under the IHR (2005), and continue national health preparedness actions."
236,3441,Date,"Influenza A(H1N1) - update 55 Laboratory-confirmed cases of new influenza A(H1N1) as officially reported to WHO by States Parties to the International Health Regulations (2005) 29 June 2009 09:00 GMT The breakdown of the number of laboratory-confirmed cases is given in the following table and map. Map of the spread of Influenza A(H1N1): number of laboratory confirmed cases and deaths png, 171kb Country, territory and area Cumulative total Newly confirmed since the last reporting period Cases Deaths Cases Deaths Algeria 2 0 0 0 Antigua and Barbuda 2 0 0 0 Argentina 1488 23 97 2 Australia 4038 7 758 4 Austria 12 0 0 0 Bahamas 4 0 0 0 Bahrain 15 0 0 0 Bangladesh 1 0 0 0 Barbados 10 0 0 0 Belgium 43 0 7 0 Bermuda, UKOT 1 0 0 0 Bolivia 126 0 79 0 Brazil 452 0 53 0 British Virgin Islands, UKOT 1 0 0 0 Brunei Darussalam 29 0 18 0 Bulgaria 7 0 0 0 Cambodia 6 0 1 0 Canada 7775 21 1043 2 Cap Verde 3 0 0 0 Cayman Islands, UKOT 9 0 0 0 Chile 5186 7 0 0 China 1442 0 353 0 Colombia 88 2 16 0 Costa Rica 255 1 33 0 Cote d'Ivoire 2 0 0 0 Cuba 34 0 0 0 Cyprus 25 0 16 0 Czech Republic 9 0 0 0 Denmark 44 0 3 0 Dominica 1 0 0 0 Dominican Republic 108 2 0 0 Ecuador 125 0 0 0 Egypt 50 0 7 0 El Salvador 226 0 66 0 Estonia 13 0 5 0 Ethiopia 2 0 0 0 Fiji 2 0 0 0 Finland 26 0 0 0 France 235 0 44 0 French Polynesia, FOC 3 0 2 0 Martinique, FOC 2 0 0 0 Germany 366 0 33 0 Greece 86 0 13 0 Guatemala 254 2 0 0 Honduras 118 1 0 0 Hungary 8 0 0 0 Iceland 4 0 0 0 India 64 0 0 0 Indonesia 8 0 6 0 Iran 1 0 0 0 Iraq 10 0 10 0 Ireland 39 0 10 0 Israel 469 0 64 0 Italy 112 0 10 0 Jamaica 21 0 2 0 Japan 1212 0 163 0 Jordan 18 0 3 0 Korea, Republic of 202 0 60 0 Kuwait 30 0 0 0 Laos 3 0 0 0 Latvia 1 0 0 0 Lebanon 25 0 0 0 Lithuania 1 0 1 0 Luxembourg 4 0 1 0 Malaysia 112 0 44 0 Mexico 8279 116 0 0 Monaco 1 0 1 0 Montenegro 1 0 0 0 Morocco 11 0 0 0 Nepal 3 0 3 0 Netherlands 118 0 2 0 Netherlands Antilles, Cura ao 3 0 0 0 Netherlands Antilles, Sint Maarten 1 0 0 0 New Zealand 587 0 134 0 Nicaragua 277 0 12 0 Norway 31 0 9 0 Oman 3 0 0 0 Panama 403 0 45 0 Papua New Guinea 1 0 0 0 Paraguay 85 0 6 0 Peru 360 0 108 0 Philippines 861 1 416 0 Poland 14 0 1 0 Portugal 11 0 4 0 Qatar 10 0 0 0 Romania 24 0 5 0 Russia 3 0 0 0 Samoa 1 0 0 0 Saudi Arabia 69 0 21 0 Serbia 5 0 3 0 Singapore 599 0 284 0 Slovakia 9 0 2 0 Slovenia 4 0 1 0 South Africa 1 0 0 0 Spain 541 0 0 0 Sri Lanka 9 0 2 0 Suriname 11 0 0 0 Sweden 67 0 6 0 Switzerland 49 0 2 0 Thailand 774 0 0 0 Trinidad and Tobago 53 0 28 0 Tunisia 2 0 0 0 Turkey 27 0 1 0 Ukraine 1 0 0 0 United Arab Emirates 8 0 1 0 United Kingdom 4250 1 653 0 Guernsey, Crown Dependency 1 0 0 0 Isle of Man, Crown Dependency 1 0 0 0 Jersey, Crown Dependency 8 0 0 0 United States of America 27717 127 6268 40 Uruguay 195 0 0 0 Vanuatu 2 0 0 0 Venezuela 172 0 19 0 Viet Nam 84 0 21 0 West Bank and Gaza Strip 9 0 0 0 Yemen 6 0 0 0 Grand Total 70893 311 11079 48 Chinese Taipei has reported 61 confirmed cases of influenza A (H1N1) with 0 deaths. Cases from Chinese Taipei are included in the cumulative totals provided in the table above. Cumulative and new figures are subject to revision Abbreviations UKOT: United Kingdom Overseas Territory FOC: French Overseas Collectivity OT: Overseas Territory Netherlands Antilles, Cura ao : 3 confirmed cases: The three confirmed cases are crew members of a cruise ship. They did not leave the boat during their illness nor during the 24 hours preceding the onset of symptoms."
237,3650,Date,"Severe Acute Respiratory Syndrome (SARS) Multi-country outbreak Update 37 WHO extends its SARS-related travel advice to Beijing and Shanxi Province in China and to Toronto Canada 23 April 2003 Disease Outbreak Reported As a result of ongoing assessments as to the nature of outbreaks of severe acute respiratory syndrome (SARS) in Beijing and Shanxi Province, China, and in Toronto, Canada, WHO is now recommending, as a measure of precaution, that persons planning to travel to these destinations consider postponing all but essential travel. This temporary advice, which is an extension of travel advice previously issued for Guangdong Province and Hong Kong Special Administrative Region, China will be reassessed in three weeks time. Following global alerts about cases of severe acute respiratory syndrome (SARS), issued by WHO on 12 and 15 March, national authorities have heightened surveillance for suspect and probable cases. In many countries, prompt detection and isolation of initial cases have prevented further transmission altogether or held additional cases to a very small number. On 27 March, WHO recommended additional measures aimed at preventing the travel-related spread of SARS. These recommended measures, which include screening of air passengers departing from certain areas, continue to apply. On 2 April, WHO recommended that persons travelling to Hong Kong Special Administrative Region and Guangdong Province, China consider postponing all but essential travel. This temporary recommendation has been reassessed daily and remains in effect. Subsequent information from the Chinese government about the magnitude of the SARS outbreaks in Beijing and Shanxi Province has been carefully reviewed by WHO. This assessment has considered the magnitude of the outbreak, including both the number of prevalent cases and the daily number of new cases, the extent of local chains of transmission, and evidence that travellers are becoming infected while in one area and then subsequently exporting the disease elsewhere. On the basis of this assessment, WHO is extending its 2 April travel advice to include Beijing and Shanxi Province. Using the same criteria, WHO has assessed the SARS situation in Toronto, Canada. The outbreak in this area has continued to grow in magnitude and has affected groups outside the initial risk groups of hospital workers, their families and other close person-to-person contacts, although all the cases reported have identified links to known SARS cases. In addition, a small number of persons with SARS, now in other countries in the world, appear to have acquired the infection while in Toronto. On the basis of this information, WHO is also including Toronto in the extension of its SARS-related travel advice. This advice will be re-examined in three weeks time, which is twice the maximum incubation period of SARS. The WHO travel advice is issued in order to protect public health and reduce opportunities for further international spread. SARS is a new disease, first recognized in late February, that has spread along the routes of international air travel. As of 22 April, a cumulative total of 3947 cases had been reported from 25 countries on five continents. Precautionary measures aim to reduce the impact of SARS and contain the disease while it is still in a relatively early stage. The SARS situation is assessed on a daily basis to determine whether other areas need to be included in the travel advice and if additional precautionary measures are required. All WHO SARS alerts, travel advice, daily cumulative case counts and other information are available at the WHO web site."
238,3939,Date,"2001 - Meningococcal disease, serogroup W135 - Update 16 May 2001 Disease Outbreak Reported During 2001 the following countries have reported cases of W135 meningococcal disease to WHO; most cases are associated with international travel or contact with travellers to Saudi Arabia: Burkina Faso: 4 cases have been reported. N. meningitidis serogroup W135 has been laboratory confirmed. Travel/contact history of cases is not yet known. Central African Republic : 3 cases (Haj pilgrims) have been reported. N. meningitidis serogroup W135 has been laboratory confirmed. Denmark: 2 cases (one case close contact with Haj pilgrims, the travel/contact history of the second case is not yet known)have been reported. N. meningitidis serogroup W135 has been laboratory confirmed. France : 2 cases (close contacts with Haj pilgrims) have been reported. N. meningitidis serogroup W135 has been laboratory confirmed. Norway: 4 cases (2 contacts with Haj pilgrims) have been reported. N. meningitidis serogroup W135 has been laboratory confirmed. Saudi Arabia : 109 cases (predominantly Haj pilgrims from outside Saudi Arabia) including 35 deaths have been reported between 9 February and 22 March 2001. N. meningitidis serogroup W135 has been laboratory confirmed in more than half of the cases. Singapore: 4 cases (3 close contacts with Haj pilgrims, 1 history of travel to Saudi Arabia), including 1 death have been reported. Two of the cases occurred in January 2001, before the main period of pilgrimage to Saudi Arabia. N. meningitidis serogroup W135 has been laboratory confirmed. United Kingdom of Great Britain and Northern Ireland : 41 cases (8 pilgrims returning from the Haj, 19 cases of close contacts and data outstanding on the remaining cases) including 11 deaths of laboratory confirmed invasive N. meningitidis serogroup W135 have been reported. Meningococcal disease. As with all types of meningococcal disease, early diagnosis and treatment are essential. The symptoms of group W135 meningococcal disease are the same as for other groups of the disease: sudden onset of intense headache, high fever, nausea, and vomiting, photophobia and stiff neck. The most severe clinical form of the disease, meningococcal septicaemia can be presented by abrupt onset, high fever, petechial rash or purpura. WHO recommends that chemoprophylaxis be given to close contacts of the cases, such as persons sleeping in the same dwelling. In most countries rifampicin is recommended. In preparation for the Umrah and the Haj seasons for next year, the Ministry of Health of the Government of Saudi Arabia has notified the Ministries of Health of all countries from which pilgrims arrive, that the vaccination against meningococcal meningitis with the quadrivalent vaccine (serogroups A,C, Y and W135) has been added to the health requirements for arrivals coming to the Umrah and Haj. WHO encourages national reference laboratories to closely monitor meningococcal disease. In order to fully identify and follow the epidemiological spread of the W135 strain, WHO encourages countries to send specimens to WHO Collaborating Centres for Meningococcal Infections. The Centres are: Institut de M decine Tropicale du Service de Sant des Arm es Parc du Pharo, B.P. 46 F-13998 Marseille-Arm es France Dr. Pierre Nicolas Tel: +33 4 91 15 01 15 Fax: +33 4 91 59 44 77 E-mail:imtssa.meningo free.fr WHO Collaborating Centre for Control of Epidemic Meningitis Centers for Disease Control and Prevention Atlanta, GA 30333 United States of America Dr. Tanja Popovic Tel: +1 404 639 17 30 Fax: +1 404 639 31 23 E-mail: txp1 cdc.gov WHO Collaboration Centre for Reference and Research on Meningococci Department of Bacteriology National Institute of Public Health PO Box 4404 Torshov N-0403 Oslo Norway Dr. Dominique Caugant Tel: + 47 22 04 23 11 Fax: + 47 22 04 25 18 E-mail:dominique.caugant folkehelsa.no For further information, please contact: outbreak who.ch"
239,3988,Date,"China reports additional SARS case - update 3 28 April 2004 Chinese health authorities have today announced that an additional case of SARS is under investigation. This brings the total number of cases in China, reported since 22 April, to nine. Of these, one has died. The new case, in Beijing, is a 49-year-old female retired doctor. On 12 April, she was admitted to the same hospital ward where a 20-year-old nurse was being treated for pneumonia. The former doctor began developing SARS-like symptoms on 19 April and on 22 April was transferred to Ditan Hospital and placed in isolation. Her condition is listed as critical. The 20-year-old nurse, previously reported to WHO as a confirmed case, has been linked to an additional five cases. These include the one reported today and four reported on Sunday. To date, all cases have been linked to chains of transmission involving close contact with an identified case. The second confirmed case, who remains hospitalized in Anhui Province, is a 26-year-old postgraduate student who had been conducting research at the National Institute of Virology in Beijing. She is thought to be the index case in the present outbreak. During the 2003 outbreak, the transmission of SARS was greatly amplified in hospital settings. As a risk reduction strategy in Beijing, all seven SARS cases are now being treated in Ditan Hospital. However, patients were treated or assessed in open wards at seven hospitals (five in Beijing and 2 in Anhui) before suspicions of SARS were raised and procedures of isolation and infection control were introduced. In addition, the two patients in Anhui travelled long distances within China by train. As these events created opportunities for multiple exposures, Chinese authorities have undertaken extensive tracing and follow-up of contacts. In Beijing, nearly 700 persons have been isolated or placed in quarantine. The maximum incubation period for SARS is generally accepted to be 10 days. Based on present knowledge about the disease, persons exposed to the virus are not infectious prior to the onset of symptoms. For these reasons, rapid detection and isolation of cases, and rapid tracing and follow-up of contacts have been successfully used to bring a SARS outbreak under control. Investigation of the outbreak Following a request by the Chinese Ministry of Health, the initial members of a WHO team are now in Beijing to assist in the investigation and control of the outbreaks there and in Anhui. Investigation of the source of infection will initially focus on biosafety procedures at the National Institute of Virology in Beijing. Two of the nine cases reported by China, including the earliest case, were researchers at the institute, which has been conducting work using the live SARS coronavirus. Chinese authorities are providing WHO with detailed clinical and epidemiological information on all cases. This information is important in assessing the severity of illness caused by the virus and the extent of its transmission. Of the 8 patients currently hospitalized for treatment, the patient in Anhui Province continues to improve. In Beijing, two patients are in critical condition and the others remain under treatment for pneumonia. If the source of infection is determined to come from the National Institute of Virology in Beijing, this will be the first SARS outbreak caused by a laboratory-acquired virus, which could possibly cause different patterns of illness and transmission. Previous laboratory-associated cases a single case each in Singapore in September 2003 and in Taiwan, China in December 2003 did not result in any further transmission. Both cases fully recovered. In addition, four cases (3 confirmed and 1 probable) were reported in Guangdong Province in December 2003 and January 2004, presumably acquired from an environmental source. Unlike the present outbreak, these cases were associated with mild illness only and did not result in secondary transmission to others."
240,4963,Date,"Ebola virus disease update - West Africa 6 August 2014 Epidemiology and surveillance Between 2 and 4 August 2014, a total of 108 new cases of Ebola virus disease (laboratory-confirmed, probable, and suspect cases) as well as 45 deaths were reported from Guinea, Liberia, Nigeria, and Sierra Leone. Health sector response A mission briefing with representatives from Member States was held on 5 August at the World Health Organization (WHO). Information about the nature of Ebola virus disease (EVD) was highlighted. This was followed by outlining the essential components for control, including the need for national leadership, improved care and case management, identifying transmission chains and stopping disease spread, and preventing further outbreaks. Among the critical issues are: cross-border infections and travelers; partners reaching the limits of their capacity and ability to respond rapidly, safely, and effectively; and concerns about the socio-economic impact of continued transmission. The Director-General also shared information from her recent meetings in Guinea with Member States of the Mano River Union C te d Ivoire, Guinea, Liberia, and Sierra Leone. She outlined that the response in West Africa would focus on three areas: Treatment of Gu ck dou, Kenema, and Foya as a unified sector, which will include public health measures meant to reduce movement in and out of the area. Intensifying current measures in Guinea, Liberia, Nigeria, and Sierra Leone. Taking steps to reduce international spread to other countries in Africa and outside of the African Region. The Sub-regional Ebola Operations Coordination Centre (SEOCC) in Conakry reported on 5 August that the following actions are underway in the four affected countries: In Guinea, new foci have emerged and case management facilities will be needed. Exit screening is currently being tested in Conakry, in partnership with the US CDC. In Liberia, security issues continue to be of concern, notwithstanding the commitment of the Government. Community resistance remains high. In Nigeria, the Government is focused on following up the contacts from the index case. Clinical support is urgently needed and a treatment centre is being set up for managing cases of EVD. In Sierra Leone, efforts are underway to map where treatment centres are most needed and getting those set up. A similar exercise is underway for laboratories. The SEOCC is assisting countries with these and many other response measures. On 6 August, WHO is convening an Emergency Committee of international experts to review the outbreak and advise the Director-General, in accordance with the International Health Regulations, whether the Ebola virus disease outbreak constitutes a Public Health Emergency of International Concern (PHEIC). Experts will receive an epidemiological briefing and will determine whether the criteria for a PHEIC have been met. If the Emergency Committee agrees that this is a PHEIC, they will then advise the Director-General on temporary recommendations. A summary of the meeting will be made public and a press briefing will be held on Friday, 8 August. Disease update New cases and deaths attributable to EVD continue to be reported by the Ministries of Health in Guinea, Liberia, Nigeria, and Sierra Leone. Between 2 and 4 August 2014, 108 new cases (laboratory-confirmed, probable, and suspect cases) of EVD and 45 deaths were reported from the four countries as follows: Guinea, 10 new cases and 5 deaths; Liberia, 48 new cases and 27 deaths; Nigeria, 5 new cases and 0 death; and Sierra Leone, 45 new cases and 13 deaths. As of 4 August 2014, the cumulative number of cases attributed to EVD in the four countries stands at 1 711, including 932 deaths. The distribution and classification of the cases are as follows: Guinea, 495 cases (351 confirmed, 133 probable, and 11 suspected), including 363 deaths; Liberia, 516 cases (143 confirmed, 252 probable, and 121 suspected), including 282 deaths; Nigeria, 9 cases (0 confirmed, 2 probable, and 7 suspected), including 1 death; and Sierra Leone, 691 cases (576 confirmed, 49 probable, and 66 suspected), including 286 deaths. Confirmed, probable, and suspect cases and deaths from Ebola virus disease in Guinea, Liberia, Nigeria, and Sierra Leone, as of 4 August 2014 New Confirmed Probable Suspect Totals Guinea Cases 10 351 133 11 495 Deaths 5 228 133 2 363 Liberia Cases 48 143 252 121 516 Deaths 27 128 110 44 282 Nigeria Cases 5 0 2 7 9 Deaths 0 0 1 0 1 Sierra Leone Cases 45 576 49 66 691 Deaths 13 247 34 5 286 Totals Cases 108 1 070 436 205 1 711 Deaths 45 603 278 51 932 1. New cases were reported between 2 and 4 August 2014. The total number of cases is subject to change due to reclassification, retrospective investigation, consolidation of cases and laboratory data, and enhanced surveillance. Data reported in the Disease Outbreak News are based on best available information reported by Ministries of Health."
241,PUBMED_42710724,Document,PubMed
242,PUBMED_42704147,Document,PubMed
243,PUBMED_42744038,Document,PubMed
244,2004,Date,PubMed
245,monthly,Date,PubMed
246,the full 2004-2020,Date,PubMed
247,March to July,Date,PubMed
248,45 years,Date,PubMed
249,2008-2015,Date,PubMed
250,Anhui,Location,PubMed
251,Heilongjiang,Location,PubMed
252,covid,Disease,PubMed
253,covid-19,Disease,PubMed
254,PUBMED_42779994,Document,PubMed
255,RT,Location,PubMed
256,Peru,Location,PubMed
257,2019-2025,Date,PubMed
258,Tumbes,Location,PubMed
259,PUBMED_42711003,Document,PubMed
260,PUBMED_42770716,Document,PubMed
261,wildlife,Animal,PubMed
262,PUBMED_42786614,Document,PubMed
263,4 consecutive weeks,Date,PubMed
264,PUBMED_42783954,Document,PubMed
265,Candida,Location,PubMed
266,Cryptococcus,Location,PubMed
267,2025,Date,PubMed
268,PUBMED_42722042,Document,PubMed
269,Pakistan,Location,PubMed
270,1976- 2025,Date,PubMed
271,2001,Date,PubMed
272,Sindh,Location,PubMed
273,PUBMED_42787561,Document,PubMed
274,Hungary,Location,PubMed
275,2010,Date,PubMed
276,2017,Date,PubMed
277,60,Date,PubMed
278,between 2010 and 2017,Date,PubMed
279,PUBMED_42710214,Document,PubMed
280,Tunisia,Location,PubMed
281,vector,Date,PubMed
282,1344,Date,PubMed
283,H. 418,Date,PubMed
284,PUBMED_42788720,Document,PubMed
285,Japan,Location,PubMed
286,PUBMED_42682550,Document,PubMed
287,Guayaquil city,Location,PubMed
288,Ecuador,Location,PubMed
289,Guayaquil,Location,PubMed
290,omp28,Location,PubMed
291,PUBMED_42674136,Document,PubMed
292,PUBMED_42771665,Document,PubMed
293,Hendra,Location,PubMed
294,Oceania,Location,PubMed
295,PUBMED_42707175,Document,PubMed
296,PUBMED_42709755,Document,PubMed
297,PUBMED_42733754,Document,PubMed
298,Leptospira,Location,PubMed
299,between 2000 and 2025,Date,PubMed
300,Rodentia,Location,PubMed
301,mammal,Animal,PubMed
302,PUBMED_42780467,Document,PubMed
303,Fasciola,Location,PubMed
304,Taenia spp.,Location,PubMed
305,Thailand,Location,PubMed
306,Vietnam,Location,PubMed
307,PUBMED_42687260,Document,PubMed
308,Israel,Location,PubMed
309,PUBMED_42781137,Document,PubMed
310,PUBMED_42717400,Document,PubMed
311,2000,Date,PubMed
312,PUBMED_42717435,Document,PubMed
313,mosquito,Location,PubMed
314,dengue,Disease,PubMed
315,PUBMED_42723555,Document,PubMed
316,PUBMED_42765098,Document,PubMed
317,swine,Animal,PubMed
318,PUBMED_42676665,Document,PubMed
319,PUBMED_42676501,Document,PubMed
320,three-month,Date,PubMed
321,PUBMED_42713429,Document,PubMed
322,PUBMED_42767353,Document,PubMed
323,Xinjiang,Location,PubMed
324,Limivicinus,Location,PubMed
325,horse,Animal,PubMed
326,PUBMED_42676261,Document,PubMed
327,decades,Date,PubMed
328,PUBMED_42770546,Document,PubMed
329,PUBMED_42765621,Document,PubMed
330,United Arab Emirates,Location,PubMed
331,tuberculosis,Disease,PubMed
332,PUBMED_42785969,Document,PubMed
333,Uzbekistan,Location,PubMed
334,between 1926 and 2024,Date,PubMed
335,Canidae,Location,PubMed
336,Felidae,Location,PubMed
337,Mustelidae,Location,PubMed
338,parasite,Pathogen,PubMed
339,PUBMED_42756636,Document,PubMed
340,PUBMED_42782459,Document,PubMed
341,South Africa,Location,PubMed
342,PUBMED_42713744,Document,PubMed
343,PUBMED_42707635,Document,PubMed
344,Bologna,Location,PubMed
345,Utrecht,Location,PubMed
346,between 2021 and 2025,Date,PubMed
347,Spearman,Location,PubMed
348,PUBMED_42757725,Document,PubMed
349,PUBMED_42770873,Document,PubMed
350,i.p.,Location,PubMed
351,i.g.,Location,PubMed
352,rabies,Disease,PubMed
353,PUBMED_42674629,Document,PubMed
354,PUBMED_42755973,Document,PubMed
355,Uganda,Location,PubMed
356,May to August 2025,Date,PubMed
357,Mbarara City,Location,PubMed
358,PUBMED_42685365,Document,PubMed
359,12 months,Date,PubMed
360,MPB83,Location,PubMed
361,PUBMED_42750254,Document,PubMed
362,a United Arab Emirates Urban Zoo,Location,PubMed
363,the United Arab Emirates,Location,PubMed
364,Kentucky,Location,PubMed
365,typhoid,Disease,PubMed
366,PUBMED_42704659,Document,PubMed
367,Ireland,Location,PubMed
368,late 2024,Date,PubMed
369,ermB,Location,PubMed
370,1010,Date,PubMed
371,PUBMED_42742343,Document,PubMed
372,melanoma 2,Date,PubMed
373,PUBMED_42784344,Document,PubMed
374,malaria,Disease,PubMed
375,PUBMED_42765625,Document,PubMed
376,PUBMED_42714752,Document,PubMed
377,PUBMED_42766254,Document,PubMed
378,PUBMED_42713642,Document,PubMed
379,PUBMED_42681213,Document,PubMed
380,2014-2024,Date,PubMed
381,2024,Date,PubMed
382,PUBMED_42684534,Document,PubMed
383,Gujarat,Location,PubMed
384,ST,Location,PubMed
385,5,Date,PubMed
386,10,Date,PubMed
387,20,Date,PubMed
388,sul1,Location,PubMed
389,IA,Location,PubMed
390,IB,Location,PubMed
391,PUBMED_42744119,Document,PubMed
392,Dominica,Location,PubMed
393,Haiti,Location,PubMed
394,Belize,Location,PubMed
395,Jamaica,Location,PubMed
396,Suriname,Location,PubMed
397,Guyana,Location,PubMed
398,Saint Vincent,Location,PubMed
399,Grenada,Location,PubMed
400,PUBMED_42727874,Document,PubMed
401,2.63,Date,PubMed
402,PUBMED_42783610,Document,PubMed
403,PUBMED_42767022,Document,PubMed
404,540 quarter,Date,PubMed
405,January 2026,Date,PubMed
406,Streptococcus spp.,Location,PubMed
407,cow,Animal,PubMed
408,PUBMED_42698673,Document,PubMed
409,Leishmania,Location,PubMed
410,between 1996 and 2012,Date,PubMed
411,Greece,Location,PubMed
412,PUBMED_42674005,Document,PubMed
413,bats,Animal,PubMed
414,PUBMED_42782382,Document,PubMed
415,DFE,Location,PubMed
416,seasonal,Date,PubMed
417,DRAM,Location,PubMed
418,PUBMED_42777597,Document,PubMed
419,Faisalabad,Location,PubMed
420,Jhang,Location,PubMed
421,PUBMED_42718568,Document,PubMed
422,PUBMED_42768430,Document,PubMed
423,Anthropocene,Location,PubMed
424,PUBMED_42741879,Document,PubMed
425,the tenth year,Date,PubMed
426,America,Location,PubMed
427,PUBMED_42728903,Document,PubMed
428,Ethiopia,Location,PubMed
429,PUBMED_42747996,Document,PubMed
430,US,Location,PubMed
431,USA,Location,PubMed
432,AIV09,Location,PubMed
433,h5n1,Pathogen,PubMed
434,chicken,Animal,PubMed
435,PUBMED_42754306,Document,PubMed
436,daily,Date,PubMed
437,Sardinia,Location,PubMed
438,PUBMED_42693462,Document,PubMed
439,two-week,Date,PubMed
440,Hamburg,Location,PubMed
441,PUBMED_42733561,Document,PubMed
442,"between Jan 1, 1999",Date,PubMed
443,"June 25, 2026",Date,PubMed
444,1593,Date,PubMed
445,28,Date,PubMed
446,18+ years,Date,PubMed
447,0-18 years,Date,PubMed
448,dysphagia,Location,PubMed
449,PUBMED_42755343,Document,PubMed
450,the last three decades,Date,PubMed
451,PUBMED_42778003,Document,PubMed
452,"June 1, 2026",Date,PubMed
453,PUBMED_42699212,Document,PubMed
454,East Africa,Location,PubMed
455,carbapenem,Location,PubMed
456,2021 - 2025,Date,PubMed
457,2015-2020,Date,PubMed
458,Sudan,Location,PubMed
459,PUBMED_42786201,Document,PubMed
460,PUBMED_42725554,Document,PubMed
461,PUBMED_42706691,Document,PubMed
462,Australia,Location,PubMed
463,63,Date,PubMed
464,Pteropus spp.,Location,PubMed
465,PUBMED_42749632,Document,PubMed
466,Pseudomonadota,Location,PubMed
467,Porphyromonas,Location,PubMed
468,Frederiksenia,Location,PubMed
469,PUBMED_42751460,Document,PubMed
470,between 01 January 2005,Date,PubMed
471,31 October 2025,Date,PubMed
472,PUBMED_42735690,Document,PubMed
473,"between Jan 1, 1970",Date,PubMed
474,"Dec 31, 2024",Date,PubMed
475,the past decade,Date,PubMed
476,PUBMED_42699333,Document,PubMed
477,the past five years,Date,PubMed
478,AI,Location,PubMed
479,PUBMED_42693475,Document,PubMed
480,1247,Date,PubMed
481,1981,Date,PubMed
482,2016,Date,PubMed
483,2011-2100,Date,PubMed
484,0.070,Date,PubMed
485,winters,Date,PubMed
486,Xizang,Location,PubMed
487,Ningxia,Location,PubMed
488,Gansu,Location,PubMed
489,CE,Location,PubMed
490,PUBMED_42787090,Document,PubMed
491,PUBMED_42697353,Document,PubMed
492,2023-2024,Date,PubMed
493,France,Location,PubMed
494,Luxembourg,Location,PubMed
495,Belgium,Location,PubMed
496,Netherlands,Location,PubMed
497,2041-2060,Date,PubMed
498,2081-2100,Date,PubMed
499,PUBMED_42789295,Document,PubMed
500,1994-2023,Date,PubMed
501,2010-2017,Date,PubMed
502,2018-2025,Date,PubMed
503,28 d,Date,PubMed
504,28d,Date,PubMed
505,PUBMED_42729977,Document,PubMed
506,assays,Date,PubMed
507,PUBMED_42738523,Document,PubMed
508,2015-2025,Date,PubMed
509,1132,Date,PubMed
510,January 2015 to December 2025,Date,PubMed
511,the driest month,Date,PubMed
512,PUBMED_42709285,Document,PubMed
513,16-year,Date,PubMed
514,Porto,Location,PubMed
515,between 2010 and 2025,Date,PubMed
516,age 15 years,Date,PubMed
517,52.5 days,Date,PubMed
518,PUBMED_42713208,Document,PubMed
519,Rajasthan,Location,PubMed
520,between July 2019 and June 2022,Date,PubMed
521,Hospital,Location,PubMed
522,Jaipur,Location,PubMed
523,less than five days,Date,PubMed
524,19-30 years,Date,PubMed
525,July-December,Date,PubMed
526,December,Date,PubMed
527,July,Date,PubMed
528,October,Date,PubMed
529,February,Date,PubMed
530,November 2020,Date,PubMed
531,December 2020,Date,PubMed
532,myalgia,Location,PubMed
533,PUBMED_42675525,Document,PubMed
534,Lifou,Location,PubMed
535,New Caledonia,Location,PubMed
536,each year,Date,PubMed
537,January 2023,Date,PubMed
538,one month,Date,PubMed
539,December 27,Date,PubMed
540,that day,Date,PubMed
541,3 weeks,Date,PubMed
542,9 months,Date,PubMed
543,PUBMED_42784354,Document,PubMed
544,Brucellosis,Location,PubMed
545,between 2011 and 2024,Date,PubMed
546,between April and September,Date,PubMed
547,the year,Date,PubMed
548,2020-2021,Date,PubMed
549,2022-2024,Date,PubMed
550,PUBMED_42765035,Document,PubMed
551,Machala,Location,PubMed
552,August 2023 to August 2024,Date,PubMed
553,Universidad,Location,PubMed
554,PUBMED_42743166,Document,PubMed
555,Chanthaburi,Location,PubMed
556,July - October 2026,Date,PubMed
557,Chanthaburi Province,Location,PubMed
558,a week,Date,PubMed
559,four weeks,Date,PubMed
560,11 May 2026,Date,PubMed
561,PUBMED_42733281,Document,PubMed
562,chu,Location,PubMed
563,PUBMED_42685492,Document,PubMed
564,Lishui,Location,PubMed
565,Replicon,Location,PubMed
566,PUBMED_42784629,Document,PubMed
567,PUBMED_42749445,Document,PubMed
568,Kedu,Location,PubMed
569,PUBMED_42736015,Document,PubMed
570,Costa Rica,Location,PubMed
571,Tamarindo,Location,PubMed
572,Guanacaste Province,Location,PubMed
573,between March and October 2025,Date,PubMed
574,PUBMED_42772764,Document,PubMed
575,PUBMED_42749892,Document,PubMed
576,PUBMED_42761556,Document,PubMed
577,PUBMED_42741053,Document,PubMed
578,Stackelberg,Location,PubMed
579,PUBMED_42689357,Document,PubMed
580,PUBMED_42729870,Document,PubMed
581,Slovenia,Location,PubMed
582,1.17 10-43,Date,PubMed
583,PUBMED_42693700,Document,PubMed
584,British Columbia,Location,PubMed
585,Canada,Location,PubMed
586,PUBMED_42781010,Document,PubMed
587,PUBMED_42687974,Document,PubMed
588,Rift Valley,Location,PubMed
589,Saudi Arabia,Location,PubMed
590,Yemen,Location,PubMed
591,Jazan,Location,PubMed
592,between January 2017,Date,PubMed
593,year,Date,PubMed
594,IgM-positive,Date,PubMed
595,PUBMED_42769611,Document,PubMed
596,Southern Africa,Location,PubMed
597,the years 1990,Date,PubMed
598,PUBMED_42779238,Document,PubMed
599,PUBMED_42698579,Document,PubMed
600,Dindigul,Location,PubMed
601,Trebonia,Location,PubMed
602,PUBMED_42689822,Document,PubMed
603,PUBMED_42727236,Document,PubMed
604,Proteus spp,Location,PubMed
605,Proteus,Location,PubMed
606,norfloxacin,Location,PubMed
607,aztreonam,Location,PubMed
608,PUBMED_42685537,Document,PubMed
609,Berlin,Location,PubMed
610,Brandenburg,Location,PubMed
611,Arnsberg,Location,PubMed
612,Anaplasmataceae,Location,PubMed
613,Rickettsia,Location,PubMed
614,PUBMED_42736007,Document,PubMed
615,PUBMED_42688411,Document,PubMed
616,PUBMED_42701398,Document,PubMed
617,Iran,Location,PubMed
618,six-month,Date,PubMed
619,July-December 2025,Date,PubMed
620,early 2025,Date,PubMed
621,Bojnurd,Location,PubMed
622,North Khorasan Province,Location,PubMed
623,July to December 2025,Date,PubMed
624,LA,Location,PubMed
625,ST398,Location,PubMed
626,PUBMED_42752865,Document,PubMed
627,mpox,Disease,PubMed
628,monkeypox,Disease,PubMed
629,PUBMED_42714937,Document,PubMed
630,koala,Location,PubMed
631,Isolates,Location,PubMed
632,koalas,Location,PubMed
633,PUBMED_42720246,Document,PubMed
634,18G7,Date,PubMed
635,P181,Date,PubMed
636,PUBMED_42756578,Document,PubMed
637,Trebil,Location,PubMed
638,Karameh,Location,PubMed
639,Detect,Location,PubMed
640,PUBMED_42761239,Document,PubMed
641,"the first 1,000 days",Date,PubMed
642,PUBMED_42679837,Document,PubMed
643,"Jan 1, 2016",Date,PubMed
644,"Dec 31, 2023",Date,PubMed
645,this period,Date,PubMed
646,6 46-8 91,Date,PubMed
647,1-2 weeks,Date,PubMed
648,1 76-4 61,Date,PubMed
649,7 34-21 29,Date,PubMed
650,48-30,Date,PubMed
651,07-31,Date,PubMed
652,0 67-13 75,Date,PubMed
653,5 20-19 05,Date,PubMed
654,PUBMED_42740829,Document,PubMed
655,PUBMED_42764961,Document,PubMed
656,PUBMED_42777545,Document,PubMed
657,0.1-3200,Date,PubMed
658,PUBMED_42760518,Document,PubMed
659,Marburg,Location,PubMed
660,Chiroptera,Location,PubMed
661,PUBMED_42787851,Document,PubMed
662,Kinetoplastida,Location,PubMed
663,Democratic Republic of,Location,PubMed
664,Congo,Location,PubMed
665,the Republic of the Congo,Location,PubMed
666,PUBMED_42722224,Document,PubMed
667,Bahia,Location,PubMed
668,Brazil,Location,PubMed
669,cacao,Location,PubMed
670,Carollia,Location,PubMed
671,18S,Date,PubMed
672,PUBMED_42748189,Document,PubMed
673,Jiangxi Province,Location,PubMed
674,PUBMED_42788636,Document,PubMed
675,PUBMED_42737970,Document,PubMed
676,years,Date,PubMed
677,PUBMED_42776645,Document,PubMed
678,1976,Date,PubMed
679,nearly five decades,Date,PubMed
680,Zaire,Location,PubMed
681,mid-2026,Date,PubMed
682,multi-year,Date,PubMed
683,PUBMED_42779234,Document,PubMed
684,between 2012 and 2016,Date,PubMed
685,2021,Date,PubMed
686,2030,Date,PubMed
687,PUBMED_42721862,Document,PubMed
688,Nilgiris,Location,PubMed
689,5-45,Date,PubMed
690,Gudalur,Location,PubMed
691,PUBMED_42766540,Document,PubMed
692,Tadorna,Location,PubMed
693,"March 2024, January 2025",Date,PubMed
694,March 2025,Date,PubMed
695,Cd,Location,PubMed
696,Zn,Location,PubMed
697,avian,Location,PubMed
698,PUBMED_42726887,Document,PubMed
699,R0,Location,PubMed
700,R0 1,Date,PubMed
701,PUBMED_42790309,Document,PubMed
702,10-year,Date,PubMed
703,Bayesian,Location,PubMed
704,20 years,Date,PubMed
705,annual,Date,PubMed
706,0.888-0.892,Date,PubMed
707,26 to 4 weeks,Date,PubMed
708,PUBMED_42750777,Document,PubMed
709,PUBMED_42694424,Document,PubMed
710,PUBMED_42694214,Document,PubMed
711,PUBMED_42714708,Document,PubMed
712,2015,Date,PubMed
713,PUBMED_42703068,Document,PubMed
714,NO3RR,Location,PubMed
715,PUBMED_42678314,Document,PubMed
716,PUBMED_42698884,Document,PubMed
717,5 years,Date,PubMed
718,20000,Date,PubMed
719,PUBMED_42742179,Document,PubMed
720,the Democratic Republic of the,Location,PubMed
721,May 2026,Date,PubMed
722,2007-2008,Date,PubMed
723,Bundibugyo District,Location,PubMed
724,2012,Date,PubMed
725,Isiro,Location,PubMed
726,PUBMED_42691773,Document,PubMed
727,Wiener Neustadt,Location,PubMed
728,Austria,Location,PubMed
729,PUBMED_42690064,Document,PubMed
730,PUBMED_42719778,Document,PubMed
731,38,Date,PubMed
732,PUBMED_42675153,Document,PubMed
733,Burkholderia,Location,PubMed
734,TM-4(b,Location,PubMed
735,PUBMED_42761835,Document,PubMed
736,Panama,Location,PubMed
737,2015-2024,Date,PubMed
738,PUBMED_42787051,Document,PubMed
739,Henan Province,Location,PubMed
740,between 2020 and 2025,Date,PubMed
741,PUBMED_42673710,Document,PubMed
742,PUBMED_42749011,Document,PubMed
743,Jujuy,Location,PubMed
744,Argentina,Location,PubMed
745,Salta,Location,PubMed
746,1994,Date,PubMed
747,late winter-early spring,Date,PubMed
748,PUBMED_42746171,Document,PubMed
749,Traceability,Location,PubMed
750,Yunnan Province -,Location,PubMed
751,Guangdong Province,Location,PubMed
752,March 2026,Date,PubMed
753,Zhenxiong County,Location,PubMed
754,Yunnan Province,Location,PubMed
755,1990,Date,PubMed
756,PUBMED_42717763,Document,PubMed
757,Norway,Location,PubMed
758,Spain,Location,PubMed
759,between 2022 and 2025,Date,PubMed
760,PUBMED_42710821,Document,PubMed
761,Kazakhstan,Location,PubMed
762,Almaty,Location,PubMed
763,Zhambyl,Location,PubMed
764,Atyrau,Location,PubMed
765,West Kazakhstan,Location,PubMed
766,36-55 years,Date,PubMed
767,43.9 years,Date,PubMed
768,16-64 years,Date,PubMed
769,PUBMED_42788600,Document,PubMed
770,Babesia,Location,PubMed
771,Migonemyia,Location,PubMed
772,PUBMED_42780750,Document,PubMed
773,Slovakia,Location,PubMed
774,18-year,Date,PubMed
775,2006,Date,PubMed
776,2006-2023,Date,PubMed
777,Slovak,Location,PubMed
778,Between 2006 and 2023,Date,PubMed
779,5-9 years,Date,PubMed
780,25-34 years,Date,PubMed
781,2022-2023,Date,PubMed
782,-0.19,Location,PubMed
783,PUBMED_42774291,Document,PubMed
784,PUBMED_42727818,Document,PubMed
785,Newcastle,Location,PubMed
786,H6,Location,PubMed
787,H9,Location,PubMed
788,0.9997,Date,PubMed
789,CV,Location,PubMed
790,PUBMED_42788740,Document,PubMed
791,PUBMED_42713604,Document,PubMed
792,PUBMED_42729707,Document,PubMed
793,Ghana,Location,PubMed
794,1999,Date,PubMed
795,PUBMED_42730678,Document,PubMed
796,PUBMED_42678818,Document,PubMed
797,"July 30, 2026",Date,PubMed
798,PUBMED_42727863,Document,PubMed
799,PUBMED_42783337,Document,PubMed
800,PUBMED_42756954,Document,PubMed
801,1975,Date,PubMed
802,2013,Date,PubMed
803,PUBMED_42738526,Document,PubMed
804,between 2023 and 2024,Date,PubMed
805,PUBMED_42699875,Document,PubMed
806,Taenia,Location,PubMed
807,6-year-old,Date,PubMed
808,65-year-old,Date,PubMed
809,7-year,Date,PubMed
810,Cysticercus,Location,PubMed
811,2 weeks,Date,PubMed
812,7 years,Date,PubMed
813,PUBMED_42691088,Document,PubMed
814,PUBMED_42683297,Document,PubMed
815,between 22 February,Date,PubMed
816,6 March 2024,Date,PubMed
817,PUBMED_42706609,Document,PubMed
818,vanRD,Location,PubMed
819,PUBMED_42762897,Document,PubMed
820,PUBMED_42726670,Document,PubMed
821,Traveler,Location,PubMed
822,26-year-old,Date,PubMed
823,Mecca,Location,PubMed
824,PUBMED_42769806,Document,PubMed
825,Fifty years,Date,PubMed
826,1975-2025,Date,PubMed
827,two-year,Date,PubMed
828,the United States',Location,PubMed
829,five decades,Date,PubMed
830,the next 50 years,Date,PubMed
831,PUBMED_42783989,Document,PubMed
832,Colombia,Location,PubMed
833,Villavicencio,Location,PubMed
834,PUBMED_42745309,Document,PubMed
835,Encephalitozoon spp.,Location,PubMed
836,Kayseri,Location,PubMed
837,PUBMED_42696055,Document,PubMed
838,Switzerland,Location,PubMed
839,1 3,Date,PubMed
840,PUBMED_42750870,Document,PubMed
841,Bahaba,Location,PubMed
842,November 2025,Date,PubMed
843,Panyu,Location,PubMed
844,Guangzhou,Location,PubMed
845,PUBMED_42724978,Document,PubMed
846,PUBMED_42789120,Document,PubMed
847,December 2024 to May 2025,Date,PubMed
848,days 1 to 15 of each month,Date,PubMed
849,days 16 to end of month,Date,PubMed
850,calendar day,Date,PubMed
851,days,Date,PubMed
852,PUBMED_42705670,Document,PubMed
853,Mecklenburg-Western Pomerania,Location,PubMed
854,aged 65 years,Date,PubMed
855,2-week,Date,PubMed
856,4-week,Date,PubMed
857,16 December 2025,Date,PubMed
858,PUBMED_42705771,Document,PubMed
859,ETEC,Location,PubMed
860,PUBMED_42729641,Document,PubMed
861,Cambodia,Location,PubMed
862,PUBMED_42774677,Document,PubMed
863,Saudi Arabia's,Location,PubMed
864,PUBMED_42719189,Document,PubMed
865,between 2015 and 2026,Date,PubMed
866,Indigenous,Location,PubMed
867,PUBMED_42693507,Document,PubMed
868,PUBMED_42772571,Document,PubMed
869,Korea,Location,PubMed
870,2025-2026,Date,PubMed
871,Winter Season,Location,PubMed
872,Pathogenicity,Location,PubMed
873,winter season,Date,PubMed
874,H5Nx,Location,PubMed
875,previous season,Date,PubMed
876,duck,Animal,PubMed
877,PUBMED_42676023,Document,PubMed
878,H5N1,Location,PubMed
879,2000-2024,Date,PubMed
880,MM,Location,PubMed
881,"2,3-SA",Date,PubMed
882,HA,Location,PubMed
883,PUBMED_42747631,Document,PubMed
884,PUBMED_42705734,Document,PubMed
885,Vibrio,Location,PubMed
886,Zhejiang Province,Location,PubMed
887,2019-2024,Date,PubMed
888,cefazolin,Location,PubMed
889,PUBMED_42741334,Document,PubMed
890,Puerto Rico,Location,PubMed
891,R2 0.34,Date,PubMed
892,PUBMED_42671195,Document,PubMed
893,Multilocus,Location,PubMed
894,PUBMED_42714963,Document,PubMed
895,May 2023 to October 2025,Date,PubMed
896,Quezon,Location,PubMed
897,Robina,Location,PubMed
898,Laos,Location,PubMed
899,PUBMED_42675330,Document,PubMed
900,KPC-2,Location,PubMed
901,Tn4401i,Location,PubMed
902,PUBMED_42674221,Document,PubMed
903,2019,Date,PubMed
904,PUBMED_42700195,Document,PubMed
905,PUBMED_42688691,Document,PubMed
906,Douala,Location,PubMed
907,Cameroon,Location,PubMed
908,June 2022 to May 2023,Date,PubMed
909,Illumina,Location,PubMed
910,11,Date,PubMed
911,PUBMED_42678601,Document,PubMed
912,PUBMED_42762686,Document,PubMed
913,Karnataka,Location,PubMed
914,Clermont,Location,PubMed
915,PUBMED_42740360,Document,PubMed
916,Italy,Location,PubMed
917,2000-2022,Date,PubMed
918,between January 2000,Date,PubMed
919,December 2022,Date,PubMed
920,Borrelia,Location,PubMed
921,PUBMED_42676529,Document,PubMed
922,age 35,Date,PubMed
923,South West Khasi Hills,Location,PubMed
924,21 years,Date,PubMed
925,PUBMED_42741221,Document,PubMed
926,Russia,Location,PubMed
927,PUBMED_42734805,Document,PubMed
928,the twenty-first century,Date,PubMed
929,PUBMED_42756860,Document,PubMed
930,two decades,Date,PubMed
931,PUBMED_42680011,Document,PubMed
932,Pseudomonas,Location,PubMed
933,PUBMED_42755649,Document,PubMed
934,Botswana,Location,PubMed
935,PUBMED_42746073,Document,PubMed
936,PUBMED_42679799,Document,PubMed
937,early January 2025,Date,PubMed
938,PUBMED_42756862,Document,PubMed
939,Dominicana,Location,PubMed
940,the Dominican Republic,Location,PubMed
941,1214 of 1384,Date,PubMed
942,PUBMED_42681502,Document,PubMed
943,PUBMED_42671285,Document,PubMed
944,DOBV,Location,PubMed
945,Puumala,Location,PubMed
946,June 2026,Date,PubMed
947,Croatia,Location,PubMed
948,"Several years-2008, 2012,",Date,PubMed
949,PUBMED_42773773,Document,PubMed
950,Eurasia,Location,PubMed
951,PUBMED_42738577,Document,PubMed
952,DC,Location,PubMed
953,PUBMED_42689109,Document,PubMed
954,PUBMED_42738585,Document,PubMed
955,Southwestern Jeonnam Province,Location,PubMed
956,South Korea,Location,PubMed
957,Jeonnam Province,Location,PubMed
958,Haenam,Location,PubMed
959,Wando,Location,PubMed
960,Gangjin,Location,PubMed
961,Yeongam,Location,PubMed
962,Jangheung,Location,PubMed
963,PUBMED_42774196,Document,PubMed
964,weekly,Date,PubMed
965,that week,Date,PubMed
966,the following week,Date,PubMed
967,PUBMED_42735583,Document,PubMed
968,recent decades,Date,PubMed
969,PUBMED_42691526,Document,PubMed
970,Great Britain,Location,PubMed
971,seven days,Date,PubMed
972,06 July 2023,Date,PubMed
973,PUBMED_42787473,Document,PubMed
974,Serbia,Location,PubMed
975,autumn 2024,Date,PubMed
976,PUBMED_42752218,Document,PubMed
977,PUBMED_42702276,Document,PubMed
978,Sulaimani City,Location,PubMed
979,PUBMED_42787985,Document,PubMed
980,2011,Date,PubMed
981,PUBMED_42765226,Document,PubMed
982,PUBMED_42761805,Document,PubMed
983,PUBMED_42760915,Document,PubMed
984,2024-25,Date,PubMed
985,7 days,Date,PubMed
986,1 day,Date,PubMed
987,January 2024 and June 2025,Date,PubMed
988,0-5,Date,PubMed
989,PUBMED_42704604,Document,PubMed
990,20-year,Date,PubMed
991,NZ,Location,PubMed
992,PUBMED_42677848,Document,PubMed
993,PUBMED_42738428,Document,PubMed
994,Texas,Location,PubMed
995,DBS,Location,PubMed
996,December 2025,Date,PubMed
997,2018-2020,Date,PubMed
998,WHO_5,Document,WHO
999,23 May,Date,WHO
1000,19-year old,Date,WHO
1001,Fujian province,Location,WHO
1002,9 May,Date,WHO
1003,14 May,Date,WHO
1004,PUBMED_42778230,Document,PubMed
1005,Kerala,Location,PubMed
1006,PUBMED_42747590,Document,PubMed
1007,CYP9M10,Date,PubMed
1008,PUBMED_42788961,Document,PubMed
1009,PUBMED_42707514,Document,PubMed
1010,PUBMED_42765064,Document,PubMed
1011,Gyeonggi,Location,PubMed
1012,April 2025,Date,PubMed
1013,6 months,Date,PubMed
1014,the previous 6 months,Date,PubMed
1015,24 weeks,Date,PubMed
1016,"April 29, 2025",Date,PubMed
1017,PUBMED_42767144,Document,PubMed
1018,2009-2023,Date,PubMed
1019,PUBMED_42787634,Document,PubMed
1020,Benin,Location,PubMed
1021,36,Date,PubMed
1022,PUBMED_42671827,Document,PubMed
1023,California,Location,PubMed
1024,PUBMED_42681505,Document,PubMed
1025,Leptospirosis,Location,PubMed
1026,PUBMED_42774690,Document,PubMed
1027,West Nile,Location,PubMed
1028,between 2003 and 2024,Date,PubMed
1029,first-year,Date,PubMed
1030,PUBMED_42692560,Document,PubMed
1031,C11 581/591,Date,PubMed
1032,PUBMED_42749980,Document,PubMed
1033,Sydney,Location,PubMed
1034,February to October 2024,Date,PubMed
1035,16S rRNA TaqMan,Date,PubMed
1036,nine-month,Date,PubMed
1037,PUBMED_42714832,Document,PubMed
1038,Pachyrhynchus,Location,PubMed
1039,PUBMED_42678097,Document,PubMed
1040,PUBMED_42701380,Document,PubMed
1041,PUBMED_42748412,Document,PubMed
1042,1953,Date,PubMed
1043,PUBMED_42730063,Document,PubMed
1044,November 2022,Date,PubMed
1045,March 2023,Date,PubMed
1046,Taiwan,Location,PubMed
1047,1 to 3 years,Date,PubMed
1048,33.01 years,Date,PubMed
1049,1.79 years,Date,PubMed
1050,Beck,Location,PubMed
1051,1996,Date,PubMed
1052,5 nights/week,Date,PubMed
1053,PUBMED_42771189,Document,PubMed
1054,3015 to 1140,Date,PubMed
1055,8980 to 1836,Date,PubMed
1056,PUBMED_42770038,Document,PubMed
1057,PUBMED_42749191,Document,PubMed
1058,Rabies,Location,PubMed
1059,miRNAs,Location,PubMed
1060,miR-155,Location,PubMed
1061,PUBMED_42790045,Document,PubMed
1062,PUBMED_42765037,Document,PubMed
1063,Gauteng Province,Location,PubMed
1064,Johannesburg,Location,PubMed
1065,Pretoria,Location,PubMed
1066,0.8 10 to 5.34,Date,PubMed
1067,PUBMED_42746048,Document,PubMed
1068,PUBMED_42744991,Document,PubMed
1069,PUBMED_42677876,Document,PubMed
1070,Nan Province,Location,PubMed
1071,1816,Date,PubMed
1072,PUBMED_42757802,Document,PubMed
1073,PUBMED_42689166,Document,PubMed
1074,PUBMED_42733478,Document,PubMed
1075,2050,Date,PubMed
1076,PUBMED_42722640,Document,PubMed
1077,PUBMED_42725071,Document,PubMed
1078,s.l.,Location,PubMed
1079,2021-2030,Date,PubMed
1080,Negro,Location,PubMed
1081,1980,Date,PubMed
1082,2025-2035,Date,PubMed
1083,PUBMED_42747621,Document,PubMed
1084,PUBMED_42732532,Document,PubMed
1085,Dhaka,Location,PubMed
1086,PUBMED_42738487,Document,PubMed
1087,Pentatrichomonas,Location,PubMed
1088,Horses,Location,PubMed
1089,Shanxi Province,Location,PubMed
1090,Tetratrichomonas,Location,PubMed
1091,Datong,Location,PubMed
1092,Taiyuan,Location,PubMed
1093,between March and June 2023,Date,PubMed
1094,Datong City,Location,PubMed
1095,PUBMED_42771063,Document,PubMed
1096,Rio Grande,Location,PubMed
1097,PUBMED_42722141,Document,PubMed
1098,PUBMED_42700325,Document,PubMed
1099,September 2024,Date,PubMed
1100,PUBMED_42780288,Document,PubMed
1101,Kampala,Location,PubMed
1102,Capital,Location,PubMed
1103,Herrold,Location,PubMed
1104,PUBMED_42700683,Document,PubMed
1105,Tehran,Location,PubMed
1106,PUBMED_42778121,Document,PubMed
1107,Banyuwangi,Location,PubMed
1108,East Java,Location,PubMed
1109,Indonesia,Location,PubMed
1110,46,Date,PubMed
1111,PUBMED_42768131,Document,PubMed
1112,FeMV,Location,PubMed
1113,between 2010 and 2018,Date,PubMed
1114,PUBMED_42707236,Document,PubMed
1115,Heilongjiang province,Location,PubMed
1116,13/118,Date,PubMed
1117,PUBMED_42743159,Document,PubMed
1118,2024-2025,Date,PubMed
1119,June 2024,Date,PubMed
1120,July 2025,Date,PubMed
1121,Oxford,Location,PubMed
1122,34,Date,PubMed
1123,PUBMED_42736154,Document,PubMed
1124,recent years,Date,PubMed
1125,PUBMED_42720549,Document,PubMed
1126,PUBMED_42694119,Document,PubMed
1127,21.84 3.27 years,Date,PubMed
1128,PUBMED_42728698,Document,PubMed
1129,Baringo County,Location,PubMed
1130,Mansonia,Location,PubMed
1131,Mansonia africana,Location,PubMed
1132,Ntepes,Location,PubMed
1133,PUBMED_42761089,Document,PubMed
1134,PUBMED_42743804,Document,PubMed
1135,PUBMED_42764359,Document,PubMed
1136,Aksu,Location,PubMed
1137,PUBMED_42700875,Document,PubMed
1138,Haryana,Location,PubMed
1139,mecC,Location,PubMed
1140,tetK,Location,PubMed
1141,ermC,Location,PubMed
1142,PUBMED_42754890,Document,PubMed
1143,seven months,Date,PubMed
1144,August 2022-March 2023,Date,PubMed
1145,49,Date,PubMed
1146,PUBMED_42693940,Document,PubMed
1147,Trichomonas,Location,PubMed
1148,Farmland,Location,PubMed
1149,PUBMED_42678812,Document,PubMed
1150,PUBMED_42692179,Document,PubMed
1151,Gili Islands,Location,PubMed
1152,Mycoplasma,Location,PubMed
1153,40/117,Date,PubMed
1154,ST1,Location,PubMed
1155,PUBMED_42785449,Document,PubMed
1156,PUBMED_42717629,Document,PubMed
1157,PUBMED_42700198,Document,PubMed
1158,number-,Date,PubMed
1159,PUBMED_42752209,Document,PubMed
1160,PUBMED_42676396,Document,PubMed
1161,PUBMED_42744253,Document,PubMed
1162,Three Decades,Date,PubMed
1163,O157,Date,PubMed
1164,fourth decade,Date,PubMed
1165,2026-2030,Date,PubMed
1166,PUBMED_42732490,Document,PubMed
1167,PUBMED_42674244,Document,PubMed
1168,1998,Date,PubMed
1169,PUBMED_42701063,Document,PubMed
1170,PUBMED_42778310,Document,PubMed
1171,July 2026,Date,PubMed
1172,between 2016 and 2026,Date,PubMed
1173,PUBMED_42772036,Document,PubMed
1174,May to June 2026,Date,PubMed
1175,between 2009 and 2026,Date,PubMed
1176,PUBMED_42703886,Document,PubMed
1177,older than 40 years,Date,PubMed
1178,PUBMED_42761972,Document,PubMed
1179,PUBMED_42766628,Document,PubMed
1180,more than two decades,Date,PubMed
1181,PUBMED_42787980,Document,PubMed
1182,PUBMED_42770112,Document,PubMed
1183,PUBMED_42765021,Document,PubMed
1184,PUBMED_42696199,Document,PubMed
1185,six months,Date,PubMed
1186,PUBMED_42703855,Document,PubMed
1187,PUBMED_42788577,Document,PubMed
1188,PUBMED_42765068,Document,PubMed
1189,PUBMED_42762637,Document,PubMed
1190,Chicago,Location,PubMed
1191,May-December 2025,Date,PubMed
1192,January-December 2025,Date,PubMed
1193,-months,Date,PubMed
1194,month,Date,PubMed
1195,PUBMED_42784792,Document,PubMed
1196,PUBMED_42689826,Document,PubMed
1197,3583,Date,PubMed
1198,Xinyang,Location,PubMed
1199,2010-2022,Date,PubMed
1200,SFTS,Location,PubMed
1201,PUBMED_42672081,Document,PubMed
1202,between 2012 and 2022,Date,PubMed
1203,1692-1941,Date,PubMed
1204,PUBMED_42702625,Document,PubMed
1205,Ebolavirus,Location,PubMed
1206,PUBMED_42733675,Document,PubMed
1207,2020-2026,Date,PubMed
1208,fungus,Pathogen,PubMed
1209,PUBMED_42685595,Document,PubMed
1210,Rwanda,Location,PubMed
1211,Eastern Province,Location,PubMed
1212,PUBMED_42727281,Document,PubMed
1213,PUBMED_42711057,Document,PubMed
1214,PUBMED_42772245,Document,PubMed
1215,PUBMED_42696215,Document,PubMed
1216,2003,Date,PubMed
1217,Nepal,Location,PubMed
1218,Rio de Janeiro,Location,PubMed
1219,as early as 2016,Date,PubMed
1220,PUBMED_42747542,Document,PubMed
1221,PUBMED_42777402,Document,PubMed
1222,PUBMED_42763351,Document,PubMed
1223,between 1990 and,Date,PubMed
1224,WHO_46,Document,WHO
1225,Poliomyelitis - Indonesia,Location,WHO
1226,West Java,Location,WHO
1227,Sumatra,Location,WHO
1228,31 May and 29 June,Date,WHO
1229,less than five years,Date,WHO
1230,26 June,Date,WHO
1231,August,Date,WHO
1232,PUBMED_42724587,Document,PubMed
1233,Burgundy,Location,PubMed
1234,spring 2023,Date,PubMed
1235,spring 2022,Date,PubMed
1236,autumn 2022,Date,PubMed
1237,PUBMED_42706992,Document,PubMed
1238,PUBMED_42746100,Document,PubMed
1239,Bubulcus,Location,PubMed
1240,the 1940s,Date,PubMed
1241,Zimbabwe,Location,PubMed
1242,Namibia,Location,PubMed
1243,the past three decades,Date,PubMed
1244,1987-1991,Date,PubMed
1245,Zambia,Location,PubMed
1246,PUBMED_42736213,Document,PubMed
1247,2021 to 2024,Date,PubMed
1248,subsp,Location,PubMed
1249,sul2,Location,PubMed
1250,PUBMED_42776647,Document,PubMed
1251,Symptom Profiles,Location,PubMed
1252,U.S.,Location,PubMed
1253,early 2026,Date,PubMed
1254,six years,Date,PubMed
1255,Great Lakes,Location,PubMed
1256,PUBMED_42779237,Document,PubMed
1257,Oncomelania,Location,PubMed
1258,PUBMED_42733759,Document,PubMed
1259,2026-2035,Date,PubMed
1260,ten years,Date,PubMed
1261,PUBMED_42764973,Document,PubMed
1262,Province,Location,PubMed
1263,between June and August 2025,Date,PubMed
1264,Hb concentration,Location,PubMed
1265,PUBMED_42780870,Document,PubMed
1266,January 2016,Date,PubMed
1267,Enterococcus spp.,Location,PubMed
1268,PUBMED_42686042,Document,PubMed
1269,West Africa,Location,PubMed
1270,"January 1, 2010",Date,PubMed
1271,"December 20, 2025",Date,PubMed
1272,CI,Location,PubMed
1273,8,Date,PubMed
1274,PUBMED_42703547,Document,PubMed
1275,PUBMED_42787463,Document,PubMed
1276,Lilongwe District,Location,PubMed
1277,20.8,Date,PubMed
1278,PUBMED_42781381,Document,PubMed
1279,Machakos County,Location,PubMed
1280,Toxocara spp,Location,PubMed
1281,PUBMED_42719521,Document,PubMed
1282,"June 30, 2025",Date,PubMed
1283,I2 96.10,Date,PubMed
1284,PUBMED_42779236,Document,PubMed
1285,PUBMED_42763008,Document,PubMed
1286,Qinghai Province,Location,PubMed
1287,PUBMED_42779245,Document,2026
1288,PUBMED_42700684,Document,PubMed
1289,Kashgar,Location,PubMed
1290,PUBMED_42772849,Document,PubMed
1291,the weeks,Date,PubMed
1292,PUBMED_42785458,Document,PubMed
1293,seasonally,Date,PubMed
1294,PUBMED_42674071,Document,PubMed
1295,each month,Date,PubMed
1296,PUBMED_42679575,Document,PubMed
1297,400-1800,Date,PubMed
1298,PUBMED_42683173,Document,PubMed
1299,52-year-old,Date,PubMed
1300,64-year-old,Date,PubMed
1301,PUBMED_42749686,Document,PubMed
1302,PUBMED_42726526,Document,PubMed
1303,PUBMED_42780858,Document,PubMed
1304,1967-97,Date,PubMed
1305,1967-76,Date,PubMed
1306,1976-88,Date,PubMed
1307,1984-96)-each,Date,PubMed
1308,PUBMED_42764265,Document,PubMed
1309,PUBMED_42765083,Document,PubMed
1310,PUBMED_42780686,Document,PubMed
1311,2018,Date,PubMed
1312,PUBMED_42680313,Document,PubMed
1313,PUBMED_42773470,Document,PubMed
1314,Sweden,Location,PubMed
1315,between 2015 and 2021,Date,PubMed
1316,2019-2020,Date,PubMed
1317,longer than one month,Date,PubMed
1318,PUBMED_42672097,Document,PubMed
1319,9 weeks,Date,PubMed
1320,PUBMED_42725043,Document,PubMed
1321,sars-cov-2,Pathogen,PubMed
1322,PUBMED_42703479,Document,PubMed
1323,1:1024,Date,PubMed
1324,age 56,Date,PubMed
1325,99 days,Date,PubMed
1326,11.4 days,Date,PubMed
1327,14,Date,PubMed
1328,25,Date,PubMed
1329,PUBMED_42712699,Document,PubMed
1330,PUBMED_42696224,Document,PubMed
1331,7 July 2026,Date,PubMed
1332,PUBMED_42751066,Document,PubMed
1333,September to December 2021,Date,PubMed
1334,the day,Date,PubMed
1335,the preceding 14 days,Date,PubMed
1336,PUBMED_42766177,Document,PubMed
1337,the past 20 years,Date,PubMed
1338,PUBMED_42741289,Document,PubMed
1339,2013-2023,Date,PubMed
1340,PUBMED_42765042,Document,PubMed
1341,PUBMED_42723767,Document,PubMed
1342,PUBMED_42730521,Document,PubMed
1343,PUBMED_42781536,Document,PubMed
1344,2000-2025,Date,PubMed
1345,September 2025,Date,PubMed
1346,PUBMED_42745448,Document,PubMed
1347,Guayas Province,Location,PubMed
1348,between October 2020,Date,PubMed
1349,May 2024,Date,PubMed
1350,PUBMED_42684511,Document,PubMed
1351,full-year,Date,PubMed
1352,Taihu,Location,PubMed
1353,2023-2025,Date,PubMed
1354,PUBMED_42685734,Document,PubMed
1355,PUBMED_42711694,Document,PubMed
1356,Egypt,Location,PubMed
1357,Upper,Location,PubMed
1358,Lower Egypt,Location,PubMed
1359,between January and December 2023,Date,PubMed
1360,Upper Egypt,Location,PubMed
1361,PUBMED_42730531,Document,PubMed
1362,Leptospira spp.,Location,PubMed
1363,Guadalupe Island,Location,PubMed
1364,Mexico,Location,PubMed
1365,Arctocephalus,Location,PubMed
1366,"2016, 2017",Date,PubMed
1367,17/129,Date,PubMed
1368,PUBMED_42738480,Document,PubMed
1369,Portugal,Location,PubMed
1370,2678,Date,PubMed
1371,May 2022,Date,PubMed
1372,December 2024,Date,PubMed
1373,PUBMED_42772043,Document,PubMed
1374,2002-2026,Date,PubMed
1375,"April 27, 2026",Date,PubMed
1376,PUBMED_42713702,Document,PubMed
1377,Cattle,Location,PubMed
1378,PUBMED_42762776,Document,PubMed
1379,Sertoli,Location,PubMed
1380,1458,Date,PubMed
1381,PUBMED_42753832,Document,PubMed
1382,PUBMED_42711753,Document,PubMed
1383,Cu,Location,PubMed
1384,Pd,Location,PubMed
1385,PUBMED_42699671,Document,PubMed
1386,2020-2025,Date,PubMed
1387,six-year,Date,PubMed
1388,PUBMED_42780280,Document,PubMed
1389,"tetA, qnrS",Date,PubMed
1390,PUBMED_42723374,Document,PubMed
1391,Dodoma Region,Location,PubMed
1392,Tanzania,Location,PubMed
1393,7.162 years,Date,PubMed
1394,Dodoma,Location,PubMed
1395,PUBMED_42787101,Document,PubMed
1396,PUBMED_42785551,Document,PubMed
1397,under 5 years,Date,PubMed
1398,under five years,Date,PubMed
1399,0-5 years,Date,PubMed
1400,between 2012 and 2023,Date,PubMed
1401,2012-2017,Date,PubMed
1402,2018-2023,Date,PubMed
1403,87,Date,PubMed
1404,5-18 years,Date,PubMed
1405,PUBMED_42728309,Document,PubMed
1406,Shenzhen,Location,PubMed
1407,PUBMED_42717797,Document,PubMed
1408,2548,Date,PubMed
1409,between 2022 and 2026,Date,PubMed
1410,Hardjo,Location,PubMed
1411,PUBMED_42699664,Document,PubMed
1412,Marsabit,Location,PubMed
1413,Baringo,Location,PubMed
1414,Samburu,Location,PubMed
1415,Nairobi,Location,PubMed
1416,PUBMED_42754328,Document,PubMed
1417,Denpasar,Location,PubMed
1418,Bali,Location,PubMed
1419,PUBMED_42686722,Document,PubMed
1420,hydroxyl,Location,PubMed
1421,PUBMED_42757101,Document,PubMed
1422,2021-2024,Date,PubMed
1423,March 2021 to June 2024,Date,PubMed
1424,40 months,Date,PubMed
1425,quarterly,Date,PubMed
1426,the four years,Date,PubMed
1427,2989,Date,PubMed
1428,the dry season,Date,PubMed
1429,PUBMED_42776928,Document,PubMed
1430,2022-2025,Date,PubMed
1431,February 2022,Date,PubMed
1432,January 2022 to January 2026,Date,PubMed
1433,early 2022,Date,PubMed
1434,summer 2022,Date,PubMed
1435,geese,Location,PubMed
1436,turkey,Location,PubMed
1437,fall-winter 2025,Date,PubMed
1438,PUBMED_42780240,Document,PubMed
1439,PUBMED_42676235,Document,PubMed
1440,PUBMED_42743976,Document,PubMed
1441,65 years,Date,PubMed
1442,2010-2021,Date,PubMed
1443,30 days,Date,PubMed
1444,PUBMED_42775180,Document,PubMed
1445,States,Location,PubMed
1446,2023-24,Date,PubMed
1447,CUBI,Location,PubMed
1448,PUBMED_42787989,Document,PubMed
1449,1194,Date,PubMed
1450,between 2021 and 2024,Date,PubMed
1451,PUBMED_42772696,Document,PubMed
1452,June 2025,Date,PubMed
1453,PUBMED_42698703,Document,PubMed
1454,Libya,Location,PubMed
1455,Tripoli,Location,PubMed
1456,23 to 25,Date,PubMed
1457,February 2025,Date,PubMed
1458,three days,Date,PubMed
1459,three months,Date,PubMed
1460,PUBMED_42770068,Document,PubMed
1461,the WHO African Region,Location,PubMed
1462,2015-2026,Date,PubMed
1463,PUBMED_42725038,Document,PubMed
1464,PUBMED_42705418,Document,PubMed
1465,Streptococcus,Location,PubMed
1466,52 year old,Date,PubMed
1467,PUBMED_42686580,Document,PubMed
1468,12-month,Date,PubMed
1469,24 months,Date,PubMed
1470,PUBMED_42686664,Document,PubMed
1471,PUBMED_42773725,Document,PubMed
1472,1960,Date,PubMed
1473,the 1980s,Date,PubMed
1474,PUBMED_42679051,Document,PubMed
1475,Wales,Location,PubMed
1476,PUBMED_42787270,Document,PubMed
1477,Tiruvallur District,Location,PubMed
1478,over 2 years,Date,PubMed
1479,PUBMED_42718589,Document,PubMed
1480,West Africa's,Location,PubMed
1481,PUBMED_42744055,Document,PubMed
1482,2020-2026)n,Date,PubMed
1483,PUBMED_42687317,Document,PubMed
1484,ZnO,Location,PubMed
1485,PUBMED_42677955,Document,PubMed
1486,PUBMED_42741807,Document,PubMed
1487,H2O2,Location,PubMed
1488,PUBMED_42715748,Document,PubMed
1489,PUBMED_42715281,Document,PubMed
1490,2002,Date,PubMed
1491,the Democratic Republic of the 001 Congo,Location,PubMed
1492,1970,Date,PubMed
1493,2002-2022,Date,PubMed
1494,Between 2002,Date,PubMed
1495,the beginning of the year,Date,PubMed
1496,mid-year,Date,PubMed
1497,May-July,Date,PubMed
1498,2018-2022,Date,PubMed
1499,PUBMED_42694085,Document,PubMed
1500,PUBMED_42766132,Document,PubMed
1501,Heidelberg,Location,PubMed
1502,This year,Date,PubMed
1503,PUBMED_42682386,Document,PubMed
1504,PUBMED_42737978,Document,PubMed
1505,PUBMED_42671719,Document,PubMed
1506,Fortaleza,Location,PubMed
1507,November 2021 to November 2023,Date,PubMed
1508,December 2021,Date,PubMed
1509,January 2022,Date,PubMed
1510,late 2022,Date,PubMed
1511,PUBMED_42738562,Document,PubMed
1512,between 1963 and 2025,Date,PubMed
1513,1731,Date,PubMed
1514,15-20 years,Date,PubMed
1515,PUBMED_42764260,Document,PubMed
1516,14 days,Date,PubMed
1517,prior-day,Date,PubMed
1518,next-day,Date,PubMed
1519,PUBMED_42750927,Document,PubMed
1520,the end of 2025,Date,PubMed
1521,the first four weeks of 2026,Date,PubMed
1522,cholera,Disease,PubMed
1523,measles,Disease,PubMed
1524,PUBMED_42752813,Document,PubMed
1525,blaKPC-2,Location,PubMed
1526,ST773,Location,PubMed
1527,PUBMED_42778602,Document,PubMed
1528,PUBMED_42707105,Document,PubMed
1529,PUBMED_42687962,Document,PubMed
1530,Staines,Location,PubMed
1531,PUBMED_42742206,Document,PubMed
1532,PUBMED_42678954,Document,PubMed
1533,PUBMED_42744156,Document,PubMed
1534,PUBMED_42774761,Document,PubMed
1535,24,Date,PubMed
1536,PUBMED_42691279,Document,PubMed
1537,PUBMED_42778949,Document,PubMed
1538,1903,Date,PubMed
1539,s.s.,Location,PubMed
1540,1804,Date,PubMed
1541,two consecutive seasons,Date,PubMed
1542,North-East Germany,Location,PubMed
1543,PUBMED_42685544,Document,PubMed
1544,Tapaj,Location,PubMed
1545,between 1990 and 2026,Date,PubMed
1546,Hg,Location,PubMed
1547,the Faroe Islands,Location,PubMed
1548,PUBMED_42717344,Document,PubMed
1549,Armenia,Location,PubMed
1550,Transcaucasia,Location,PubMed
1551,Between August 2024 and March 2026,Date,PubMed
1552,Anaplasma,Location,PubMed
1553,Theileria,Location,PubMed
1554,PUBMED_42762379,Document,PubMed
1555,PUBMED_42784359,Document,PubMed
1556,2009-2019,Date,PubMed
1557,2009,Date,PubMed
1558,Manhyia,Location,PubMed
1559,two days,Date,PubMed
1560,about fourteen days,Date,PubMed
1561,between 2010 and 2013,Date,PubMed
1562,November,Date,PubMed
1563,a year,Date,PubMed
1564,PUBMED_42680057,Document,PubMed
1565,Blastocystis,Location,PubMed
1566,PUBMED_42684862,Document,PubMed
1567,Nanopore,Location,PubMed
1568,2.03 10 to 6.36 10,Date,PubMed
1569,PUBMED_42676817,Document,PubMed
1570,Zr,Location,PubMed
1571,PUBMED_42775161,Document,PubMed
1572,April 2024,Date,PubMed
1573,PUBMED_42748132,Document,PubMed
1574,the year 2100,Date,PubMed
1575,Romania,Location,PubMed
1576,spring,Date,PubMed
1577,autumn,Date,PubMed
1578,PUBMED_42787100,Document,PubMed
1579,PUBMED_42778010,Document,PubMed
1580,PUBMED_42785357,Document,PubMed
1581,PUBMED_42726894,Document,PubMed
1582,three years,Date,PubMed
1583,"2019, 2021,",Date,PubMed
1584,TcV,Location,PubMed
1585,Chagas,Location,PubMed
1586,PUBMED_42712876,Document,PubMed
1587,PUBMED_42788643,Document,PubMed
1588,Wetland,Location,PubMed
1589,Ji'an,Location,PubMed
1590,WHO_18,Document,2024-03-12T22:25:16Z
1591,PUBMED_42745009,Document,PubMed
1592,PUBMED_42745852,Document,PubMed
1593,December 2024 to April 2025,Date,PubMed
1594,PUBMED_42782622,Document,PubMed
1595,10-day,Date,PubMed
1596,PUBMED_42749218,Document,PubMed
1597,PUBMED_42737474,Document,PubMed
1598,Andhra Pradesh,Location,PubMed
1599,armA,Location,PubMed
1600,PUBMED_42721558,Document,PubMed
1601,Newport ST164,Location,PubMed
1602,4544,Date,PubMed
1603,PUBMED_42693390,Document,PubMed
1604,2014-2025 Case Series,Date,PubMed
1605,between January 2014,Date,PubMed
1606,LILACS,Location,PubMed
1607,PUBMED_42744328,Document,PubMed
1608,200-year,Date,PubMed
1609,PUBMED_42706680,Document,PubMed
1610,same-day,Date,PubMed
1611,N 50,Date,PubMed
1612,PUBMED_42753710,Document,PubMed
1613,PUBMED_42708070,Document,PubMed
1614,the 1930s,Date,PubMed
1615,PUBMED_42767655,Document,PubMed
1616,Vulpes,Location,PubMed
1617,PUBMED_42754308,Document,PubMed
1618,PUBMED_42742778,Document,PubMed
1619,Aeromonas spp.,Location,PubMed
1620,PUBMED_42750694,Document,PubMed
