source,target,relationship
1,2,MENTIONS_LOCATION
1,3,HAS_DATE
1,4,MENTIONS_DISEASE
1,5,MENTIONS_DISEASE
1,6,MENTIONS_PATHOGEN
1,7,MENTIONS_PATHOGEN
1,8,MENTIONS_PATHOGEN
1,9,MENTIONS_ANIMAL
1,10,MENTIONS_ANIMAL
1,11,MENTIONS_ANIMAL
1,12,MENTIONS_ANIMAL
13,2,MENTIONS_LOCATION
13,14,HAS_DATE
13,4,MENTIONS_DISEASE
13,5,MENTIONS_DISEASE
13,6,MENTIONS_PATHOGEN
13,7,MENTIONS_PATHOGEN
13,8,MENTIONS_PATHOGEN
13,9,MENTIONS_ANIMAL
13,12,MENTIONS_ANIMAL
15,16,MENTIONS_LOCATION
15,17,HAS_DATE
15,18,HAS_DATE
15,19,HAS_DATE
15,6,MENTIONS_PATHOGEN
20,21,HAS_DATE
20,22,HAS_DATE
20,23,MENTIONS_DISEASE
20,6,MENTIONS_PATHOGEN
20,24,MENTIONS_PATHOGEN
20,12,MENTIONS_ANIMAL
25,26,MENTIONS_LOCATION
25,4,MENTIONS_DISEASE
25,5,MENTIONS_DISEASE
25,6,MENTIONS_PATHOGEN
25,7,MENTIONS_PATHOGEN
25,8,MENTIONS_PATHOGEN
25,27,MENTIONS_ANIMAL
25,28,MENTIONS_ANIMAL
25,12,MENTIONS_ANIMAL
29,30,MENTIONS_LOCATION
29,22,HAS_DATE
29,4,MENTIONS_DISEASE
29,5,MENTIONS_DISEASE
29,6,MENTIONS_PATHOGEN
29,8,MENTIONS_PATHOGEN
29,27,MENTIONS_ANIMAL
29,28,MENTIONS_ANIMAL
29,9,MENTIONS_ANIMAL
31,26,MENTIONS_LOCATION
31,32,HAS_DATE
31,4,MENTIONS_DISEASE
31,5,MENTIONS_DISEASE
31,6,MENTIONS_PATHOGEN
31,7,MENTIONS_PATHOGEN
31,8,MENTIONS_PATHOGEN
31,9,MENTIONS_ANIMAL
33,34,MENTIONS_LOCATION
33,35,HAS_DATE
36,26,MENTIONS_LOCATION
36,3,HAS_DATE
36,4,MENTIONS_DISEASE
36,5,MENTIONS_DISEASE
36,6,MENTIONS_PATHOGEN
36,7,MENTIONS_PATHOGEN
36,8,MENTIONS_PATHOGEN
37,26,MENTIONS_LOCATION
37,18,HAS_DATE
38,39,HAS_DATE
40,18,HAS_DATE
40,41,MENTIONS_DISEASE
40,12,MENTIONS_ANIMAL
42,43,MENTIONS_LOCATION
42,44,HAS_DATE
42,39,HAS_DATE
42,14,HAS_DATE
42,6,MENTIONS_PATHOGEN
42,12,MENTIONS_ANIMAL
45,26,MENTIONS_LOCATION
45,46,HAS_DATE
45,22,HAS_DATE
45,23,MENTIONS_DISEASE
45,6,MENTIONS_PATHOGEN
45,24,MENTIONS_PATHOGEN
47,43,MENTIONS_LOCATION
47,35,HAS_DATE
47,39,HAS_DATE
47,12,MENTIONS_ANIMAL
48,49,HAS_DATE
48,50,HAS_DATE
48,6,MENTIONS_PATHOGEN
51,2,MENTIONS_LOCATION
51,52,HAS_DATE
51,4,MENTIONS_DISEASE
51,5,MENTIONS_DISEASE
51,6,MENTIONS_PATHOGEN
51,8,MENTIONS_PATHOGEN
51,27,MENTIONS_ANIMAL
51,28,MENTIONS_ANIMAL
53,54,HAS_DATE
53,32,HAS_DATE
53,55,MENTIONS_DISEASE
53,12,MENTIONS_ANIMAL
56,21,HAS_DATE
56,6,MENTIONS_PATHOGEN
56,12,MENTIONS_ANIMAL
57,30,MENTIONS_LOCATION
57,44,HAS_DATE
57,4,MENTIONS_DISEASE
57,5,MENTIONS_DISEASE
57,6,MENTIONS_PATHOGEN
57,7,MENTIONS_PATHOGEN
57,8,MENTIONS_PATHOGEN
57,10,MENTIONS_ANIMAL
58,43,MENTIONS_LOCATION
58,22,HAS_DATE
58,59,MENTIONS_DISEASE
58,6,MENTIONS_PATHOGEN
58,60,MENTIONS_ANIMAL
58,61,MENTIONS_ANIMAL
58,12,MENTIONS_ANIMAL
58,62,MENTIONS_ANIMAL
58,63,MENTIONS_ANIMAL
58,64,MENTIONS_ANIMAL
65,50,HAS_DATE
65,23,MENTIONS_DISEASE
65,6,MENTIONS_PATHOGEN
65,24,MENTIONS_PATHOGEN
66,26,MENTIONS_LOCATION
66,21,HAS_DATE
66,4,MENTIONS_DISEASE
66,5,MENTIONS_DISEASE
66,6,MENTIONS_PATHOGEN
66,67,MENTIONS_PATHOGEN
66,9,MENTIONS_ANIMAL
66,12,MENTIONS_ANIMAL
68,69,HAS_DATE
68,59,MENTIONS_DISEASE
70,49,HAS_DATE
70,32,HAS_DATE
70,22,HAS_DATE
70,23,MENTIONS_DISEASE
70,6,MENTIONS_PATHOGEN
70,24,MENTIONS_PATHOGEN
71,72,HAS_DATE
71,73,HAS_DATE
71,22,HAS_DATE
71,21,HAS_DATE
71,23,MENTIONS_DISEASE
71,6,MENTIONS_PATHOGEN
71,24,MENTIONS_PATHOGEN
74,75,MENTIONS_LOCATION
74,26,MENTIONS_LOCATION
74,2,MENTIONS_LOCATION
74,30,MENTIONS_LOCATION
74,76,MENTIONS_LOCATION
74,77,MENTIONS_LOCATION
74,78,MENTIONS_LOCATION
74,79,MENTIONS_LOCATION
74,34,MENTIONS_LOCATION
74,43,MENTIONS_LOCATION
74,32,HAS_DATE
74,14,HAS_DATE
74,4,MENTIONS_DISEASE
80,26,MENTIONS_LOCATION
80,81,HAS_DATE
80,4,MENTIONS_DISEASE
80,5,MENTIONS_DISEASE
80,6,MENTIONS_PATHOGEN
80,7,MENTIONS_PATHOGEN
80,27,MENTIONS_ANIMAL
80,9,MENTIONS_ANIMAL
82,34,MENTIONS_LOCATION
82,83,HAS_DATE
82,23,MENTIONS_DISEASE
82,6,MENTIONS_PATHOGEN
82,24,MENTIONS_PATHOGEN
82,12,MENTIONS_ANIMAL
84,52,HAS_DATE
84,32,HAS_DATE
84,3,HAS_DATE
84,6,MENTIONS_PATHOGEN
84,12,MENTIONS_ANIMAL
85,86,HAS_DATE
85,87,HAS_DATE
85,88,MENTIONS_DISEASE
89,19,HAS_DATE
89,6,MENTIONS_PATHOGEN
90,34,MENTIONS_LOCATION
90,91,MENTIONS_LOCATION
90,83,HAS_DATE
90,6,MENTIONS_PATHOGEN
92,43,MENTIONS_LOCATION
92,83,HAS_DATE
92,59,MENTIONS_DISEASE
92,6,MENTIONS_PATHOGEN
92,12,MENTIONS_ANIMAL
93,94,HAS_DATE
93,41,MENTIONS_DISEASE
95,86,HAS_DATE
95,69,HAS_DATE
95,12,MENTIONS_ANIMAL
96,30,MENTIONS_LOCATION
96,52,HAS_DATE
96,4,MENTIONS_DISEASE
96,5,MENTIONS_DISEASE
96,8,MENTIONS_PATHOGEN
96,9,MENTIONS_ANIMAL
96,12,MENTIONS_ANIMAL
97,16,MENTIONS_LOCATION
97,43,MENTIONS_LOCATION
97,21,HAS_DATE
97,98,HAS_DATE
97,99,HAS_DATE
97,94,HAS_DATE
97,6,MENTIONS_PATHOGEN
97,12,MENTIONS_ANIMAL
100,26,MENTIONS_LOCATION
100,54,HAS_DATE
100,12,MENTIONS_ANIMAL
101,26,MENTIONS_LOCATION
101,83,HAS_DATE
101,32,HAS_DATE
101,4,MENTIONS_DISEASE
101,5,MENTIONS_DISEASE
101,6,MENTIONS_PATHOGEN
101,7,MENTIONS_PATHOGEN
101,67,MENTIONS_PATHOGEN
101,27,MENTIONS_ANIMAL
101,9,MENTIONS_ANIMAL
101,12,MENTIONS_ANIMAL
102,103,HAS_DATE
102,81,HAS_DATE
102,18,HAS_DATE
102,4,MENTIONS_DISEASE
102,5,MENTIONS_DISEASE
102,6,MENTIONS_PATHOGEN
102,7,MENTIONS_PATHOGEN
102,8,MENTIONS_PATHOGEN
102,27,MENTIONS_ANIMAL
102,28,MENTIONS_ANIMAL
102,9,MENTIONS_ANIMAL
102,10,MENTIONS_ANIMAL
102,104,MENTIONS_ANIMAL
102,12,MENTIONS_ANIMAL
105,54,HAS_DATE
105,4,MENTIONS_DISEASE
105,5,MENTIONS_DISEASE
105,8,MENTIONS_PATHOGEN
105,9,MENTIONS_ANIMAL
106,26,MENTIONS_LOCATION
106,18,HAS_DATE
106,60,MENTIONS_ANIMAL
107,26,MENTIONS_LOCATION
107,54,HAS_DATE
107,18,HAS_DATE
107,23,MENTIONS_DISEASE
107,6,MENTIONS_PATHOGEN
107,24,MENTIONS_PATHOGEN
107,60,MENTIONS_ANIMAL
108,109,HAS_DATE
108,59,MENTIONS_DISEASE
108,6,MENTIONS_PATHOGEN
108,60,MENTIONS_ANIMAL
108,12,MENTIONS_ANIMAL
110,30,MENTIONS_LOCATION
111,75,MENTIONS_LOCATION
111,77,MENTIONS_LOCATION
111,72,HAS_DATE
111,81,HAS_DATE
111,112,HAS_DATE
111,73,HAS_DATE
111,113,MENTIONS_DISEASE
111,114,MENTIONS_DISEASE
111,115,MENTIONS_DISEASE
111,6,MENTIONS_PATHOGEN
111,12,MENTIONS_ANIMAL
116,22,HAS_DATE
116,59,MENTIONS_DISEASE
116,6,MENTIONS_PATHOGEN
117,87,HAS_DATE
117,41,MENTIONS_DISEASE
118,43,MENTIONS_LOCATION
118,83,HAS_DATE
118,88,MENTIONS_DISEASE
118,59,MENTIONS_DISEASE
118,6,MENTIONS_PATHOGEN
118,12,MENTIONS_ANIMAL
119,76,MENTIONS_LOCATION
119,103,HAS_DATE
119,120,MENTIONS_DISEASE
119,12,MENTIONS_ANIMAL
121,12,MENTIONS_ANIMAL
122,123,HAS_DATE
122,81,HAS_DATE
122,44,HAS_DATE
122,50,HAS_DATE
122,49,HAS_DATE
122,109,HAS_DATE
122,6,MENTIONS_PATHOGEN
122,12,MENTIONS_ANIMAL
122,124,MENTIONS_ANIMAL
125,103,HAS_DATE
125,109,HAS_DATE
125,126,MENTIONS_ANIMAL
125,12,MENTIONS_ANIMAL
127,12,MENTIONS_ANIMAL
128,6,MENTIONS_PATHOGEN
128,12,MENTIONS_ANIMAL
129,130,HAS_DATE
131,26,MENTIONS_LOCATION
131,6,MENTIONS_PATHOGEN
132,12,MENTIONS_ANIMAL
133,79,MENTIONS_LOCATION
133,134,MENTIONS_PATHOGEN
133,126,MENTIONS_ANIMAL
133,135,MENTIONS_ANIMAL
136,79,MENTIONS_LOCATION
136,137,MENTIONS_DISEASE
138,26,MENTIONS_LOCATION
138,17,HAS_DATE
138,81,HAS_DATE
138,73,HAS_DATE
138,112,HAS_DATE
138,139,MENTIONS_PATHOGEN
138,12,MENTIONS_ANIMAL
138,62,MENTIONS_ANIMAL
140,73,HAS_DATE
140,103,HAS_DATE
140,134,MENTIONS_PATHOGEN
140,126,MENTIONS_ANIMAL
140,135,MENTIONS_ANIMAL
140,12,MENTIONS_ANIMAL
140,141,MENTIONS_ANIMAL
142,143,HAS_DATE
142,12,MENTIONS_ANIMAL
142,62,MENTIONS_ANIMAL
142,63,MENTIONS_ANIMAL
144,12,MENTIONS_ANIMAL
145,43,MENTIONS_LOCATION
145,134,MENTIONS_PATHOGEN
145,63,MENTIONS_ANIMAL
145,64,MENTIONS_ANIMAL
146,43,MENTIONS_LOCATION
146,137,MENTIONS_DISEASE
146,147,MENTIONS_PATHOGEN
146,62,MENTIONS_ANIMAL
148,44,HAS_DATE
148,50,HAS_DATE
149,103,HAS_DATE
149,4,MENTIONS_DISEASE
149,5,MENTIONS_DISEASE
149,6,MENTIONS_PATHOGEN
149,8,MENTIONS_PATHOGEN
149,27,MENTIONS_ANIMAL
149,28,MENTIONS_ANIMAL
149,9,MENTIONS_ANIMAL
149,11,MENTIONS_ANIMAL
149,12,MENTIONS_ANIMAL
150,43,MENTIONS_LOCATION
150,139,MENTIONS_PATHOGEN
150,151,MENTIONS_ANIMAL
150,60,MENTIONS_ANIMAL
150,12,MENTIONS_ANIMAL
150,152,MENTIONS_ANIMAL
150,62,MENTIONS_ANIMAL
153,75,MENTIONS_LOCATION
153,154,MENTIONS_LOCATION
153,6,MENTIONS_PATHOGEN
153,9,MENTIONS_ANIMAL
153,104,MENTIONS_ANIMAL
153,12,MENTIONS_ANIMAL
153,152,MENTIONS_ANIMAL
153,62,MENTIONS_ANIMAL
153,155,MENTIONS_ANIMAL
153,156,MENTIONS_ANIMAL
158,139,MENTIONS_PATHOGEN
158,12,MENTIONS_ANIMAL
159,43,MENTIONS_LOCATION
159,62,MENTIONS_ANIMAL
159,63,MENTIONS_ANIMAL
160,26,MENTIONS_LOCATION
160,112,HAS_DATE
160,109,HAS_DATE
160,72,HAS_DATE
160,4,MENTIONS_DISEASE
160,5,MENTIONS_DISEASE
160,6,MENTIONS_PATHOGEN
160,7,MENTIONS_PATHOGEN
160,9,MENTIONS_ANIMAL
161,12,MENTIONS_ANIMAL
161,152,MENTIONS_ANIMAL
161,62,MENTIONS_ANIMAL
162,12,MENTIONS_ANIMAL
163,164,HAS_DATE
163,103,HAS_DATE
163,134,MENTIONS_PATHOGEN
163,126,MENTIONS_ANIMAL
163,135,MENTIONS_ANIMAL
163,12,MENTIONS_ANIMAL
163,63,MENTIONS_ANIMAL
163,165,MENTIONS_ANIMAL
166,22,HAS_DATE
166,81,HAS_DATE
166,50,HAS_DATE
166,49,HAS_DATE
166,12,MENTIONS_ANIMAL
167,151,MENTIONS_ANIMAL
167,12,MENTIONS_ANIMAL
168,151,MENTIONS_ANIMAL
168,12,MENTIONS_ANIMAL
168,63,MENTIONS_ANIMAL
168,165,MENTIONS_ANIMAL
169,130,HAS_DATE
169,126,MENTIONS_ANIMAL
169,135,MENTIONS_ANIMAL
169,12,MENTIONS_ANIMAL
171,43,MENTIONS_LOCATION
171,134,MENTIONS_PATHOGEN
171,12,MENTIONS_ANIMAL
171,155,MENTIONS_ANIMAL
172,43,MENTIONS_LOCATION
172,14,HAS_DATE
172,17,HAS_DATE
172,44,HAS_DATE
172,21,HAS_DATE
172,173,MENTIONS_DISEASE
172,126,MENTIONS_ANIMAL
172,135,MENTIONS_ANIMAL
172,12,MENTIONS_ANIMAL
172,62,MENTIONS_ANIMAL
172,64,MENTIONS_ANIMAL
174,143,HAS_DATE
174,103,HAS_DATE
174,112,HAS_DATE
174,73,HAS_DATE
174,72,HAS_DATE
174,120,MENTIONS_DISEASE
174,12,MENTIONS_ANIMAL
174,62,MENTIONS_ANIMAL
175,176,MENTIONS_DISEASE
175,88,MENTIONS_DISEASE
175,60,MENTIONS_ANIMAL
175,12,MENTIONS_ANIMAL
177,178,MENTIONS_PATHOGEN
177,12,MENTIONS_ANIMAL
179,109,HAS_DATE
179,60,MENTIONS_ANIMAL
180,151,MENTIONS_ANIMAL
180,12,MENTIONS_ANIMAL
181,12,MENTIONS_ANIMAL
182,130,HAS_DATE
183,43,MENTIONS_LOCATION
185,43,MENTIONS_LOCATION
185,39,HAS_DATE
185,109,HAS_DATE
185,12,MENTIONS_ANIMAL
186,134,MENTIONS_PATHOGEN
186,126,MENTIONS_ANIMAL
186,135,MENTIONS_ANIMAL
186,12,MENTIONS_ANIMAL
188,43,MENTIONS_LOCATION
188,130,HAS_DATE
188,189,MENTIONS_DISEASE
190,76,MENTIONS_LOCATION
190,19,HAS_DATE
190,109,HAS_DATE
190,12,MENTIONS_ANIMAL
191,192,HAS_DATE
191,193,HAS_DATE
191,194,HAS_DATE
191,173,MENTIONS_DISEASE
191,6,MENTIONS_PATHOGEN
191,126,MENTIONS_ANIMAL
191,12,MENTIONS_ANIMAL
191,63,MENTIONS_ANIMAL
195,3,HAS_DATE
195,81,HAS_DATE
195,196,HAS_DATE
195,72,HAS_DATE
195,113,MENTIONS_DISEASE
195,114,MENTIONS_DISEASE
195,173,MENTIONS_DISEASE
195,126,MENTIONS_ANIMAL
195,135,MENTIONS_ANIMAL
197,79,MENTIONS_LOCATION
197,49,HAS_DATE
197,109,HAS_DATE
197,12,MENTIONS_ANIMAL
198,199,MENTIONS_LOCATION
198,78,MENTIONS_LOCATION
200,137,MENTIONS_DISEASE
200,139,MENTIONS_PATHOGEN
200,147,MENTIONS_PATHOGEN
200,12,MENTIONS_ANIMAL
200,152,MENTIONS_ANIMAL
200,62,MENTIONS_ANIMAL
201,79,MENTIONS_LOCATION
201,151,MENTIONS_ANIMAL
201,104,MENTIONS_ANIMAL
201,12,MENTIONS_ANIMAL
202,26,MENTIONS_LOCATION
202,21,HAS_DATE
202,72,HAS_DATE
202,12,MENTIONS_ANIMAL
203,17,HAS_DATE
203,109,HAS_DATE
203,113,MENTIONS_DISEASE
203,114,MENTIONS_DISEASE
203,151,MENTIONS_ANIMAL
204,17,HAS_DATE
204,81,HAS_DATE
204,12,MENTIONS_ANIMAL
205,26,MENTIONS_LOCATION
205,206,HAS_DATE
205,12,MENTIONS_ANIMAL
205,62,MENTIONS_ANIMAL
205,63,MENTIONS_ANIMAL
207,126,MENTIONS_ANIMAL
207,135,MENTIONS_ANIMAL
207,12,MENTIONS_ANIMAL
207,141,MENTIONS_ANIMAL
208,26,MENTIONS_LOCATION
208,120,MENTIONS_DISEASE
208,12,MENTIONS_ANIMAL
209,26,MENTIONS_LOCATION
210,134,MENTIONS_PATHOGEN
210,12,MENTIONS_ANIMAL
210,141,MENTIONS_ANIMAL
210,62,MENTIONS_ANIMAL
211,26,MENTIONS_LOCATION
211,81,HAS_DATE
211,12,MENTIONS_ANIMAL
212,26,MENTIONS_LOCATION
212,81,HAS_DATE
212,22,HAS_DATE
212,19,HAS_DATE
212,73,HAS_DATE
212,206,HAS_DATE
212,126,MENTIONS_ANIMAL
212,135,MENTIONS_ANIMAL
212,124,MENTIONS_ANIMAL
212,213,MENTIONS_ANIMAL
214,215,HAS_DATE
214,12,MENTIONS_ANIMAL
216,176,MENTIONS_DISEASE
216,59,MENTIONS_DISEASE
216,217,MENTIONS_DISEASE
216,6,MENTIONS_PATHOGEN
216,12,MENTIONS_ANIMAL
216,62,MENTIONS_ANIMAL
216,63,MENTIONS_ANIMAL
218,130,HAS_DATE
218,19,HAS_DATE
218,12,MENTIONS_ANIMAL
219,75,MENTIONS_LOCATION
219,220,MENTIONS_LOCATION
219,103,HAS_DATE
219,173,MENTIONS_DISEASE
219,126,MENTIONS_ANIMAL
219,135,MENTIONS_ANIMAL
219,12,MENTIONS_ANIMAL
221,30,MENTIONS_LOCATION
221,134,MENTIONS_PATHOGEN
221,12,MENTIONS_ANIMAL
221,124,MENTIONS_ANIMAL
222,139,MENTIONS_PATHOGEN
222,12,MENTIONS_ANIMAL
223,130,HAS_DATE
223,178,MENTIONS_PATHOGEN
224,16,MENTIONS_LOCATION
224,120,MENTIONS_DISEASE
224,12,MENTIONS_ANIMAL
224,152,MENTIONS_ANIMAL
225,217,MENTIONS_DISEASE
225,226,MENTIONS_DISEASE
225,6,MENTIONS_PATHOGEN
225,12,MENTIONS_ANIMAL
225,227,MENTIONS_ANIMAL
228,112,HAS_DATE
228,12,MENTIONS_ANIMAL
229,72,HAS_DATE
229,109,HAS_DATE
229,130,HAS_DATE
229,4,MENTIONS_DISEASE
229,5,MENTIONS_DISEASE
229,8,MENTIONS_PATHOGEN
229,27,MENTIONS_ANIMAL
229,28,MENTIONS_ANIMAL
229,9,MENTIONS_ANIMAL
229,10,MENTIONS_ANIMAL
229,11,MENTIONS_ANIMAL
229,12,MENTIONS_ANIMAL
230,34,MENTIONS_LOCATION
230,32,HAS_DATE
230,103,HAS_DATE
230,130,HAS_DATE
230,6,MENTIONS_PATHOGEN
230,12,MENTIONS_ANIMAL
230,63,MENTIONS_ANIMAL
230,165,MENTIONS_ANIMAL
231,193,HAS_DATE
231,130,HAS_DATE
231,59,MENTIONS_DISEASE
231,6,MENTIONS_PATHOGEN
231,232,MENTIONS_PATHOGEN
231,12,MENTIONS_ANIMAL
233,81,HAS_DATE
233,109,HAS_DATE
233,147,MENTIONS_PATHOGEN
233,12,MENTIONS_ANIMAL
234,26,MENTIONS_LOCATION
234,81,HAS_DATE
234,103,HAS_DATE
234,55,MENTIONS_DISEASE
234,12,MENTIONS_ANIMAL
235,75,MENTIONS_LOCATION
235,220,MENTIONS_LOCATION
235,154,MENTIONS_LOCATION
235,236,MENTIONS_LOCATION
235,81,HAS_DATE
235,12,MENTIONS_ANIMAL
237,103,HAS_DATE
237,12,MENTIONS_ANIMAL
238,14,HAS_DATE
238,81,HAS_DATE
238,126,MENTIONS_ANIMAL
238,135,MENTIONS_ANIMAL
239,12,MENTIONS_ANIMAL
240,241,MENTIONS_LOCATION
240,18,HAS_DATE
240,103,HAS_DATE
240,6,MENTIONS_PATHOGEN
240,27,MENTIONS_ANIMAL
240,28,MENTIONS_ANIMAL
240,242,MENTIONS_ANIMAL
243,26,MENTIONS_LOCATION
243,91,MENTIONS_LOCATION
243,130,HAS_DATE
243,12,MENTIONS_ANIMAL
244,134,MENTIONS_PATHOGEN
244,60,MENTIONS_ANIMAL
244,12,MENTIONS_ANIMAL
244,242,MENTIONS_ANIMAL
245,241,MENTIONS_LOCATION
245,147,MENTIONS_PATHOGEN
246,26,MENTIONS_LOCATION
246,130,HAS_DATE
246,6,MENTIONS_PATHOGEN
246,124,MENTIONS_ANIMAL
247,43,MENTIONS_LOCATION
247,248,HAS_DATE
249,46,HAS_DATE
249,73,HAS_DATE
249,17,HAS_DATE
249,112,HAS_DATE
249,134,MENTIONS_PATHOGEN
249,62,MENTIONS_ANIMAL
249,63,MENTIONS_ANIMAL
250,27,MENTIONS_ANIMAL
250,28,MENTIONS_ANIMAL
250,12,MENTIONS_ANIMAL
250,141,MENTIONS_ANIMAL
250,152,MENTIONS_ANIMAL
250,155,MENTIONS_ANIMAL
250,156,MENTIONS_ANIMAL
251,12,MENTIONS_ANIMAL
252,6,MENTIONS_PATHOGEN
253,79,MENTIONS_LOCATION
253,109,HAS_DATE
254,241,MENTIONS_LOCATION
254,109,HAS_DATE
254,130,HAS_DATE
254,72,HAS_DATE
254,103,HAS_DATE
254,4,MENTIONS_DISEASE
254,5,MENTIONS_DISEASE
254,6,MENTIONS_PATHOGEN
254,7,MENTIONS_PATHOGEN
254,8,MENTIONS_PATHOGEN
254,27,MENTIONS_ANIMAL
254,28,MENTIONS_ANIMAL
254,9,MENTIONS_ANIMAL
254,10,MENTIONS_ANIMAL
254,11,MENTIONS_ANIMAL
255,12,MENTIONS_ANIMAL
256,94,HAS_DATE
256,130,HAS_DATE
256,112,HAS_DATE
256,12,MENTIONS_ANIMAL
256,242,MENTIONS_ANIMAL
257,26,MENTIONS_LOCATION
257,130,HAS_DATE
257,14,HAS_DATE
258,12,MENTIONS_ANIMAL
259,76,MENTIONS_LOCATION
259,260,MENTIONS_DISEASE
259,6,MENTIONS_PATHOGEN
259,60,MENTIONS_ANIMAL
259,64,MENTIONS_ANIMAL
261,12,MENTIONS_ANIMAL
262,79,MENTIONS_LOCATION
262,126,MENTIONS_ANIMAL
262,135,MENTIONS_ANIMAL
262,12,MENTIONS_ANIMAL
262,141,MENTIONS_ANIMAL
263,173,MENTIONS_DISEASE
263,6,MENTIONS_PATHOGEN
263,139,MENTIONS_PATHOGEN
263,12,MENTIONS_ANIMAL
264,62,MENTIONS_ANIMAL
264,63,MENTIONS_ANIMAL
265,12,MENTIONS_ANIMAL
266,12,MENTIONS_ANIMAL
267,43,MENTIONS_LOCATION
267,17,HAS_DATE
267,46,HAS_DATE
267,130,HAS_DATE
267,139,MENTIONS_PATHOGEN
268,6,MENTIONS_PATHOGEN
268,151,MENTIONS_ANIMAL
268,12,MENTIONS_ANIMAL
268,62,MENTIONS_ANIMAL
269,34,MENTIONS_LOCATION
269,270,HAS_DATE
269,109,HAS_DATE
269,113,MENTIONS_DISEASE
269,114,MENTIONS_DISEASE
271,43,MENTIONS_LOCATION
271,196,HAS_DATE
271,130,HAS_DATE
271,63,MENTIONS_ANIMAL
273,241,MENTIONS_LOCATION
273,44,HAS_DATE
273,49,HAS_DATE
273,23,MENTIONS_DISEASE
273,6,MENTIONS_PATHOGEN
273,24,MENTIONS_PATHOGEN
273,12,MENTIONS_ANIMAL
273,141,MENTIONS_ANIMAL
274,134,MENTIONS_PATHOGEN
274,151,MENTIONS_ANIMAL
274,12,MENTIONS_ANIMAL
274,62,MENTIONS_ANIMAL
274,156,MENTIONS_ANIMAL
274,63,MENTIONS_ANIMAL
275,26,MENTIONS_LOCATION
275,139,MENTIONS_PATHOGEN
275,12,MENTIONS_ANIMAL
275,242,MENTIONS_ANIMAL
275,63,MENTIONS_ANIMAL
276,14,HAS_DATE
276,81,HAS_DATE
276,126,MENTIONS_ANIMAL
276,12,MENTIONS_ANIMAL
277,81,HAS_DATE
277,130,HAS_DATE
277,139,MENTIONS_PATHOGEN
277,12,MENTIONS_ANIMAL
277,278,MENTIONS_ANIMAL
279,81,HAS_DATE
279,12,MENTIONS_ANIMAL
279,152,MENTIONS_ANIMAL
279,62,MENTIONS_ANIMAL
280,103,HAS_DATE
280,109,HAS_DATE
280,27,MENTIONS_ANIMAL
280,28,MENTIONS_ANIMAL
280,12,MENTIONS_ANIMAL
281,139,MENTIONS_PATHOGEN
281,126,MENTIONS_ANIMAL
281,12,MENTIONS_ANIMAL
282,139,MENTIONS_PATHOGEN
282,12,MENTIONS_ANIMAL
283,284,MENTIONS_DISEASE
283,6,MENTIONS_PATHOGEN
283,12,MENTIONS_ANIMAL
285,12,MENTIONS_ANIMAL
285,62,MENTIONS_ANIMAL
286,139,MENTIONS_PATHOGEN
286,60,MENTIONS_ANIMAL
286,12,MENTIONS_ANIMAL
287,137,MENTIONS_DISEASE
287,147,MENTIONS_PATHOGEN
287,60,MENTIONS_ANIMAL
287,12,MENTIONS_ANIMAL
287,62,MENTIONS_ANIMAL
288,289,HAS_DATE
288,72,HAS_DATE
290,32,HAS_DATE
290,81,HAS_DATE
291,26,MENTIONS_LOCATION
291,83,HAS_DATE
291,81,HAS_DATE
291,12,MENTIONS_ANIMAL
292,26,MENTIONS_LOCATION
292,143,HAS_DATE
292,72,HAS_DATE
292,12,MENTIONS_ANIMAL
293,104,MENTIONS_ANIMAL
294,139,MENTIONS_PATHOGEN
294,12,MENTIONS_ANIMAL
295,109,HAS_DATE
295,6,MENTIONS_PATHOGEN
295,60,MENTIONS_ANIMAL
295,126,MENTIONS_ANIMAL
295,12,MENTIONS_ANIMAL
295,141,MENTIONS_ANIMAL
296,109,HAS_DATE
296,120,MENTIONS_DISEASE
296,126,MENTIONS_ANIMAL
296,135,MENTIONS_ANIMAL
297,242,MENTIONS_ANIMAL
298,43,MENTIONS_LOCATION
298,139,MENTIONS_PATHOGEN
298,12,MENTIONS_ANIMAL
299,81,HAS_DATE
299,103,HAS_DATE
299,139,MENTIONS_PATHOGEN
299,12,MENTIONS_ANIMAL
299,141,MENTIONS_ANIMAL
301,78,MENTIONS_LOCATION
301,109,HAS_DATE
301,12,MENTIONS_ANIMAL
301,141,MENTIONS_ANIMAL
303,83,HAS_DATE
303,49,HAS_DATE
303,17,HAS_DATE
303,284,MENTIONS_DISEASE
303,6,MENTIONS_PATHOGEN
303,151,MENTIONS_ANIMAL
304,26,MENTIONS_LOCATION
304,139,MENTIONS_PATHOGEN
304,156,MENTIONS_ANIMAL
305,6,MENTIONS_PATHOGEN
305,126,MENTIONS_ANIMAL
305,12,MENTIONS_ANIMAL
306,34,MENTIONS_LOCATION
307,196,HAS_DATE
307,103,HAS_DATE
307,12,MENTIONS_ANIMAL
308,26,MENTIONS_LOCATION
308,12,MENTIONS_ANIMAL
309,134,MENTIONS_PATHOGEN
309,12,MENTIONS_ANIMAL
309,62,MENTIONS_ANIMAL
310,130,HAS_DATE
310,62,MENTIONS_ANIMAL
310,124,MENTIONS_ANIMAL
311,75,MENTIONS_LOCATION
311,312,MENTIONS_LOCATION
311,104,MENTIONS_ANIMAL
311,12,MENTIONS_ANIMAL
311,62,MENTIONS_ANIMAL
313,109,HAS_DATE
313,314,HAS_DATE
313,12,MENTIONS_ANIMAL
315,43,MENTIONS_LOCATION
315,241,MENTIONS_LOCATION
315,6,MENTIONS_PATHOGEN
315,12,MENTIONS_ANIMAL
315,62,MENTIONS_ANIMAL
316,139,MENTIONS_PATHOGEN
316,12,MENTIONS_ANIMAL
316,156,MENTIONS_ANIMAL
317,79,MENTIONS_LOCATION
317,103,HAS_DATE
317,46,HAS_DATE
317,176,MENTIONS_DISEASE
317,12,MENTIONS_ANIMAL
318,147,MENTIONS_PATHOGEN
318,12,MENTIONS_ANIMAL
318,152,MENTIONS_ANIMAL
319,113,MENTIONS_DISEASE
319,114,MENTIONS_DISEASE
320,126,MENTIONS_ANIMAL
321,12,MENTIONS_ANIMAL
323,78,MENTIONS_LOCATION
323,103,HAS_DATE
323,109,HAS_DATE
323,12,MENTIONS_ANIMAL
324,6,MENTIONS_PATHOGEN
324,12,MENTIONS_ANIMAL
324,165,MENTIONS_ANIMAL
324,124,MENTIONS_ANIMAL
324,213,MENTIONS_ANIMAL
324,64,MENTIONS_ANIMAL
325,12,MENTIONS_ANIMAL
326,126,MENTIONS_ANIMAL
326,135,MENTIONS_ANIMAL
326,12,MENTIONS_ANIMAL
327,139,MENTIONS_PATHOGEN
327,12,MENTIONS_ANIMAL
328,73,HAS_DATE
328,103,HAS_DATE
328,109,HAS_DATE
328,6,MENTIONS_PATHOGEN
328,62,MENTIONS_ANIMAL
328,155,MENTIONS_ANIMAL
328,156,MENTIONS_ANIMAL
329,270,HAS_DATE
329,21,HAS_DATE
329,12,MENTIONS_ANIMAL
329,63,MENTIONS_ANIMAL
329,165,MENTIONS_ANIMAL
330,109,HAS_DATE
330,17,HAS_DATE
330,12,MENTIONS_ANIMAL
331,43,MENTIONS_LOCATION
331,12,MENTIONS_ANIMAL
331,62,MENTIONS_ANIMAL
332,34,MENTIONS_LOCATION
333,12,MENTIONS_ANIMAL
334,109,HAS_DATE
334,139,MENTIONS_PATHOGEN
334,12,MENTIONS_ANIMAL
334,152,MENTIONS_ANIMAL
334,62,MENTIONS_ANIMAL
335,76,MENTIONS_LOCATION
336,134,MENTIONS_PATHOGEN
336,12,MENTIONS_ANIMAL
337,72,HAS_DATE
337,81,HAS_DATE
337,134,MENTIONS_PATHOGEN
337,12,MENTIONS_ANIMAL
338,30,MENTIONS_LOCATION
338,109,HAS_DATE
338,176,MENTIONS_DISEASE
338,151,MENTIONS_ANIMAL
338,12,MENTIONS_ANIMAL
338,62,MENTIONS_ANIMAL
339,134,MENTIONS_PATHOGEN
339,165,MENTIONS_ANIMAL
340,126,MENTIONS_ANIMAL
340,135,MENTIONS_ANIMAL
340,12,MENTIONS_ANIMAL
340,62,MENTIONS_ANIMAL
340,156,MENTIONS_ANIMAL
341,26,MENTIONS_LOCATION
341,12,MENTIONS_ANIMAL
342,75,MENTIONS_LOCATION
342,173,MENTIONS_DISEASE
342,12,MENTIONS_ANIMAL
343,109,HAS_DATE
343,217,MENTIONS_DISEASE
343,226,MENTIONS_DISEASE
343,6,MENTIONS_PATHOGEN
343,12,MENTIONS_ANIMAL
343,227,MENTIONS_ANIMAL
344,79,MENTIONS_LOCATION
345,178,MENTIONS_PATHOGEN
345,60,MENTIONS_ANIMAL
345,12,MENTIONS_ANIMAL
345,62,MENTIONS_ANIMAL
346,139,MENTIONS_PATHOGEN
346,12,MENTIONS_ANIMAL
347,46,HAS_DATE
347,72,HAS_DATE
347,151,MENTIONS_ANIMAL
347,104,MENTIONS_ANIMAL
347,60,MENTIONS_ANIMAL
348,139,MENTIONS_PATHOGEN
348,12,MENTIONS_ANIMAL
349,16,MENTIONS_LOCATION
349,34,MENTIONS_LOCATION
349,32,HAS_DATE
349,109,HAS_DATE
350,76,MENTIONS_LOCATION
350,73,HAS_DATE
350,4,MENTIONS_DISEASE
350,5,MENTIONS_DISEASE
350,27,MENTIONS_ANIMAL
350,28,MENTIONS_ANIMAL
350,9,MENTIONS_ANIMAL
350,12,MENTIONS_ANIMAL
350,63,MENTIONS_ANIMAL
351,109,HAS_DATE
351,130,HAS_DATE
351,41,MENTIONS_DISEASE
351,115,MENTIONS_DISEASE
351,62,MENTIONS_ANIMAL
352,26,MENTIONS_LOCATION
352,109,HAS_DATE
352,130,HAS_DATE
352,139,MENTIONS_PATHOGEN
352,134,MENTIONS_PATHOGEN
352,12,MENTIONS_ANIMAL
354,109,HAS_DATE
354,139,MENTIONS_PATHOGEN
354,12,MENTIONS_ANIMAL
354,62,MENTIONS_ANIMAL
355,55,MENTIONS_DISEASE
355,139,MENTIONS_PATHOGEN
356,103,HAS_DATE
356,357,MENTIONS_DISEASE
356,358,MENTIONS_PATHOGEN
356,27,MENTIONS_ANIMAL
356,28,MENTIONS_ANIMAL
356,12,MENTIONS_ANIMAL
359,23,MENTIONS_DISEASE
359,6,MENTIONS_PATHOGEN
359,24,MENTIONS_PATHOGEN
359,12,MENTIONS_ANIMAL
359,63,MENTIONS_ANIMAL
360,4,MENTIONS_DISEASE
360,5,MENTIONS_DISEASE
360,6,MENTIONS_PATHOGEN
360,8,MENTIONS_PATHOGEN
360,9,MENTIONS_ANIMAL
361,139,MENTIONS_PATHOGEN
361,147,MENTIONS_PATHOGEN
361,126,MENTIONS_ANIMAL
361,135,MENTIONS_ANIMAL
361,12,MENTIONS_ANIMAL
361,141,MENTIONS_ANIMAL
362,9,MENTIONS_ANIMAL
362,10,MENTIONS_ANIMAL
362,12,MENTIONS_ANIMAL
363,76,MENTIONS_LOCATION
364,59,MENTIONS_DISEASE
364,173,MENTIONS_DISEASE
364,6,MENTIONS_PATHOGEN
364,12,MENTIONS_ANIMAL
364,62,MENTIONS_ANIMAL
365,123,HAS_DATE
365,109,HAS_DATE
365,12,MENTIONS_ANIMAL
365,62,MENTIONS_ANIMAL
366,367,HAS_DATE
366,44,HAS_DATE
366,81,HAS_DATE
366,120,MENTIONS_DISEASE
366,12,MENTIONS_ANIMAL
368,26,MENTIONS_LOCATION
368,126,MENTIONS_ANIMAL
368,12,MENTIONS_ANIMAL
369,241,MENTIONS_LOCATION
369,134,MENTIONS_PATHOGEN
369,12,MENTIONS_ANIMAL
370,91,MENTIONS_LOCATION
370,112,HAS_DATE
370,103,HAS_DATE
370,73,HAS_DATE
370,72,HAS_DATE
370,4,MENTIONS_DISEASE
370,5,MENTIONS_DISEASE
370,6,MENTIONS_PATHOGEN
370,8,MENTIONS_PATHOGEN
370,10,MENTIONS_ANIMAL
370,12,MENTIONS_ANIMAL
370,152,MENTIONS_ANIMAL
370,165,MENTIONS_ANIMAL
371,147,MENTIONS_PATHOGEN
371,12,MENTIONS_ANIMAL
371,227,MENTIONS_ANIMAL
371,64,MENTIONS_ANIMAL
372,134,MENTIONS_PATHOGEN
372,62,MENTIONS_ANIMAL
372,63,MENTIONS_ANIMAL
373,12,MENTIONS_ANIMAL
374,79,MENTIONS_LOCATION
374,6,MENTIONS_PATHOGEN
374,12,MENTIONS_ANIMAL
374,63,MENTIONS_ANIMAL
375,139,MENTIONS_PATHOGEN
376,26,MENTIONS_LOCATION
376,130,HAS_DATE
376,196,HAS_DATE
376,189,MENTIONS_DISEASE
376,147,MENTIONS_PATHOGEN
376,377,MENTIONS_PATHOGEN
376,12,MENTIONS_ANIMAL
378,43,MENTIONS_LOCATION
378,109,HAS_DATE
378,379,HAS_DATE
378,99,HAS_DATE
378,52,HAS_DATE
378,27,MENTIONS_ANIMAL
378,28,MENTIONS_ANIMAL
378,9,MENTIONS_ANIMAL
378,12,MENTIONS_ANIMAL
378,152,MENTIONS_ANIMAL
378,62,MENTIONS_ANIMAL
381,55,MENTIONS_DISEASE
381,12,MENTIONS_ANIMAL
382,103,HAS_DATE
382,109,HAS_DATE
382,27,MENTIONS_ANIMAL
382,28,MENTIONS_ANIMAL
382,9,MENTIONS_ANIMAL
383,112,HAS_DATE
383,103,HAS_DATE
383,6,MENTIONS_PATHOGEN
383,60,MENTIONS_ANIMAL
383,61,MENTIONS_ANIMAL
383,12,MENTIONS_ANIMAL
383,63,MENTIONS_ANIMAL
384,134,MENTIONS_PATHOGEN
384,155,MENTIONS_ANIMAL
386,139,MENTIONS_PATHOGEN
386,178,MENTIONS_PATHOGEN
386,12,MENTIONS_ANIMAL
387,63,MENTIONS_ANIMAL
388,34,MENTIONS_LOCATION
388,17,HAS_DATE
388,389,HAS_DATE
388,130,HAS_DATE
388,206,HAS_DATE
388,139,MENTIONS_PATHOGEN
388,12,MENTIONS_ANIMAL
388,62,MENTIONS_ANIMAL
388,63,MENTIONS_ANIMAL
390,241,MENTIONS_LOCATION
390,134,MENTIONS_PATHOGEN
391,34,MENTIONS_LOCATION
391,44,HAS_DATE
391,109,HAS_DATE
391,139,MENTIONS_PATHOGEN
391,12,MENTIONS_ANIMAL
392,75,MENTIONS_LOCATION
392,220,MENTIONS_LOCATION
392,112,HAS_DATE
392,130,HAS_DATE
392,260,MENTIONS_DISEASE
392,6,MENTIONS_PATHOGEN
392,60,MENTIONS_ANIMAL
392,12,MENTIONS_ANIMAL
392,62,MENTIONS_ANIMAL
393,26,MENTIONS_LOCATION
393,112,HAS_DATE
393,54,HAS_DATE
393,83,HAS_DATE
393,289,HAS_DATE
393,46,HAS_DATE
393,113,MENTIONS_DISEASE
393,114,MENTIONS_DISEASE
393,120,MENTIONS_DISEASE
393,62,MENTIONS_ANIMAL
394,44,HAS_DATE
394,73,HAS_DATE
395,139,MENTIONS_PATHOGEN
395,12,MENTIONS_ANIMAL
396,139,MENTIONS_PATHOGEN
396,60,MENTIONS_ANIMAL
396,12,MENTIONS_ANIMAL
397,78,MENTIONS_LOCATION
397,130,HAS_DATE
397,12,MENTIONS_ANIMAL
397,63,MENTIONS_ANIMAL
398,78,MENTIONS_LOCATION
398,103,HAS_DATE
398,109,HAS_DATE
398,357,MENTIONS_DISEASE
398,139,MENTIONS_PATHOGEN
398,358,MENTIONS_PATHOGEN
399,139,MENTIONS_PATHOGEN
399,12,MENTIONS_ANIMAL
400,139,MENTIONS_PATHOGEN
400,147,MENTIONS_PATHOGEN
401,126,MENTIONS_ANIMAL
401,135,MENTIONS_ANIMAL
401,12,MENTIONS_ANIMAL
401,124,MENTIONS_ANIMAL
401,213,MENTIONS_ANIMAL
402,130,HAS_DATE
402,52,HAS_DATE
402,289,HAS_DATE
402,22,HAS_DATE
402,59,MENTIONS_DISEASE
402,6,MENTIONS_PATHOGEN
402,232,MENTIONS_PATHOGEN
402,12,MENTIONS_ANIMAL
403,43,MENTIONS_LOCATION
403,241,MENTIONS_LOCATION
403,9,MENTIONS_ANIMAL
403,151,MENTIONS_ANIMAL
403,12,MENTIONS_ANIMAL
404,12,MENTIONS_ANIMAL
405,357,MENTIONS_DISEASE
405,358,MENTIONS_PATHOGEN
405,63,MENTIONS_ANIMAL
405,124,MENTIONS_ANIMAL
406,26,MENTIONS_LOCATION
406,21,HAS_DATE
406,81,HAS_DATE
406,12,MENTIONS_ANIMAL
407,26,MENTIONS_LOCATION
407,72,HAS_DATE
407,12,MENTIONS_ANIMAL
408,26,MENTIONS_LOCATION
408,143,HAS_DATE
408,103,HAS_DATE
408,12,MENTIONS_ANIMAL
410,178,MENTIONS_PATHOGEN
411,39,HAS_DATE
411,72,HAS_DATE
411,12,MENTIONS_ANIMAL
412,109,HAS_DATE
412,12,MENTIONS_ANIMAL
412,155,MENTIONS_ANIMAL
413,9,MENTIONS_ANIMAL
413,104,MENTIONS_ANIMAL
413,12,MENTIONS_ANIMAL
413,62,MENTIONS_ANIMAL
413,124,MENTIONS_ANIMAL
414,43,MENTIONS_LOCATION
414,415,HAS_DATE
414,109,HAS_DATE
414,103,HAS_DATE
414,137,MENTIONS_DISEASE
414,147,MENTIONS_PATHOGEN
414,12,MENTIONS_ANIMAL
414,152,MENTIONS_ANIMAL
416,81,HAS_DATE
416,103,HAS_DATE
416,139,MENTIONS_PATHOGEN
416,12,MENTIONS_ANIMAL
416,141,MENTIONS_ANIMAL
417,26,MENTIONS_LOCATION
417,46,HAS_DATE
417,109,HAS_DATE
417,120,MENTIONS_DISEASE
417,12,MENTIONS_ANIMAL
417,62,MENTIONS_ANIMAL
418,26,MENTIONS_LOCATION
418,81,HAS_DATE
418,151,MENTIONS_ANIMAL
418,12,MENTIONS_ANIMAL
418,152,MENTIONS_ANIMAL
418,242,MENTIONS_ANIMAL
419,72,HAS_DATE
419,103,HAS_DATE
419,12,MENTIONS_ANIMAL
419,141,MENTIONS_ANIMAL
419,155,MENTIONS_ANIMAL
419,156,MENTIONS_ANIMAL
420,34,MENTIONS_LOCATION
420,43,MENTIONS_LOCATION
420,109,HAS_DATE
420,49,HAS_DATE
420,112,HAS_DATE
420,139,MENTIONS_PATHOGEN
420,12,MENTIONS_ANIMAL
420,156,MENTIONS_ANIMAL
421,139,MENTIONS_PATHOGEN
421,12,MENTIONS_ANIMAL
422,26,MENTIONS_LOCATION
423,75,MENTIONS_LOCATION
423,12,MENTIONS_ANIMAL
424,26,MENTIONS_LOCATION
424,73,HAS_DATE
424,103,HAS_DATE
424,9,MENTIONS_ANIMAL
424,10,MENTIONS_ANIMAL
424,151,MENTIONS_ANIMAL
424,12,MENTIONS_ANIMAL
425,139,MENTIONS_PATHOGEN
425,62,MENTIONS_ANIMAL
426,109,HAS_DATE
426,134,MENTIONS_PATHOGEN
426,126,MENTIONS_ANIMAL
426,135,MENTIONS_ANIMAL
427,12,MENTIONS_ANIMAL
427,63,MENTIONS_ANIMAL
428,429,HAS_DATE
428,103,HAS_DATE
428,12,MENTIONS_ANIMAL
428,63,MENTIONS_ANIMAL
430,139,MENTIONS_PATHOGEN
430,134,MENTIONS_PATHOGEN
430,126,MENTIONS_ANIMAL
430,135,MENTIONS_ANIMAL
430,12,MENTIONS_ANIMAL
430,141,MENTIONS_ANIMAL
431,139,MENTIONS_PATHOGEN
431,12,MENTIONS_ANIMAL
432,6,MENTIONS_PATHOGEN
432,12,MENTIONS_ANIMAL
433,75,MENTIONS_LOCATION
433,220,MENTIONS_LOCATION
433,130,HAS_DATE
433,434,HAS_DATE
433,173,MENTIONS_DISEASE
433,126,MENTIONS_ANIMAL
435,39,HAS_DATE
435,109,HAS_DATE
435,357,MENTIONS_DISEASE
435,358,MENTIONS_PATHOGEN
435,27,MENTIONS_ANIMAL
435,28,MENTIONS_ANIMAL
435,12,MENTIONS_ANIMAL
435,63,MENTIONS_ANIMAL
435,165,MENTIONS_ANIMAL
435,124,MENTIONS_ANIMAL
435,64,MENTIONS_ANIMAL
436,112,HAS_DATE
436,130,HAS_DATE
436,437,MENTIONS_PATHOGEN
436,178,MENTIONS_PATHOGEN
436,12,MENTIONS_ANIMAL
438,130,HAS_DATE
438,86,HAS_DATE
438,59,MENTIONS_DISEASE
438,6,MENTIONS_PATHOGEN
439,440,HAS_DATE
439,112,HAS_DATE
439,6,MENTIONS_PATHOGEN
439,63,MENTIONS_ANIMAL
441,76,MENTIONS_LOCATION
441,9,MENTIONS_ANIMAL
441,12,MENTIONS_ANIMAL
442,76,MENTIONS_LOCATION
442,4,MENTIONS_DISEASE
442,5,MENTIONS_DISEASE
442,6,MENTIONS_PATHOGEN
442,27,MENTIONS_ANIMAL
442,28,MENTIONS_ANIMAL
442,12,MENTIONS_ANIMAL
442,141,MENTIONS_ANIMAL
442,165,MENTIONS_ANIMAL
443,260,MENTIONS_DISEASE
443,6,MENTIONS_PATHOGEN
443,60,MENTIONS_ANIMAL
443,61,MENTIONS_ANIMAL
443,12,MENTIONS_ANIMAL
443,63,MENTIONS_ANIMAL
444,12,MENTIONS_ANIMAL
445,91,MENTIONS_LOCATION
445,19,HAS_DATE
445,50,HAS_DATE
445,112,HAS_DATE
445,358,MENTIONS_PATHOGEN
445,134,MENTIONS_PATHOGEN
445,12,MENTIONS_ANIMAL
445,165,MENTIONS_ANIMAL
446,72,HAS_DATE
446,109,HAS_DATE
446,126,MENTIONS_ANIMAL
446,135,MENTIONS_ANIMAL
446,63,MENTIONS_ANIMAL
446,165,MENTIONS_ANIMAL
446,124,MENTIONS_ANIMAL
446,213,MENTIONS_ANIMAL
447,72,HAS_DATE
447,81,HAS_DATE
447,389,HAS_DATE
447,17,HAS_DATE
447,12,MENTIONS_ANIMAL
448,12,MENTIONS_ANIMAL
449,178,MENTIONS_PATHOGEN
449,12,MENTIONS_ANIMAL
450,241,MENTIONS_LOCATION
450,112,HAS_DATE
450,73,HAS_DATE
450,23,MENTIONS_DISEASE
450,6,MENTIONS_PATHOGEN
450,24,MENTIONS_PATHOGEN
450,27,MENTIONS_ANIMAL
450,28,MENTIONS_ANIMAL
450,12,MENTIONS_ANIMAL
450,62,MENTIONS_ANIMAL
450,63,MENTIONS_ANIMAL
450,165,MENTIONS_ANIMAL
451,241,MENTIONS_LOCATION
451,86,HAS_DATE
451,151,MENTIONS_ANIMAL
451,104,MENTIONS_ANIMAL
451,12,MENTIONS_ANIMAL
452,81,HAS_DATE
452,130,HAS_DATE
452,4,MENTIONS_DISEASE
452,5,MENTIONS_DISEASE
452,8,MENTIONS_PATHOGEN
453,173,MENTIONS_DISEASE
453,60,MENTIONS_ANIMAL
453,126,MENTIONS_ANIMAL
453,135,MENTIONS_ANIMAL
453,12,MENTIONS_ANIMAL
454,12,MENTIONS_ANIMAL
455,43,MENTIONS_LOCATION
455,17,HAS_DATE
455,112,HAS_DATE
455,12,MENTIONS_ANIMAL
455,62,MENTIONS_ANIMAL
455,155,MENTIONS_ANIMAL
455,124,MENTIONS_ANIMAL
455,213,MENTIONS_ANIMAL
456,43,MENTIONS_LOCATION
456,130,HAS_DATE
456,52,HAS_DATE
456,88,MENTIONS_DISEASE
456,59,MENTIONS_DISEASE
456,6,MENTIONS_PATHOGEN
456,232,MENTIONS_PATHOGEN
456,60,MENTIONS_ANIMAL
456,61,MENTIONS_ANIMAL
456,12,MENTIONS_ANIMAL
456,63,MENTIONS_ANIMAL
457,26,MENTIONS_LOCATION
457,21,HAS_DATE
457,81,HAS_DATE
457,12,MENTIONS_ANIMAL
458,26,MENTIONS_LOCATION
458,12,MENTIONS_ANIMAL
459,91,MENTIONS_LOCATION
459,139,MENTIONS_PATHOGEN
459,12,MENTIONS_ANIMAL
460,4,MENTIONS_DISEASE
460,5,MENTIONS_DISEASE
460,6,MENTIONS_PATHOGEN
460,9,MENTIONS_ANIMAL
460,12,MENTIONS_ANIMAL
461,139,MENTIONS_PATHOGEN
461,126,MENTIONS_ANIMAL
461,135,MENTIONS_ANIMAL
461,12,MENTIONS_ANIMAL
461,152,MENTIONS_ANIMAL
461,155,MENTIONS_ANIMAL
461,156,MENTIONS_ANIMAL
462,12,MENTIONS_ANIMAL
463,139,MENTIONS_PATHOGEN
463,63,MENTIONS_ANIMAL
464,43,MENTIONS_LOCATION
464,6,MENTIONS_PATHOGEN
464,60,MENTIONS_ANIMAL
464,61,MENTIONS_ANIMAL
464,12,MENTIONS_ANIMAL
465,17,HAS_DATE
465,73,HAS_DATE
465,72,HAS_DATE
465,134,MENTIONS_PATHOGEN
465,60,MENTIONS_ANIMAL
465,61,MENTIONS_ANIMAL
465,12,MENTIONS_ANIMAL
465,62,MENTIONS_ANIMAL
465,63,MENTIONS_ANIMAL
465,165,MENTIONS_ANIMAL
466,12,MENTIONS_ANIMAL
466,64,MENTIONS_ANIMAL
467,109,HAS_DATE
467,176,MENTIONS_DISEASE
467,284,MENTIONS_DISEASE
467,6,MENTIONS_PATHOGEN
468,12,MENTIONS_ANIMAL
469,12,MENTIONS_ANIMAL
470,19,HAS_DATE
470,109,HAS_DATE
470,103,HAS_DATE
470,12,MENTIONS_ANIMAL
471,73,HAS_DATE
471,206,HAS_DATE
471,472,HAS_DATE
471,109,HAS_DATE
471,434,HAS_DATE
471,134,MENTIONS_PATHOGEN
471,126,MENTIONS_ANIMAL
471,135,MENTIONS_ANIMAL
471,62,MENTIONS_ANIMAL
471,156,MENTIONS_ANIMAL
473,39,HAS_DATE
473,103,HAS_DATE
473,4,MENTIONS_DISEASE
473,5,MENTIONS_DISEASE
473,23,MENTIONS_DISEASE
473,6,MENTIONS_PATHOGEN
473,24,MENTIONS_PATHOGEN
473,474,MENTIONS_PATHOGEN
473,8,MENTIONS_PATHOGEN
473,12,MENTIONS_ANIMAL
473,62,MENTIONS_ANIMAL
473,63,MENTIONS_ANIMAL
473,165,MENTIONS_ANIMAL
475,76,MENTIONS_LOCATION
475,112,HAS_DATE
475,109,HAS_DATE
475,139,MENTIONS_PATHOGEN
475,12,MENTIONS_ANIMAL
476,43,MENTIONS_LOCATION
476,39,HAS_DATE
476,109,HAS_DATE
476,60,MENTIONS_ANIMAL
476,12,MENTIONS_ANIMAL
477,81,HAS_DATE
477,72,HAS_DATE
477,12,MENTIONS_ANIMAL
478,43,MENTIONS_LOCATION
478,6,MENTIONS_PATHOGEN
478,124,MENTIONS_ANIMAL
478,213,MENTIONS_ANIMAL
479,12,MENTIONS_ANIMAL
480,9,MENTIONS_ANIMAL
480,12,MENTIONS_ANIMAL
480,62,MENTIONS_ANIMAL
481,6,MENTIONS_PATHOGEN
482,79,MENTIONS_LOCATION
482,134,MENTIONS_PATHOGEN
482,60,MENTIONS_ANIMAL
482,61,MENTIONS_ANIMAL
482,12,MENTIONS_ANIMAL
483,357,MENTIONS_DISEASE
483,139,MENTIONS_PATHOGEN
483,358,MENTIONS_PATHOGEN
483,12,MENTIONS_ANIMAL
484,485,MENTIONS_LOCATION
484,26,MENTIONS_LOCATION
484,16,MENTIONS_LOCATION
484,193,HAS_DATE
484,109,HAS_DATE
484,35,HAS_DATE
484,12,MENTIONS_ANIMAL
484,62,MENTIONS_ANIMAL
486,75,MENTIONS_LOCATION
486,154,MENTIONS_LOCATION
486,81,HAS_DATE
486,103,HAS_DATE
486,487,MENTIONS_DISEASE
486,488,MENTIONS_PATHOGEN
486,134,MENTIONS_PATHOGEN
486,124,MENTIONS_ANIMAL
489,139,MENTIONS_PATHOGEN
489,12,MENTIONS_ANIMAL
490,79,MENTIONS_LOCATION
490,34,MENTIONS_LOCATION
490,73,HAS_DATE
490,112,HAS_DATE
490,9,MENTIONS_ANIMAL
491,4,MENTIONS_DISEASE
491,6,MENTIONS_PATHOGEN
491,60,MENTIONS_ANIMAL
491,61,MENTIONS_ANIMAL
491,12,MENTIONS_ANIMAL
491,165,MENTIONS_ANIMAL
492,173,MENTIONS_DISEASE
492,6,MENTIONS_PATHOGEN
492,12,MENTIONS_ANIMAL
493,75,MENTIONS_LOCATION
493,62,MENTIONS_ANIMAL
494,109,HAS_DATE
494,139,MENTIONS_PATHOGEN
494,12,MENTIONS_ANIMAL
495,46,HAS_DATE
495,130,HAS_DATE
496,43,MENTIONS_LOCATION
496,3,HAS_DATE
496,4,MENTIONS_DISEASE
496,5,MENTIONS_DISEASE
496,6,MENTIONS_PATHOGEN
496,9,MENTIONS_ANIMAL
496,12,MENTIONS_ANIMAL
496,165,MENTIONS_ANIMAL
498,72,HAS_DATE
498,130,HAS_DATE
498,151,MENTIONS_ANIMAL
498,12,MENTIONS_ANIMAL
498,62,MENTIONS_ANIMAL
499,91,MENTIONS_LOCATION
499,241,MENTIONS_LOCATION
499,72,HAS_DATE
499,109,HAS_DATE
499,134,MENTIONS_PATHOGEN
499,124,MENTIONS_ANIMAL
500,6,MENTIONS_PATHOGEN
500,134,MENTIONS_PATHOGEN
500,62,MENTIONS_ANIMAL
500,124,MENTIONS_ANIMAL
501,176,MENTIONS_DISEASE
501,12,MENTIONS_ANIMAL
502,39,HAS_DATE
502,139,MENTIONS_PATHOGEN
503,241,MENTIONS_LOCATION
503,103,HAS_DATE
503,130,HAS_DATE
503,139,MENTIONS_PATHOGEN
504,12,MENTIONS_ANIMAL
505,94,HAS_DATE
505,72,HAS_DATE
505,429,HAS_DATE
505,44,HAS_DATE
505,46,HAS_DATE
505,49,HAS_DATE
505,217,MENTIONS_DISEASE
505,12,MENTIONS_ANIMAL
506,81,HAS_DATE
506,109,HAS_DATE
506,6,MENTIONS_PATHOGEN
506,60,MENTIONS_ANIMAL
506,61,MENTIONS_ANIMAL
507,139,MENTIONS_PATHOGEN
507,63,MENTIONS_ANIMAL
508,60,MENTIONS_ANIMAL
508,12,MENTIONS_ANIMAL
509,6,MENTIONS_PATHOGEN
509,12,MENTIONS_ANIMAL
510,46,HAS_DATE
510,109,HAS_DATE
510,139,MENTIONS_PATHOGEN
510,60,MENTIONS_ANIMAL
510,12,MENTIONS_ANIMAL
511,112,HAS_DATE
511,73,HAS_DATE
511,113,MENTIONS_DISEASE
511,114,MENTIONS_DISEASE
511,12,MENTIONS_ANIMAL
512,12,MENTIONS_ANIMAL
513,43,MENTIONS_LOCATION
513,6,MENTIONS_PATHOGEN
513,60,MENTIONS_ANIMAL
513,12,MENTIONS_ANIMAL
513,152,MENTIONS_ANIMAL
514,34,MENTIONS_LOCATION
515,173,MENTIONS_DISEASE
515,6,MENTIONS_PATHOGEN
515,126,MENTIONS_ANIMAL
515,135,MENTIONS_ANIMAL
515,12,MENTIONS_ANIMAL
516,34,MENTIONS_LOCATION
516,126,MENTIONS_ANIMAL
516,135,MENTIONS_ANIMAL
516,12,MENTIONS_ANIMAL
516,141,MENTIONS_ANIMAL
517,75,MENTIONS_LOCATION
517,518,MENTIONS_LOCATION
517,17,HAS_DATE
517,72,HAS_DATE
517,112,HAS_DATE
517,357,MENTIONS_DISEASE
517,358,MENTIONS_PATHOGEN
519,139,MENTIONS_PATHOGEN
520,109,HAS_DATE
520,139,MENTIONS_PATHOGEN
520,12,MENTIONS_ANIMAL
521,60,MENTIONS_ANIMAL
521,12,MENTIONS_ANIMAL
522,2,MENTIONS_LOCATION
522,81,HAS_DATE
522,134,MENTIONS_PATHOGEN
522,151,MENTIONS_ANIMAL
522,12,MENTIONS_ANIMAL
522,62,MENTIONS_ANIMAL
523,17,HAS_DATE
523,113,MENTIONS_DISEASE
523,114,MENTIONS_DISEASE
523,23,MENTIONS_DISEASE
523,6,MENTIONS_PATHOGEN
523,24,MENTIONS_PATHOGEN
524,139,MENTIONS_PATHOGEN
525,103,HAS_DATE
525,189,MENTIONS_DISEASE
525,377,MENTIONS_PATHOGEN
525,62,MENTIONS_ANIMAL
526,12,MENTIONS_ANIMAL
527,73,HAS_DATE
527,130,HAS_DATE
527,9,MENTIONS_ANIMAL
527,12,MENTIONS_ANIMAL
527,152,MENTIONS_ANIMAL
527,242,MENTIONS_ANIMAL
527,155,MENTIONS_ANIMAL
527,156,MENTIONS_ANIMAL
528,103,HAS_DATE
528,130,HAS_DATE
528,8,MENTIONS_PATHOGEN
528,12,MENTIONS_ANIMAL
528,152,MENTIONS_ANIMAL
528,165,MENTIONS_ANIMAL
529,12,MENTIONS_ANIMAL
529,62,MENTIONS_ANIMAL
530,26,MENTIONS_LOCATION
530,17,HAS_DATE
530,81,HAS_DATE
530,12,MENTIONS_ANIMAL
531,44,HAS_DATE
531,109,HAS_DATE
531,12,MENTIONS_ANIMAL
532,43,MENTIONS_LOCATION
532,6,MENTIONS_PATHOGEN
533,12,MENTIONS_ANIMAL
534,73,HAS_DATE
534,109,HAS_DATE
534,126,MENTIONS_ANIMAL
534,135,MENTIONS_ANIMAL
534,12,MENTIONS_ANIMAL
534,141,MENTIONS_ANIMAL
536,26,MENTIONS_LOCATION
536,134,MENTIONS_PATHOGEN
536,9,MENTIONS_ANIMAL
536,10,MENTIONS_ANIMAL
536,151,MENTIONS_ANIMAL
536,12,MENTIONS_ANIMAL
536,62,MENTIONS_ANIMAL
536,156,MENTIONS_ANIMAL
536,165,MENTIONS_ANIMAL
537,12,MENTIONS_ANIMAL
538,12,MENTIONS_ANIMAL
539,12,MENTIONS_ANIMAL
539,63,MENTIONS_ANIMAL
540,60,MENTIONS_ANIMAL
541,12,MENTIONS_ANIMAL
542,12,MENTIONS_ANIMAL
542,63,MENTIONS_ANIMAL
543,26,MENTIONS_LOCATION
543,50,HAS_DATE
543,12,MENTIONS_ANIMAL
544,26,MENTIONS_LOCATION
544,17,HAS_DATE
544,103,HAS_DATE
544,12,MENTIONS_ANIMAL
545,241,MENTIONS_LOCATION
545,109,HAS_DATE
545,60,MENTIONS_ANIMAL
545,12,MENTIONS_ANIMAL
546,75,MENTIONS_LOCATION
546,26,MENTIONS_LOCATION
546,199,MENTIONS_LOCATION
546,139,MENTIONS_PATHOGEN
547,103,HAS_DATE
547,139,MENTIONS_PATHOGEN
547,12,MENTIONS_ANIMAL
548,139,MENTIONS_PATHOGEN
548,12,MENTIONS_ANIMAL
549,12,MENTIONS_ANIMAL
550,79,MENTIONS_LOCATION
550,178,MENTIONS_PATHOGEN
550,12,MENTIONS_ANIMAL
551,12,MENTIONS_ANIMAL
552,112,HAS_DATE
552,73,HAS_DATE
552,357,MENTIONS_DISEASE
552,358,MENTIONS_PATHOGEN
552,126,MENTIONS_ANIMAL
552,12,MENTIONS_ANIMAL
552,152,MENTIONS_ANIMAL
552,155,MENTIONS_ANIMAL
553,30,MENTIONS_LOCATION
553,109,HAS_DATE
553,10,MENTIONS_ANIMAL
554,34,MENTIONS_LOCATION
554,52,HAS_DATE
554,81,HAS_DATE
555,60,MENTIONS_ANIMAL
555,12,MENTIONS_ANIMAL
556,59,MENTIONS_DISEASE
556,6,MENTIONS_PATHOGEN
556,232,MENTIONS_PATHOGEN
556,151,MENTIONS_ANIMAL
556,124,MENTIONS_ANIMAL
556,213,MENTIONS_ANIMAL
557,12,MENTIONS_ANIMAL
558,109,HAS_DATE
558,62,MENTIONS_ANIMAL
559,241,MENTIONS_LOCATION
559,12,MENTIONS_ANIMAL
560,12,MENTIONS_ANIMAL
561,49,HAS_DATE
561,103,HAS_DATE
562,75,MENTIONS_LOCATION
563,139,MENTIONS_PATHOGEN
563,12,MENTIONS_ANIMAL
563,156,MENTIONS_ANIMAL
564,109,HAS_DATE
564,357,MENTIONS_DISEASE
564,358,MENTIONS_PATHOGEN
564,12,MENTIONS_ANIMAL
564,141,MENTIONS_ANIMAL
565,139,MENTIONS_PATHOGEN
565,178,MENTIONS_PATHOGEN
566,16,MENTIONS_LOCATION
566,103,HAS_DATE
566,109,HAS_DATE
566,9,MENTIONS_ANIMAL
566,12,MENTIONS_ANIMAL
567,12,MENTIONS_ANIMAL
568,12,MENTIONS_ANIMAL
568,278,MENTIONS_ANIMAL
569,43,MENTIONS_LOCATION
570,43,MENTIONS_LOCATION
570,112,HAS_DATE
570,109,HAS_DATE
570,12,MENTIONS_ANIMAL
571,83,HAS_DATE
571,103,HAS_DATE
571,62,MENTIONS_ANIMAL
572,75,MENTIONS_LOCATION
572,26,MENTIONS_LOCATION
572,76,MENTIONS_LOCATION
572,260,MENTIONS_DISEASE
572,6,MENTIONS_PATHOGEN
572,60,MENTIONS_ANIMAL
572,12,MENTIONS_ANIMAL
573,139,MENTIONS_PATHOGEN
573,27,MENTIONS_ANIMAL
573,28,MENTIONS_ANIMAL
573,60,MENTIONS_ANIMAL
573,61,MENTIONS_ANIMAL
574,43,MENTIONS_LOCATION
574,73,HAS_DATE
574,109,HAS_DATE
574,46,HAS_DATE
574,112,HAS_DATE
574,12,MENTIONS_ANIMAL
575,76,MENTIONS_LOCATION
575,9,MENTIONS_ANIMAL
575,12,MENTIONS_ANIMAL
576,109,HAS_DATE
576,173,MENTIONS_DISEASE
576,12,MENTIONS_ANIMAL
577,389,HAS_DATE
577,22,HAS_DATE
577,126,MENTIONS_ANIMAL
577,135,MENTIONS_ANIMAL
577,12,MENTIONS_ANIMAL
578,75,MENTIONS_LOCATION
578,154,MENTIONS_LOCATION
578,139,MENTIONS_PATHOGEN
578,178,MENTIONS_PATHOGEN
578,60,MENTIONS_ANIMAL
578,12,MENTIONS_ANIMAL
579,241,MENTIONS_LOCATION
579,81,HAS_DATE
579,103,HAS_DATE
579,580,HAS_DATE
579,581,HAS_DATE
579,582,HAS_DATE
579,12,MENTIONS_ANIMAL
583,241,MENTIONS_LOCATION
583,130,HAS_DATE
583,103,HAS_DATE
583,12,MENTIONS_ANIMAL
584,77,MENTIONS_LOCATION
584,79,MENTIONS_LOCATION
584,18,HAS_DATE
584,19,HAS_DATE
584,12,MENTIONS_ANIMAL
584,155,MENTIONS_ANIMAL
585,139,MENTIONS_PATHOGEN
585,12,MENTIONS_ANIMAL
586,241,MENTIONS_LOCATION
586,73,HAS_DATE
586,120,MENTIONS_DISEASE
586,126,MENTIONS_ANIMAL
586,135,MENTIONS_ANIMAL
587,60,MENTIONS_ANIMAL
589,109,HAS_DATE
590,12,MENTIONS_ANIMAL
591,12,MENTIONS_ANIMAL
592,34,MENTIONS_LOCATION
593,134,MENTIONS_PATHOGEN
593,27,MENTIONS_ANIMAL
593,28,MENTIONS_ANIMAL
594,4,MENTIONS_DISEASE
594,5,MENTIONS_DISEASE
594,8,MENTIONS_PATHOGEN
594,9,MENTIONS_ANIMAL
595,12,MENTIONS_ANIMAL
596,26,MENTIONS_LOCATION
596,597,HAS_DATE
596,19,HAS_DATE
596,143,HAS_DATE
596,134,MENTIONS_PATHOGEN
596,12,MENTIONS_ANIMAL
598,43,MENTIONS_LOCATION
598,241,MENTIONS_LOCATION
599,83,HAS_DATE
599,109,HAS_DATE
599,196,HAS_DATE
599,173,MENTIONS_DISEASE
599,63,MENTIONS_ANIMAL
600,12,MENTIONS_ANIMAL
601,30,MENTIONS_LOCATION
601,139,MENTIONS_PATHOGEN
601,12,MENTIONS_ANIMAL
601,141,MENTIONS_ANIMAL
602,4,MENTIONS_DISEASE
602,12,MENTIONS_ANIMAL
603,72,HAS_DATE
603,81,HAS_DATE
603,139,MENTIONS_PATHOGEN
603,12,MENTIONS_ANIMAL
603,152,MENTIONS_ANIMAL
603,278,MENTIONS_ANIMAL
603,62,MENTIONS_ANIMAL
604,75,MENTIONS_LOCATION
604,34,MENTIONS_LOCATION
604,130,HAS_DATE
604,12,MENTIONS_ANIMAL
606,126,MENTIONS_ANIMAL
606,135,MENTIONS_ANIMAL
606,12,MENTIONS_ANIMAL
607,6,MENTIONS_PATHOGEN
607,12,MENTIONS_ANIMAL
607,141,MENTIONS_ANIMAL
608,44,HAS_DATE
608,72,HAS_DATE
608,60,MENTIONS_ANIMAL
608,12,MENTIONS_ANIMAL
609,12,MENTIONS_ANIMAL
610,9,MENTIONS_ANIMAL
610,62,MENTIONS_ANIMAL
611,43,MENTIONS_LOCATION
611,139,MENTIONS_PATHOGEN
612,123,HAS_DATE
612,6,MENTIONS_PATHOGEN
612,60,MENTIONS_ANIMAL
612,61,MENTIONS_ANIMAL
612,12,MENTIONS_ANIMAL
612,242,MENTIONS_ANIMAL
613,75,MENTIONS_LOCATION
613,130,HAS_DATE
614,72,HAS_DATE
614,81,HAS_DATE
614,9,MENTIONS_ANIMAL
614,10,MENTIONS_ANIMAL
615,9,MENTIONS_ANIMAL
615,104,MENTIONS_ANIMAL
615,12,MENTIONS_ANIMAL
616,39,HAS_DATE
616,50,HAS_DATE
616,17,HAS_DATE
616,6,MENTIONS_PATHOGEN
616,12,MENTIONS_ANIMAL
616,152,MENTIONS_ANIMAL
616,62,MENTIONS_ANIMAL
616,156,MENTIONS_ANIMAL
617,35,HAS_DATE
617,39,HAS_DATE
617,472,HAS_DATE
617,12,MENTIONS_ANIMAL
618,12,MENTIONS_ANIMAL
619,12,MENTIONS_ANIMAL
620,12,MENTIONS_ANIMAL
622,19,HAS_DATE
623,43,MENTIONS_LOCATION
623,44,HAS_DATE
623,109,HAS_DATE
623,6,MENTIONS_PATHOGEN
623,12,MENTIONS_ANIMAL
624,88,MENTIONS_DISEASE
624,137,MENTIONS_DISEASE
624,357,MENTIONS_DISEASE
624,12,MENTIONS_ANIMAL
625,178,MENTIONS_PATHOGEN
625,12,MENTIONS_ANIMAL
626,196,HAS_DATE
626,130,HAS_DATE
626,12,MENTIONS_ANIMAL
628,26,MENTIONS_LOCATION
628,49,HAS_DATE
628,109,HAS_DATE
628,12,MENTIONS_ANIMAL
629,137,MENTIONS_DISEASE
629,147,MENTIONS_PATHOGEN
630,16,MENTIONS_LOCATION
630,139,MENTIONS_PATHOGEN
630,12,MENTIONS_ANIMAL
631,75,MENTIONS_LOCATION
631,236,MENTIONS_LOCATION
631,72,HAS_DATE
631,109,HAS_DATE
631,12,MENTIONS_ANIMAL
632,81,HAS_DATE
632,109,HAS_DATE
632,12,MENTIONS_ANIMAL
633,103,HAS_DATE
633,134,MENTIONS_PATHOGEN
634,27,MENTIONS_ANIMAL
634,151,MENTIONS_ANIMAL
634,12,MENTIONS_ANIMAL
635,120,MENTIONS_DISEASE
635,139,MENTIONS_PATHOGEN
636,43,MENTIONS_LOCATION
636,126,MENTIONS_ANIMAL
636,135,MENTIONS_ANIMAL
636,12,MENTIONS_ANIMAL
637,12,MENTIONS_ANIMAL
638,12,MENTIONS_ANIMAL
638,242,MENTIONS_ANIMAL
639,357,MENTIONS_DISEASE
639,139,MENTIONS_PATHOGEN
639,358,MENTIONS_PATHOGEN
640,357,MENTIONS_DISEASE
640,358,MENTIONS_PATHOGEN
641,83,HAS_DATE
641,103,HAS_DATE
641,12,MENTIONS_ANIMAL
641,165,MENTIONS_ANIMAL
642,26,MENTIONS_LOCATION
642,9,MENTIONS_ANIMAL
642,10,MENTIONS_ANIMAL
642,12,MENTIONS_ANIMAL
643,134,MENTIONS_PATHOGEN
643,12,MENTIONS_ANIMAL
643,152,MENTIONS_ANIMAL
644,139,MENTIONS_PATHOGEN
644,12,MENTIONS_ANIMAL
645,26,MENTIONS_LOCATION
645,19,HAS_DATE
645,81,HAS_DATE
646,109,HAS_DATE
646,4,MENTIONS_DISEASE
646,5,MENTIONS_DISEASE
646,6,MENTIONS_PATHOGEN
646,7,MENTIONS_PATHOGEN
646,8,MENTIONS_PATHOGEN
646,27,MENTIONS_ANIMAL
646,28,MENTIONS_ANIMAL
646,9,MENTIONS_ANIMAL
646,12,MENTIONS_ANIMAL
646,141,MENTIONS_ANIMAL
646,165,MENTIONS_ANIMAL
647,139,MENTIONS_PATHOGEN
647,12,MENTIONS_ANIMAL
648,12,MENTIONS_ANIMAL
649,12,MENTIONS_ANIMAL
650,130,HAS_DATE
650,12,MENTIONS_ANIMAL
651,139,MENTIONS_PATHOGEN
651,12,MENTIONS_ANIMAL
651,62,MENTIONS_ANIMAL
653,12,MENTIONS_ANIMAL
654,26,MENTIONS_LOCATION
654,189,MENTIONS_DISEASE
654,147,MENTIONS_PATHOGEN
654,377,MENTIONS_PATHOGEN
654,12,MENTIONS_ANIMAL
655,139,MENTIONS_PATHOGEN
655,12,MENTIONS_ANIMAL
656,12,MENTIONS_ANIMAL
657,78,MENTIONS_LOCATION
657,139,MENTIONS_PATHOGEN
657,60,MENTIONS_ANIMAL
657,61,MENTIONS_ANIMAL
657,126,MENTIONS_ANIMAL
657,135,MENTIONS_ANIMAL
657,62,MENTIONS_ANIMAL
657,63,MENTIONS_ANIMAL
657,124,MENTIONS_ANIMAL
657,213,MENTIONS_ANIMAL
659,12,MENTIONS_ANIMAL
661,109,HAS_DATE
662,75,MENTIONS_LOCATION
662,12,MENTIONS_ANIMAL
663,75,MENTIONS_LOCATION
663,12,MENTIONS_ANIMAL
664,60,MENTIONS_ANIMAL
664,12,MENTIONS_ANIMAL
665,63,MENTIONS_ANIMAL
666,12,MENTIONS_ANIMAL
667,39,HAS_DATE
667,103,HAS_DATE
667,6,MENTIONS_PATHOGEN
667,8,MENTIONS_PATHOGEN
667,165,MENTIONS_ANIMAL
668,81,HAS_DATE
668,72,HAS_DATE
668,60,MENTIONS_ANIMAL
669,79,MENTIONS_LOCATION
669,139,MENTIONS_PATHOGEN
670,139,MENTIONS_PATHOGEN
670,12,MENTIONS_ANIMAL
671,139,MENTIONS_PATHOGEN
671,12,MENTIONS_ANIMAL
672,12,MENTIONS_ANIMAL
673,87,HAS_DATE
673,260,MENTIONS_DISEASE
673,6,MENTIONS_PATHOGEN
673,60,MENTIONS_ANIMAL
673,61,MENTIONS_ANIMAL
673,12,MENTIONS_ANIMAL
674,79,MENTIONS_LOCATION
674,17,HAS_DATE
674,139,MENTIONS_PATHOGEN
674,12,MENTIONS_ANIMAL
674,63,MENTIONS_ANIMAL
675,6,MENTIONS_PATHOGEN
675,12,MENTIONS_ANIMAL
676,34,MENTIONS_LOCATION
676,103,HAS_DATE
676,81,HAS_DATE
676,173,MENTIONS_DISEASE
676,6,MENTIONS_PATHOGEN
676,60,MENTIONS_ANIMAL
676,61,MENTIONS_ANIMAL
676,12,MENTIONS_ANIMAL
676,141,MENTIONS_ANIMAL
676,63,MENTIONS_ANIMAL
677,23,MENTIONS_DISEASE
677,6,MENTIONS_PATHOGEN
677,24,MENTIONS_PATHOGEN
677,60,MENTIONS_ANIMAL
677,61,MENTIONS_ANIMAL
677,63,MENTIONS_ANIMAL
677,124,MENTIONS_ANIMAL
677,213,MENTIONS_ANIMAL
678,12,MENTIONS_ANIMAL
679,134,MENTIONS_PATHOGEN
680,75,MENTIONS_LOCATION
680,43,MENTIONS_LOCATION
680,22,HAS_DATE
680,72,HAS_DATE
680,681,HAS_DATE
680,55,MENTIONS_DISEASE
680,9,MENTIONS_ANIMAL
682,130,HAS_DATE
682,113,MENTIONS_DISEASE
682,114,MENTIONS_DISEASE
682,12,MENTIONS_ANIMAL
683,79,MENTIONS_LOCATION
683,73,HAS_DATE
683,81,HAS_DATE
683,72,HAS_DATE
683,113,MENTIONS_DISEASE
683,114,MENTIONS_DISEASE
683,139,MENTIONS_PATHOGEN
684,241,MENTIONS_LOCATION
684,130,HAS_DATE
684,289,HAS_DATE
684,22,HAS_DATE
684,83,HAS_DATE
684,50,HAS_DATE
684,17,HAS_DATE
684,73,HAS_DATE
684,81,HAS_DATE
684,6,MENTIONS_PATHOGEN
684,124,MENTIONS_ANIMAL
685,69,HAS_DATE
685,103,HAS_DATE
685,4,MENTIONS_DISEASE
685,5,MENTIONS_DISEASE
685,6,MENTIONS_PATHOGEN
685,7,MENTIONS_PATHOGEN
685,8,MENTIONS_PATHOGEN
685,27,MENTIONS_ANIMAL
685,9,MENTIONS_ANIMAL
685,12,MENTIONS_ANIMAL
685,152,MENTIONS_ANIMAL
685,165,MENTIONS_ANIMAL
686,4,MENTIONS_DISEASE
686,23,MENTIONS_DISEASE
686,59,MENTIONS_DISEASE
686,6,MENTIONS_PATHOGEN
686,24,MENTIONS_PATHOGEN
686,139,MENTIONS_PATHOGEN
686,12,MENTIONS_ANIMAL
686,62,MENTIONS_ANIMAL
687,55,MENTIONS_DISEASE
687,139,MENTIONS_PATHOGEN
687,12,MENTIONS_ANIMAL
687,152,MENTIONS_ANIMAL
688,130,HAS_DATE
688,6,MENTIONS_PATHOGEN
689,130,HAS_DATE
690,130,HAS_DATE
690,137,MENTIONS_DISEASE
690,62,MENTIONS_ANIMAL
691,130,HAS_DATE
692,130,HAS_DATE
692,9,MENTIONS_ANIMAL
693,112,HAS_DATE
693,72,HAS_DATE
693,130,HAS_DATE
693,284,MENTIONS_DISEASE
693,6,MENTIONS_PATHOGEN
693,151,MENTIONS_ANIMAL
694,79,MENTIONS_LOCATION
694,130,HAS_DATE
694,126,MENTIONS_ANIMAL
694,135,MENTIONS_ANIMAL
694,12,MENTIONS_ANIMAL
694,141,MENTIONS_ANIMAL
695,130,HAS_DATE
696,130,HAS_DATE
696,137,MENTIONS_DISEASE
696,147,MENTIONS_PATHOGEN
697,73,HAS_DATE
697,103,HAS_DATE
697,130,HAS_DATE
697,6,MENTIONS_PATHOGEN
698,130,HAS_DATE
698,217,MENTIONS_DISEASE
698,6,MENTIONS_PATHOGEN
699,130,HAS_DATE
700,130,HAS_DATE
700,4,MENTIONS_DISEASE
700,6,MENTIONS_PATHOGEN
700,7,MENTIONS_PATHOGEN
700,151,MENTIONS_ANIMAL
700,104,MENTIONS_ANIMAL
701,130,HAS_DATE
702,130,HAS_DATE
703,130,HAS_DATE
703,12,MENTIONS_ANIMAL
704,26,MENTIONS_LOCATION
704,130,HAS_DATE
704,155,MENTIONS_ANIMAL
704,156,MENTIONS_ANIMAL
705,130,HAS_DATE
705,6,MENTIONS_PATHOGEN
705,63,MENTIONS_ANIMAL
706,26,MENTIONS_LOCATION
706,109,HAS_DATE
706,130,HAS_DATE
706,6,MENTIONS_PATHOGEN
706,124,MENTIONS_ANIMAL
707,130,HAS_DATE
707,63,MENTIONS_ANIMAL
708,130,HAS_DATE
708,12,MENTIONS_ANIMAL
709,130,HAS_DATE
709,12,MENTIONS_ANIMAL
709,152,MENTIONS_ANIMAL
710,130,HAS_DATE
711,130,HAS_DATE
712,130,HAS_DATE
712,284,MENTIONS_DISEASE
712,6,MENTIONS_PATHOGEN
713,130,HAS_DATE
713,173,MENTIONS_DISEASE
713,6,MENTIONS_PATHOGEN
714,130,HAS_DATE
715,112,HAS_DATE
715,130,HAS_DATE
716,130,HAS_DATE
716,6,MENTIONS_PATHOGEN
717,130,HAS_DATE
718,130,HAS_DATE
718,62,MENTIONS_ANIMAL
718,63,MENTIONS_ANIMAL
719,130,HAS_DATE
720,130,HAS_DATE
720,6,MENTIONS_PATHOGEN
720,126,MENTIONS_ANIMAL
720,135,MENTIONS_ANIMAL
721,130,HAS_DATE
722,130,HAS_DATE
722,284,MENTIONS_DISEASE
722,6,MENTIONS_PATHOGEN
722,151,MENTIONS_ANIMAL
723,130,HAS_DATE
724,130,HAS_DATE
724,176,MENTIONS_DISEASE
724,6,MENTIONS_PATHOGEN
725,130,HAS_DATE
725,6,MENTIONS_PATHOGEN
725,27,MENTIONS_ANIMAL
725,28,MENTIONS_ANIMAL
726,81,HAS_DATE
726,103,HAS_DATE
726,130,HAS_DATE
727,43,MENTIONS_LOCATION
727,17,HAS_DATE
727,73,HAS_DATE
727,130,HAS_DATE
727,6,MENTIONS_PATHOGEN
728,130,HAS_DATE
728,6,MENTIONS_PATHOGEN
728,358,MENTIONS_PATHOGEN
729,130,HAS_DATE
730,130,HAS_DATE
731,130,HAS_DATE
731,4,MENTIONS_DISEASE
731,5,MENTIONS_DISEASE
731,6,MENTIONS_PATHOGEN
731,7,MENTIONS_PATHOGEN
732,130,HAS_DATE
733,130,HAS_DATE
733,487,MENTIONS_DISEASE
734,130,HAS_DATE
734,6,MENTIONS_PATHOGEN
735,26,MENTIONS_LOCATION
735,130,HAS_DATE
736,130,HAS_DATE
736,63,MENTIONS_ANIMAL
737,130,HAS_DATE
738,26,MENTIONS_LOCATION
738,130,HAS_DATE
739,130,HAS_DATE
740,130,HAS_DATE
740,10,MENTIONS_ANIMAL
741,130,HAS_DATE
741,4,MENTIONS_DISEASE
741,6,MENTIONS_PATHOGEN
741,126,MENTIONS_ANIMAL
741,135,MENTIONS_ANIMAL
742,26,MENTIONS_LOCATION
742,130,HAS_DATE
743,130,HAS_DATE
744,130,HAS_DATE
744,6,MENTIONS_PATHOGEN
745,130,HAS_DATE
745,217,MENTIONS_DISEASE
746,130,HAS_DATE
747,130,HAS_DATE
747,151,MENTIONS_ANIMAL
748,749,HAS_DATE
748,130,HAS_DATE
748,139,MENTIONS_PATHOGEN
748,124,MENTIONS_ANIMAL
750,34,MENTIONS_LOCATION
750,72,HAS_DATE
750,81,HAS_DATE
750,130,HAS_DATE
751,26,MENTIONS_LOCATION
751,130,HAS_DATE
751,242,MENTIONS_ANIMAL
752,130,HAS_DATE
752,120,MENTIONS_DISEASE
753,26,MENTIONS_LOCATION
753,83,HAS_DATE
753,81,HAS_DATE
753,754,HAS_DATE
753,139,MENTIONS_PATHOGEN
755,130,HAS_DATE
756,130,HAS_DATE
757,130,HAS_DATE
757,156,MENTIONS_ANIMAL
758,130,HAS_DATE
759,130,HAS_DATE
760,130,HAS_DATE
761,130,HAS_DATE
762,130,HAS_DATE
763,77,MENTIONS_LOCATION
763,130,HAS_DATE
763,137,MENTIONS_DISEASE
763,147,MENTIONS_PATHOGEN
764,130,HAS_DATE
764,12,MENTIONS_ANIMAL
765,130,HAS_DATE
765,62,MENTIONS_ANIMAL
766,130,HAS_DATE
767,130,HAS_DATE
767,4,MENTIONS_DISEASE
767,5,MENTIONS_DISEASE
767,8,MENTIONS_PATHOGEN
767,12,MENTIONS_ANIMAL
767,141,MENTIONS_ANIMAL
768,130,HAS_DATE
769,75,MENTIONS_LOCATION
769,130,HAS_DATE
769,88,MENTIONS_DISEASE
770,130,HAS_DATE
771,130,HAS_DATE
771,139,MENTIONS_PATHOGEN
772,130,HAS_DATE
773,78,MENTIONS_LOCATION
773,130,HAS_DATE
773,63,MENTIONS_ANIMAL
774,130,HAS_DATE
775,130,HAS_DATE
775,147,MENTIONS_PATHOGEN
776,130,HAS_DATE
776,12,MENTIONS_ANIMAL
777,130,HAS_DATE
777,357,MENTIONS_DISEASE
778,78,MENTIONS_LOCATION
778,130,HAS_DATE
778,12,MENTIONS_ANIMAL
778,152,MENTIONS_ANIMAL
779,130,HAS_DATE
779,6,MENTIONS_PATHOGEN
780,130,HAS_DATE
780,6,MENTIONS_PATHOGEN
781,26,MENTIONS_LOCATION
781,130,HAS_DATE
781,12,MENTIONS_ANIMAL
781,152,MENTIONS_ANIMAL
782,130,HAS_DATE
782,12,MENTIONS_ANIMAL
782,62,MENTIONS_ANIMAL
783,130,HAS_DATE
784,130,HAS_DATE
784,12,MENTIONS_ANIMAL
785,130,HAS_DATE
785,4,MENTIONS_DISEASE
785,5,MENTIONS_DISEASE
785,6,MENTIONS_PATHOGEN
786,130,HAS_DATE
786,4,MENTIONS_DISEASE
786,5,MENTIONS_DISEASE
786,9,MENTIONS_ANIMAL
787,130,HAS_DATE
788,130,HAS_DATE
788,134,MENTIONS_PATHOGEN
788,165,MENTIONS_ANIMAL
789,34,MENTIONS_LOCATION
789,130,HAS_DATE
789,126,MENTIONS_ANIMAL
789,135,MENTIONS_ANIMAL
790,130,HAS_DATE
791,130,HAS_DATE
791,12,MENTIONS_ANIMAL
792,130,HAS_DATE
792,137,MENTIONS_DISEASE
792,147,MENTIONS_PATHOGEN
792,12,MENTIONS_ANIMAL
792,152,MENTIONS_ANIMAL
793,130,HAS_DATE
794,130,HAS_DATE
794,12,MENTIONS_ANIMAL
794,141,MENTIONS_ANIMAL
795,130,HAS_DATE
796,130,HAS_DATE
797,75,MENTIONS_LOCATION
797,312,MENTIONS_LOCATION
797,130,HAS_DATE
798,130,HAS_DATE
798,6,MENTIONS_PATHOGEN
798,60,MENTIONS_ANIMAL
798,61,MENTIONS_ANIMAL
799,26,MENTIONS_LOCATION
799,73,HAS_DATE
799,103,HAS_DATE
799,130,HAS_DATE
799,10,MENTIONS_ANIMAL
800,130,HAS_DATE
801,130,HAS_DATE
802,130,HAS_DATE
803,130,HAS_DATE
803,120,MENTIONS_DISEASE
803,60,MENTIONS_ANIMAL
803,12,MENTIONS_ANIMAL
804,130,HAS_DATE
804,12,MENTIONS_ANIMAL
804,152,MENTIONS_ANIMAL
805,79,MENTIONS_LOCATION
805,130,HAS_DATE
806,130,HAS_DATE
806,173,MENTIONS_DISEASE
806,126,MENTIONS_ANIMAL
806,12,MENTIONS_ANIMAL
807,78,MENTIONS_LOCATION
807,130,HAS_DATE
808,130,HAS_DATE
809,130,HAS_DATE
809,63,MENTIONS_ANIMAL
810,130,HAS_DATE
810,6,MENTIONS_PATHOGEN
811,26,MENTIONS_LOCATION
811,130,HAS_DATE
812,130,HAS_DATE
812,120,MENTIONS_DISEASE
813,485,MENTIONS_LOCATION
813,16,MENTIONS_LOCATION
813,130,HAS_DATE
814,130,HAS_DATE
814,6,MENTIONS_PATHOGEN
814,60,MENTIONS_ANIMAL
815,26,MENTIONS_LOCATION
815,130,HAS_DATE
815,6,MENTIONS_PATHOGEN
815,151,MENTIONS_ANIMAL
816,130,HAS_DATE
817,130,HAS_DATE
817,358,MENTIONS_PATHOGEN
818,130,HAS_DATE
819,130,HAS_DATE
819,134,MENTIONS_PATHOGEN
820,34,MENTIONS_LOCATION
820,130,HAS_DATE
821,130,HAS_DATE
821,126,MENTIONS_ANIMAL
821,135,MENTIONS_ANIMAL
822,130,HAS_DATE
823,130,HAS_DATE
823,12,MENTIONS_ANIMAL
824,130,HAS_DATE
825,130,HAS_DATE
826,130,HAS_DATE
827,91,MENTIONS_LOCATION
827,130,HAS_DATE
828,30,MENTIONS_LOCATION
828,130,HAS_DATE
828,64,MENTIONS_ANIMAL
829,199,MENTIONS_LOCATION
829,130,HAS_DATE
829,63,MENTIONS_ANIMAL
830,130,HAS_DATE
830,12,MENTIONS_ANIMAL
831,130,HAS_DATE
831,155,MENTIONS_ANIMAL
832,130,HAS_DATE
832,12,MENTIONS_ANIMAL
833,130,HAS_DATE
834,130,HAS_DATE
834,113,MENTIONS_DISEASE
834,114,MENTIONS_DISEASE
834,23,MENTIONS_DISEASE
834,6,MENTIONS_PATHOGEN
834,24,MENTIONS_PATHOGEN
835,79,MENTIONS_LOCATION
835,130,HAS_DATE
835,12,MENTIONS_ANIMAL
835,141,MENTIONS_ANIMAL
836,130,HAS_DATE
836,151,MENTIONS_ANIMAL
836,62,MENTIONS_ANIMAL
837,130,HAS_DATE
838,130,HAS_DATE
838,6,MENTIONS_PATHOGEN
839,130,HAS_DATE
840,130,HAS_DATE
841,32,HAS_DATE
841,72,HAS_DATE
841,130,HAS_DATE
841,6,MENTIONS_PATHOGEN
841,12,MENTIONS_ANIMAL
842,130,HAS_DATE
842,358,MENTIONS_PATHOGEN
842,12,MENTIONS_ANIMAL
842,152,MENTIONS_ANIMAL
843,43,MENTIONS_LOCATION
843,130,HAS_DATE
844,17,HAS_DATE
844,103,HAS_DATE
844,130,HAS_DATE
844,126,MENTIONS_ANIMAL
844,135,MENTIONS_ANIMAL
844,12,MENTIONS_ANIMAL
844,152,MENTIONS_ANIMAL
845,75,MENTIONS_LOCATION
845,130,HAS_DATE
845,62,MENTIONS_ANIMAL
846,130,HAS_DATE
846,6,MENTIONS_PATHOGEN
846,12,MENTIONS_ANIMAL
846,152,MENTIONS_ANIMAL
847,130,HAS_DATE
847,260,MENTIONS_DISEASE
847,6,MENTIONS_PATHOGEN
848,130,HAS_DATE
848,88,MENTIONS_DISEASE
849,130,HAS_DATE
849,12,MENTIONS_ANIMAL
849,152,MENTIONS_ANIMAL
850,130,HAS_DATE
850,113,MENTIONS_DISEASE
850,114,MENTIONS_DISEASE
850,260,MENTIONS_DISEASE
850,6,MENTIONS_PATHOGEN
851,78,MENTIONS_LOCATION
851,130,HAS_DATE
851,6,MENTIONS_PATHOGEN
852,130,HAS_DATE
853,130,HAS_DATE
853,60,MENTIONS_ANIMAL
853,62,MENTIONS_ANIMAL
853,63,MENTIONS_ANIMAL
854,130,HAS_DATE
854,12,MENTIONS_ANIMAL
854,141,MENTIONS_ANIMAL
855,130,HAS_DATE
855,23,MENTIONS_DISEASE
855,6,MENTIONS_PATHOGEN
855,24,MENTIONS_PATHOGEN
856,130,HAS_DATE
857,130,HAS_DATE
858,78,MENTIONS_LOCATION
858,103,HAS_DATE
858,109,HAS_DATE
858,130,HAS_DATE
858,23,MENTIONS_DISEASE
858,6,MENTIONS_PATHOGEN
858,24,MENTIONS_PATHOGEN
858,124,MENTIONS_ANIMAL
859,130,HAS_DATE
859,6,MENTIONS_PATHOGEN
860,130,HAS_DATE
860,9,MENTIONS_ANIMAL
861,130,HAS_DATE
861,155,MENTIONS_ANIMAL
862,130,HAS_DATE
862,12,MENTIONS_ANIMAL
863,130,HAS_DATE
864,130,HAS_DATE
865,130,HAS_DATE
866,43,MENTIONS_LOCATION
866,130,HAS_DATE
866,62,MENTIONS_ANIMAL
867,26,MENTIONS_LOCATION
867,46,HAS_DATE
867,109,HAS_DATE
867,130,HAS_DATE
867,4,MENTIONS_DISEASE
867,5,MENTIONS_DISEASE
867,6,MENTIONS_PATHOGEN
867,7,MENTIONS_PATHOGEN
868,26,MENTIONS_LOCATION
868,130,HAS_DATE
869,130,HAS_DATE
869,151,MENTIONS_ANIMAL
870,77,MENTIONS_LOCATION
870,130,HAS_DATE
870,260,MENTIONS_DISEASE
870,6,MENTIONS_PATHOGEN
871,130,HAS_DATE
871,357,MENTIONS_DISEASE
872,79,MENTIONS_LOCATION
872,873,HAS_DATE
872,130,HAS_DATE
872,12,MENTIONS_ANIMAL
874,130,HAS_DATE
874,134,MENTIONS_PATHOGEN
874,126,MENTIONS_ANIMAL
875,199,MENTIONS_LOCATION
875,130,HAS_DATE
875,126,MENTIONS_ANIMAL
875,135,MENTIONS_ANIMAL
875,12,MENTIONS_ANIMAL
875,141,MENTIONS_ANIMAL
876,79,MENTIONS_LOCATION
876,130,HAS_DATE
876,134,MENTIONS_PATHOGEN
877,130,HAS_DATE
877,12,MENTIONS_ANIMAL
878,130,HAS_DATE
878,6,MENTIONS_PATHOGEN
879,130,HAS_DATE
880,130,HAS_DATE
880,12,MENTIONS_ANIMAL
881,130,HAS_DATE
881,147,MENTIONS_PATHOGEN
882,130,HAS_DATE
882,4,MENTIONS_DISEASE
882,5,MENTIONS_DISEASE
882,8,MENTIONS_PATHOGEN
882,12,MENTIONS_ANIMAL
882,152,MENTIONS_ANIMAL
883,130,HAS_DATE
883,4,MENTIONS_DISEASE
883,5,MENTIONS_DISEASE
883,6,MENTIONS_PATHOGEN
883,8,MENTIONS_PATHOGEN
884,130,HAS_DATE
884,4,MENTIONS_DISEASE
884,5,MENTIONS_DISEASE
884,6,MENTIONS_PATHOGEN
884,7,MENTIONS_PATHOGEN
884,8,MENTIONS_PATHOGEN
885,130,HAS_DATE
885,4,MENTIONS_DISEASE
885,5,MENTIONS_DISEASE
885,8,MENTIONS_PATHOGEN
886,130,HAS_DATE
886,4,MENTIONS_DISEASE
886,5,MENTIONS_DISEASE
886,8,MENTIONS_PATHOGEN
887,130,HAS_DATE
887,4,MENTIONS_DISEASE
887,5,MENTIONS_DISEASE
887,8,MENTIONS_PATHOGEN
888,43,MENTIONS_LOCATION
888,130,HAS_DATE
888,4,MENTIONS_DISEASE
888,5,MENTIONS_DISEASE
888,8,MENTIONS_PATHOGEN
889,130,HAS_DATE
889,4,MENTIONS_DISEASE
889,5,MENTIONS_DISEASE
889,6,MENTIONS_PATHOGEN
889,8,MENTIONS_PATHOGEN
890,891,HAS_DATE
890,130,HAS_DATE
890,4,MENTIONS_DISEASE
890,5,MENTIONS_DISEASE
890,8,MENTIONS_PATHOGEN
892,130,HAS_DATE
892,4,MENTIONS_DISEASE
892,5,MENTIONS_DISEASE
892,8,MENTIONS_PATHOGEN
893,130,HAS_DATE
893,4,MENTIONS_DISEASE
893,5,MENTIONS_DISEASE
893,6,MENTIONS_PATHOGEN
893,7,MENTIONS_PATHOGEN
893,8,MENTIONS_PATHOGEN
893,12,MENTIONS_ANIMAL
893,152,MENTIONS_ANIMAL
894,130,HAS_DATE
894,4,MENTIONS_DISEASE
894,5,MENTIONS_DISEASE
894,8,MENTIONS_PATHOGEN
895,34,MENTIONS_LOCATION
895,103,HAS_DATE
895,109,HAS_DATE
895,130,HAS_DATE
895,4,MENTIONS_DISEASE
895,5,MENTIONS_DISEASE
895,8,MENTIONS_PATHOGEN
896,130,HAS_DATE
896,4,MENTIONS_DISEASE
896,5,MENTIONS_DISEASE
896,6,MENTIONS_PATHOGEN
896,8,MENTIONS_PATHOGEN
897,130,HAS_DATE
897,4,MENTIONS_DISEASE
897,5,MENTIONS_DISEASE
897,8,MENTIONS_PATHOGEN
898,130,HAS_DATE
898,4,MENTIONS_DISEASE
898,5,MENTIONS_DISEASE
898,8,MENTIONS_PATHOGEN
898,104,MENTIONS_ANIMAL
899,130,HAS_DATE
899,4,MENTIONS_DISEASE
899,5,MENTIONS_DISEASE
899,8,MENTIONS_PATHOGEN
900,130,HAS_DATE
900,4,MENTIONS_DISEASE
900,5,MENTIONS_DISEASE
900,8,MENTIONS_PATHOGEN
900,27,MENTIONS_ANIMAL
900,28,MENTIONS_ANIMAL
900,62,MENTIONS_ANIMAL
901,103,HAS_DATE
901,130,HAS_DATE
901,4,MENTIONS_DISEASE
901,5,MENTIONS_DISEASE
901,8,MENTIONS_PATHOGEN
902,130,HAS_DATE
902,4,MENTIONS_DISEASE
902,5,MENTIONS_DISEASE
902,8,MENTIONS_PATHOGEN
902,9,MENTIONS_ANIMAL
902,12,MENTIONS_ANIMAL
902,141,MENTIONS_ANIMAL
903,103,HAS_DATE
903,109,HAS_DATE
903,130,HAS_DATE
903,4,MENTIONS_DISEASE
903,5,MENTIONS_DISEASE
903,6,MENTIONS_PATHOGEN
903,8,MENTIONS_PATHOGEN
903,12,MENTIONS_ANIMAL
904,130,HAS_DATE
904,4,MENTIONS_DISEASE
904,5,MENTIONS_DISEASE
904,6,MENTIONS_PATHOGEN
904,7,MENTIONS_PATHOGEN
904,8,MENTIONS_PATHOGEN
905,130,HAS_DATE
905,4,MENTIONS_DISEASE
905,5,MENTIONS_DISEASE
905,6,MENTIONS_PATHOGEN
905,7,MENTIONS_PATHOGEN
905,8,MENTIONS_PATHOGEN
906,130,HAS_DATE
906,4,MENTIONS_DISEASE
906,5,MENTIONS_DISEASE
906,6,MENTIONS_PATHOGEN
906,8,MENTIONS_PATHOGEN
906,12,MENTIONS_ANIMAL
907,69,HAS_DATE
907,109,HAS_DATE
907,130,HAS_DATE
907,4,MENTIONS_DISEASE
907,5,MENTIONS_DISEASE
907,6,MENTIONS_PATHOGEN
907,8,MENTIONS_PATHOGEN
908,130,HAS_DATE
908,4,MENTIONS_DISEASE
908,5,MENTIONS_DISEASE
908,8,MENTIONS_PATHOGEN
909,81,HAS_DATE
909,109,HAS_DATE
909,130,HAS_DATE
909,4,MENTIONS_DISEASE
909,5,MENTIONS_DISEASE
909,6,MENTIONS_PATHOGEN
909,7,MENTIONS_PATHOGEN
909,8,MENTIONS_PATHOGEN
909,63,MENTIONS_ANIMAL
910,130,HAS_DATE
910,4,MENTIONS_DISEASE
910,5,MENTIONS_DISEASE
910,8,MENTIONS_PATHOGEN
911,130,HAS_DATE
911,4,MENTIONS_DISEASE
911,5,MENTIONS_DISEASE
911,23,MENTIONS_DISEASE
911,6,MENTIONS_PATHOGEN
911,24,MENTIONS_PATHOGEN
911,8,MENTIONS_PATHOGEN
912,109,HAS_DATE
912,130,HAS_DATE
912,4,MENTIONS_DISEASE
912,5,MENTIONS_DISEASE
912,8,MENTIONS_PATHOGEN
913,130,HAS_DATE
913,4,MENTIONS_DISEASE
913,5,MENTIONS_DISEASE
913,8,MENTIONS_PATHOGEN
914,130,HAS_DATE
914,4,MENTIONS_DISEASE
914,5,MENTIONS_DISEASE
914,6,MENTIONS_PATHOGEN
914,8,MENTIONS_PATHOGEN
915,130,HAS_DATE
915,4,MENTIONS_DISEASE
915,5,MENTIONS_DISEASE
915,8,MENTIONS_PATHOGEN
915,27,MENTIONS_ANIMAL
916,34,MENTIONS_LOCATION
916,130,HAS_DATE
916,4,MENTIONS_DISEASE
916,5,MENTIONS_DISEASE
916,6,MENTIONS_PATHOGEN
916,7,MENTIONS_PATHOGEN
916,8,MENTIONS_PATHOGEN
916,12,MENTIONS_ANIMAL
916,152,MENTIONS_ANIMAL
917,130,HAS_DATE
917,4,MENTIONS_DISEASE
917,5,MENTIONS_DISEASE
917,8,MENTIONS_PATHOGEN
918,130,HAS_DATE
918,4,MENTIONS_DISEASE
918,5,MENTIONS_DISEASE
918,6,MENTIONS_PATHOGEN
918,8,MENTIONS_PATHOGEN
919,130,HAS_DATE
919,4,MENTIONS_DISEASE
919,5,MENTIONS_DISEASE
919,6,MENTIONS_PATHOGEN
919,8,MENTIONS_PATHOGEN
920,32,HAS_DATE
920,109,HAS_DATE
920,130,HAS_DATE
920,4,MENTIONS_DISEASE
920,5,MENTIONS_DISEASE
920,8,MENTIONS_PATHOGEN
921,130,HAS_DATE
921,4,MENTIONS_DISEASE
921,5,MENTIONS_DISEASE
921,6,MENTIONS_PATHOGEN
921,7,MENTIONS_PATHOGEN
921,8,MENTIONS_PATHOGEN
921,278,MENTIONS_ANIMAL
922,130,HAS_DATE
922,4,MENTIONS_DISEASE
922,5,MENTIONS_DISEASE
922,8,MENTIONS_PATHOGEN
922,27,MENTIONS_ANIMAL
923,130,HAS_DATE
923,4,MENTIONS_DISEASE
923,5,MENTIONS_DISEASE
923,6,MENTIONS_PATHOGEN
923,7,MENTIONS_PATHOGEN
923,8,MENTIONS_PATHOGEN
924,14,HAS_DATE
924,130,HAS_DATE
924,4,MENTIONS_DISEASE
924,5,MENTIONS_DISEASE
924,8,MENTIONS_PATHOGEN
925,46,HAS_DATE
925,81,HAS_DATE
925,130,HAS_DATE
925,4,MENTIONS_DISEASE
925,5,MENTIONS_DISEASE
925,6,MENTIONS_PATHOGEN
925,8,MENTIONS_PATHOGEN
926,109,HAS_DATE
926,4,MENTIONS_DISEASE
926,5,MENTIONS_DISEASE
926,6,MENTIONS_PATHOGEN
926,8,MENTIONS_PATHOGEN
927,130,HAS_DATE
927,4,MENTIONS_DISEASE
927,5,MENTIONS_DISEASE
927,6,MENTIONS_PATHOGEN
927,8,MENTIONS_PATHOGEN
928,241,MENTIONS_LOCATION
928,112,HAS_DATE
928,109,HAS_DATE
928,130,HAS_DATE
928,4,MENTIONS_DISEASE
928,5,MENTIONS_DISEASE
928,8,MENTIONS_PATHOGEN
929,130,HAS_DATE
929,4,MENTIONS_DISEASE
929,5,MENTIONS_DISEASE
929,23,MENTIONS_DISEASE
929,6,MENTIONS_PATHOGEN
929,24,MENTIONS_PATHOGEN
929,8,MENTIONS_PATHOGEN
930,130,HAS_DATE
930,4,MENTIONS_DISEASE
930,5,MENTIONS_DISEASE
930,6,MENTIONS_PATHOGEN
930,7,MENTIONS_PATHOGEN
930,8,MENTIONS_PATHOGEN
930,12,MENTIONS_ANIMAL
930,152,MENTIONS_ANIMAL
930,165,MENTIONS_ANIMAL
931,130,HAS_DATE
931,4,MENTIONS_DISEASE
931,5,MENTIONS_DISEASE
931,6,MENTIONS_PATHOGEN
931,7,MENTIONS_PATHOGEN
931,8,MENTIONS_PATHOGEN
931,12,MENTIONS_ANIMAL
931,141,MENTIONS_ANIMAL
932,130,HAS_DATE
932,4,MENTIONS_DISEASE
932,5,MENTIONS_DISEASE
932,6,MENTIONS_PATHOGEN
932,8,MENTIONS_PATHOGEN
932,9,MENTIONS_ANIMAL
933,130,HAS_DATE
933,4,MENTIONS_DISEASE
933,5,MENTIONS_DISEASE
933,8,MENTIONS_PATHOGEN
934,130,HAS_DATE
934,4,MENTIONS_DISEASE
934,5,MENTIONS_DISEASE
934,8,MENTIONS_PATHOGEN
934,27,MENTIONS_ANIMAL
934,28,MENTIONS_ANIMAL
935,109,HAS_DATE
935,4,MENTIONS_DISEASE
935,5,MENTIONS_DISEASE
935,6,MENTIONS_PATHOGEN
935,7,MENTIONS_PATHOGEN
935,8,MENTIONS_PATHOGEN
935,12,MENTIONS_ANIMAL
936,109,HAS_DATE
936,4,MENTIONS_DISEASE
936,5,MENTIONS_DISEASE
936,6,MENTIONS_PATHOGEN
936,8,MENTIONS_PATHOGEN
936,165,MENTIONS_ANIMAL
937,109,HAS_DATE
937,4,MENTIONS_DISEASE
937,5,MENTIONS_DISEASE
937,6,MENTIONS_PATHOGEN
937,8,MENTIONS_PATHOGEN
938,109,HAS_DATE
938,4,MENTIONS_DISEASE
938,5,MENTIONS_DISEASE
938,8,MENTIONS_PATHOGEN
939,109,HAS_DATE
939,4,MENTIONS_DISEASE
939,5,MENTIONS_DISEASE
939,6,MENTIONS_PATHOGEN
939,8,MENTIONS_PATHOGEN
939,12,MENTIONS_ANIMAL
939,152,MENTIONS_ANIMAL
939,165,MENTIONS_ANIMAL
940,109,HAS_DATE
940,4,MENTIONS_DISEASE
940,5,MENTIONS_DISEASE
940,8,MENTIONS_PATHOGEN
941,34,MENTIONS_LOCATION
941,109,HAS_DATE
941,4,MENTIONS_DISEASE
941,5,MENTIONS_DISEASE
941,6,MENTIONS_PATHOGEN
941,8,MENTIONS_PATHOGEN
942,109,HAS_DATE
942,4,MENTIONS_DISEASE
942,5,MENTIONS_DISEASE
942,8,MENTIONS_PATHOGEN
943,109,HAS_DATE
943,4,MENTIONS_DISEASE
943,5,MENTIONS_DISEASE
943,6,MENTIONS_PATHOGEN
943,8,MENTIONS_PATHOGEN
944,109,HAS_DATE
944,4,MENTIONS_DISEASE
944,5,MENTIONS_DISEASE
944,8,MENTIONS_PATHOGEN
944,151,MENTIONS_ANIMAL
945,109,HAS_DATE
945,4,MENTIONS_DISEASE
945,5,MENTIONS_DISEASE
945,8,MENTIONS_PATHOGEN
946,109,HAS_DATE
946,4,MENTIONS_DISEASE
946,5,MENTIONS_DISEASE
946,8,MENTIONS_PATHOGEN
947,130,HAS_DATE
947,4,MENTIONS_DISEASE
947,5,MENTIONS_DISEASE
947,8,MENTIONS_PATHOGEN
948,130,HAS_DATE
948,4,MENTIONS_DISEASE
948,5,MENTIONS_DISEASE
948,8,MENTIONS_PATHOGEN
949,109,HAS_DATE
949,4,MENTIONS_DISEASE
949,5,MENTIONS_DISEASE
949,6,MENTIONS_PATHOGEN
949,7,MENTIONS_PATHOGEN
949,8,MENTIONS_PATHOGEN
950,109,HAS_DATE
950,4,MENTIONS_DISEASE
950,5,MENTIONS_DISEASE
950,8,MENTIONS_PATHOGEN
951,109,HAS_DATE
951,4,MENTIONS_DISEASE
951,5,MENTIONS_DISEASE
951,6,MENTIONS_PATHOGEN
951,8,MENTIONS_PATHOGEN
951,12,MENTIONS_ANIMAL
952,109,HAS_DATE
952,4,MENTIONS_DISEASE
952,5,MENTIONS_DISEASE
952,8,MENTIONS_PATHOGEN
953,109,HAS_DATE
953,4,MENTIONS_DISEASE
953,5,MENTIONS_DISEASE
953,8,MENTIONS_PATHOGEN
954,109,HAS_DATE
954,4,MENTIONS_DISEASE
954,5,MENTIONS_DISEASE
954,8,MENTIONS_PATHOGEN
954,12,MENTIONS_ANIMAL
954,152,MENTIONS_ANIMAL
955,109,HAS_DATE
955,4,MENTIONS_DISEASE
955,5,MENTIONS_DISEASE
955,6,MENTIONS_PATHOGEN
955,8,MENTIONS_PATHOGEN
955,12,MENTIONS_ANIMAL
956,109,HAS_DATE
956,4,MENTIONS_DISEASE
956,5,MENTIONS_DISEASE
956,6,MENTIONS_PATHOGEN
956,7,MENTIONS_PATHOGEN
956,8,MENTIONS_PATHOGEN
957,109,HAS_DATE
957,4,MENTIONS_DISEASE
957,5,MENTIONS_DISEASE
957,6,MENTIONS_PATHOGEN
957,7,MENTIONS_PATHOGEN
957,8,MENTIONS_PATHOGEN
957,151,MENTIONS_ANIMAL
958,109,HAS_DATE
958,4,MENTIONS_DISEASE
958,5,MENTIONS_DISEASE
958,8,MENTIONS_PATHOGEN
959,109,HAS_DATE
959,4,MENTIONS_DISEASE
959,5,MENTIONS_DISEASE
959,8,MENTIONS_PATHOGEN
960,109,HAS_DATE
960,4,MENTIONS_DISEASE
960,5,MENTIONS_DISEASE
960,8,MENTIONS_PATHOGEN
960,104,MENTIONS_ANIMAL
961,109,HAS_DATE
961,4,MENTIONS_DISEASE
961,5,MENTIONS_DISEASE
961,6,MENTIONS_PATHOGEN
961,8,MENTIONS_PATHOGEN
961,12,MENTIONS_ANIMAL
961,152,MENTIONS_ANIMAL
962,109,HAS_DATE
962,4,MENTIONS_DISEASE
962,5,MENTIONS_DISEASE
962,6,MENTIONS_PATHOGEN
962,8,MENTIONS_PATHOGEN
963,109,HAS_DATE
963,4,MENTIONS_DISEASE
963,5,MENTIONS_DISEASE
963,8,MENTIONS_PATHOGEN
964,109,HAS_DATE
964,4,MENTIONS_DISEASE
964,5,MENTIONS_DISEASE
964,8,MENTIONS_PATHOGEN
965,75,MENTIONS_LOCATION
965,485,MENTIONS_LOCATION
965,130,HAS_DATE
965,4,MENTIONS_DISEASE
965,5,MENTIONS_DISEASE
965,8,MENTIONS_PATHOGEN
966,109,HAS_DATE
966,4,MENTIONS_DISEASE
966,5,MENTIONS_DISEASE
966,6,MENTIONS_PATHOGEN
966,7,MENTIONS_PATHOGEN
966,8,MENTIONS_PATHOGEN
966,12,MENTIONS_ANIMAL
966,152,MENTIONS_ANIMAL
967,109,HAS_DATE
967,4,MENTIONS_DISEASE
967,5,MENTIONS_DISEASE
967,8,MENTIONS_PATHOGEN
968,14,HAS_DATE
968,109,HAS_DATE
968,4,MENTIONS_DISEASE
968,5,MENTIONS_DISEASE
968,6,MENTIONS_PATHOGEN
968,8,MENTIONS_PATHOGEN
969,109,HAS_DATE
969,4,MENTIONS_DISEASE
969,5,MENTIONS_DISEASE
969,6,MENTIONS_PATHOGEN
969,7,MENTIONS_PATHOGEN
969,8,MENTIONS_PATHOGEN
970,109,HAS_DATE
970,4,MENTIONS_DISEASE
970,5,MENTIONS_DISEASE
970,8,MENTIONS_PATHOGEN
970,12,MENTIONS_ANIMAL
971,109,HAS_DATE
971,4,MENTIONS_DISEASE
971,5,MENTIONS_DISEASE
971,8,MENTIONS_PATHOGEN
971,12,MENTIONS_ANIMAL
971,152,MENTIONS_ANIMAL
972,34,MENTIONS_LOCATION
972,109,HAS_DATE
972,4,MENTIONS_DISEASE
972,5,MENTIONS_DISEASE
972,6,MENTIONS_PATHOGEN
972,8,MENTIONS_PATHOGEN
972,12,MENTIONS_ANIMAL
972,152,MENTIONS_ANIMAL
973,109,HAS_DATE
973,4,MENTIONS_DISEASE
973,5,MENTIONS_DISEASE
973,974,MENTIONS_DISEASE
973,8,MENTIONS_PATHOGEN
973,27,MENTIONS_ANIMAL
973,9,MENTIONS_ANIMAL
973,63,MENTIONS_ANIMAL
975,109,HAS_DATE
975,4,MENTIONS_DISEASE
975,5,MENTIONS_DISEASE
975,6,MENTIONS_PATHOGEN
975,7,MENTIONS_PATHOGEN
975,8,MENTIONS_PATHOGEN
976,109,HAS_DATE
976,4,MENTIONS_DISEASE
976,5,MENTIONS_DISEASE
976,6,MENTIONS_PATHOGEN
976,7,MENTIONS_PATHOGEN
976,8,MENTIONS_PATHOGEN
977,109,HAS_DATE
977,4,MENTIONS_DISEASE
977,5,MENTIONS_DISEASE
977,8,MENTIONS_PATHOGEN
977,165,MENTIONS_ANIMAL
978,109,HAS_DATE
978,4,MENTIONS_DISEASE
978,5,MENTIONS_DISEASE
978,8,MENTIONS_PATHOGEN
978,27,MENTIONS_ANIMAL
979,109,HAS_DATE
979,4,MENTIONS_DISEASE
979,5,MENTIONS_DISEASE
979,6,MENTIONS_PATHOGEN
979,8,MENTIONS_PATHOGEN
979,151,MENTIONS_ANIMAL
980,109,HAS_DATE
980,4,MENTIONS_DISEASE
980,5,MENTIONS_DISEASE
980,6,MENTIONS_PATHOGEN
980,7,MENTIONS_PATHOGEN
980,8,MENTIONS_PATHOGEN
981,109,HAS_DATE
981,4,MENTIONS_DISEASE
981,5,MENTIONS_DISEASE
981,8,MENTIONS_PATHOGEN
981,12,MENTIONS_ANIMAL
981,152,MENTIONS_ANIMAL
982,109,HAS_DATE
982,4,MENTIONS_DISEASE
982,5,MENTIONS_DISEASE
982,6,MENTIONS_PATHOGEN
982,7,MENTIONS_PATHOGEN
982,8,MENTIONS_PATHOGEN
983,103,HAS_DATE
983,4,MENTIONS_DISEASE
983,5,MENTIONS_DISEASE
983,8,MENTIONS_PATHOGEN
984,103,HAS_DATE
984,4,MENTIONS_DISEASE
984,5,MENTIONS_DISEASE
984,6,MENTIONS_PATHOGEN
984,7,MENTIONS_PATHOGEN
984,8,MENTIONS_PATHOGEN
985,103,HAS_DATE
985,4,MENTIONS_DISEASE
985,5,MENTIONS_DISEASE
985,6,MENTIONS_PATHOGEN
985,7,MENTIONS_PATHOGEN
985,8,MENTIONS_PATHOGEN
985,9,MENTIONS_ANIMAL
986,109,HAS_DATE
986,4,MENTIONS_DISEASE
986,5,MENTIONS_DISEASE
986,6,MENTIONS_PATHOGEN
986,8,MENTIONS_PATHOGEN
987,109,HAS_DATE
987,4,MENTIONS_DISEASE
987,5,MENTIONS_DISEASE
987,6,MENTIONS_PATHOGEN
987,8,MENTIONS_PATHOGEN
988,109,HAS_DATE
988,4,MENTIONS_DISEASE
988,5,MENTIONS_DISEASE
988,8,MENTIONS_PATHOGEN
988,12,MENTIONS_ANIMAL
989,81,HAS_DATE
989,109,HAS_DATE
989,4,MENTIONS_DISEASE
989,5,MENTIONS_DISEASE
989,6,MENTIONS_PATHOGEN
989,7,MENTIONS_PATHOGEN
989,8,MENTIONS_PATHOGEN
989,12,MENTIONS_ANIMAL
989,141,MENTIONS_ANIMAL
989,165,MENTIONS_ANIMAL
990,109,HAS_DATE
990,4,MENTIONS_DISEASE
990,5,MENTIONS_DISEASE
990,6,MENTIONS_PATHOGEN
990,7,MENTIONS_PATHOGEN
990,8,MENTIONS_PATHOGEN
991,109,HAS_DATE
991,4,MENTIONS_DISEASE
991,5,MENTIONS_DISEASE
991,8,MENTIONS_PATHOGEN
991,12,MENTIONS_ANIMAL
991,152,MENTIONS_ANIMAL
992,109,HAS_DATE
992,4,MENTIONS_DISEASE
992,5,MENTIONS_DISEASE
992,6,MENTIONS_PATHOGEN
992,8,MENTIONS_PATHOGEN
992,151,MENTIONS_ANIMAL
993,109,HAS_DATE
993,4,MENTIONS_DISEASE
993,5,MENTIONS_DISEASE
993,8,MENTIONS_PATHOGEN
994,103,HAS_DATE
994,4,MENTIONS_DISEASE
994,5,MENTIONS_DISEASE
994,8,MENTIONS_PATHOGEN
995,109,HAS_DATE
995,4,MENTIONS_DISEASE
995,5,MENTIONS_DISEASE
995,8,MENTIONS_PATHOGEN
995,9,MENTIONS_ANIMAL
996,109,HAS_DATE
996,4,MENTIONS_DISEASE
996,5,MENTIONS_DISEASE
996,6,MENTIONS_PATHOGEN
996,8,MENTIONS_PATHOGEN
997,109,HAS_DATE
997,4,MENTIONS_DISEASE
997,5,MENTIONS_DISEASE
997,8,MENTIONS_PATHOGEN
998,109,HAS_DATE
998,4,MENTIONS_DISEASE
998,5,MENTIONS_DISEASE
998,6,MENTIONS_PATHOGEN
998,7,MENTIONS_PATHOGEN
998,8,MENTIONS_PATHOGEN
998,12,MENTIONS_ANIMAL
998,152,MENTIONS_ANIMAL
999,109,HAS_DATE
999,4,MENTIONS_DISEASE
999,5,MENTIONS_DISEASE
999,6,MENTIONS_PATHOGEN
999,7,MENTIONS_PATHOGEN
999,8,MENTIONS_PATHOGEN
1000,109,HAS_DATE
1000,4,MENTIONS_DISEASE
1000,5,MENTIONS_DISEASE
1000,8,MENTIONS_PATHOGEN
1001,109,HAS_DATE
1001,4,MENTIONS_DISEASE
1001,5,MENTIONS_DISEASE
1001,8,MENTIONS_PATHOGEN
1002,109,HAS_DATE
1002,4,MENTIONS_DISEASE
1002,5,MENTIONS_DISEASE
1002,6,MENTIONS_PATHOGEN
1002,7,MENTIONS_PATHOGEN
1002,8,MENTIONS_PATHOGEN
1003,103,HAS_DATE
1003,4,MENTIONS_DISEASE
1003,5,MENTIONS_DISEASE
1003,6,MENTIONS_PATHOGEN
1003,7,MENTIONS_PATHOGEN
1003,8,MENTIONS_PATHOGEN
1003,9,MENTIONS_ANIMAL
1004,109,HAS_DATE
1004,4,MENTIONS_DISEASE
1004,5,MENTIONS_DISEASE
1004,8,MENTIONS_PATHOGEN
1004,165,MENTIONS_ANIMAL
1005,103,HAS_DATE
1005,4,MENTIONS_DISEASE
1005,5,MENTIONS_DISEASE
1005,8,MENTIONS_PATHOGEN
1005,12,MENTIONS_ANIMAL
1005,165,MENTIONS_ANIMAL
1006,103,HAS_DATE
1006,4,MENTIONS_DISEASE
1006,5,MENTIONS_DISEASE
1006,8,MENTIONS_PATHOGEN
1007,103,HAS_DATE
1007,4,MENTIONS_DISEASE
1007,5,MENTIONS_DISEASE
1007,6,MENTIONS_PATHOGEN
1007,7,MENTIONS_PATHOGEN
1007,8,MENTIONS_PATHOGEN
1008,103,HAS_DATE
1008,4,MENTIONS_DISEASE
1008,5,MENTIONS_DISEASE
1008,8,MENTIONS_PATHOGEN
1009,103,HAS_DATE
1009,4,MENTIONS_DISEASE
1009,5,MENTIONS_DISEASE
1009,6,MENTIONS_PATHOGEN
1009,8,MENTIONS_PATHOGEN
1010,103,HAS_DATE
1010,4,MENTIONS_DISEASE
1010,5,MENTIONS_DISEASE
1010,8,MENTIONS_PATHOGEN
1011,109,HAS_DATE
1011,4,MENTIONS_DISEASE
1011,5,MENTIONS_DISEASE
1011,6,MENTIONS_PATHOGEN
1011,7,MENTIONS_PATHOGEN
1011,8,MENTIONS_PATHOGEN
1012,103,HAS_DATE
1012,4,MENTIONS_DISEASE
1012,5,MENTIONS_DISEASE
1012,8,MENTIONS_PATHOGEN
1012,9,MENTIONS_ANIMAL
1013,103,HAS_DATE
1013,4,MENTIONS_DISEASE
1013,5,MENTIONS_DISEASE
1013,8,MENTIONS_PATHOGEN
1013,27,MENTIONS_ANIMAL
1014,109,HAS_DATE
1014,4,MENTIONS_DISEASE
1014,5,MENTIONS_DISEASE
1014,8,MENTIONS_PATHOGEN
1014,165,MENTIONS_ANIMAL
1015,103,HAS_DATE
1015,4,MENTIONS_DISEASE
1015,5,MENTIONS_DISEASE
1015,6,MENTIONS_PATHOGEN
1015,8,MENTIONS_PATHOGEN
1015,165,MENTIONS_ANIMAL
1016,103,HAS_DATE
1016,4,MENTIONS_DISEASE
1016,5,MENTIONS_DISEASE
1016,8,MENTIONS_PATHOGEN
1017,103,HAS_DATE
1017,4,MENTIONS_DISEASE
1017,5,MENTIONS_DISEASE
1017,8,MENTIONS_PATHOGEN
1018,103,HAS_DATE
1018,4,MENTIONS_DISEASE
1018,5,MENTIONS_DISEASE
1018,8,MENTIONS_PATHOGEN
1019,76,MENTIONS_LOCATION
1019,103,HAS_DATE
1019,4,MENTIONS_DISEASE
1019,5,MENTIONS_DISEASE
1019,6,MENTIONS_PATHOGEN
1019,7,MENTIONS_PATHOGEN
1019,8,MENTIONS_PATHOGEN
1019,10,MENTIONS_ANIMAL
1020,103,HAS_DATE
1020,4,MENTIONS_DISEASE
1020,5,MENTIONS_DISEASE
1020,6,MENTIONS_PATHOGEN
1020,7,MENTIONS_PATHOGEN
1020,8,MENTIONS_PATHOGEN
1021,103,HAS_DATE
1021,4,MENTIONS_DISEASE
1021,5,MENTIONS_DISEASE
1021,6,MENTIONS_PATHOGEN
1021,8,MENTIONS_PATHOGEN
1022,103,HAS_DATE
1022,4,MENTIONS_DISEASE
1022,5,MENTIONS_DISEASE
1022,8,MENTIONS_PATHOGEN
1022,12,MENTIONS_ANIMAL
1023,103,HAS_DATE
1023,4,MENTIONS_DISEASE
1023,5,MENTIONS_DISEASE
1023,8,MENTIONS_PATHOGEN
1024,103,HAS_DATE
1024,4,MENTIONS_DISEASE
1024,5,MENTIONS_DISEASE
1024,6,MENTIONS_PATHOGEN
1024,7,MENTIONS_PATHOGEN
1024,8,MENTIONS_PATHOGEN
1024,151,MENTIONS_ANIMAL
1025,103,HAS_DATE
1025,4,MENTIONS_DISEASE
1025,5,MENTIONS_DISEASE
1025,6,MENTIONS_PATHOGEN
1025,7,MENTIONS_PATHOGEN
1025,8,MENTIONS_PATHOGEN
1026,103,HAS_DATE
1026,4,MENTIONS_DISEASE
1026,5,MENTIONS_DISEASE
1026,6,MENTIONS_PATHOGEN
1026,7,MENTIONS_PATHOGEN
1026,8,MENTIONS_PATHOGEN
1026,9,MENTIONS_ANIMAL
1027,103,HAS_DATE
1027,4,MENTIONS_DISEASE
1027,5,MENTIONS_DISEASE
1027,8,MENTIONS_PATHOGEN
1028,103,HAS_DATE
1028,4,MENTIONS_DISEASE
1028,5,MENTIONS_DISEASE
1028,6,MENTIONS_PATHOGEN
1028,8,MENTIONS_PATHOGEN
1029,103,HAS_DATE
1029,4,MENTIONS_DISEASE
1029,5,MENTIONS_DISEASE
1029,6,MENTIONS_PATHOGEN
1029,8,MENTIONS_PATHOGEN
1030,72,HAS_DATE
1030,103,HAS_DATE
1030,4,MENTIONS_DISEASE
1030,5,MENTIONS_DISEASE
1030,8,MENTIONS_PATHOGEN
1031,81,HAS_DATE
1031,103,HAS_DATE
1031,4,MENTIONS_DISEASE
1031,5,MENTIONS_DISEASE
1031,6,MENTIONS_PATHOGEN
1031,8,MENTIONS_PATHOGEN
1032,103,HAS_DATE
1032,4,MENTIONS_DISEASE
1032,5,MENTIONS_DISEASE
1032,8,MENTIONS_PATHOGEN
1033,72,HAS_DATE
1033,103,HAS_DATE
1033,4,MENTIONS_DISEASE
1033,5,MENTIONS_DISEASE
1033,6,MENTIONS_PATHOGEN
1033,8,MENTIONS_PATHOGEN
1034,199,MENTIONS_LOCATION
1034,50,HAS_DATE
1034,72,HAS_DATE
1034,81,HAS_DATE
1034,4,MENTIONS_DISEASE
1034,5,MENTIONS_DISEASE
1034,6,MENTIONS_PATHOGEN
1034,8,MENTIONS_PATHOGEN
1034,27,MENTIONS_ANIMAL
1035,76,MENTIONS_LOCATION
1035,81,HAS_DATE
1035,4,MENTIONS_DISEASE
1035,5,MENTIONS_DISEASE
1035,8,MENTIONS_PATHOGEN
1036,76,MENTIONS_LOCATION
1036,81,HAS_DATE
1036,4,MENTIONS_DISEASE
1036,5,MENTIONS_DISEASE
1036,6,MENTIONS_PATHOGEN
1036,7,MENTIONS_PATHOGEN
1036,8,MENTIONS_PATHOGEN
1036,27,MENTIONS_ANIMAL
1037,81,HAS_DATE
1037,4,MENTIONS_DISEASE
1037,5,MENTIONS_DISEASE
1037,6,MENTIONS_PATHOGEN
1037,8,MENTIONS_PATHOGEN
1038,81,HAS_DATE
1038,4,MENTIONS_DISEASE
1038,5,MENTIONS_DISEASE
1038,8,MENTIONS_PATHOGEN
1038,12,MENTIONS_ANIMAL
1039,81,HAS_DATE
1039,4,MENTIONS_DISEASE
1039,5,MENTIONS_DISEASE
1039,6,MENTIONS_PATHOGEN
1039,8,MENTIONS_PATHOGEN
1039,165,MENTIONS_ANIMAL
1040,81,HAS_DATE
1040,4,MENTIONS_DISEASE
1040,5,MENTIONS_DISEASE
1040,8,MENTIONS_PATHOGEN
1040,27,MENTIONS_ANIMAL
1040,28,MENTIONS_ANIMAL
1040,165,MENTIONS_ANIMAL
1041,81,HAS_DATE
1041,4,MENTIONS_DISEASE
1041,5,MENTIONS_DISEASE
1041,6,MENTIONS_PATHOGEN
1041,7,MENTIONS_PATHOGEN
1041,8,MENTIONS_PATHOGEN
1042,81,HAS_DATE
1042,4,MENTIONS_DISEASE
1042,5,MENTIONS_DISEASE
1042,8,MENTIONS_PATHOGEN
1043,81,HAS_DATE
1043,4,MENTIONS_DISEASE
1043,5,MENTIONS_DISEASE
1043,6,MENTIONS_PATHOGEN
1043,7,MENTIONS_PATHOGEN
1043,8,MENTIONS_PATHOGEN
1043,10,MENTIONS_ANIMAL
1043,11,MENTIONS_ANIMAL
1044,81,HAS_DATE
1044,4,MENTIONS_DISEASE
1044,5,MENTIONS_DISEASE
1044,6,MENTIONS_PATHOGEN
1044,8,MENTIONS_PATHOGEN
1045,81,HAS_DATE
1045,4,MENTIONS_DISEASE
1045,5,MENTIONS_DISEASE
1045,6,MENTIONS_PATHOGEN
1045,8,MENTIONS_PATHOGEN
1045,165,MENTIONS_ANIMAL
1046,26,MENTIONS_LOCATION
1046,81,HAS_DATE
1046,4,MENTIONS_DISEASE
1046,5,MENTIONS_DISEASE
1046,6,MENTIONS_PATHOGEN
1046,8,MENTIONS_PATHOGEN
1046,67,MENTIONS_PATHOGEN
1047,72,HAS_DATE
1047,4,MENTIONS_DISEASE
1047,5,MENTIONS_DISEASE
1047,6,MENTIONS_PATHOGEN
1047,8,MENTIONS_PATHOGEN
1047,9,MENTIONS_ANIMAL
1047,10,MENTIONS_ANIMAL
1047,11,MENTIONS_ANIMAL
1048,73,HAS_DATE
1048,4,MENTIONS_DISEASE
1048,5,MENTIONS_DISEASE
1048,6,MENTIONS_PATHOGEN
1048,8,MENTIONS_PATHOGEN
1048,27,MENTIONS_ANIMAL
1048,28,MENTIONS_ANIMAL
1049,76,MENTIONS_LOCATION
1049,73,HAS_DATE
1049,4,MENTIONS_DISEASE
1049,5,MENTIONS_DISEASE
1049,8,MENTIONS_PATHOGEN
1049,9,MENTIONS_ANIMAL
1050,73,HAS_DATE
1050,4,MENTIONS_DISEASE
1050,5,MENTIONS_DISEASE
1050,6,MENTIONS_PATHOGEN
1050,7,MENTIONS_PATHOGEN
1050,8,MENTIONS_PATHOGEN
1050,104,MENTIONS_ANIMAL
1051,73,HAS_DATE
1051,4,MENTIONS_DISEASE
1051,5,MENTIONS_DISEASE
1051,8,MENTIONS_PATHOGEN
1052,75,MENTIONS_LOCATION
1052,112,HAS_DATE
1052,4,MENTIONS_DISEASE
1052,5,MENTIONS_DISEASE
1052,6,MENTIONS_PATHOGEN
1052,8,MENTIONS_PATHOGEN
1052,9,MENTIONS_ANIMAL
1053,19,HAS_DATE
1053,50,HAS_DATE
1053,112,HAS_DATE
1053,4,MENTIONS_DISEASE
1053,5,MENTIONS_DISEASE
1053,8,MENTIONS_PATHOGEN
1054,76,MENTIONS_LOCATION
1054,112,HAS_DATE
1054,4,MENTIONS_DISEASE
1054,5,MENTIONS_DISEASE
1054,6,MENTIONS_PATHOGEN
1054,8,MENTIONS_PATHOGEN
1054,9,MENTIONS_ANIMAL
1055,112,HAS_DATE
1055,4,MENTIONS_DISEASE
1055,5,MENTIONS_DISEASE
1055,6,MENTIONS_PATHOGEN
1055,8,MENTIONS_PATHOGEN
1055,60,MENTIONS_ANIMAL
1056,112,HAS_DATE
1056,4,MENTIONS_DISEASE
1056,5,MENTIONS_DISEASE
1056,6,MENTIONS_PATHOGEN
1056,8,MENTIONS_PATHOGEN
1057,112,HAS_DATE
1057,4,MENTIONS_DISEASE
1057,5,MENTIONS_DISEASE
1057,6,MENTIONS_PATHOGEN
1057,8,MENTIONS_PATHOGEN
1058,112,HAS_DATE
1058,4,MENTIONS_DISEASE
1058,5,MENTIONS_DISEASE
1058,6,MENTIONS_PATHOGEN
1058,7,MENTIONS_PATHOGEN
1058,8,MENTIONS_PATHOGEN
1058,9,MENTIONS_ANIMAL
1059,78,MENTIONS_LOCATION
1059,54,HAS_DATE
1059,49,HAS_DATE
1059,4,MENTIONS_DISEASE
1059,5,MENTIONS_DISEASE
1059,8,MENTIONS_PATHOGEN
1059,11,MENTIONS_ANIMAL
1060,50,HAS_DATE
1060,4,MENTIONS_DISEASE
1060,5,MENTIONS_DISEASE
1060,8,MENTIONS_PATHOGEN
1061,76,MENTIONS_LOCATION
1061,50,HAS_DATE
1061,4,MENTIONS_DISEASE
1061,5,MENTIONS_DISEASE
1061,8,MENTIONS_PATHOGEN
1062,2,MENTIONS_LOCATION
1062,50,HAS_DATE
1062,4,MENTIONS_DISEASE
1062,5,MENTIONS_DISEASE
1062,6,MENTIONS_PATHOGEN
1062,8,MENTIONS_PATHOGEN
1063,46,HAS_DATE
1063,4,MENTIONS_DISEASE
1063,5,MENTIONS_DISEASE
1063,8,MENTIONS_PATHOGEN
1064,46,HAS_DATE
1064,4,MENTIONS_DISEASE
1064,5,MENTIONS_DISEASE
1064,6,MENTIONS_PATHOGEN
1064,7,MENTIONS_PATHOGEN
1064,8,MENTIONS_PATHOGEN
1065,46,HAS_DATE
1065,4,MENTIONS_DISEASE
1065,5,MENTIONS_DISEASE
1065,6,MENTIONS_PATHOGEN
1065,7,MENTIONS_PATHOGEN
1065,8,MENTIONS_PATHOGEN
1066,46,HAS_DATE
1066,4,MENTIONS_DISEASE
1066,5,MENTIONS_DISEASE
1066,8,MENTIONS_PATHOGEN
1067,83,HAS_DATE
1067,4,MENTIONS_DISEASE
1067,5,MENTIONS_DISEASE
1067,6,MENTIONS_PATHOGEN
1067,8,MENTIONS_PATHOGEN
1068,26,MENTIONS_LOCATION
1068,21,HAS_DATE
1068,4,MENTIONS_DISEASE
1068,5,MENTIONS_DISEASE
1068,8,MENTIONS_PATHOGEN
1068,67,MENTIONS_PATHOGEN
1069,21,HAS_DATE
1069,4,MENTIONS_DISEASE
1069,5,MENTIONS_DISEASE
1069,6,MENTIONS_PATHOGEN
1069,8,MENTIONS_PATHOGEN
1069,11,MENTIONS_ANIMAL
1070,22,HAS_DATE
1070,4,MENTIONS_DISEASE
1070,5,MENTIONS_DISEASE
1070,8,MENTIONS_PATHOGEN
1071,44,HAS_DATE
1071,4,MENTIONS_DISEASE
1071,5,MENTIONS_DISEASE
1071,6,MENTIONS_PATHOGEN
1071,7,MENTIONS_PATHOGEN
1071,8,MENTIONS_PATHOGEN
1072,32,HAS_DATE
1072,4,MENTIONS_DISEASE
1072,5,MENTIONS_DISEASE
1072,6,MENTIONS_PATHOGEN
1072,8,MENTIONS_PATHOGEN
1073,241,MENTIONS_LOCATION
1073,130,HAS_DATE
1073,176,MENTIONS_DISEASE
1073,6,MENTIONS_PATHOGEN
1074,130,HAS_DATE
1074,176,MENTIONS_DISEASE
1074,6,MENTIONS_PATHOGEN
1075,130,HAS_DATE
1075,176,MENTIONS_DISEASE
1075,6,MENTIONS_PATHOGEN
1075,12,MENTIONS_ANIMAL
1076,81,HAS_DATE
1076,130,HAS_DATE
1076,176,MENTIONS_DISEASE
1076,6,MENTIONS_PATHOGEN
1077,130,HAS_DATE
1077,176,MENTIONS_DISEASE
1077,6,MENTIONS_PATHOGEN
1078,75,MENTIONS_LOCATION
1078,44,HAS_DATE
1078,81,HAS_DATE
1078,130,HAS_DATE
1078,176,MENTIONS_DISEASE
1078,6,MENTIONS_PATHOGEN
1079,130,HAS_DATE
1079,176,MENTIONS_DISEASE
1079,6,MENTIONS_PATHOGEN
1080,130,HAS_DATE
1080,176,MENTIONS_DISEASE
1080,6,MENTIONS_PATHOGEN
1081,75,MENTIONS_LOCATION
1081,130,HAS_DATE
1081,176,MENTIONS_DISEASE
1081,6,MENTIONS_PATHOGEN
1082,130,HAS_DATE
1082,176,MENTIONS_DISEASE
1082,6,MENTIONS_PATHOGEN
1083,79,MENTIONS_LOCATION
1083,130,HAS_DATE
1083,176,MENTIONS_DISEASE
1083,6,MENTIONS_PATHOGEN
1084,130,HAS_DATE
1084,176,MENTIONS_DISEASE
1084,6,MENTIONS_PATHOGEN
1085,130,HAS_DATE
1085,176,MENTIONS_DISEASE
1085,6,MENTIONS_PATHOGEN
1086,26,MENTIONS_LOCATION
1086,130,HAS_DATE
1086,176,MENTIONS_DISEASE
1086,6,MENTIONS_PATHOGEN
1087,130,HAS_DATE
1087,176,MENTIONS_DISEASE
1087,6,MENTIONS_PATHOGEN
1088,130,HAS_DATE
1088,176,MENTIONS_DISEASE
1088,6,MENTIONS_PATHOGEN
1089,199,MENTIONS_LOCATION
1089,49,HAS_DATE
1089,72,HAS_DATE
1089,130,HAS_DATE
1089,176,MENTIONS_DISEASE
1089,6,MENTIONS_PATHOGEN
1090,130,HAS_DATE
1090,176,MENTIONS_DISEASE
1090,6,MENTIONS_PATHOGEN
1091,130,HAS_DATE
1091,176,MENTIONS_DISEASE
1091,6,MENTIONS_PATHOGEN
1092,78,MENTIONS_LOCATION
1092,130,HAS_DATE
1092,176,MENTIONS_DISEASE
1092,6,MENTIONS_PATHOGEN
1093,130,HAS_DATE
1093,176,MENTIONS_DISEASE
1093,6,MENTIONS_PATHOGEN
1094,241,MENTIONS_LOCATION
1094,130,HAS_DATE
1094,176,MENTIONS_DISEASE
1094,6,MENTIONS_PATHOGEN
1095,130,HAS_DATE
1095,176,MENTIONS_DISEASE
1095,6,MENTIONS_PATHOGEN
1096,130,HAS_DATE
1096,176,MENTIONS_DISEASE
1096,6,MENTIONS_PATHOGEN
1097,130,HAS_DATE
1097,176,MENTIONS_DISEASE
1097,6,MENTIONS_PATHOGEN
1098,130,HAS_DATE
1098,176,MENTIONS_DISEASE
1098,6,MENTIONS_PATHOGEN
1099,130,HAS_DATE
1099,176,MENTIONS_DISEASE
1099,6,MENTIONS_PATHOGEN
1100,130,HAS_DATE
1100,176,MENTIONS_DISEASE
1100,6,MENTIONS_PATHOGEN
1101,130,HAS_DATE
1101,176,MENTIONS_DISEASE
1101,6,MENTIONS_PATHOGEN
1102,103,HAS_DATE
1102,130,HAS_DATE
1102,176,MENTIONS_DISEASE
1102,6,MENTIONS_PATHOGEN
1103,112,HAS_DATE
1103,73,HAS_DATE
1103,130,HAS_DATE
1103,176,MENTIONS_DISEASE
1103,6,MENTIONS_PATHOGEN
1103,474,MENTIONS_PATHOGEN
1104,130,HAS_DATE
1104,176,MENTIONS_DISEASE
1104,6,MENTIONS_PATHOGEN
1105,103,HAS_DATE
1105,130,HAS_DATE
1105,176,MENTIONS_DISEASE
1105,6,MENTIONS_PATHOGEN
1106,76,MENTIONS_LOCATION
1106,109,HAS_DATE
1106,130,HAS_DATE
1106,176,MENTIONS_DISEASE
1106,6,MENTIONS_PATHOGEN
1107,130,HAS_DATE
1107,176,MENTIONS_DISEASE
1107,6,MENTIONS_PATHOGEN
1108,130,HAS_DATE
1108,176,MENTIONS_DISEASE
1108,6,MENTIONS_PATHOGEN
1109,78,MENTIONS_LOCATION
1109,130,HAS_DATE
1109,176,MENTIONS_DISEASE
1109,6,MENTIONS_PATHOGEN
1110,26,MENTIONS_LOCATION
1110,109,HAS_DATE
1110,130,HAS_DATE
1110,176,MENTIONS_DISEASE
1110,6,MENTIONS_PATHOGEN
1111,130,HAS_DATE
1111,176,MENTIONS_DISEASE
1111,6,MENTIONS_PATHOGEN
1112,130,HAS_DATE
1112,176,MENTIONS_DISEASE
1112,6,MENTIONS_PATHOGEN
1113,103,HAS_DATE
1113,109,HAS_DATE
1113,130,HAS_DATE
1113,176,MENTIONS_DISEASE
1113,6,MENTIONS_PATHOGEN
1114,75,MENTIONS_LOCATION
1114,130,HAS_DATE
1114,176,MENTIONS_DISEASE
1114,6,MENTIONS_PATHOGEN
1115,43,MENTIONS_LOCATION
1115,130,HAS_DATE
1115,176,MENTIONS_DISEASE
1115,6,MENTIONS_PATHOGEN
1116,241,MENTIONS_LOCATION
1116,130,HAS_DATE
1116,176,MENTIONS_DISEASE
1116,6,MENTIONS_PATHOGEN
1117,130,HAS_DATE
1117,176,MENTIONS_DISEASE
1117,6,MENTIONS_PATHOGEN
1118,17,HAS_DATE
1118,112,HAS_DATE
1118,130,HAS_DATE
1118,176,MENTIONS_DISEASE
1118,6,MENTIONS_PATHOGEN
1119,78,MENTIONS_LOCATION
1119,130,HAS_DATE
1119,176,MENTIONS_DISEASE
1119,6,MENTIONS_PATHOGEN
1119,126,MENTIONS_ANIMAL
1120,75,MENTIONS_LOCATION
1120,130,HAS_DATE
1120,176,MENTIONS_DISEASE
1120,6,MENTIONS_PATHOGEN
1121,75,MENTIONS_LOCATION
1121,130,HAS_DATE
1121,176,MENTIONS_DISEASE
1121,6,MENTIONS_PATHOGEN
1122,26,MENTIONS_LOCATION
1122,130,HAS_DATE
1122,176,MENTIONS_DISEASE
1122,6,MENTIONS_PATHOGEN
1123,130,HAS_DATE
1123,176,MENTIONS_DISEASE
1123,6,MENTIONS_PATHOGEN
1123,12,MENTIONS_ANIMAL
1124,72,HAS_DATE
1124,81,HAS_DATE
1124,130,HAS_DATE
1124,176,MENTIONS_DISEASE
1124,6,MENTIONS_PATHOGEN
1124,12,MENTIONS_ANIMAL
1125,130,HAS_DATE
1125,176,MENTIONS_DISEASE
1125,6,MENTIONS_PATHOGEN
1126,130,HAS_DATE
1126,176,MENTIONS_DISEASE
1126,6,MENTIONS_PATHOGEN
1127,130,HAS_DATE
1127,176,MENTIONS_DISEASE
1127,6,MENTIONS_PATHOGEN
1127,12,MENTIONS_ANIMAL
1128,130,HAS_DATE
1128,176,MENTIONS_DISEASE
1128,6,MENTIONS_PATHOGEN
1129,130,HAS_DATE
1129,176,MENTIONS_DISEASE
1129,6,MENTIONS_PATHOGEN
1130,130,HAS_DATE
1130,176,MENTIONS_DISEASE
1130,88,MENTIONS_DISEASE
1130,6,MENTIONS_PATHOGEN
1131,130,HAS_DATE
1131,176,MENTIONS_DISEASE
1131,6,MENTIONS_PATHOGEN
1132,76,MENTIONS_LOCATION
1132,130,HAS_DATE
1132,176,MENTIONS_DISEASE
1132,6,MENTIONS_PATHOGEN
1133,130,HAS_DATE
1133,176,MENTIONS_DISEASE
1133,6,MENTIONS_PATHOGEN
1134,130,HAS_DATE
1134,176,MENTIONS_DISEASE
1134,6,MENTIONS_PATHOGEN
1135,130,HAS_DATE
1135,176,MENTIONS_DISEASE
1135,6,MENTIONS_PATHOGEN
1136,130,HAS_DATE
1136,176,MENTIONS_DISEASE
1136,6,MENTIONS_PATHOGEN
1137,72,HAS_DATE
1137,103,HAS_DATE
1137,130,HAS_DATE
1137,176,MENTIONS_DISEASE
1137,6,MENTIONS_PATHOGEN
1138,130,HAS_DATE
1138,176,MENTIONS_DISEASE
1138,6,MENTIONS_PATHOGEN
1139,206,HAS_DATE
1139,73,HAS_DATE
1139,130,HAS_DATE
1139,176,MENTIONS_DISEASE
1139,6,MENTIONS_PATHOGEN
1140,73,HAS_DATE
1140,81,HAS_DATE
1140,130,HAS_DATE
1140,176,MENTIONS_DISEASE
1140,6,MENTIONS_PATHOGEN
1141,72,HAS_DATE
1141,103,HAS_DATE
1141,130,HAS_DATE
1141,176,MENTIONS_DISEASE
1141,6,MENTIONS_PATHOGEN
1142,130,HAS_DATE
1142,176,MENTIONS_DISEASE
1142,6,MENTIONS_PATHOGEN
1143,130,HAS_DATE
1143,176,MENTIONS_DISEASE
1143,6,MENTIONS_PATHOGEN
1144,130,HAS_DATE
1144,176,MENTIONS_DISEASE
1144,6,MENTIONS_PATHOGEN
1145,91,MENTIONS_LOCATION
1145,54,HAS_DATE
1145,130,HAS_DATE
1145,176,MENTIONS_DISEASE
1145,6,MENTIONS_PATHOGEN
1146,130,HAS_DATE
1146,176,MENTIONS_DISEASE
1146,6,MENTIONS_PATHOGEN
1147,130,HAS_DATE
1147,176,MENTIONS_DISEASE
1147,6,MENTIONS_PATHOGEN
1148,109,HAS_DATE
1148,176,MENTIONS_DISEASE
1148,6,MENTIONS_PATHOGEN
1149,130,HAS_DATE
1149,176,MENTIONS_DISEASE
1149,6,MENTIONS_PATHOGEN
1150,130,HAS_DATE
1150,176,MENTIONS_DISEASE
1150,6,MENTIONS_PATHOGEN
1151,103,HAS_DATE
1151,130,HAS_DATE
1151,176,MENTIONS_DISEASE
1151,6,MENTIONS_PATHOGEN
1152,109,HAS_DATE
1152,130,HAS_DATE
1152,176,MENTIONS_DISEASE
1152,6,MENTIONS_PATHOGEN
1153,130,HAS_DATE
1153,176,MENTIONS_DISEASE
1153,6,MENTIONS_PATHOGEN
1154,130,HAS_DATE
1154,176,MENTIONS_DISEASE
1154,6,MENTIONS_PATHOGEN
1155,17,HAS_DATE
1155,73,HAS_DATE
1155,130,HAS_DATE
1155,176,MENTIONS_DISEASE
1155,6,MENTIONS_PATHOGEN
1156,79,MENTIONS_LOCATION
1156,19,HAS_DATE
1156,73,HAS_DATE
1156,130,HAS_DATE
1156,176,MENTIONS_DISEASE
1156,6,MENTIONS_PATHOGEN
1157,103,HAS_DATE
1157,130,HAS_DATE
1157,176,MENTIONS_DISEASE
1157,6,MENTIONS_PATHOGEN
1158,130,HAS_DATE
1158,176,MENTIONS_DISEASE
1158,6,MENTIONS_PATHOGEN
1159,94,HAS_DATE
1159,81,HAS_DATE
1159,130,HAS_DATE
1159,176,MENTIONS_DISEASE
1159,6,MENTIONS_PATHOGEN
1160,130,HAS_DATE
1160,176,MENTIONS_DISEASE
1160,6,MENTIONS_PATHOGEN
1161,83,HAS_DATE
1161,103,HAS_DATE
1161,130,HAS_DATE
1161,176,MENTIONS_DISEASE
1161,6,MENTIONS_PATHOGEN
1162,75,MENTIONS_LOCATION
1162,130,HAS_DATE
1162,176,MENTIONS_DISEASE
1162,6,MENTIONS_PATHOGEN
1162,12,MENTIONS_ANIMAL
1163,26,MENTIONS_LOCATION
1163,130,HAS_DATE
1163,176,MENTIONS_DISEASE
1163,6,MENTIONS_PATHOGEN
1164,130,HAS_DATE
1164,176,MENTIONS_DISEASE
1164,6,MENTIONS_PATHOGEN
1165,91,MENTIONS_LOCATION
1165,103,HAS_DATE
1165,130,HAS_DATE
1165,176,MENTIONS_DISEASE
1165,6,MENTIONS_PATHOGEN
1166,130,HAS_DATE
1166,176,MENTIONS_DISEASE
1166,6,MENTIONS_PATHOGEN
1167,34,MENTIONS_LOCATION
1167,130,HAS_DATE
1167,176,MENTIONS_DISEASE
1167,6,MENTIONS_PATHOGEN
1168,130,HAS_DATE
1168,176,MENTIONS_DISEASE
1168,6,MENTIONS_PATHOGEN
1169,130,HAS_DATE
1169,176,MENTIONS_DISEASE
1169,6,MENTIONS_PATHOGEN
1170,26,MENTIONS_LOCATION
1170,130,HAS_DATE
1170,176,MENTIONS_DISEASE
1170,6,MENTIONS_PATHOGEN
1171,130,HAS_DATE
1171,176,MENTIONS_DISEASE
1171,6,MENTIONS_PATHOGEN
1172,130,HAS_DATE
1172,176,MENTIONS_DISEASE
1172,6,MENTIONS_PATHOGEN
1173,130,HAS_DATE
1173,176,MENTIONS_DISEASE
1173,6,MENTIONS_PATHOGEN
1174,75,MENTIONS_LOCATION
1174,130,HAS_DATE
1174,176,MENTIONS_DISEASE
1174,6,MENTIONS_PATHOGEN
1175,130,HAS_DATE
1175,176,MENTIONS_DISEASE
1175,6,MENTIONS_PATHOGEN
1176,130,HAS_DATE
1176,176,MENTIONS_DISEASE
1176,88,MENTIONS_DISEASE
1176,6,MENTIONS_PATHOGEN
1177,130,HAS_DATE
1177,176,MENTIONS_DISEASE
1177,6,MENTIONS_PATHOGEN
1178,130,HAS_DATE
1178,176,MENTIONS_DISEASE
1178,6,MENTIONS_PATHOGEN
1179,130,HAS_DATE
1179,176,MENTIONS_DISEASE
1179,6,MENTIONS_PATHOGEN
1180,130,HAS_DATE
1180,176,MENTIONS_DISEASE
1180,6,MENTIONS_PATHOGEN
1181,79,MENTIONS_LOCATION
1181,130,HAS_DATE
1181,176,MENTIONS_DISEASE
1181,6,MENTIONS_PATHOGEN
1182,130,HAS_DATE
1182,176,MENTIONS_DISEASE
1182,6,MENTIONS_PATHOGEN
1183,76,MENTIONS_LOCATION
1183,289,HAS_DATE
1183,109,HAS_DATE
1183,130,HAS_DATE
1183,176,MENTIONS_DISEASE
1183,6,MENTIONS_PATHOGEN
1184,130,HAS_DATE
1184,176,MENTIONS_DISEASE
1184,6,MENTIONS_PATHOGEN
1185,30,MENTIONS_LOCATION
1185,130,HAS_DATE
1185,176,MENTIONS_DISEASE
1185,88,MENTIONS_DISEASE
1185,6,MENTIONS_PATHOGEN
1186,109,HAS_DATE
1186,176,MENTIONS_DISEASE
1186,6,MENTIONS_PATHOGEN
1187,109,HAS_DATE
1187,176,MENTIONS_DISEASE
1187,6,MENTIONS_PATHOGEN
1188,1189,MENTIONS_LOCATION
1188,72,HAS_DATE
1188,109,HAS_DATE
1188,130,HAS_DATE
1188,176,MENTIONS_DISEASE
1188,6,MENTIONS_PATHOGEN
1190,103,HAS_DATE
1190,130,HAS_DATE
1190,176,MENTIONS_DISEASE
1190,6,MENTIONS_PATHOGEN
1191,79,MENTIONS_LOCATION
1191,130,HAS_DATE
1191,176,MENTIONS_DISEASE
1191,6,MENTIONS_PATHOGEN
1192,130,HAS_DATE
1192,176,MENTIONS_DISEASE
1192,6,MENTIONS_PATHOGEN
1193,79,MENTIONS_LOCATION
1193,130,HAS_DATE
1193,176,MENTIONS_DISEASE
1193,6,MENTIONS_PATHOGEN
1194,76,MENTIONS_LOCATION
1194,77,MENTIONS_LOCATION
1194,130,HAS_DATE
1194,176,MENTIONS_DISEASE
1194,6,MENTIONS_PATHOGEN
1195,130,HAS_DATE
1195,176,MENTIONS_DISEASE
1195,6,MENTIONS_PATHOGEN
1196,1189,MENTIONS_LOCATION
1196,130,HAS_DATE
1196,176,MENTIONS_DISEASE
1196,6,MENTIONS_PATHOGEN
1197,241,MENTIONS_LOCATION
1197,130,HAS_DATE
1197,176,MENTIONS_DISEASE
1197,6,MENTIONS_PATHOGEN
1198,76,MENTIONS_LOCATION
1198,130,HAS_DATE
1198,176,MENTIONS_DISEASE
1198,6,MENTIONS_PATHOGEN
1199,75,MENTIONS_LOCATION
1199,130,HAS_DATE
1199,176,MENTIONS_DISEASE
1199,6,MENTIONS_PATHOGEN
1200,130,HAS_DATE
1200,176,MENTIONS_DISEASE
1200,6,MENTIONS_PATHOGEN
1200,12,MENTIONS_ANIMAL
1201,130,HAS_DATE
1201,176,MENTIONS_DISEASE
1201,6,MENTIONS_PATHOGEN
1202,130,HAS_DATE
1202,176,MENTIONS_DISEASE
1202,6,MENTIONS_PATHOGEN
1203,130,HAS_DATE
1203,176,MENTIONS_DISEASE
1203,88,MENTIONS_DISEASE
1203,6,MENTIONS_PATHOGEN
1204,76,MENTIONS_LOCATION
1204,289,HAS_DATE
1204,109,HAS_DATE
1204,130,HAS_DATE
1204,176,MENTIONS_DISEASE
1204,6,MENTIONS_PATHOGEN
1205,34,MENTIONS_LOCATION
1205,130,HAS_DATE
1205,176,MENTIONS_DISEASE
1205,6,MENTIONS_PATHOGEN
1206,103,HAS_DATE
1206,130,HAS_DATE
1206,176,MENTIONS_DISEASE
1206,6,MENTIONS_PATHOGEN
1207,130,HAS_DATE
1207,176,MENTIONS_DISEASE
1207,6,MENTIONS_PATHOGEN
1208,130,HAS_DATE
1208,176,MENTIONS_DISEASE
1208,6,MENTIONS_PATHOGEN
1209,130,HAS_DATE
1209,176,MENTIONS_DISEASE
1209,6,MENTIONS_PATHOGEN
1210,103,HAS_DATE
1210,130,HAS_DATE
1210,176,MENTIONS_DISEASE
1210,6,MENTIONS_PATHOGEN
1211,130,HAS_DATE
1211,176,MENTIONS_DISEASE
1211,6,MENTIONS_PATHOGEN
1212,130,HAS_DATE
1212,176,MENTIONS_DISEASE
1212,6,MENTIONS_PATHOGEN
1213,130,HAS_DATE
1213,176,MENTIONS_DISEASE
1213,6,MENTIONS_PATHOGEN
1214,39,HAS_DATE
1214,81,HAS_DATE
1214,130,HAS_DATE
1214,176,MENTIONS_DISEASE
1214,6,MENTIONS_PATHOGEN
1215,130,HAS_DATE
1215,176,MENTIONS_DISEASE
1215,6,MENTIONS_PATHOGEN
1216,130,HAS_DATE
1216,176,MENTIONS_DISEASE
1216,6,MENTIONS_PATHOGEN
1217,130,HAS_DATE
1217,176,MENTIONS_DISEASE
1217,6,MENTIONS_PATHOGEN
1218,130,HAS_DATE
1218,176,MENTIONS_DISEASE
1218,6,MENTIONS_PATHOGEN
1219,130,HAS_DATE
1219,176,MENTIONS_DISEASE
1219,6,MENTIONS_PATHOGEN
1220,79,MENTIONS_LOCATION
1220,130,HAS_DATE
1220,176,MENTIONS_DISEASE
1220,6,MENTIONS_PATHOGEN
1221,130,HAS_DATE
1221,176,MENTIONS_DISEASE
1221,6,MENTIONS_PATHOGEN
1222,76,MENTIONS_LOCATION
1222,109,HAS_DATE
1222,176,MENTIONS_DISEASE
1222,6,MENTIONS_PATHOGEN
1223,109,HAS_DATE
1223,130,HAS_DATE
1223,176,MENTIONS_DISEASE
1223,6,MENTIONS_PATHOGEN
1224,44,HAS_DATE
1224,81,HAS_DATE
1224,130,HAS_DATE
1224,176,MENTIONS_DISEASE
1224,6,MENTIONS_PATHOGEN
1225,130,HAS_DATE
1225,176,MENTIONS_DISEASE
1225,6,MENTIONS_PATHOGEN
1226,130,HAS_DATE
1226,176,MENTIONS_DISEASE
1226,6,MENTIONS_PATHOGEN
1227,241,MENTIONS_LOCATION
1227,49,HAS_DATE
1227,103,HAS_DATE
1227,130,HAS_DATE
1227,176,MENTIONS_DISEASE
1227,6,MENTIONS_PATHOGEN
1227,12,MENTIONS_ANIMAL
1228,109,HAS_DATE
1228,176,MENTIONS_DISEASE
1228,6,MENTIONS_PATHOGEN
1229,130,HAS_DATE
1229,176,MENTIONS_DISEASE
1229,6,MENTIONS_PATHOGEN
1230,130,HAS_DATE
1230,176,MENTIONS_DISEASE
1230,6,MENTIONS_PATHOGEN
1231,76,MENTIONS_LOCATION
1231,103,HAS_DATE
1231,130,HAS_DATE
1231,176,MENTIONS_DISEASE
1231,6,MENTIONS_PATHOGEN
1232,81,HAS_DATE
1232,130,HAS_DATE
1232,176,MENTIONS_DISEASE
1232,6,MENTIONS_PATHOGEN
1233,130,HAS_DATE
1233,176,MENTIONS_DISEASE
1233,6,MENTIONS_PATHOGEN
1234,109,HAS_DATE
1234,176,MENTIONS_DISEASE
1234,88,MENTIONS_DISEASE
1234,6,MENTIONS_PATHOGEN
1235,109,HAS_DATE
1235,176,MENTIONS_DISEASE
1235,6,MENTIONS_PATHOGEN
1236,241,MENTIONS_LOCATION
1236,109,HAS_DATE
1236,176,MENTIONS_DISEASE
1236,6,MENTIONS_PATHOGEN
1237,109,HAS_DATE
1237,176,MENTIONS_DISEASE
1237,6,MENTIONS_PATHOGEN
1238,109,HAS_DATE
1238,176,MENTIONS_DISEASE
1238,6,MENTIONS_PATHOGEN
1239,109,HAS_DATE
1239,176,MENTIONS_DISEASE
1239,6,MENTIONS_PATHOGEN
1239,12,MENTIONS_ANIMAL
1240,78,MENTIONS_LOCATION
1240,109,HAS_DATE
1240,176,MENTIONS_DISEASE
1240,6,MENTIONS_PATHOGEN
1240,12,MENTIONS_ANIMAL
1241,79,MENTIONS_LOCATION
1241,130,HAS_DATE
1241,176,MENTIONS_DISEASE
1241,6,MENTIONS_PATHOGEN
1242,109,HAS_DATE
1242,176,MENTIONS_DISEASE
1242,6,MENTIONS_PATHOGEN
1243,109,HAS_DATE
1243,176,MENTIONS_DISEASE
1243,6,MENTIONS_PATHOGEN
1244,109,HAS_DATE
1244,176,MENTIONS_DISEASE
1244,6,MENTIONS_PATHOGEN
1245,103,HAS_DATE
1245,109,HAS_DATE
1245,176,MENTIONS_DISEASE
1245,6,MENTIONS_PATHOGEN
1246,109,HAS_DATE
1246,176,MENTIONS_DISEASE
1246,6,MENTIONS_PATHOGEN
1247,81,HAS_DATE
1247,103,HAS_DATE
1247,109,HAS_DATE
1247,176,MENTIONS_DISEASE
1247,6,MENTIONS_PATHOGEN
1248,130,HAS_DATE
1248,176,MENTIONS_DISEASE
1248,6,MENTIONS_PATHOGEN
1249,130,HAS_DATE
1249,176,MENTIONS_DISEASE
1249,6,MENTIONS_PATHOGEN
1250,103,HAS_DATE
1250,109,HAS_DATE
1250,176,MENTIONS_DISEASE
1250,6,MENTIONS_PATHOGEN
1251,103,HAS_DATE
1251,109,HAS_DATE
1251,176,MENTIONS_DISEASE
1251,6,MENTIONS_PATHOGEN
1252,52,HAS_DATE
1252,103,HAS_DATE
1252,109,HAS_DATE
1252,176,MENTIONS_DISEASE
1252,6,MENTIONS_PATHOGEN
1253,50,HAS_DATE
1253,49,HAS_DATE
1253,109,HAS_DATE
1253,176,MENTIONS_DISEASE
1253,6,MENTIONS_PATHOGEN
1254,130,HAS_DATE
1254,176,MENTIONS_DISEASE
1254,6,MENTIONS_PATHOGEN
1255,109,HAS_DATE
1255,176,MENTIONS_DISEASE
1255,6,MENTIONS_PATHOGEN
1256,109,HAS_DATE
1256,176,MENTIONS_DISEASE
1256,6,MENTIONS_PATHOGEN
1256,12,MENTIONS_ANIMAL
1257,109,HAS_DATE
1257,176,MENTIONS_DISEASE
1257,6,MENTIONS_PATHOGEN
1258,109,HAS_DATE
1258,176,MENTIONS_DISEASE
1258,6,MENTIONS_PATHOGEN
1259,34,MENTIONS_LOCATION
1259,130,HAS_DATE
1259,176,MENTIONS_DISEASE
1259,6,MENTIONS_PATHOGEN
1260,112,HAS_DATE
1260,103,HAS_DATE
1260,109,HAS_DATE
1260,176,MENTIONS_DISEASE
1260,6,MENTIONS_PATHOGEN
1261,109,HAS_DATE
1261,176,MENTIONS_DISEASE
1261,6,MENTIONS_PATHOGEN
1262,109,HAS_DATE
1262,176,MENTIONS_DISEASE
1262,6,MENTIONS_PATHOGEN
1263,130,HAS_DATE
1263,176,MENTIONS_DISEASE
1263,6,MENTIONS_PATHOGEN
1264,109,HAS_DATE
1264,176,MENTIONS_DISEASE
1264,6,MENTIONS_PATHOGEN
1265,79,MENTIONS_LOCATION
1265,109,HAS_DATE
1265,176,MENTIONS_DISEASE
1265,6,MENTIONS_PATHOGEN
1266,103,HAS_DATE
1266,109,HAS_DATE
1266,176,MENTIONS_DISEASE
1266,6,MENTIONS_PATHOGEN
1267,17,HAS_DATE
1267,130,HAS_DATE
1267,23,MENTIONS_DISEASE
1267,176,MENTIONS_DISEASE
1267,6,MENTIONS_PATHOGEN
1267,24,MENTIONS_PATHOGEN
1267,12,MENTIONS_ANIMAL
1268,109,HAS_DATE
1268,176,MENTIONS_DISEASE
1268,6,MENTIONS_PATHOGEN
1269,109,HAS_DATE
1269,176,MENTIONS_DISEASE
1269,6,MENTIONS_PATHOGEN
1270,109,HAS_DATE
1270,176,MENTIONS_DISEASE
1270,6,MENTIONS_PATHOGEN
1271,109,HAS_DATE
1271,176,MENTIONS_DISEASE
1271,6,MENTIONS_PATHOGEN
1272,109,HAS_DATE
1272,176,MENTIONS_DISEASE
1272,6,MENTIONS_PATHOGEN
1273,109,HAS_DATE
1273,176,MENTIONS_DISEASE
1273,6,MENTIONS_PATHOGEN
1274,109,HAS_DATE
1274,176,MENTIONS_DISEASE
1274,6,MENTIONS_PATHOGEN
1275,109,HAS_DATE
1275,176,MENTIONS_DISEASE
1275,6,MENTIONS_PATHOGEN
1276,109,HAS_DATE
1276,176,MENTIONS_DISEASE
1276,6,MENTIONS_PATHOGEN
1277,109,HAS_DATE
1277,176,MENTIONS_DISEASE
1277,6,MENTIONS_PATHOGEN
1277,12,MENTIONS_ANIMAL
1278,109,HAS_DATE
1278,176,MENTIONS_DISEASE
1278,6,MENTIONS_PATHOGEN
1279,103,HAS_DATE
1279,176,MENTIONS_DISEASE
1279,6,MENTIONS_PATHOGEN
1279,12,MENTIONS_ANIMAL
1280,83,HAS_DATE
1280,46,HAS_DATE
1280,109,HAS_DATE
1280,176,MENTIONS_DISEASE
1280,6,MENTIONS_PATHOGEN
1281,81,HAS_DATE
1281,103,HAS_DATE
1281,109,HAS_DATE
1281,176,MENTIONS_DISEASE
1281,6,MENTIONS_PATHOGEN
1282,109,HAS_DATE
1282,176,MENTIONS_DISEASE
1282,6,MENTIONS_PATHOGEN
1283,109,HAS_DATE
1283,176,MENTIONS_DISEASE
1283,6,MENTIONS_PATHOGEN
1283,64,MENTIONS_ANIMAL
1284,98,HAS_DATE
1284,103,HAS_DATE
1284,109,HAS_DATE
1284,176,MENTIONS_DISEASE
1284,6,MENTIONS_PATHOGEN
1285,76,MENTIONS_LOCATION
1285,109,HAS_DATE
1285,176,MENTIONS_DISEASE
1285,6,MENTIONS_PATHOGEN
1286,75,MENTIONS_LOCATION
1286,1287,MENTIONS_LOCATION
1286,130,HAS_DATE
1286,176,MENTIONS_DISEASE
1286,6,MENTIONS_PATHOGEN
1288,26,MENTIONS_LOCATION
1288,17,HAS_DATE
1288,109,HAS_DATE
1288,176,MENTIONS_DISEASE
1288,6,MENTIONS_PATHOGEN
1289,109,HAS_DATE
1289,176,MENTIONS_DISEASE
1289,6,MENTIONS_PATHOGEN
1290,130,HAS_DATE
1290,176,MENTIONS_DISEASE
1290,6,MENTIONS_PATHOGEN
1291,130,HAS_DATE
1291,176,MENTIONS_DISEASE
1291,6,MENTIONS_PATHOGEN
1292,109,HAS_DATE
1292,176,MENTIONS_DISEASE
1292,6,MENTIONS_PATHOGEN
1293,109,HAS_DATE
1293,176,MENTIONS_DISEASE
1293,6,MENTIONS_PATHOGEN
1294,26,MENTIONS_LOCATION
1294,103,HAS_DATE
1294,109,HAS_DATE
1294,176,MENTIONS_DISEASE
1294,6,MENTIONS_PATHOGEN
1295,109,HAS_DATE
1295,176,MENTIONS_DISEASE
1295,6,MENTIONS_PATHOGEN
1295,134,MENTIONS_PATHOGEN
1296,79,MENTIONS_LOCATION
1296,109,HAS_DATE
1296,176,MENTIONS_DISEASE
1296,6,MENTIONS_PATHOGEN
1297,109,HAS_DATE
1297,176,MENTIONS_DISEASE
1297,6,MENTIONS_PATHOGEN
1298,109,HAS_DATE
1298,176,MENTIONS_DISEASE
1298,6,MENTIONS_PATHOGEN
1299,109,HAS_DATE
1299,176,MENTIONS_DISEASE
1299,6,MENTIONS_PATHOGEN
1300,16,MENTIONS_LOCATION
1300,109,HAS_DATE
1300,176,MENTIONS_DISEASE
1300,6,MENTIONS_PATHOGEN
1301,2,MENTIONS_LOCATION
1301,81,HAS_DATE
1301,103,HAS_DATE
1301,109,HAS_DATE
1301,176,MENTIONS_DISEASE
1301,6,MENTIONS_PATHOGEN
1301,12,MENTIONS_ANIMAL
1302,109,HAS_DATE
1302,176,MENTIONS_DISEASE
1302,6,MENTIONS_PATHOGEN
1302,12,MENTIONS_ANIMAL
1303,109,HAS_DATE
1303,176,MENTIONS_DISEASE
1303,6,MENTIONS_PATHOGEN
1304,109,HAS_DATE
1304,176,MENTIONS_DISEASE
1304,6,MENTIONS_PATHOGEN
1305,130,HAS_DATE
1305,176,MENTIONS_DISEASE
1305,6,MENTIONS_PATHOGEN
1306,109,HAS_DATE
1306,176,MENTIONS_DISEASE
1306,6,MENTIONS_PATHOGEN
1307,109,HAS_DATE
1307,176,MENTIONS_DISEASE
1307,6,MENTIONS_PATHOGEN
1308,109,HAS_DATE
1308,176,MENTIONS_DISEASE
1308,6,MENTIONS_PATHOGEN
1309,79,MENTIONS_LOCATION
1309,109,HAS_DATE
1309,176,MENTIONS_DISEASE
1309,6,MENTIONS_PATHOGEN
1310,109,HAS_DATE
1310,176,MENTIONS_DISEASE
1310,6,MENTIONS_PATHOGEN
1311,75,MENTIONS_LOCATION
1311,109,HAS_DATE
1311,113,MENTIONS_DISEASE
1311,114,MENTIONS_DISEASE
1311,176,MENTIONS_DISEASE
1311,6,MENTIONS_PATHOGEN
1312,109,HAS_DATE
1312,176,MENTIONS_DISEASE
1312,6,MENTIONS_PATHOGEN
1312,12,MENTIONS_ANIMAL
1313,130,HAS_DATE
1313,176,MENTIONS_DISEASE
1313,6,MENTIONS_PATHOGEN
1314,109,HAS_DATE
1314,176,MENTIONS_DISEASE
1314,6,MENTIONS_PATHOGEN
1315,109,HAS_DATE
1315,176,MENTIONS_DISEASE
1315,6,MENTIONS_PATHOGEN
1316,130,HAS_DATE
1316,176,MENTIONS_DISEASE
1316,6,MENTIONS_PATHOGEN
1317,109,HAS_DATE
1317,176,MENTIONS_DISEASE
1317,6,MENTIONS_PATHOGEN
1318,109,HAS_DATE
1318,176,MENTIONS_DISEASE
1318,6,MENTIONS_PATHOGEN
1319,109,HAS_DATE
1319,176,MENTIONS_DISEASE
1319,6,MENTIONS_PATHOGEN
1320,109,HAS_DATE
1320,176,MENTIONS_DISEASE
1320,6,MENTIONS_PATHOGEN
1321,30,MENTIONS_LOCATION
1321,130,HAS_DATE
1321,176,MENTIONS_DISEASE
1321,6,MENTIONS_PATHOGEN
1322,199,MENTIONS_LOCATION
1322,109,HAS_DATE
1322,176,MENTIONS_DISEASE
1322,6,MENTIONS_PATHOGEN
1323,109,HAS_DATE
1323,176,MENTIONS_DISEASE
1323,6,MENTIONS_PATHOGEN
1323,27,MENTIONS_ANIMAL
1323,28,MENTIONS_ANIMAL
1324,109,HAS_DATE
1324,176,MENTIONS_DISEASE
1324,6,MENTIONS_PATHOGEN
1324,12,MENTIONS_ANIMAL
1325,109,HAS_DATE
1325,176,MENTIONS_DISEASE
1325,6,MENTIONS_PATHOGEN
1325,139,MENTIONS_PATHOGEN
1326,109,HAS_DATE
1326,176,MENTIONS_DISEASE
1326,6,MENTIONS_PATHOGEN
1327,109,HAS_DATE
1327,176,MENTIONS_DISEASE
1327,6,MENTIONS_PATHOGEN
1328,109,HAS_DATE
1328,176,MENTIONS_DISEASE
1328,6,MENTIONS_PATHOGEN
1329,103,HAS_DATE
1329,109,HAS_DATE
1329,176,MENTIONS_DISEASE
1329,6,MENTIONS_PATHOGEN
1330,109,HAS_DATE
1330,176,MENTIONS_DISEASE
1330,6,MENTIONS_PATHOGEN
1331,78,MENTIONS_LOCATION
1331,109,HAS_DATE
1331,176,MENTIONS_DISEASE
1331,6,MENTIONS_PATHOGEN
1332,75,MENTIONS_LOCATION
1332,17,HAS_DATE
1332,72,HAS_DATE
1332,109,HAS_DATE
1332,176,MENTIONS_DISEASE
1332,6,MENTIONS_PATHOGEN
1333,103,HAS_DATE
1333,109,HAS_DATE
1333,176,MENTIONS_DISEASE
1333,6,MENTIONS_PATHOGEN
1334,109,HAS_DATE
1334,176,MENTIONS_DISEASE
1334,6,MENTIONS_PATHOGEN
1335,109,HAS_DATE
1335,176,MENTIONS_DISEASE
1335,6,MENTIONS_PATHOGEN
1336,109,HAS_DATE
1336,176,MENTIONS_DISEASE
1336,6,MENTIONS_PATHOGEN
1337,109,HAS_DATE
1337,176,MENTIONS_DISEASE
1337,6,MENTIONS_PATHOGEN
1338,109,HAS_DATE
1338,176,MENTIONS_DISEASE
1338,6,MENTIONS_PATHOGEN
1338,12,MENTIONS_ANIMAL
1339,109,HAS_DATE
1339,176,MENTIONS_DISEASE
1339,6,MENTIONS_PATHOGEN
1340,109,HAS_DATE
1340,176,MENTIONS_DISEASE
1340,6,MENTIONS_PATHOGEN
1341,109,HAS_DATE
1341,176,MENTIONS_DISEASE
1341,6,MENTIONS_PATHOGEN
1342,109,HAS_DATE
1342,176,MENTIONS_DISEASE
1342,6,MENTIONS_PATHOGEN
1343,109,HAS_DATE
1343,176,MENTIONS_DISEASE
1343,6,MENTIONS_PATHOGEN
1344,79,MENTIONS_LOCATION
1344,196,HAS_DATE
1344,50,HAS_DATE
1344,109,HAS_DATE
1344,176,MENTIONS_DISEASE
1344,6,MENTIONS_PATHOGEN
1345,109,HAS_DATE
1345,176,MENTIONS_DISEASE
1345,6,MENTIONS_PATHOGEN
1346,109,HAS_DATE
1346,176,MENTIONS_DISEASE
1346,6,MENTIONS_PATHOGEN
1347,109,HAS_DATE
1347,176,MENTIONS_DISEASE
1347,6,MENTIONS_PATHOGEN
1348,109,HAS_DATE
1348,176,MENTIONS_DISEASE
1348,6,MENTIONS_PATHOGEN
1349,109,HAS_DATE
1349,176,MENTIONS_DISEASE
1349,6,MENTIONS_PATHOGEN
1350,109,HAS_DATE
1350,176,MENTIONS_DISEASE
1350,6,MENTIONS_PATHOGEN
1351,109,HAS_DATE
1351,176,MENTIONS_DISEASE
1351,6,MENTIONS_PATHOGEN
1352,109,HAS_DATE
1352,176,MENTIONS_DISEASE
1352,6,MENTIONS_PATHOGEN
1353,130,HAS_DATE
1353,176,MENTIONS_DISEASE
1353,6,MENTIONS_PATHOGEN
1354,109,HAS_DATE
1354,176,MENTIONS_DISEASE
1354,6,MENTIONS_PATHOGEN
1355,109,HAS_DATE
1355,176,MENTIONS_DISEASE
1355,6,MENTIONS_PATHOGEN
1356,109,HAS_DATE
1356,176,MENTIONS_DISEASE
1356,6,MENTIONS_PATHOGEN
1357,109,HAS_DATE
1357,176,MENTIONS_DISEASE
1357,6,MENTIONS_PATHOGEN
1358,22,HAS_DATE
1358,83,HAS_DATE
1358,109,HAS_DATE
1358,176,MENTIONS_DISEASE
1358,6,MENTIONS_PATHOGEN
1359,43,MENTIONS_LOCATION
1359,81,HAS_DATE
1359,109,HAS_DATE
1359,176,MENTIONS_DISEASE
1359,6,MENTIONS_PATHOGEN
1360,109,HAS_DATE
1360,176,MENTIONS_DISEASE
1360,6,MENTIONS_PATHOGEN
1361,130,HAS_DATE
1361,176,MENTIONS_DISEASE
1361,6,MENTIONS_PATHOGEN
1362,109,HAS_DATE
1362,176,MENTIONS_DISEASE
1362,6,MENTIONS_PATHOGEN
1363,109,HAS_DATE
1363,176,MENTIONS_DISEASE
1363,6,MENTIONS_PATHOGEN
1364,75,MENTIONS_LOCATION
1364,109,HAS_DATE
1364,176,MENTIONS_DISEASE
1364,6,MENTIONS_PATHOGEN
1365,109,HAS_DATE
1365,176,MENTIONS_DISEASE
1365,6,MENTIONS_PATHOGEN
1365,12,MENTIONS_ANIMAL
1366,103,HAS_DATE
1366,109,HAS_DATE
1366,176,MENTIONS_DISEASE
1366,6,MENTIONS_PATHOGEN
1367,78,MENTIONS_LOCATION
1367,109,HAS_DATE
1367,176,MENTIONS_DISEASE
1367,6,MENTIONS_PATHOGEN
1368,109,HAS_DATE
1368,176,MENTIONS_DISEASE
1368,6,MENTIONS_PATHOGEN
1369,17,HAS_DATE
1369,109,HAS_DATE
1369,176,MENTIONS_DISEASE
1369,6,MENTIONS_PATHOGEN
1369,12,MENTIONS_ANIMAL
1370,76,MENTIONS_LOCATION
1370,109,HAS_DATE
1370,176,MENTIONS_DISEASE
1370,6,MENTIONS_PATHOGEN
1371,77,MENTIONS_LOCATION
1371,109,HAS_DATE
1371,176,MENTIONS_DISEASE
1371,6,MENTIONS_PATHOGEN
1372,109,HAS_DATE
1372,176,MENTIONS_DISEASE
1372,6,MENTIONS_PATHOGEN
1373,26,MENTIONS_LOCATION
1373,103,HAS_DATE
1373,109,HAS_DATE
1373,176,MENTIONS_DISEASE
1373,6,MENTIONS_PATHOGEN
1374,79,MENTIONS_LOCATION
1374,44,HAS_DATE
1374,109,HAS_DATE
1374,130,HAS_DATE
1374,173,MENTIONS_DISEASE
1374,6,MENTIONS_PATHOGEN
1374,12,MENTIONS_ANIMAL
1375,130,HAS_DATE
1375,173,MENTIONS_DISEASE
1375,6,MENTIONS_PATHOGEN
1376,43,MENTIONS_LOCATION
1376,130,HAS_DATE
1376,173,MENTIONS_DISEASE
1376,6,MENTIONS_PATHOGEN
1377,130,HAS_DATE
1377,173,MENTIONS_DISEASE
1377,6,MENTIONS_PATHOGEN
1377,12,MENTIONS_ANIMAL
1377,63,MENTIONS_ANIMAL
1378,91,MENTIONS_LOCATION
1378,112,HAS_DATE
1378,130,HAS_DATE
1378,173,MENTIONS_DISEASE
1378,6,MENTIONS_PATHOGEN
1378,63,MENTIONS_ANIMAL
1379,130,HAS_DATE
1379,173,MENTIONS_DISEASE
1379,6,MENTIONS_PATHOGEN
1379,126,MENTIONS_ANIMAL
1379,135,MENTIONS_ANIMAL
1380,79,MENTIONS_LOCATION
1380,130,HAS_DATE
1380,173,MENTIONS_DISEASE
1380,6,MENTIONS_PATHOGEN
1380,12,MENTIONS_ANIMAL
1380,152,MENTIONS_ANIMAL
1381,130,HAS_DATE
1381,173,MENTIONS_DISEASE
1381,6,MENTIONS_PATHOGEN
1382,112,HAS_DATE
1382,81,HAS_DATE
1382,130,HAS_DATE
1382,173,MENTIONS_DISEASE
1382,6,MENTIONS_PATHOGEN
1383,109,HAS_DATE
1383,173,MENTIONS_DISEASE
1383,6,MENTIONS_PATHOGEN
1383,60,MENTIONS_ANIMAL
1383,61,MENTIONS_ANIMAL
1384,109,HAS_DATE
1384,173,MENTIONS_DISEASE
1384,6,MENTIONS_PATHOGEN
1384,60,MENTIONS_ANIMAL
1384,61,MENTIONS_ANIMAL
1385,109,HAS_DATE
1385,173,MENTIONS_DISEASE
1385,6,MENTIONS_PATHOGEN
1385,12,MENTIONS_ANIMAL
1386,109,HAS_DATE
1386,173,MENTIONS_DISEASE
1386,6,MENTIONS_PATHOGEN
1386,60,MENTIONS_ANIMAL
1386,61,MENTIONS_ANIMAL
1387,109,HAS_DATE
1387,173,MENTIONS_DISEASE
1387,6,MENTIONS_PATHOGEN
1388,109,HAS_DATE
1388,173,MENTIONS_DISEASE
1388,6,MENTIONS_PATHOGEN
1389,79,MENTIONS_LOCATION
1389,109,HAS_DATE
1389,173,MENTIONS_DISEASE
1389,6,MENTIONS_PATHOGEN
1390,109,HAS_DATE
1390,173,MENTIONS_DISEASE
1390,6,MENTIONS_PATHOGEN
1390,60,MENTIONS_ANIMAL
1391,109,HAS_DATE
1391,4,MENTIONS_DISEASE
1391,173,MENTIONS_DISEASE
1391,6,MENTIONS_PATHOGEN
1391,60,MENTIONS_ANIMAL
1391,61,MENTIONS_ANIMAL
1392,109,HAS_DATE
1392,173,MENTIONS_DISEASE
1392,6,MENTIONS_PATHOGEN
1392,12,MENTIONS_ANIMAL
1392,152,MENTIONS_ANIMAL
1393,109,HAS_DATE
1393,173,MENTIONS_DISEASE
1393,6,MENTIONS_PATHOGEN
1394,79,MENTIONS_LOCATION
1394,109,HAS_DATE
1394,173,MENTIONS_DISEASE
1394,6,MENTIONS_PATHOGEN
1394,60,MENTIONS_ANIMAL
1395,103,HAS_DATE
1395,173,MENTIONS_DISEASE
1395,6,MENTIONS_PATHOGEN
1396,103,HAS_DATE
1396,173,MENTIONS_DISEASE
1396,6,MENTIONS_PATHOGEN
1397,103,HAS_DATE
1397,173,MENTIONS_DISEASE
1397,6,MENTIONS_PATHOGEN
1397,12,MENTIONS_ANIMAL
1397,141,MENTIONS_ANIMAL
1398,79,MENTIONS_LOCATION
1398,103,HAS_DATE
1398,173,MENTIONS_DISEASE
1398,6,MENTIONS_PATHOGEN
1398,60,MENTIONS_ANIMAL
1399,103,HAS_DATE
1399,173,MENTIONS_DISEASE
1399,6,MENTIONS_PATHOGEN
1399,60,MENTIONS_ANIMAL
1400,79,MENTIONS_LOCATION
1400,103,HAS_DATE
1400,173,MENTIONS_DISEASE
1400,6,MENTIONS_PATHOGEN
1401,103,HAS_DATE
1401,173,MENTIONS_DISEASE
1401,6,MENTIONS_PATHOGEN
1401,60,MENTIONS_ANIMAL
1401,61,MENTIONS_ANIMAL
1402,81,HAS_DATE
1402,173,MENTIONS_DISEASE
1402,6,MENTIONS_PATHOGEN
1402,126,MENTIONS_ANIMAL
1402,135,MENTIONS_ANIMAL
1402,12,MENTIONS_ANIMAL
1403,81,HAS_DATE
1403,173,MENTIONS_DISEASE
1403,6,MENTIONS_PATHOGEN
1403,60,MENTIONS_ANIMAL
1403,61,MENTIONS_ANIMAL
1404,81,HAS_DATE
1404,173,MENTIONS_DISEASE
1404,6,MENTIONS_PATHOGEN
1405,83,HAS_DATE
1405,81,HAS_DATE
1405,173,MENTIONS_DISEASE
1405,6,MENTIONS_PATHOGEN
1406,81,HAS_DATE
1406,173,MENTIONS_DISEASE
1406,6,MENTIONS_PATHOGEN
1407,241,MENTIONS_LOCATION
1407,81,HAS_DATE
1407,173,MENTIONS_DISEASE
1407,6,MENTIONS_PATHOGEN
1408,81,HAS_DATE
1408,173,MENTIONS_DISEASE
1408,6,MENTIONS_PATHOGEN
1408,60,MENTIONS_ANIMAL
1408,61,MENTIONS_ANIMAL
1409,81,HAS_DATE
1409,173,MENTIONS_DISEASE
1409,6,MENTIONS_PATHOGEN
1409,60,MENTIONS_ANIMAL
1410,17,HAS_DATE
1410,73,HAS_DATE
1410,81,HAS_DATE
1410,173,MENTIONS_DISEASE
1410,6,MENTIONS_PATHOGEN
1410,10,MENTIONS_ANIMAL
1411,72,HAS_DATE
1411,173,MENTIONS_DISEASE
1411,6,MENTIONS_PATHOGEN
1412,72,HAS_DATE
1412,173,MENTIONS_DISEASE
1412,6,MENTIONS_PATHOGEN
1412,60,MENTIONS_ANIMAL
1412,61,MENTIONS_ANIMAL
1413,72,HAS_DATE
1413,173,MENTIONS_DISEASE
1413,6,MENTIONS_PATHOGEN
1413,60,MENTIONS_ANIMAL
1413,61,MENTIONS_ANIMAL
1413,62,MENTIONS_ANIMAL
1414,91,MENTIONS_LOCATION
1414,72,HAS_DATE
1414,173,MENTIONS_DISEASE
1414,6,MENTIONS_PATHOGEN
1414,60,MENTIONS_ANIMAL
1415,72,HAS_DATE
1415,173,MENTIONS_DISEASE
1415,6,MENTIONS_PATHOGEN
1416,73,HAS_DATE
1416,173,MENTIONS_DISEASE
1416,6,MENTIONS_PATHOGEN
1416,126,MENTIONS_ANIMAL
1417,34,MENTIONS_LOCATION
1417,72,HAS_DATE
1417,23,MENTIONS_DISEASE
1417,173,MENTIONS_DISEASE
1417,6,MENTIONS_PATHOGEN
1417,24,MENTIONS_PATHOGEN
1417,60,MENTIONS_ANIMAL
1417,61,MENTIONS_ANIMAL
1418,91,MENTIONS_LOCATION
1418,49,HAS_DATE
1418,17,HAS_DATE
1418,73,HAS_DATE
1418,173,MENTIONS_DISEASE
1418,6,MENTIONS_PATHOGEN
1418,60,MENTIONS_ANIMAL
1418,61,MENTIONS_ANIMAL
1419,73,HAS_DATE
1419,173,MENTIONS_DISEASE
1419,6,MENTIONS_PATHOGEN
1420,73,HAS_DATE
1420,173,MENTIONS_DISEASE
1420,6,MENTIONS_PATHOGEN
1421,73,HAS_DATE
1421,173,MENTIONS_DISEASE
1421,6,MENTIONS_PATHOGEN
1422,73,HAS_DATE
1422,173,MENTIONS_DISEASE
1422,6,MENTIONS_PATHOGEN
1422,12,MENTIONS_ANIMAL
1423,75,MENTIONS_LOCATION
1423,112,HAS_DATE
1423,73,HAS_DATE
1423,173,MENTIONS_DISEASE
1423,6,MENTIONS_PATHOGEN
1424,73,HAS_DATE
1424,173,MENTIONS_DISEASE
1424,6,MENTIONS_PATHOGEN
1424,126,MENTIONS_ANIMAL
1425,73,HAS_DATE
1425,173,MENTIONS_DISEASE
1425,6,MENTIONS_PATHOGEN
1425,60,MENTIONS_ANIMAL
1425,61,MENTIONS_ANIMAL
1426,73,HAS_DATE
1426,173,MENTIONS_DISEASE
1426,6,MENTIONS_PATHOGEN
1427,112,HAS_DATE
1427,173,MENTIONS_DISEASE
1427,6,MENTIONS_PATHOGEN
1427,60,MENTIONS_ANIMAL
1427,61,MENTIONS_ANIMAL
1428,91,MENTIONS_LOCATION
1428,112,HAS_DATE
1428,173,MENTIONS_DISEASE
1428,6,MENTIONS_PATHOGEN
1428,60,MENTIONS_ANIMAL
1428,61,MENTIONS_ANIMAL
1429,112,HAS_DATE
1429,173,MENTIONS_DISEASE
1429,6,MENTIONS_PATHOGEN
1430,112,HAS_DATE
1430,173,MENTIONS_DISEASE
1430,6,MENTIONS_PATHOGEN
1430,60,MENTIONS_ANIMAL
1431,26,MENTIONS_LOCATION
1431,54,HAS_DATE
1431,49,HAS_DATE
1431,112,HAS_DATE
1431,173,MENTIONS_DISEASE
1431,6,MENTIONS_PATHOGEN
1432,112,HAS_DATE
1432,173,MENTIONS_DISEASE
1432,6,MENTIONS_PATHOGEN
1432,60,MENTIONS_ANIMAL
1433,112,HAS_DATE
1433,173,MENTIONS_DISEASE
1433,6,MENTIONS_PATHOGEN
1434,112,HAS_DATE
1434,173,MENTIONS_DISEASE
1434,6,MENTIONS_PATHOGEN
1434,60,MENTIONS_ANIMAL
1435,21,HAS_DATE
1435,112,HAS_DATE
1435,173,MENTIONS_DISEASE
1435,6,MENTIONS_PATHOGEN
1436,112,HAS_DATE
1436,173,MENTIONS_DISEASE
1436,6,MENTIONS_PATHOGEN
1436,12,MENTIONS_ANIMAL
1436,165,MENTIONS_ANIMAL
1437,112,HAS_DATE
1437,173,MENTIONS_DISEASE
1437,6,MENTIONS_PATHOGEN
1438,112,HAS_DATE
1438,173,MENTIONS_DISEASE
1438,6,MENTIONS_PATHOGEN
1438,60,MENTIONS_ANIMAL
1438,12,MENTIONS_ANIMAL
1439,112,HAS_DATE
1439,173,MENTIONS_DISEASE
1439,6,MENTIONS_PATHOGEN
1440,79,MENTIONS_LOCATION
1440,112,HAS_DATE
1440,173,MENTIONS_DISEASE
1440,6,MENTIONS_PATHOGEN
1440,60,MENTIONS_ANIMAL
1440,61,MENTIONS_ANIMAL
1441,17,HAS_DATE
1441,173,MENTIONS_DISEASE
1441,6,MENTIONS_PATHOGEN
1442,50,HAS_DATE
1442,17,HAS_DATE
1442,226,MENTIONS_DISEASE
1442,173,MENTIONS_DISEASE
1442,6,MENTIONS_PATHOGEN
1442,227,MENTIONS_ANIMAL
1443,17,HAS_DATE
1443,173,MENTIONS_DISEASE
1443,6,MENTIONS_PATHOGEN
1443,165,MENTIONS_ANIMAL
1444,17,HAS_DATE
1444,173,MENTIONS_DISEASE
1444,6,MENTIONS_PATHOGEN
1445,17,HAS_DATE
1445,173,MENTIONS_DISEASE
1445,6,MENTIONS_PATHOGEN
1446,17,HAS_DATE
1446,173,MENTIONS_DISEASE
1446,6,MENTIONS_PATHOGEN
1447,17,HAS_DATE
1447,173,MENTIONS_DISEASE
1447,6,MENTIONS_PATHOGEN
1447,60,MENTIONS_ANIMAL
1447,61,MENTIONS_ANIMAL
1448,17,HAS_DATE
1448,173,MENTIONS_DISEASE
1448,6,MENTIONS_PATHOGEN
1449,49,HAS_DATE
1449,173,MENTIONS_DISEASE
1449,6,MENTIONS_PATHOGEN
1450,49,HAS_DATE
1450,173,MENTIONS_DISEASE
1450,6,MENTIONS_PATHOGEN
1450,60,MENTIONS_ANIMAL
1451,49,HAS_DATE
1451,173,MENTIONS_DISEASE
1451,6,MENTIONS_PATHOGEN
1452,17,HAS_DATE
1452,173,MENTIONS_DISEASE
1452,6,MENTIONS_PATHOGEN
1452,60,MENTIONS_ANIMAL
1452,61,MENTIONS_ANIMAL
1453,241,MENTIONS_LOCATION
1453,17,HAS_DATE
1453,173,MENTIONS_DISEASE
1453,6,MENTIONS_PATHOGEN
1453,60,MENTIONS_ANIMAL
1453,61,MENTIONS_ANIMAL
1454,44,HAS_DATE
1454,50,HAS_DATE
1454,17,HAS_DATE
1454,173,MENTIONS_DISEASE
1454,6,MENTIONS_PATHOGEN
1455,43,MENTIONS_LOCATION
1455,17,HAS_DATE
1455,226,MENTIONS_DISEASE
1455,173,MENTIONS_DISEASE
1455,6,MENTIONS_PATHOGEN
1455,227,MENTIONS_ANIMAL
1456,17,HAS_DATE
1456,173,MENTIONS_DISEASE
1456,6,MENTIONS_PATHOGEN
1456,60,MENTIONS_ANIMAL
1456,61,MENTIONS_ANIMAL
1456,12,MENTIONS_ANIMAL
1456,152,MENTIONS_ANIMAL
1457,49,HAS_DATE
1457,173,MENTIONS_DISEASE
1457,6,MENTIONS_PATHOGEN
1458,26,MENTIONS_LOCATION
1458,17,HAS_DATE
1458,173,MENTIONS_DISEASE
1458,6,MENTIONS_PATHOGEN
1459,39,HAS_DATE
1459,50,HAS_DATE
1459,49,HAS_DATE
1459,173,MENTIONS_DISEASE
1459,6,MENTIONS_PATHOGEN
1459,60,MENTIONS_ANIMAL
1460,79,MENTIONS_LOCATION
1460,17,HAS_DATE
1460,173,MENTIONS_DISEASE
1460,6,MENTIONS_PATHOGEN
1460,64,MENTIONS_ANIMAL
1461,17,HAS_DATE
1461,173,MENTIONS_DISEASE
1461,6,MENTIONS_PATHOGEN
1462,49,HAS_DATE
1462,173,MENTIONS_DISEASE
1462,6,MENTIONS_PATHOGEN
1462,126,MENTIONS_ANIMAL
1463,49,HAS_DATE
1463,173,MENTIONS_DISEASE
1463,6,MENTIONS_PATHOGEN
1464,49,HAS_DATE
1464,173,MENTIONS_DISEASE
1464,6,MENTIONS_PATHOGEN
1465,49,HAS_DATE
1465,173,MENTIONS_DISEASE
1465,6,MENTIONS_PATHOGEN
1466,49,HAS_DATE
1466,173,MENTIONS_DISEASE
1466,6,MENTIONS_PATHOGEN
1466,124,MENTIONS_ANIMAL
1467,49,HAS_DATE
1467,173,MENTIONS_DISEASE
1467,6,MENTIONS_PATHOGEN
1467,60,MENTIONS_ANIMAL
1467,61,MENTIONS_ANIMAL
1468,49,HAS_DATE
1468,173,MENTIONS_DISEASE
1468,6,MENTIONS_PATHOGEN
1468,60,MENTIONS_ANIMAL
1469,49,HAS_DATE
1469,173,MENTIONS_DISEASE
1469,6,MENTIONS_PATHOGEN
1470,30,MENTIONS_LOCATION
1470,49,HAS_DATE
1470,173,MENTIONS_DISEASE
1470,6,MENTIONS_PATHOGEN
1470,12,MENTIONS_ANIMAL
1471,49,HAS_DATE
1471,173,MENTIONS_DISEASE
1471,6,MENTIONS_PATHOGEN
1471,126,MENTIONS_ANIMAL
1472,49,HAS_DATE
1472,173,MENTIONS_DISEASE
1472,6,MENTIONS_PATHOGEN
1473,49,HAS_DATE
1473,173,MENTIONS_DISEASE
1473,6,MENTIONS_PATHOGEN
1474,50,HAS_DATE
1474,173,MENTIONS_DISEASE
1474,6,MENTIONS_PATHOGEN
1475,21,HAS_DATE
1475,46,HAS_DATE
1475,50,HAS_DATE
1475,173,MENTIONS_DISEASE
1475,6,MENTIONS_PATHOGEN
1475,60,MENTIONS_ANIMAL
1475,61,MENTIONS_ANIMAL
1476,49,HAS_DATE
1476,173,MENTIONS_DISEASE
1476,6,MENTIONS_PATHOGEN
1476,60,MENTIONS_ANIMAL
1477,49,HAS_DATE
1477,173,MENTIONS_DISEASE
1477,6,MENTIONS_PATHOGEN
1478,50,HAS_DATE
1478,173,MENTIONS_DISEASE
1478,6,MENTIONS_PATHOGEN
1478,60,MENTIONS_ANIMAL
1479,50,HAS_DATE
1479,226,MENTIONS_DISEASE
1479,173,MENTIONS_DISEASE
1479,6,MENTIONS_PATHOGEN
1479,165,MENTIONS_ANIMAL
1479,227,MENTIONS_ANIMAL
1480,2,MENTIONS_LOCATION
1480,50,HAS_DATE
1480,173,MENTIONS_DISEASE
1480,6,MENTIONS_PATHOGEN
1480,139,MENTIONS_PATHOGEN
1481,50,HAS_DATE
1481,173,MENTIONS_DISEASE
1481,6,MENTIONS_PATHOGEN
1481,60,MENTIONS_ANIMAL
1481,61,MENTIONS_ANIMAL
1482,50,HAS_DATE
1482,173,MENTIONS_DISEASE
1482,6,MENTIONS_PATHOGEN
1483,50,HAS_DATE
1483,173,MENTIONS_DISEASE
1483,6,MENTIONS_PATHOGEN
1483,63,MENTIONS_ANIMAL
1484,75,MENTIONS_LOCATION
1484,50,HAS_DATE
1484,173,MENTIONS_DISEASE
1484,6,MENTIONS_PATHOGEN
1484,60,MENTIONS_ANIMAL
1484,61,MENTIONS_ANIMAL
1485,50,HAS_DATE
1485,173,MENTIONS_DISEASE
1485,6,MENTIONS_PATHOGEN
1485,12,MENTIONS_ANIMAL
1486,50,HAS_DATE
1486,226,MENTIONS_DISEASE
1486,173,MENTIONS_DISEASE
1486,6,MENTIONS_PATHOGEN
1486,227,MENTIONS_ANIMAL
1487,50,HAS_DATE
1487,173,MENTIONS_DISEASE
1487,6,MENTIONS_PATHOGEN
1487,60,MENTIONS_ANIMAL
1487,61,MENTIONS_ANIMAL
1488,19,HAS_DATE
1488,173,MENTIONS_DISEASE
1488,6,MENTIONS_PATHOGEN
1489,19,HAS_DATE
1489,173,MENTIONS_DISEASE
1489,6,MENTIONS_PATHOGEN
1489,60,MENTIONS_ANIMAL
1489,61,MENTIONS_ANIMAL
1489,12,MENTIONS_ANIMAL
1490,79,MENTIONS_LOCATION
1490,19,HAS_DATE
1490,173,MENTIONS_DISEASE
1490,6,MENTIONS_PATHOGEN
1490,60,MENTIONS_ANIMAL
1491,19,HAS_DATE
1491,173,MENTIONS_DISEASE
1491,6,MENTIONS_PATHOGEN
1492,19,HAS_DATE
1492,173,MENTIONS_DISEASE
1492,6,MENTIONS_PATHOGEN
1493,46,HAS_DATE
1493,173,MENTIONS_DISEASE
1493,6,MENTIONS_PATHOGEN
1494,46,HAS_DATE
1494,226,MENTIONS_DISEASE
1494,173,MENTIONS_DISEASE
1494,6,MENTIONS_PATHOGEN
1494,227,MENTIONS_ANIMAL
1495,79,MENTIONS_LOCATION
1495,94,HAS_DATE
1495,22,HAS_DATE
1495,50,HAS_DATE
1495,173,MENTIONS_DISEASE
1495,6,MENTIONS_PATHOGEN
1496,50,HAS_DATE
1496,173,MENTIONS_DISEASE
1496,6,MENTIONS_PATHOGEN
1497,46,HAS_DATE
1497,173,MENTIONS_DISEASE
1497,6,MENTIONS_PATHOGEN
1497,60,MENTIONS_ANIMAL
1497,61,MENTIONS_ANIMAL
1498,46,HAS_DATE
1498,226,MENTIONS_DISEASE
1498,173,MENTIONS_DISEASE
1498,6,MENTIONS_PATHOGEN
1498,227,MENTIONS_ANIMAL
1499,46,HAS_DATE
1499,173,MENTIONS_DISEASE
1499,6,MENTIONS_PATHOGEN
1500,46,HAS_DATE
1500,173,MENTIONS_DISEASE
1500,6,MENTIONS_PATHOGEN
1500,60,MENTIONS_ANIMAL
1500,61,MENTIONS_ANIMAL
1501,83,HAS_DATE
1501,173,MENTIONS_DISEASE
1501,6,MENTIONS_PATHOGEN
1502,83,HAS_DATE
1502,173,MENTIONS_DISEASE
1502,6,MENTIONS_PATHOGEN
1502,60,MENTIONS_ANIMAL
1502,61,MENTIONS_ANIMAL
1503,3,HAS_DATE
1503,289,HAS_DATE
1503,83,HAS_DATE
1503,173,MENTIONS_DISEASE
1503,6,MENTIONS_PATHOGEN
1503,126,MENTIONS_ANIMAL
1504,34,MENTIONS_LOCATION
1504,83,HAS_DATE
1504,173,MENTIONS_DISEASE
1504,6,MENTIONS_PATHOGEN
1504,165,MENTIONS_ANIMAL
1505,46,HAS_DATE
1505,173,MENTIONS_DISEASE
1505,6,MENTIONS_PATHOGEN
1505,60,MENTIONS_ANIMAL
1506,83,HAS_DATE
1506,173,MENTIONS_DISEASE
1506,6,MENTIONS_PATHOGEN
1506,60,MENTIONS_ANIMAL
1506,61,MENTIONS_ANIMAL
1507,91,MENTIONS_LOCATION
1507,83,HAS_DATE
1507,173,MENTIONS_DISEASE
1507,6,MENTIONS_PATHOGEN
1508,83,HAS_DATE
1508,173,MENTIONS_DISEASE
1508,6,MENTIONS_PATHOGEN
1509,83,HAS_DATE
1509,173,MENTIONS_DISEASE
1509,6,MENTIONS_PATHOGEN
1509,126,MENTIONS_ANIMAL
1510,241,MENTIONS_LOCATION
1510,83,HAS_DATE
1510,173,MENTIONS_DISEASE
1510,6,MENTIONS_PATHOGEN
1511,83,HAS_DATE
1511,173,MENTIONS_DISEASE
1511,6,MENTIONS_PATHOGEN
1511,60,MENTIONS_ANIMAL
1512,83,HAS_DATE
1512,173,MENTIONS_DISEASE
1512,6,MENTIONS_PATHOGEN
1512,60,MENTIONS_ANIMAL
1513,83,HAS_DATE
1513,173,MENTIONS_DISEASE
1513,6,MENTIONS_PATHOGEN
1513,60,MENTIONS_ANIMAL
1514,241,MENTIONS_LOCATION
1514,83,HAS_DATE
1514,173,MENTIONS_DISEASE
1514,6,MENTIONS_PATHOGEN
1514,126,MENTIONS_ANIMAL
1515,21,HAS_DATE
1515,173,MENTIONS_DISEASE
1515,6,MENTIONS_PATHOGEN
1515,60,MENTIONS_ANIMAL
1516,21,HAS_DATE
1516,173,MENTIONS_DISEASE
1516,6,MENTIONS_PATHOGEN
1516,60,MENTIONS_ANIMAL
1516,61,MENTIONS_ANIMAL
1517,21,HAS_DATE
1517,173,MENTIONS_DISEASE
1517,6,MENTIONS_PATHOGEN
1518,21,HAS_DATE
1518,173,MENTIONS_DISEASE
1518,6,MENTIONS_PATHOGEN
1519,21,HAS_DATE
1519,173,MENTIONS_DISEASE
1519,6,MENTIONS_PATHOGEN
1519,60,MENTIONS_ANIMAL
1519,61,MENTIONS_ANIMAL
1520,34,MENTIONS_LOCATION
1520,1521,HAS_DATE
1520,22,HAS_DATE
1520,83,HAS_DATE
1520,173,MENTIONS_DISEASE
1520,6,MENTIONS_PATHOGEN
1522,21,HAS_DATE
1522,173,MENTIONS_DISEASE
1522,6,MENTIONS_PATHOGEN
1522,126,MENTIONS_ANIMAL
1522,135,MENTIONS_ANIMAL
1522,62,MENTIONS_ANIMAL
1522,63,MENTIONS_ANIMAL
1523,21,HAS_DATE
1523,173,MENTIONS_DISEASE
1523,6,MENTIONS_PATHOGEN
1523,12,MENTIONS_ANIMAL
1524,22,HAS_DATE
1524,21,HAS_DATE
1524,173,MENTIONS_DISEASE
1524,6,MENTIONS_PATHOGEN
1524,60,MENTIONS_ANIMAL
1524,61,MENTIONS_ANIMAL
1525,44,HAS_DATE
1525,21,HAS_DATE
1525,173,MENTIONS_DISEASE
1525,6,MENTIONS_PATHOGEN
1525,12,MENTIONS_ANIMAL
1526,79,MENTIONS_LOCATION
1526,21,HAS_DATE
1526,173,MENTIONS_DISEASE
1526,6,MENTIONS_PATHOGEN
1526,60,MENTIONS_ANIMAL
1526,61,MENTIONS_ANIMAL
1526,126,MENTIONS_ANIMAL
1526,135,MENTIONS_ANIMAL
1526,12,MENTIONS_ANIMAL
1526,141,MENTIONS_ANIMAL
1527,21,HAS_DATE
1527,173,MENTIONS_DISEASE
1527,6,MENTIONS_PATHOGEN
1528,241,MENTIONS_LOCATION
1528,22,HAS_DATE
1528,173,MENTIONS_DISEASE
1528,6,MENTIONS_PATHOGEN
1529,22,HAS_DATE
1529,173,MENTIONS_DISEASE
1529,6,MENTIONS_PATHOGEN
1529,126,MENTIONS_ANIMAL
1529,135,MENTIONS_ANIMAL
1530,472,HAS_DATE
1530,44,HAS_DATE
1530,83,HAS_DATE
1530,173,MENTIONS_DISEASE
1530,6,MENTIONS_PATHOGEN
1531,79,MENTIONS_LOCATION
1531,21,HAS_DATE
1531,173,MENTIONS_DISEASE
1531,6,MENTIONS_PATHOGEN
1531,63,MENTIONS_ANIMAL
1532,21,HAS_DATE
1532,173,MENTIONS_DISEASE
1532,6,MENTIONS_PATHOGEN
1533,34,MENTIONS_LOCATION
1533,21,HAS_DATE
1533,173,MENTIONS_DISEASE
1533,6,MENTIONS_PATHOGEN
1533,60,MENTIONS_ANIMAL
1534,22,HAS_DATE
1534,173,MENTIONS_DISEASE
1534,6,MENTIONS_PATHOGEN
1535,22,HAS_DATE
1535,173,MENTIONS_DISEASE
1535,6,MENTIONS_PATHOGEN
1536,22,HAS_DATE
1536,173,MENTIONS_DISEASE
1536,6,MENTIONS_PATHOGEN
1536,126,MENTIONS_ANIMAL
1537,22,HAS_DATE
1537,173,MENTIONS_DISEASE
1537,6,MENTIONS_PATHOGEN
1537,60,MENTIONS_ANIMAL
1538,22,HAS_DATE
1538,173,MENTIONS_DISEASE
1538,6,MENTIONS_PATHOGEN
1538,60,MENTIONS_ANIMAL
1538,61,MENTIONS_ANIMAL
1539,22,HAS_DATE
1539,173,MENTIONS_DISEASE
1539,6,MENTIONS_PATHOGEN
1539,377,MENTIONS_PATHOGEN
1540,22,HAS_DATE
1540,173,MENTIONS_DISEASE
1540,6,MENTIONS_PATHOGEN
1540,60,MENTIONS_ANIMAL
1541,22,HAS_DATE
1541,173,MENTIONS_DISEASE
1541,6,MENTIONS_PATHOGEN
1541,60,MENTIONS_ANIMAL
1541,61,MENTIONS_ANIMAL
1542,22,HAS_DATE
1542,173,MENTIONS_DISEASE
1542,6,MENTIONS_PATHOGEN
1542,126,MENTIONS_ANIMAL
1542,135,MENTIONS_ANIMAL
1543,143,HAS_DATE
1543,173,MENTIONS_DISEASE
1543,6,MENTIONS_PATHOGEN
1544,39,HAS_DATE
1544,14,HAS_DATE
1544,143,HAS_DATE
1544,173,MENTIONS_DISEASE
1544,6,MENTIONS_PATHOGEN
1544,60,MENTIONS_ANIMAL
1544,61,MENTIONS_ANIMAL
1545,143,HAS_DATE
1545,173,MENTIONS_DISEASE
1545,6,MENTIONS_PATHOGEN
1545,60,MENTIONS_ANIMAL
1546,143,HAS_DATE
1546,173,MENTIONS_DISEASE
1546,6,MENTIONS_PATHOGEN
1546,60,MENTIONS_ANIMAL
1547,143,HAS_DATE
1547,173,MENTIONS_DISEASE
1547,6,MENTIONS_PATHOGEN
1547,60,MENTIONS_ANIMAL
1547,61,MENTIONS_ANIMAL
1548,44,HAS_DATE
1548,173,MENTIONS_DISEASE
1548,6,MENTIONS_PATHOGEN
1549,14,HAS_DATE
1549,173,MENTIONS_DISEASE
1549,6,MENTIONS_PATHOGEN
1549,60,MENTIONS_ANIMAL
1550,14,HAS_DATE
1550,173,MENTIONS_DISEASE
1550,6,MENTIONS_PATHOGEN
1550,60,MENTIONS_ANIMAL
1551,241,MENTIONS_LOCATION
1551,14,HAS_DATE
1551,173,MENTIONS_DISEASE
1551,6,MENTIONS_PATHOGEN
1551,126,MENTIONS_ANIMAL
1551,135,MENTIONS_ANIMAL
1552,52,HAS_DATE
1552,14,HAS_DATE
1552,173,MENTIONS_DISEASE
1552,6,MENTIONS_PATHOGEN
1552,60,MENTIONS_ANIMAL
1553,14,HAS_DATE
1553,173,MENTIONS_DISEASE
1553,6,MENTIONS_PATHOGEN
1553,60,MENTIONS_ANIMAL
1553,61,MENTIONS_ANIMAL
1554,14,HAS_DATE
1554,173,MENTIONS_DISEASE
1554,6,MENTIONS_PATHOGEN
1555,14,HAS_DATE
1555,173,MENTIONS_DISEASE
1555,6,MENTIONS_PATHOGEN
1555,60,MENTIONS_ANIMAL
1555,61,MENTIONS_ANIMAL
1556,26,MENTIONS_LOCATION
1556,44,HAS_DATE
1556,173,MENTIONS_DISEASE
1556,6,MENTIONS_PATHOGEN
1556,60,MENTIONS_ANIMAL
1556,61,MENTIONS_ANIMAL
1557,1558,HAS_DATE
1557,3,HAS_DATE
1557,14,HAS_DATE
1557,173,MENTIONS_DISEASE
1557,6,MENTIONS_PATHOGEN
1559,289,HAS_DATE
1559,173,MENTIONS_DISEASE
1559,6,MENTIONS_PATHOGEN
1559,12,MENTIONS_ANIMAL
1559,165,MENTIONS_ANIMAL
1560,289,HAS_DATE
1560,173,MENTIONS_DISEASE
1560,6,MENTIONS_PATHOGEN
1561,289,HAS_DATE
1561,173,MENTIONS_DISEASE
1561,6,MENTIONS_PATHOGEN
1562,289,HAS_DATE
1562,173,MENTIONS_DISEASE
1562,6,MENTIONS_PATHOGEN
1563,289,HAS_DATE
1563,173,MENTIONS_DISEASE
1563,6,MENTIONS_PATHOGEN
1563,60,MENTIONS_ANIMAL
1563,61,MENTIONS_ANIMAL
1564,289,HAS_DATE
1564,173,MENTIONS_DISEASE
1564,6,MENTIONS_PATHOGEN
1565,289,HAS_DATE
1565,173,MENTIONS_DISEASE
1565,6,MENTIONS_PATHOGEN
1565,126,MENTIONS_ANIMAL
1565,135,MENTIONS_ANIMAL
1565,12,MENTIONS_ANIMAL
1565,141,MENTIONS_ANIMAL
1566,289,HAS_DATE
1566,173,MENTIONS_DISEASE
1566,6,MENTIONS_PATHOGEN
1567,289,HAS_DATE
1567,173,MENTIONS_DISEASE
1567,6,MENTIONS_PATHOGEN
1567,126,MENTIONS_ANIMAL
1567,135,MENTIONS_ANIMAL
1568,1569,HAS_DATE
1568,32,HAS_DATE
1568,289,HAS_DATE
1568,173,MENTIONS_DISEASE
1568,6,MENTIONS_PATHOGEN
1570,52,HAS_DATE
1570,173,MENTIONS_DISEASE
1570,6,MENTIONS_PATHOGEN
1571,52,HAS_DATE
1571,173,MENTIONS_DISEASE
1571,6,MENTIONS_PATHOGEN
1571,60,MENTIONS_ANIMAL
1571,61,MENTIONS_ANIMAL
1572,94,HAS_DATE
1572,3,HAS_DATE
1572,52,HAS_DATE
1572,173,MENTIONS_DISEASE
1572,6,MENTIONS_PATHOGEN
1572,60,MENTIONS_ANIMAL
1573,43,MENTIONS_LOCATION
1573,52,HAS_DATE
1573,173,MENTIONS_DISEASE
1573,6,MENTIONS_PATHOGEN
1574,241,MENTIONS_LOCATION
1574,52,HAS_DATE
1574,173,MENTIONS_DISEASE
1574,6,MENTIONS_PATHOGEN
1574,60,MENTIONS_ANIMAL
1575,52,HAS_DATE
1575,173,MENTIONS_DISEASE
1575,6,MENTIONS_PATHOGEN
1576,52,HAS_DATE
1576,173,MENTIONS_DISEASE
1576,6,MENTIONS_PATHOGEN
1577,289,HAS_DATE
1577,173,MENTIONS_DISEASE
1577,6,MENTIONS_PATHOGEN
1578,43,MENTIONS_LOCATION
1578,52,HAS_DATE
1578,173,MENTIONS_DISEASE
1578,6,MENTIONS_PATHOGEN
1578,60,MENTIONS_ANIMAL
1579,79,MENTIONS_LOCATION
1579,3,HAS_DATE
1579,173,MENTIONS_DISEASE
1579,6,MENTIONS_PATHOGEN
1579,126,MENTIONS_ANIMAL
1579,135,MENTIONS_ANIMAL
1579,63,MENTIONS_ANIMAL
1580,3,HAS_DATE
1580,173,MENTIONS_DISEASE
1580,6,MENTIONS_PATHOGEN
1580,60,MENTIONS_ANIMAL
1580,61,MENTIONS_ANIMAL
1581,3,HAS_DATE
1581,173,MENTIONS_DISEASE
1581,6,MENTIONS_PATHOGEN
1581,60,MENTIONS_ANIMAL
1581,61,MENTIONS_ANIMAL
1582,3,HAS_DATE
1582,173,MENTIONS_DISEASE
1582,6,MENTIONS_PATHOGEN
1583,3,HAS_DATE
1583,173,MENTIONS_DISEASE
1583,6,MENTIONS_PATHOGEN
1583,60,MENTIONS_ANIMAL
1583,61,MENTIONS_ANIMAL
1584,3,HAS_DATE
1584,173,MENTIONS_DISEASE
1584,6,MENTIONS_PATHOGEN
1585,79,MENTIONS_LOCATION
1585,3,HAS_DATE
1585,173,MENTIONS_DISEASE
1585,6,MENTIONS_PATHOGEN
1586,3,HAS_DATE
1586,173,MENTIONS_DISEASE
1586,6,MENTIONS_PATHOGEN
1586,60,MENTIONS_ANIMAL
1586,61,MENTIONS_ANIMAL
1587,3,HAS_DATE
1587,173,MENTIONS_DISEASE
1587,6,MENTIONS_PATHOGEN
1587,126,MENTIONS_ANIMAL
1587,135,MENTIONS_ANIMAL
1588,32,HAS_DATE
1588,173,MENTIONS_DISEASE
1588,6,MENTIONS_PATHOGEN
1589,32,HAS_DATE
1589,173,MENTIONS_DISEASE
1589,6,MENTIONS_PATHOGEN
1589,63,MENTIONS_ANIMAL
1590,123,HAS_DATE
1590,18,HAS_DATE
1590,32,HAS_DATE
1590,173,MENTIONS_DISEASE
1590,6,MENTIONS_PATHOGEN
1590,126,MENTIONS_ANIMAL
1590,135,MENTIONS_ANIMAL
1591,54,HAS_DATE
1591,173,MENTIONS_DISEASE
1591,6,MENTIONS_PATHOGEN
1591,63,MENTIONS_ANIMAL
1592,54,HAS_DATE
1592,173,MENTIONS_DISEASE
1592,6,MENTIONS_PATHOGEN
1593,54,HAS_DATE
1593,173,MENTIONS_DISEASE
1593,6,MENTIONS_PATHOGEN
1593,63,MENTIONS_ANIMAL
1594,54,HAS_DATE
1594,173,MENTIONS_DISEASE
1594,6,MENTIONS_PATHOGEN
1595,54,HAS_DATE
1595,173,MENTIONS_DISEASE
1595,6,MENTIONS_PATHOGEN
1596,54,HAS_DATE
1596,173,MENTIONS_DISEASE
1596,6,MENTIONS_PATHOGEN
1596,60,MENTIONS_ANIMAL
1596,61,MENTIONS_ANIMAL
1597,79,MENTIONS_LOCATION
1597,18,HAS_DATE
1597,173,MENTIONS_DISEASE
1597,6,MENTIONS_PATHOGEN
1597,60,MENTIONS_ANIMAL
1597,61,MENTIONS_ANIMAL
1597,62,MENTIONS_ANIMAL
1598,79,MENTIONS_LOCATION
1598,18,HAS_DATE
1598,173,MENTIONS_DISEASE
1598,6,MENTIONS_PATHOGEN
1598,60,MENTIONS_ANIMAL
1599,18,HAS_DATE
1599,173,MENTIONS_DISEASE
1599,6,MENTIONS_PATHOGEN
1600,18,HAS_DATE
1600,173,MENTIONS_DISEASE
1600,6,MENTIONS_PATHOGEN
1601,35,HAS_DATE
1601,173,MENTIONS_DISEASE
1601,6,MENTIONS_PATHOGEN
1602,79,MENTIONS_LOCATION
1602,18,HAS_DATE
1602,173,MENTIONS_DISEASE
1602,6,MENTIONS_PATHOGEN
1602,60,MENTIONS_ANIMAL
1602,126,MENTIONS_ANIMAL
1603,39,HAS_DATE
1603,35,HAS_DATE
1603,18,HAS_DATE
1603,173,MENTIONS_DISEASE
1603,6,MENTIONS_PATHOGEN
1603,60,MENTIONS_ANIMAL
1604,241,MENTIONS_LOCATION
1604,94,HAS_DATE
1604,173,MENTIONS_DISEASE
1604,6,MENTIONS_PATHOGEN
1604,62,MENTIONS_ANIMAL
1604,63,MENTIONS_ANIMAL
1605,94,HAS_DATE
1605,173,MENTIONS_DISEASE
1605,6,MENTIONS_PATHOGEN
1606,94,HAS_DATE
1606,173,MENTIONS_DISEASE
1606,6,MENTIONS_PATHOGEN
1606,60,MENTIONS_ANIMAL
1606,61,MENTIONS_ANIMAL
1607,94,HAS_DATE
1607,173,MENTIONS_DISEASE
1607,6,MENTIONS_PATHOGEN
1608,94,HAS_DATE
1608,173,MENTIONS_DISEASE
1608,6,MENTIONS_PATHOGEN
1608,60,MENTIONS_ANIMAL
1609,35,HAS_DATE
1609,173,MENTIONS_DISEASE
1609,6,MENTIONS_PATHOGEN
1610,34,MENTIONS_LOCATION
1610,597,HAS_DATE
1610,87,HAS_DATE
1610,39,HAS_DATE
1610,173,MENTIONS_DISEASE
1610,6,MENTIONS_PATHOGEN
1610,165,MENTIONS_ANIMAL
1611,86,HAS_DATE
1611,173,MENTIONS_DISEASE
1611,6,MENTIONS_PATHOGEN
1612,87,HAS_DATE
1612,173,MENTIONS_DISEASE
1612,6,MENTIONS_PATHOGEN
1612,126,MENTIONS_ANIMAL
1612,135,MENTIONS_ANIMAL
1612,12,MENTIONS_ANIMAL
1613,34,MENTIONS_LOCATION
1613,69,HAS_DATE
1613,173,MENTIONS_DISEASE
1613,6,MENTIONS_PATHOGEN
1614,69,HAS_DATE
1614,173,MENTIONS_DISEASE
1614,6,MENTIONS_PATHOGEN
1615,34,MENTIONS_LOCATION
1615,389,HAS_DATE
1615,173,MENTIONS_DISEASE
1615,6,MENTIONS_PATHOGEN
1616,389,HAS_DATE
1616,173,MENTIONS_DISEASE
1616,6,MENTIONS_PATHOGEN
1617,389,HAS_DATE
1617,173,MENTIONS_DISEASE
1617,6,MENTIONS_PATHOGEN
1618,389,HAS_DATE
1618,173,MENTIONS_DISEASE
1618,6,MENTIONS_PATHOGEN
1619,389,HAS_DATE
1619,173,MENTIONS_DISEASE
1619,6,MENTIONS_PATHOGEN
1620,1621,HAS_DATE
1620,173,MENTIONS_DISEASE
1620,6,MENTIONS_PATHOGEN
1620,134,MENTIONS_PATHOGEN
1622,123,HAS_DATE
1622,173,MENTIONS_DISEASE
1622,6,MENTIONS_PATHOGEN
1622,165,MENTIONS_ANIMAL
1623,123,HAS_DATE
1623,173,MENTIONS_DISEASE
1623,6,MENTIONS_PATHOGEN
1624,123,HAS_DATE
1624,173,MENTIONS_DISEASE
1624,6,MENTIONS_PATHOGEN
1624,63,MENTIONS_ANIMAL
1625,1626,HAS_DATE
1625,173,MENTIONS_DISEASE
1625,6,MENTIONS_PATHOGEN
1627,196,HAS_DATE
1627,1628,HAS_DATE
1627,173,MENTIONS_DISEASE
1627,6,MENTIONS_PATHOGEN
1629,75,MENTIONS_LOCATION
1629,1628,HAS_DATE
1629,173,MENTIONS_DISEASE
1629,6,MENTIONS_PATHOGEN
1630,1628,HAS_DATE
1630,173,MENTIONS_DISEASE
1630,6,MENTIONS_PATHOGEN
1631,196,HAS_DATE
1631,173,MENTIONS_DISEASE
1631,6,MENTIONS_PATHOGEN
1632,196,HAS_DATE
1632,173,MENTIONS_DISEASE
1632,6,MENTIONS_PATHOGEN
1633,196,HAS_DATE
1633,173,MENTIONS_DISEASE
1633,6,MENTIONS_PATHOGEN
1633,126,MENTIONS_ANIMAL
1634,196,HAS_DATE
1634,173,MENTIONS_DISEASE
1634,6,MENTIONS_PATHOGEN
1634,124,MENTIONS_ANIMAL
1634,213,MENTIONS_ANIMAL
1635,98,HAS_DATE
1635,173,MENTIONS_DISEASE
1635,6,MENTIONS_PATHOGEN
1636,472,HAS_DATE
1636,1637,HAS_DATE
1636,1558,HAS_DATE
1636,173,MENTIONS_DISEASE
1636,6,MENTIONS_PATHOGEN
1638,1639,HAS_DATE
1638,1640,HAS_DATE
1638,194,HAS_DATE
1638,173,MENTIONS_DISEASE
1638,6,MENTIONS_PATHOGEN
1641,1642,HAS_DATE
1641,1640,HAS_DATE
1641,173,MENTIONS_DISEASE
1641,6,MENTIONS_PATHOGEN
1643,1640,HAS_DATE
1643,173,MENTIONS_DISEASE
1643,6,MENTIONS_PATHOGEN
1644,1645,HAS_DATE
1644,173,MENTIONS_DISEASE
1644,6,MENTIONS_PATHOGEN
1646,1647,HAS_DATE
1646,173,MENTIONS_DISEASE
1646,6,MENTIONS_PATHOGEN
1648,429,HAS_DATE
1648,173,MENTIONS_DISEASE
1648,6,MENTIONS_PATHOGEN
1649,429,HAS_DATE
1649,173,MENTIONS_DISEASE
1649,6,MENTIONS_PATHOGEN
1650,130,HAS_DATE
1650,260,MENTIONS_DISEASE
1650,6,MENTIONS_PATHOGEN
1650,60,MENTIONS_ANIMAL
1651,130,HAS_DATE
1651,260,MENTIONS_DISEASE
1651,6,MENTIONS_PATHOGEN
1651,60,MENTIONS_ANIMAL
1652,130,HAS_DATE
1652,260,MENTIONS_DISEASE
1652,6,MENTIONS_PATHOGEN
1652,60,MENTIONS_ANIMAL
1653,130,HAS_DATE
1653,260,MENTIONS_DISEASE
1653,6,MENTIONS_PATHOGEN
1653,60,MENTIONS_ANIMAL
1654,103,HAS_DATE
1654,173,MENTIONS_DISEASE
1654,260,MENTIONS_DISEASE
1654,6,MENTIONS_PATHOGEN
1654,60,MENTIONS_ANIMAL
1655,75,MENTIONS_LOCATION
1655,220,MENTIONS_LOCATION
1655,81,HAS_DATE
1655,103,HAS_DATE
1655,260,MENTIONS_DISEASE
1655,6,MENTIONS_PATHOGEN
1655,60,MENTIONS_ANIMAL
1656,81,HAS_DATE
1656,260,MENTIONS_DISEASE
1656,6,MENTIONS_PATHOGEN
1656,60,MENTIONS_ANIMAL
1657,75,MENTIONS_LOCATION
1657,220,MENTIONS_LOCATION
1657,72,HAS_DATE
1657,113,MENTIONS_DISEASE
1657,114,MENTIONS_DISEASE
1657,260,MENTIONS_DISEASE
1657,6,MENTIONS_PATHOGEN
1657,60,MENTIONS_ANIMAL
1658,73,HAS_DATE
1658,260,MENTIONS_DISEASE
1658,6,MENTIONS_PATHOGEN
1658,60,MENTIONS_ANIMAL
1659,76,MENTIONS_LOCATION
1659,73,HAS_DATE
1659,260,MENTIONS_DISEASE
1659,6,MENTIONS_PATHOGEN
1659,60,MENTIONS_ANIMAL
1659,61,MENTIONS_ANIMAL
1660,112,HAS_DATE
1660,260,MENTIONS_DISEASE
1660,6,MENTIONS_PATHOGEN
1660,60,MENTIONS_ANIMAL
1660,61,MENTIONS_ANIMAL
1660,12,MENTIONS_ANIMAL
1661,112,HAS_DATE
1661,260,MENTIONS_DISEASE
1661,6,MENTIONS_PATHOGEN
1661,60,MENTIONS_ANIMAL
1661,61,MENTIONS_ANIMAL
1661,12,MENTIONS_ANIMAL
1662,46,HAS_DATE
1662,260,MENTIONS_DISEASE
1662,6,MENTIONS_PATHOGEN
1662,60,MENTIONS_ANIMAL
1663,83,HAS_DATE
1663,260,MENTIONS_DISEASE
1663,6,MENTIONS_PATHOGEN
1663,60,MENTIONS_ANIMAL
1664,83,HAS_DATE
1664,260,MENTIONS_DISEASE
1664,6,MENTIONS_PATHOGEN
1664,60,MENTIONS_ANIMAL
1664,12,MENTIONS_ANIMAL
1665,43,MENTIONS_LOCATION
1665,130,HAS_DATE
1665,59,MENTIONS_DISEASE
1665,6,MENTIONS_PATHOGEN
1666,43,MENTIONS_LOCATION
1666,130,HAS_DATE
1666,59,MENTIONS_DISEASE
1666,6,MENTIONS_PATHOGEN
1666,232,MENTIONS_PATHOGEN
1667,43,MENTIONS_LOCATION
1667,130,HAS_DATE
1667,59,MENTIONS_DISEASE
1667,6,MENTIONS_PATHOGEN
1668,43,MENTIONS_LOCATION
1668,130,HAS_DATE
1668,59,MENTIONS_DISEASE
1668,6,MENTIONS_PATHOGEN
1669,43,MENTIONS_LOCATION
1669,130,HAS_DATE
1669,59,MENTIONS_DISEASE
1669,6,MENTIONS_PATHOGEN
1670,43,MENTIONS_LOCATION
1670,109,HAS_DATE
1670,130,HAS_DATE
1670,59,MENTIONS_DISEASE
1670,6,MENTIONS_PATHOGEN
1671,43,MENTIONS_LOCATION
1671,130,HAS_DATE
1671,59,MENTIONS_DISEASE
1671,6,MENTIONS_PATHOGEN
1672,43,MENTIONS_LOCATION
1672,130,HAS_DATE
1672,59,MENTIONS_DISEASE
1672,6,MENTIONS_PATHOGEN
1673,43,MENTIONS_LOCATION
1673,130,HAS_DATE
1673,59,MENTIONS_DISEASE
1673,6,MENTIONS_PATHOGEN
1674,43,MENTIONS_LOCATION
1674,130,HAS_DATE
1674,59,MENTIONS_DISEASE
1674,6,MENTIONS_PATHOGEN
1674,232,MENTIONS_PATHOGEN
1674,12,MENTIONS_ANIMAL
1675,43,MENTIONS_LOCATION
1675,130,HAS_DATE
1675,59,MENTIONS_DISEASE
1675,6,MENTIONS_PATHOGEN
1676,43,MENTIONS_LOCATION
1676,130,HAS_DATE
1676,59,MENTIONS_DISEASE
1676,6,MENTIONS_PATHOGEN
1676,12,MENTIONS_ANIMAL
1677,43,MENTIONS_LOCATION
1677,130,HAS_DATE
1677,59,MENTIONS_DISEASE
1677,6,MENTIONS_PATHOGEN
1677,12,MENTIONS_ANIMAL
1678,43,MENTIONS_LOCATION
1678,130,HAS_DATE
1678,59,MENTIONS_DISEASE
1678,6,MENTIONS_PATHOGEN
1679,43,MENTIONS_LOCATION
1679,130,HAS_DATE
1679,59,MENTIONS_DISEASE
1679,6,MENTIONS_PATHOGEN
1680,43,MENTIONS_LOCATION
1680,130,HAS_DATE
1680,59,MENTIONS_DISEASE
1680,6,MENTIONS_PATHOGEN
1681,43,MENTIONS_LOCATION
1681,130,HAS_DATE
1681,59,MENTIONS_DISEASE
1681,6,MENTIONS_PATHOGEN
1682,43,MENTIONS_LOCATION
1682,130,HAS_DATE
1682,59,MENTIONS_DISEASE
1682,6,MENTIONS_PATHOGEN
1683,43,MENTIONS_LOCATION
1683,130,HAS_DATE
1683,59,MENTIONS_DISEASE
1683,6,MENTIONS_PATHOGEN
1684,43,MENTIONS_LOCATION
1684,130,HAS_DATE
1684,59,MENTIONS_DISEASE
1684,6,MENTIONS_PATHOGEN
1685,43,MENTIONS_LOCATION
1685,130,HAS_DATE
1685,59,MENTIONS_DISEASE
1685,6,MENTIONS_PATHOGEN
1686,43,MENTIONS_LOCATION
1686,130,HAS_DATE
1686,59,MENTIONS_DISEASE
1686,6,MENTIONS_PATHOGEN
1687,43,MENTIONS_LOCATION
1687,130,HAS_DATE
1687,59,MENTIONS_DISEASE
1687,6,MENTIONS_PATHOGEN
1687,232,MENTIONS_PATHOGEN
1688,43,MENTIONS_LOCATION
1688,130,HAS_DATE
1688,59,MENTIONS_DISEASE
1688,6,MENTIONS_PATHOGEN
1689,43,MENTIONS_LOCATION
1689,49,HAS_DATE
1689,112,HAS_DATE
1689,130,HAS_DATE
1689,59,MENTIONS_DISEASE
1689,6,MENTIONS_PATHOGEN
1690,43,MENTIONS_LOCATION
1690,130,HAS_DATE
1690,59,MENTIONS_DISEASE
1690,6,MENTIONS_PATHOGEN
1691,43,MENTIONS_LOCATION
1691,130,HAS_DATE
1691,59,MENTIONS_DISEASE
1691,6,MENTIONS_PATHOGEN
1692,43,MENTIONS_LOCATION
1692,130,HAS_DATE
1692,59,MENTIONS_DISEASE
1692,6,MENTIONS_PATHOGEN
1693,43,MENTIONS_LOCATION
1693,130,HAS_DATE
1693,59,MENTIONS_DISEASE
1693,6,MENTIONS_PATHOGEN
1694,43,MENTIONS_LOCATION
1694,130,HAS_DATE
1694,59,MENTIONS_DISEASE
1694,6,MENTIONS_PATHOGEN
1694,232,MENTIONS_PATHOGEN
1695,43,MENTIONS_LOCATION
1695,130,HAS_DATE
1695,59,MENTIONS_DISEASE
1695,6,MENTIONS_PATHOGEN
1696,43,MENTIONS_LOCATION
1696,130,HAS_DATE
1696,59,MENTIONS_DISEASE
1696,6,MENTIONS_PATHOGEN
1697,43,MENTIONS_LOCATION
1697,130,HAS_DATE
1697,59,MENTIONS_DISEASE
1697,6,MENTIONS_PATHOGEN
1698,43,MENTIONS_LOCATION
1698,130,HAS_DATE
1698,59,MENTIONS_DISEASE
1698,6,MENTIONS_PATHOGEN
1699,43,MENTIONS_LOCATION
1699,130,HAS_DATE
1699,59,MENTIONS_DISEASE
1699,6,MENTIONS_PATHOGEN
1699,12,MENTIONS_ANIMAL
1700,43,MENTIONS_LOCATION
1700,130,HAS_DATE
1700,59,MENTIONS_DISEASE
1700,6,MENTIONS_PATHOGEN
1701,43,MENTIONS_LOCATION
1701,130,HAS_DATE
1701,59,MENTIONS_DISEASE
1701,6,MENTIONS_PATHOGEN
1702,43,MENTIONS_LOCATION
1702,130,HAS_DATE
1702,59,MENTIONS_DISEASE
1702,6,MENTIONS_PATHOGEN
1703,43,MENTIONS_LOCATION
1703,72,HAS_DATE
1703,109,HAS_DATE
1703,130,HAS_DATE
1703,59,MENTIONS_DISEASE
1703,6,MENTIONS_PATHOGEN
1704,43,MENTIONS_LOCATION
1704,130,HAS_DATE
1704,59,MENTIONS_DISEASE
1704,6,MENTIONS_PATHOGEN
1705,43,MENTIONS_LOCATION
1705,130,HAS_DATE
1705,59,MENTIONS_DISEASE
1705,6,MENTIONS_PATHOGEN
1706,43,MENTIONS_LOCATION
1706,130,HAS_DATE
1706,59,MENTIONS_DISEASE
1706,6,MENTIONS_PATHOGEN
1707,43,MENTIONS_LOCATION
1707,130,HAS_DATE
1707,59,MENTIONS_DISEASE
1707,6,MENTIONS_PATHOGEN
1708,43,MENTIONS_LOCATION
1708,130,HAS_DATE
1708,59,MENTIONS_DISEASE
1708,6,MENTIONS_PATHOGEN
1709,43,MENTIONS_LOCATION
1709,130,HAS_DATE
1709,59,MENTIONS_DISEASE
1709,6,MENTIONS_PATHOGEN
1710,43,MENTIONS_LOCATION
1710,130,HAS_DATE
1710,59,MENTIONS_DISEASE
1710,6,MENTIONS_PATHOGEN
1711,43,MENTIONS_LOCATION
1711,130,HAS_DATE
1711,59,MENTIONS_DISEASE
1711,6,MENTIONS_PATHOGEN
1712,43,MENTIONS_LOCATION
1712,21,HAS_DATE
1712,103,HAS_DATE
1712,130,HAS_DATE
1712,59,MENTIONS_DISEASE
1712,6,MENTIONS_PATHOGEN
1713,43,MENTIONS_LOCATION
1713,130,HAS_DATE
1713,59,MENTIONS_DISEASE
1713,6,MENTIONS_PATHOGEN
1713,12,MENTIONS_ANIMAL
1714,43,MENTIONS_LOCATION
1714,130,HAS_DATE
1714,59,MENTIONS_DISEASE
1714,6,MENTIONS_PATHOGEN
1714,62,MENTIONS_ANIMAL
1715,43,MENTIONS_LOCATION
1715,109,HAS_DATE
1715,59,MENTIONS_DISEASE
1715,6,MENTIONS_PATHOGEN
1715,124,MENTIONS_ANIMAL
1715,213,MENTIONS_ANIMAL
1716,43,MENTIONS_LOCATION
1716,130,HAS_DATE
1716,59,MENTIONS_DISEASE
1716,6,MENTIONS_PATHOGEN
1717,43,MENTIONS_LOCATION
1717,130,HAS_DATE
1717,59,MENTIONS_DISEASE
1717,6,MENTIONS_PATHOGEN
1718,43,MENTIONS_LOCATION
1718,130,HAS_DATE
1718,59,MENTIONS_DISEASE
1718,6,MENTIONS_PATHOGEN
1719,43,MENTIONS_LOCATION
1719,81,HAS_DATE
1719,130,HAS_DATE
1719,59,MENTIONS_DISEASE
1719,6,MENTIONS_PATHOGEN
1720,43,MENTIONS_LOCATION
1720,130,HAS_DATE
1720,59,MENTIONS_DISEASE
1720,6,MENTIONS_PATHOGEN
1721,43,MENTIONS_LOCATION
1721,49,HAS_DATE
1721,112,HAS_DATE
1721,130,HAS_DATE
1721,59,MENTIONS_DISEASE
1721,6,MENTIONS_PATHOGEN
1722,43,MENTIONS_LOCATION
1722,83,HAS_DATE
1722,46,HAS_DATE
1722,130,HAS_DATE
1722,59,MENTIONS_DISEASE
1722,6,MENTIONS_PATHOGEN
1723,43,MENTIONS_LOCATION
1723,109,HAS_DATE
1723,59,MENTIONS_DISEASE
1723,6,MENTIONS_PATHOGEN
1724,43,MENTIONS_LOCATION
1724,130,HAS_DATE
1724,59,MENTIONS_DISEASE
1724,6,MENTIONS_PATHOGEN
1725,43,MENTIONS_LOCATION
1725,130,HAS_DATE
1725,59,MENTIONS_DISEASE
1725,6,MENTIONS_PATHOGEN
1726,43,MENTIONS_LOCATION
1726,130,HAS_DATE
1726,59,MENTIONS_DISEASE
1726,6,MENTIONS_PATHOGEN
1727,43,MENTIONS_LOCATION
1727,130,HAS_DATE
1727,59,MENTIONS_DISEASE
1727,6,MENTIONS_PATHOGEN
1728,43,MENTIONS_LOCATION
1728,130,HAS_DATE
1728,113,MENTIONS_DISEASE
1728,114,MENTIONS_DISEASE
1728,59,MENTIONS_DISEASE
1728,6,MENTIONS_PATHOGEN
1729,43,MENTIONS_LOCATION
1729,109,HAS_DATE
1729,59,MENTIONS_DISEASE
1729,6,MENTIONS_PATHOGEN
1730,43,MENTIONS_LOCATION
1730,72,HAS_DATE
1730,109,HAS_DATE
1730,59,MENTIONS_DISEASE
1730,6,MENTIONS_PATHOGEN
1730,232,MENTIONS_PATHOGEN
1731,43,MENTIONS_LOCATION
1731,39,HAS_DATE
1731,109,HAS_DATE
1731,59,MENTIONS_DISEASE
1731,6,MENTIONS_PATHOGEN
1732,43,MENTIONS_LOCATION
1732,109,HAS_DATE
1732,59,MENTIONS_DISEASE
1732,6,MENTIONS_PATHOGEN
1733,43,MENTIONS_LOCATION
1733,109,HAS_DATE
1733,59,MENTIONS_DISEASE
1733,6,MENTIONS_PATHOGEN
1734,43,MENTIONS_LOCATION
1734,109,HAS_DATE
1734,59,MENTIONS_DISEASE
1734,217,MENTIONS_DISEASE
1734,6,MENTIONS_PATHOGEN
1735,43,MENTIONS_LOCATION
1735,72,HAS_DATE
1735,109,HAS_DATE
1735,59,MENTIONS_DISEASE
1735,6,MENTIONS_PATHOGEN
1735,232,MENTIONS_PATHOGEN
1736,43,MENTIONS_LOCATION
1736,109,HAS_DATE
1736,59,MENTIONS_DISEASE
1736,217,MENTIONS_DISEASE
1736,6,MENTIONS_PATHOGEN
1737,43,MENTIONS_LOCATION
1737,17,HAS_DATE
1737,73,HAS_DATE
1737,109,HAS_DATE
1737,113,MENTIONS_DISEASE
1737,114,MENTIONS_DISEASE
1737,59,MENTIONS_DISEASE
1737,6,MENTIONS_PATHOGEN
1738,43,MENTIONS_LOCATION
1738,109,HAS_DATE
1738,59,MENTIONS_DISEASE
1738,6,MENTIONS_PATHOGEN
1739,43,MENTIONS_LOCATION
1739,83,HAS_DATE
1739,19,HAS_DATE
1739,109,HAS_DATE
1739,59,MENTIONS_DISEASE
1739,6,MENTIONS_PATHOGEN
1740,43,MENTIONS_LOCATION
1740,109,HAS_DATE
1740,59,MENTIONS_DISEASE
1740,6,MENTIONS_PATHOGEN
1741,43,MENTIONS_LOCATION
1741,109,HAS_DATE
1741,59,MENTIONS_DISEASE
1741,217,MENTIONS_DISEASE
1741,6,MENTIONS_PATHOGEN
1742,43,MENTIONS_LOCATION
1742,109,HAS_DATE
1742,59,MENTIONS_DISEASE
1742,6,MENTIONS_PATHOGEN
1743,43,MENTIONS_LOCATION
1743,109,HAS_DATE
1743,59,MENTIONS_DISEASE
1743,6,MENTIONS_PATHOGEN
1744,43,MENTIONS_LOCATION
1744,49,HAS_DATE
1744,112,HAS_DATE
1744,130,HAS_DATE
1744,59,MENTIONS_DISEASE
1744,6,MENTIONS_PATHOGEN
1745,43,MENTIONS_LOCATION
1745,109,HAS_DATE
1745,59,MENTIONS_DISEASE
1745,6,MENTIONS_PATHOGEN
1746,43,MENTIONS_LOCATION
1746,109,HAS_DATE
1746,59,MENTIONS_DISEASE
1746,6,MENTIONS_PATHOGEN
1747,43,MENTIONS_LOCATION
1747,109,HAS_DATE
1747,59,MENTIONS_DISEASE
1747,6,MENTIONS_PATHOGEN
1748,43,MENTIONS_LOCATION
1748,109,HAS_DATE
1748,59,MENTIONS_DISEASE
1748,6,MENTIONS_PATHOGEN
1749,43,MENTIONS_LOCATION
1749,109,HAS_DATE
1749,59,MENTIONS_DISEASE
1749,6,MENTIONS_PATHOGEN
1750,43,MENTIONS_LOCATION
1750,109,HAS_DATE
1750,59,MENTIONS_DISEASE
1750,6,MENTIONS_PATHOGEN
1750,232,MENTIONS_PATHOGEN
1751,43,MENTIONS_LOCATION
1751,109,HAS_DATE
1751,59,MENTIONS_DISEASE
1751,6,MENTIONS_PATHOGEN
1752,43,MENTIONS_LOCATION
1752,72,HAS_DATE
1752,109,HAS_DATE
1752,59,MENTIONS_DISEASE
1752,6,MENTIONS_PATHOGEN
1752,12,MENTIONS_ANIMAL
1753,43,MENTIONS_LOCATION
1753,72,HAS_DATE
1753,81,HAS_DATE
1753,109,HAS_DATE
1753,59,MENTIONS_DISEASE
1753,6,MENTIONS_PATHOGEN
1754,43,MENTIONS_LOCATION
1754,109,HAS_DATE
1754,59,MENTIONS_DISEASE
1754,6,MENTIONS_PATHOGEN
1755,43,MENTIONS_LOCATION
1755,109,HAS_DATE
1755,59,MENTIONS_DISEASE
1755,6,MENTIONS_PATHOGEN
1756,43,MENTIONS_LOCATION
1756,109,HAS_DATE
1756,59,MENTIONS_DISEASE
1756,6,MENTIONS_PATHOGEN
1757,43,MENTIONS_LOCATION
1757,109,HAS_DATE
1757,59,MENTIONS_DISEASE
1757,6,MENTIONS_PATHOGEN
1758,43,MENTIONS_LOCATION
1758,109,HAS_DATE
1758,59,MENTIONS_DISEASE
1758,6,MENTIONS_PATHOGEN
1759,43,MENTIONS_LOCATION
1759,109,HAS_DATE
1759,59,MENTIONS_DISEASE
1759,6,MENTIONS_PATHOGEN
1760,43,MENTIONS_LOCATION
1760,109,HAS_DATE
1760,59,MENTIONS_DISEASE
1760,6,MENTIONS_PATHOGEN
1761,43,MENTIONS_LOCATION
1761,109,HAS_DATE
1761,59,MENTIONS_DISEASE
1761,6,MENTIONS_PATHOGEN
1762,43,MENTIONS_LOCATION
1762,109,HAS_DATE
1762,59,MENTIONS_DISEASE
1762,6,MENTIONS_PATHOGEN
1763,43,MENTIONS_LOCATION
1763,109,HAS_DATE
1763,59,MENTIONS_DISEASE
1763,6,MENTIONS_PATHOGEN
1764,43,MENTIONS_LOCATION
1764,109,HAS_DATE
1764,59,MENTIONS_DISEASE
1764,6,MENTIONS_PATHOGEN
1765,43,MENTIONS_LOCATION
1765,109,HAS_DATE
1765,59,MENTIONS_DISEASE
1765,6,MENTIONS_PATHOGEN
1766,43,MENTIONS_LOCATION
1766,109,HAS_DATE
1766,59,MENTIONS_DISEASE
1766,6,MENTIONS_PATHOGEN
1767,43,MENTIONS_LOCATION
1767,109,HAS_DATE
1767,59,MENTIONS_DISEASE
1767,6,MENTIONS_PATHOGEN
1768,43,MENTIONS_LOCATION
1768,109,HAS_DATE
1768,59,MENTIONS_DISEASE
1768,6,MENTIONS_PATHOGEN
1769,43,MENTIONS_LOCATION
1769,72,HAS_DATE
1769,109,HAS_DATE
1769,59,MENTIONS_DISEASE
1769,6,MENTIONS_PATHOGEN
1769,60,MENTIONS_ANIMAL
1770,43,MENTIONS_LOCATION
1770,21,HAS_DATE
1770,19,HAS_DATE
1770,103,HAS_DATE
1770,59,MENTIONS_DISEASE
1770,6,MENTIONS_PATHOGEN
1771,43,MENTIONS_LOCATION
1771,109,HAS_DATE
1771,59,MENTIONS_DISEASE
1771,6,MENTIONS_PATHOGEN
1772,43,MENTIONS_LOCATION
1772,109,HAS_DATE
1772,113,MENTIONS_DISEASE
1772,114,MENTIONS_DISEASE
1772,59,MENTIONS_DISEASE
1772,6,MENTIONS_PATHOGEN
1773,43,MENTIONS_LOCATION
1773,109,HAS_DATE
1773,59,MENTIONS_DISEASE
1773,6,MENTIONS_PATHOGEN
1774,43,MENTIONS_LOCATION
1774,109,HAS_DATE
1774,59,MENTIONS_DISEASE
1774,6,MENTIONS_PATHOGEN
1775,43,MENTIONS_LOCATION
1775,103,HAS_DATE
1775,59,MENTIONS_DISEASE
1775,6,MENTIONS_PATHOGEN
1776,43,MENTIONS_LOCATION
1776,109,HAS_DATE
1776,113,MENTIONS_DISEASE
1776,114,MENTIONS_DISEASE
1776,59,MENTIONS_DISEASE
1776,6,MENTIONS_PATHOGEN
1777,43,MENTIONS_LOCATION
1777,109,HAS_DATE
1777,59,MENTIONS_DISEASE
1777,6,MENTIONS_PATHOGEN
1777,12,MENTIONS_ANIMAL
1778,43,MENTIONS_LOCATION
1778,103,HAS_DATE
1778,59,MENTIONS_DISEASE
1778,6,MENTIONS_PATHOGEN
1778,12,MENTIONS_ANIMAL
1779,43,MENTIONS_LOCATION
1779,46,HAS_DATE
1779,103,HAS_DATE
1779,59,MENTIONS_DISEASE
1779,6,MENTIONS_PATHOGEN
1780,43,MENTIONS_LOCATION
1780,196,HAS_DATE
1780,72,HAS_DATE
1780,103,HAS_DATE
1780,59,MENTIONS_DISEASE
1780,6,MENTIONS_PATHOGEN
1780,60,MENTIONS_ANIMAL
1780,61,MENTIONS_ANIMAL
1780,124,MENTIONS_ANIMAL
1780,213,MENTIONS_ANIMAL
1780,64,MENTIONS_ANIMAL
1781,43,MENTIONS_LOCATION
1781,103,HAS_DATE
1781,176,MENTIONS_DISEASE
1781,59,MENTIONS_DISEASE
1781,6,MENTIONS_PATHOGEN
1782,43,MENTIONS_LOCATION
1782,109,HAS_DATE
1782,59,MENTIONS_DISEASE
1782,6,MENTIONS_PATHOGEN
1783,43,MENTIONS_LOCATION
1783,83,HAS_DATE
1783,72,HAS_DATE
1783,109,HAS_DATE
1783,59,MENTIONS_DISEASE
1783,6,MENTIONS_PATHOGEN
1784,43,MENTIONS_LOCATION
1784,103,HAS_DATE
1784,59,MENTIONS_DISEASE
1784,6,MENTIONS_PATHOGEN
1785,43,MENTIONS_LOCATION
1785,109,HAS_DATE
1785,59,MENTIONS_DISEASE
1785,6,MENTIONS_PATHOGEN
1786,43,MENTIONS_LOCATION
1786,103,HAS_DATE
1786,59,MENTIONS_DISEASE
1786,6,MENTIONS_PATHOGEN
1787,43,MENTIONS_LOCATION
1787,103,HAS_DATE
1787,59,MENTIONS_DISEASE
1787,6,MENTIONS_PATHOGEN
1788,43,MENTIONS_LOCATION
1788,103,HAS_DATE
1788,113,MENTIONS_DISEASE
1788,114,MENTIONS_DISEASE
1788,59,MENTIONS_DISEASE
1788,6,MENTIONS_PATHOGEN
1789,43,MENTIONS_LOCATION
1789,103,HAS_DATE
1789,113,MENTIONS_DISEASE
1789,114,MENTIONS_DISEASE
1789,59,MENTIONS_DISEASE
1789,217,MENTIONS_DISEASE
1789,6,MENTIONS_PATHOGEN
1790,43,MENTIONS_LOCATION
1790,103,HAS_DATE
1790,59,MENTIONS_DISEASE
1790,6,MENTIONS_PATHOGEN
1791,43,MENTIONS_LOCATION
1791,103,HAS_DATE
1791,59,MENTIONS_DISEASE
1791,6,MENTIONS_PATHOGEN
1792,43,MENTIONS_LOCATION
1792,103,HAS_DATE
1792,59,MENTIONS_DISEASE
1792,6,MENTIONS_PATHOGEN
1793,43,MENTIONS_LOCATION
1793,39,HAS_DATE
1793,81,HAS_DATE
1793,103,HAS_DATE
1793,59,MENTIONS_DISEASE
1793,6,MENTIONS_PATHOGEN
1794,43,MENTIONS_LOCATION
1794,103,HAS_DATE
1794,59,MENTIONS_DISEASE
1794,6,MENTIONS_PATHOGEN
1795,43,MENTIONS_LOCATION
1795,83,HAS_DATE
1795,103,HAS_DATE
1795,59,MENTIONS_DISEASE
1795,6,MENTIONS_PATHOGEN
1796,43,MENTIONS_LOCATION
1796,103,HAS_DATE
1796,113,MENTIONS_DISEASE
1796,114,MENTIONS_DISEASE
1796,59,MENTIONS_DISEASE
1796,6,MENTIONS_PATHOGEN
1797,43,MENTIONS_LOCATION
1797,109,HAS_DATE
1797,59,MENTIONS_DISEASE
1797,217,MENTIONS_DISEASE
1797,6,MENTIONS_PATHOGEN
1797,12,MENTIONS_ANIMAL
1798,43,MENTIONS_LOCATION
1798,103,HAS_DATE
1798,59,MENTIONS_DISEASE
1798,6,MENTIONS_PATHOGEN
1799,43,MENTIONS_LOCATION
1799,72,HAS_DATE
1799,103,HAS_DATE
1799,59,MENTIONS_DISEASE
1799,6,MENTIONS_PATHOGEN
1800,43,MENTIONS_LOCATION
1800,103,HAS_DATE
1800,59,MENTIONS_DISEASE
1800,6,MENTIONS_PATHOGEN
1801,43,MENTIONS_LOCATION
1801,103,HAS_DATE
1801,59,MENTIONS_DISEASE
1801,6,MENTIONS_PATHOGEN
1802,43,MENTIONS_LOCATION
1802,103,HAS_DATE
1802,113,MENTIONS_DISEASE
1802,114,MENTIONS_DISEASE
1802,59,MENTIONS_DISEASE
1802,6,MENTIONS_PATHOGEN
1802,12,MENTIONS_ANIMAL
1803,43,MENTIONS_LOCATION
1803,103,HAS_DATE
1803,59,MENTIONS_DISEASE
1803,6,MENTIONS_PATHOGEN
1803,232,MENTIONS_PATHOGEN
1803,64,MENTIONS_ANIMAL
1804,43,MENTIONS_LOCATION
1804,103,HAS_DATE
1804,59,MENTIONS_DISEASE
1804,6,MENTIONS_PATHOGEN
1805,43,MENTIONS_LOCATION
1805,72,HAS_DATE
1805,103,HAS_DATE
1805,59,MENTIONS_DISEASE
1805,6,MENTIONS_PATHOGEN
1806,43,MENTIONS_LOCATION
1806,103,HAS_DATE
1806,59,MENTIONS_DISEASE
1806,6,MENTIONS_PATHOGEN
1807,91,MENTIONS_LOCATION
1807,43,MENTIONS_LOCATION
1807,72,HAS_DATE
1807,103,HAS_DATE
1807,59,MENTIONS_DISEASE
1807,6,MENTIONS_PATHOGEN
1808,43,MENTIONS_LOCATION
1808,72,HAS_DATE
1808,103,HAS_DATE
1808,59,MENTIONS_DISEASE
1808,6,MENTIONS_PATHOGEN
1809,43,MENTIONS_LOCATION
1809,103,HAS_DATE
1809,59,MENTIONS_DISEASE
1809,6,MENTIONS_PATHOGEN
1810,43,MENTIONS_LOCATION
1810,72,HAS_DATE
1810,103,HAS_DATE
1810,59,MENTIONS_DISEASE
1810,6,MENTIONS_PATHOGEN
1811,43,MENTIONS_LOCATION
1811,103,HAS_DATE
1811,59,MENTIONS_DISEASE
1811,6,MENTIONS_PATHOGEN
1812,43,MENTIONS_LOCATION
1812,103,HAS_DATE
1812,59,MENTIONS_DISEASE
1812,6,MENTIONS_PATHOGEN
1813,43,MENTIONS_LOCATION
1813,103,HAS_DATE
1813,59,MENTIONS_DISEASE
1813,6,MENTIONS_PATHOGEN
1814,43,MENTIONS_LOCATION
1814,49,HAS_DATE
1814,103,HAS_DATE
1814,59,MENTIONS_DISEASE
1814,6,MENTIONS_PATHOGEN
1815,43,MENTIONS_LOCATION
1815,72,HAS_DATE
1815,103,HAS_DATE
1815,59,MENTIONS_DISEASE
1815,6,MENTIONS_PATHOGEN
1816,43,MENTIONS_LOCATION
1816,17,HAS_DATE
1816,103,HAS_DATE
1816,59,MENTIONS_DISEASE
1816,6,MENTIONS_PATHOGEN
1817,43,MENTIONS_LOCATION
1817,103,HAS_DATE
1817,59,MENTIONS_DISEASE
1817,6,MENTIONS_PATHOGEN
1818,43,MENTIONS_LOCATION
1818,103,HAS_DATE
1818,59,MENTIONS_DISEASE
1818,6,MENTIONS_PATHOGEN
1819,43,MENTIONS_LOCATION
1819,103,HAS_DATE
1819,59,MENTIONS_DISEASE
1819,6,MENTIONS_PATHOGEN
1820,43,MENTIONS_LOCATION
1820,103,HAS_DATE
1820,59,MENTIONS_DISEASE
1820,6,MENTIONS_PATHOGEN
1821,43,MENTIONS_LOCATION
1821,50,HAS_DATE
1821,17,HAS_DATE
1821,103,HAS_DATE
1821,59,MENTIONS_DISEASE
1821,6,MENTIONS_PATHOGEN
1821,151,MENTIONS_ANIMAL
1822,43,MENTIONS_LOCATION
1822,1823,HAS_DATE
1822,73,HAS_DATE
1822,103,HAS_DATE
1822,113,MENTIONS_DISEASE
1822,114,MENTIONS_DISEASE
1822,59,MENTIONS_DISEASE
1822,6,MENTIONS_PATHOGEN
1822,12,MENTIONS_ANIMAL
1824,43,MENTIONS_LOCATION
1824,103,HAS_DATE
1824,59,MENTIONS_DISEASE
1824,6,MENTIONS_PATHOGEN
1825,43,MENTIONS_LOCATION
1825,103,HAS_DATE
1825,59,MENTIONS_DISEASE
1825,6,MENTIONS_PATHOGEN
1826,43,MENTIONS_LOCATION
1826,103,HAS_DATE
1826,59,MENTIONS_DISEASE
1826,6,MENTIONS_PATHOGEN
1827,43,MENTIONS_LOCATION
1827,81,HAS_DATE
1827,59,MENTIONS_DISEASE
1827,6,MENTIONS_PATHOGEN
1828,43,MENTIONS_LOCATION
1828,81,HAS_DATE
1828,59,MENTIONS_DISEASE
1828,6,MENTIONS_PATHOGEN
1829,43,MENTIONS_LOCATION
1829,103,HAS_DATE
1829,59,MENTIONS_DISEASE
1829,6,MENTIONS_PATHOGEN
1829,60,MENTIONS_ANIMAL
1829,61,MENTIONS_ANIMAL
1829,12,MENTIONS_ANIMAL
1830,43,MENTIONS_LOCATION
1830,103,HAS_DATE
1830,59,MENTIONS_DISEASE
1830,6,MENTIONS_PATHOGEN
1831,43,MENTIONS_LOCATION
1831,103,HAS_DATE
1831,113,MENTIONS_DISEASE
1831,114,MENTIONS_DISEASE
1831,59,MENTIONS_DISEASE
1831,6,MENTIONS_PATHOGEN
1832,43,MENTIONS_LOCATION
1832,103,HAS_DATE
1832,59,MENTIONS_DISEASE
1832,6,MENTIONS_PATHOGEN
1833,43,MENTIONS_LOCATION
1833,103,HAS_DATE
1833,59,MENTIONS_DISEASE
1833,6,MENTIONS_PATHOGEN
1834,43,MENTIONS_LOCATION
1834,109,HAS_DATE
1834,59,MENTIONS_DISEASE
1834,6,MENTIONS_PATHOGEN
1834,232,MENTIONS_PATHOGEN
1834,12,MENTIONS_ANIMAL
1835,43,MENTIONS_LOCATION
1835,112,HAS_DATE
1835,103,HAS_DATE
1835,59,MENTIONS_DISEASE
1835,6,MENTIONS_PATHOGEN
1836,43,MENTIONS_LOCATION
1836,103,HAS_DATE
1836,59,MENTIONS_DISEASE
1836,6,MENTIONS_PATHOGEN
1837,43,MENTIONS_LOCATION
1837,103,HAS_DATE
1837,113,MENTIONS_DISEASE
1837,114,MENTIONS_DISEASE
1837,59,MENTIONS_DISEASE
1837,6,MENTIONS_PATHOGEN
1838,43,MENTIONS_LOCATION
1838,81,HAS_DATE
1838,59,MENTIONS_DISEASE
1838,6,MENTIONS_PATHOGEN
1839,43,MENTIONS_LOCATION
1839,17,HAS_DATE
1839,103,HAS_DATE
1839,59,MENTIONS_DISEASE
1839,6,MENTIONS_PATHOGEN
1839,139,MENTIONS_PATHOGEN
1840,43,MENTIONS_LOCATION
1840,39,HAS_DATE
1840,73,HAS_DATE
1840,103,HAS_DATE
1840,59,MENTIONS_DISEASE
1840,6,MENTIONS_PATHOGEN
1841,43,MENTIONS_LOCATION
1841,103,HAS_DATE
1841,59,MENTIONS_DISEASE
1841,6,MENTIONS_PATHOGEN
1842,43,MENTIONS_LOCATION
1842,81,HAS_DATE
1842,59,MENTIONS_DISEASE
1842,6,MENTIONS_PATHOGEN
1843,43,MENTIONS_LOCATION
1843,103,HAS_DATE
1843,59,MENTIONS_DISEASE
1843,6,MENTIONS_PATHOGEN
1843,126,MENTIONS_ANIMAL
1844,43,MENTIONS_LOCATION
1844,81,HAS_DATE
1844,59,MENTIONS_DISEASE
1844,6,MENTIONS_PATHOGEN
1844,12,MENTIONS_ANIMAL
1845,43,MENTIONS_LOCATION
1845,72,HAS_DATE
1845,103,HAS_DATE
1845,59,MENTIONS_DISEASE
1845,6,MENTIONS_PATHOGEN
1846,43,MENTIONS_LOCATION
1846,81,HAS_DATE
1846,59,MENTIONS_DISEASE
1846,6,MENTIONS_PATHOGEN
1847,43,MENTIONS_LOCATION
1847,81,HAS_DATE
1847,59,MENTIONS_DISEASE
1847,6,MENTIONS_PATHOGEN
1848,43,MENTIONS_LOCATION
1848,81,HAS_DATE
1848,59,MENTIONS_DISEASE
1848,6,MENTIONS_PATHOGEN
1849,43,MENTIONS_LOCATION
1849,81,HAS_DATE
1849,59,MENTIONS_DISEASE
1849,6,MENTIONS_PATHOGEN
1850,43,MENTIONS_LOCATION
1850,81,HAS_DATE
1850,59,MENTIONS_DISEASE
1850,6,MENTIONS_PATHOGEN
1851,43,MENTIONS_LOCATION
1851,32,HAS_DATE
1851,81,HAS_DATE
1851,59,MENTIONS_DISEASE
1851,6,MENTIONS_PATHOGEN
1852,43,MENTIONS_LOCATION
1852,81,HAS_DATE
1852,113,MENTIONS_DISEASE
1852,114,MENTIONS_DISEASE
1852,59,MENTIONS_DISEASE
1852,6,MENTIONS_PATHOGEN
1853,43,MENTIONS_LOCATION
1853,49,HAS_DATE
1853,112,HAS_DATE
1853,81,HAS_DATE
1853,59,MENTIONS_DISEASE
1853,6,MENTIONS_PATHOGEN
1854,43,MENTIONS_LOCATION
1854,81,HAS_DATE
1854,59,MENTIONS_DISEASE
1854,6,MENTIONS_PATHOGEN
1854,232,MENTIONS_PATHOGEN
1855,43,MENTIONS_LOCATION
1855,81,HAS_DATE
1855,59,MENTIONS_DISEASE
1855,6,MENTIONS_PATHOGEN
1856,43,MENTIONS_LOCATION
1856,73,HAS_DATE
1856,81,HAS_DATE
1856,59,MENTIONS_DISEASE
1856,6,MENTIONS_PATHOGEN
1857,43,MENTIONS_LOCATION
1857,81,HAS_DATE
1857,113,MENTIONS_DISEASE
1857,114,MENTIONS_DISEASE
1857,59,MENTIONS_DISEASE
1857,6,MENTIONS_PATHOGEN
1857,60,MENTIONS_ANIMAL
1858,43,MENTIONS_LOCATION
1858,81,HAS_DATE
1858,59,MENTIONS_DISEASE
1858,6,MENTIONS_PATHOGEN
1859,43,MENTIONS_LOCATION
1859,81,HAS_DATE
1859,59,MENTIONS_DISEASE
1859,6,MENTIONS_PATHOGEN
1860,43,MENTIONS_LOCATION
1860,81,HAS_DATE
1860,59,MENTIONS_DISEASE
1860,6,MENTIONS_PATHOGEN
1860,60,MENTIONS_ANIMAL
1861,43,MENTIONS_LOCATION
1861,81,HAS_DATE
1861,59,MENTIONS_DISEASE
1861,6,MENTIONS_PATHOGEN
1862,43,MENTIONS_LOCATION
1862,81,HAS_DATE
1862,59,MENTIONS_DISEASE
1862,6,MENTIONS_PATHOGEN
1863,43,MENTIONS_LOCATION
1863,103,HAS_DATE
1863,59,MENTIONS_DISEASE
1863,6,MENTIONS_PATHOGEN
1864,43,MENTIONS_LOCATION
1864,81,HAS_DATE
1864,59,MENTIONS_DISEASE
1864,6,MENTIONS_PATHOGEN
1865,43,MENTIONS_LOCATION
1865,81,HAS_DATE
1865,59,MENTIONS_DISEASE
1865,6,MENTIONS_PATHOGEN
1866,43,MENTIONS_LOCATION
1866,81,HAS_DATE
1866,113,MENTIONS_DISEASE
1866,114,MENTIONS_DISEASE
1866,59,MENTIONS_DISEASE
1866,6,MENTIONS_PATHOGEN
1867,43,MENTIONS_LOCATION
1867,81,HAS_DATE
1867,59,MENTIONS_DISEASE
1867,6,MENTIONS_PATHOGEN
1868,43,MENTIONS_LOCATION
1868,103,HAS_DATE
1868,59,MENTIONS_DISEASE
1868,6,MENTIONS_PATHOGEN
1869,43,MENTIONS_LOCATION
1869,81,HAS_DATE
1869,59,MENTIONS_DISEASE
1869,6,MENTIONS_PATHOGEN
1870,43,MENTIONS_LOCATION
1870,81,HAS_DATE
1870,113,MENTIONS_DISEASE
1870,114,MENTIONS_DISEASE
1870,59,MENTIONS_DISEASE
1870,6,MENTIONS_PATHOGEN
1871,43,MENTIONS_LOCATION
1871,49,HAS_DATE
1871,112,HAS_DATE
1871,81,HAS_DATE
1871,59,MENTIONS_DISEASE
1871,6,MENTIONS_PATHOGEN
1872,43,MENTIONS_LOCATION
1872,81,HAS_DATE
1872,59,MENTIONS_DISEASE
1872,6,MENTIONS_PATHOGEN
1873,43,MENTIONS_LOCATION
1873,81,HAS_DATE
1873,59,MENTIONS_DISEASE
1873,6,MENTIONS_PATHOGEN
1873,60,MENTIONS_ANIMAL
1873,61,MENTIONS_ANIMAL
1874,43,MENTIONS_LOCATION
1874,81,HAS_DATE
1874,59,MENTIONS_DISEASE
1874,6,MENTIONS_PATHOGEN
1875,43,MENTIONS_LOCATION
1875,81,HAS_DATE
1875,59,MENTIONS_DISEASE
1875,6,MENTIONS_PATHOGEN
1876,43,MENTIONS_LOCATION
1876,81,HAS_DATE
1876,59,MENTIONS_DISEASE
1876,6,MENTIONS_PATHOGEN
1876,64,MENTIONS_ANIMAL
1877,43,MENTIONS_LOCATION
1877,72,HAS_DATE
1877,81,HAS_DATE
1877,59,MENTIONS_DISEASE
1877,6,MENTIONS_PATHOGEN
1878,43,MENTIONS_LOCATION
1878,39,HAS_DATE
1878,72,HAS_DATE
1878,81,HAS_DATE
1878,59,MENTIONS_DISEASE
1878,6,MENTIONS_PATHOGEN
1879,43,MENTIONS_LOCATION
1879,81,HAS_DATE
1879,59,MENTIONS_DISEASE
1879,6,MENTIONS_PATHOGEN
1879,124,MENTIONS_ANIMAL
1879,213,MENTIONS_ANIMAL
1880,43,MENTIONS_LOCATION
1880,81,HAS_DATE
1880,59,MENTIONS_DISEASE
1880,6,MENTIONS_PATHOGEN
1881,43,MENTIONS_LOCATION
1881,81,HAS_DATE
1881,59,MENTIONS_DISEASE
1881,6,MENTIONS_PATHOGEN
1882,43,MENTIONS_LOCATION
1882,81,HAS_DATE
1882,59,MENTIONS_DISEASE
1882,6,MENTIONS_PATHOGEN
1883,43,MENTIONS_LOCATION
1883,81,HAS_DATE
1883,59,MENTIONS_DISEASE
1883,6,MENTIONS_PATHOGEN
1884,43,MENTIONS_LOCATION
1884,81,HAS_DATE
1884,59,MENTIONS_DISEASE
1884,6,MENTIONS_PATHOGEN
1885,43,MENTIONS_LOCATION
1885,81,HAS_DATE
1885,59,MENTIONS_DISEASE
1885,6,MENTIONS_PATHOGEN
1886,43,MENTIONS_LOCATION
1886,81,HAS_DATE
1886,59,MENTIONS_DISEASE
1886,6,MENTIONS_PATHOGEN
1887,43,MENTIONS_LOCATION
1887,81,HAS_DATE
1887,59,MENTIONS_DISEASE
1887,6,MENTIONS_PATHOGEN
1888,43,MENTIONS_LOCATION
1888,72,HAS_DATE
1888,81,HAS_DATE
1888,59,MENTIONS_DISEASE
1888,6,MENTIONS_PATHOGEN
1888,232,MENTIONS_PATHOGEN
1889,43,MENTIONS_LOCATION
1889,81,HAS_DATE
1889,59,MENTIONS_DISEASE
1889,6,MENTIONS_PATHOGEN
1889,232,MENTIONS_PATHOGEN
1890,77,MENTIONS_LOCATION
1890,43,MENTIONS_LOCATION
1890,81,HAS_DATE
1890,59,MENTIONS_DISEASE
1890,6,MENTIONS_PATHOGEN
1891,43,MENTIONS_LOCATION
1891,81,HAS_DATE
1891,59,MENTIONS_DISEASE
1891,6,MENTIONS_PATHOGEN
1892,43,MENTIONS_LOCATION
1892,81,HAS_DATE
1892,59,MENTIONS_DISEASE
1892,6,MENTIONS_PATHOGEN
1893,43,MENTIONS_LOCATION
1893,49,HAS_DATE
1893,112,HAS_DATE
1893,81,HAS_DATE
1893,59,MENTIONS_DISEASE
1893,6,MENTIONS_PATHOGEN
1894,43,MENTIONS_LOCATION
1894,81,HAS_DATE
1894,59,MENTIONS_DISEASE
1894,6,MENTIONS_PATHOGEN
1895,43,MENTIONS_LOCATION
1895,81,HAS_DATE
1895,59,MENTIONS_DISEASE
1895,226,MENTIONS_DISEASE
1895,6,MENTIONS_PATHOGEN
1895,227,MENTIONS_ANIMAL
1896,43,MENTIONS_LOCATION
1896,49,HAS_DATE
1896,81,HAS_DATE
1896,59,MENTIONS_DISEASE
1896,6,MENTIONS_PATHOGEN
1897,43,MENTIONS_LOCATION
1897,73,HAS_DATE
1897,81,HAS_DATE
1897,59,MENTIONS_DISEASE
1897,6,MENTIONS_PATHOGEN
1898,43,MENTIONS_LOCATION
1898,72,HAS_DATE
1898,59,MENTIONS_DISEASE
1898,6,MENTIONS_PATHOGEN
1899,43,MENTIONS_LOCATION
1899,81,HAS_DATE
1899,59,MENTIONS_DISEASE
1899,6,MENTIONS_PATHOGEN
1900,43,MENTIONS_LOCATION
1900,72,HAS_DATE
1900,113,MENTIONS_DISEASE
1900,114,MENTIONS_DISEASE
1900,59,MENTIONS_DISEASE
1900,6,MENTIONS_PATHOGEN
1901,43,MENTIONS_LOCATION
1901,83,HAS_DATE
1901,19,HAS_DATE
1901,72,HAS_DATE
1901,59,MENTIONS_DISEASE
1901,6,MENTIONS_PATHOGEN
1902,43,MENTIONS_LOCATION
1902,81,HAS_DATE
1902,113,MENTIONS_DISEASE
1902,114,MENTIONS_DISEASE
1902,59,MENTIONS_DISEASE
1902,6,MENTIONS_PATHOGEN
1902,12,MENTIONS_ANIMAL
1903,43,MENTIONS_LOCATION
1903,81,HAS_DATE
1903,59,MENTIONS_DISEASE
1903,6,MENTIONS_PATHOGEN
1904,43,MENTIONS_LOCATION
1904,72,HAS_DATE
1904,113,MENTIONS_DISEASE
1904,114,MENTIONS_DISEASE
1904,59,MENTIONS_DISEASE
1904,6,MENTIONS_PATHOGEN
1905,43,MENTIONS_LOCATION
1905,72,HAS_DATE
1905,59,MENTIONS_DISEASE
1905,6,MENTIONS_PATHOGEN
1905,64,MENTIONS_ANIMAL
1906,43,MENTIONS_LOCATION
1906,72,HAS_DATE
1906,59,MENTIONS_DISEASE
1906,6,MENTIONS_PATHOGEN
1907,43,MENTIONS_LOCATION
1907,72,HAS_DATE
1907,113,MENTIONS_DISEASE
1907,114,MENTIONS_DISEASE
1907,59,MENTIONS_DISEASE
1907,6,MENTIONS_PATHOGEN
1908,43,MENTIONS_LOCATION
1908,72,HAS_DATE
1908,59,MENTIONS_DISEASE
1908,6,MENTIONS_PATHOGEN
1909,43,MENTIONS_LOCATION
1909,72,HAS_DATE
1909,59,MENTIONS_DISEASE
1909,6,MENTIONS_PATHOGEN
1910,43,MENTIONS_LOCATION
1910,72,HAS_DATE
1910,113,MENTIONS_DISEASE
1910,114,MENTIONS_DISEASE
1910,59,MENTIONS_DISEASE
1910,6,MENTIONS_PATHOGEN
1911,43,MENTIONS_LOCATION
1911,1912,HAS_DATE
1911,81,HAS_DATE
1911,59,MENTIONS_DISEASE
1911,6,MENTIONS_PATHOGEN
1913,43,MENTIONS_LOCATION
1913,81,HAS_DATE
1913,59,MENTIONS_DISEASE
1913,6,MENTIONS_PATHOGEN
1914,43,MENTIONS_LOCATION
1914,112,HAS_DATE
1914,72,HAS_DATE
1914,59,MENTIONS_DISEASE
1914,6,MENTIONS_PATHOGEN
1915,43,MENTIONS_LOCATION
1915,72,HAS_DATE
1915,113,MENTIONS_DISEASE
1915,114,MENTIONS_DISEASE
1915,59,MENTIONS_DISEASE
1915,226,MENTIONS_DISEASE
1915,6,MENTIONS_PATHOGEN
1915,227,MENTIONS_ANIMAL
1916,43,MENTIONS_LOCATION
1916,72,HAS_DATE
1916,59,MENTIONS_DISEASE
1916,6,MENTIONS_PATHOGEN
1917,43,MENTIONS_LOCATION
1917,72,HAS_DATE
1917,59,MENTIONS_DISEASE
1917,6,MENTIONS_PATHOGEN
1918,43,MENTIONS_LOCATION
1918,72,HAS_DATE
1918,59,MENTIONS_DISEASE
1918,6,MENTIONS_PATHOGEN
1919,43,MENTIONS_LOCATION
1919,72,HAS_DATE
1919,59,MENTIONS_DISEASE
1919,6,MENTIONS_PATHOGEN
1920,43,MENTIONS_LOCATION
1920,72,HAS_DATE
1920,59,MENTIONS_DISEASE
1920,226,MENTIONS_DISEASE
1920,6,MENTIONS_PATHOGEN
1920,227,MENTIONS_ANIMAL
1921,43,MENTIONS_LOCATION
1921,72,HAS_DATE
1921,59,MENTIONS_DISEASE
1921,6,MENTIONS_PATHOGEN
1922,43,MENTIONS_LOCATION
1922,17,HAS_DATE
1922,72,HAS_DATE
1922,59,MENTIONS_DISEASE
1922,6,MENTIONS_PATHOGEN
1923,43,MENTIONS_LOCATION
1923,72,HAS_DATE
1923,59,MENTIONS_DISEASE
1923,6,MENTIONS_PATHOGEN
1924,43,MENTIONS_LOCATION
1924,72,HAS_DATE
1924,59,MENTIONS_DISEASE
1924,6,MENTIONS_PATHOGEN
1925,43,MENTIONS_LOCATION
1925,49,HAS_DATE
1925,112,HAS_DATE
1925,72,HAS_DATE
1925,59,MENTIONS_DISEASE
1925,6,MENTIONS_PATHOGEN
1926,43,MENTIONS_LOCATION
1926,72,HAS_DATE
1926,59,MENTIONS_DISEASE
1926,6,MENTIONS_PATHOGEN
1927,43,MENTIONS_LOCATION
1927,72,HAS_DATE
1927,113,MENTIONS_DISEASE
1927,114,MENTIONS_DISEASE
1927,59,MENTIONS_DISEASE
1927,6,MENTIONS_PATHOGEN
1928,43,MENTIONS_LOCATION
1928,72,HAS_DATE
1928,113,MENTIONS_DISEASE
1928,114,MENTIONS_DISEASE
1928,59,MENTIONS_DISEASE
1928,6,MENTIONS_PATHOGEN
1929,43,MENTIONS_LOCATION
1929,72,HAS_DATE
1929,59,MENTIONS_DISEASE
1929,6,MENTIONS_PATHOGEN
1930,43,MENTIONS_LOCATION
1930,72,HAS_DATE
1930,113,MENTIONS_DISEASE
1930,114,MENTIONS_DISEASE
1930,59,MENTIONS_DISEASE
1930,6,MENTIONS_PATHOGEN
1931,43,MENTIONS_LOCATION
1931,72,HAS_DATE
1931,59,MENTIONS_DISEASE
1931,6,MENTIONS_PATHOGEN
1932,43,MENTIONS_LOCATION
1932,81,HAS_DATE
1932,59,MENTIONS_DISEASE
1932,6,MENTIONS_PATHOGEN
1932,12,MENTIONS_ANIMAL
1933,43,MENTIONS_LOCATION
1933,72,HAS_DATE
1933,59,MENTIONS_DISEASE
1933,6,MENTIONS_PATHOGEN
1934,43,MENTIONS_LOCATION
1934,72,HAS_DATE
1934,59,MENTIONS_DISEASE
1934,6,MENTIONS_PATHOGEN
1935,43,MENTIONS_LOCATION
1935,72,HAS_DATE
1935,59,MENTIONS_DISEASE
1935,6,MENTIONS_PATHOGEN
1936,43,MENTIONS_LOCATION
1936,72,HAS_DATE
1936,59,MENTIONS_DISEASE
1936,6,MENTIONS_PATHOGEN
1937,43,MENTIONS_LOCATION
1937,81,HAS_DATE
1937,59,MENTIONS_DISEASE
1937,6,MENTIONS_PATHOGEN
1938,43,MENTIONS_LOCATION
1938,72,HAS_DATE
1938,59,MENTIONS_DISEASE
1938,6,MENTIONS_PATHOGEN
1939,43,MENTIONS_LOCATION
1939,83,HAS_DATE
1939,19,HAS_DATE
1939,72,HAS_DATE
1939,59,MENTIONS_DISEASE
1939,6,MENTIONS_PATHOGEN
1940,43,MENTIONS_LOCATION
1940,72,HAS_DATE
1940,59,MENTIONS_DISEASE
1940,6,MENTIONS_PATHOGEN
1940,12,MENTIONS_ANIMAL
1941,43,MENTIONS_LOCATION
1941,72,HAS_DATE
1941,59,MENTIONS_DISEASE
1941,6,MENTIONS_PATHOGEN
1942,43,MENTIONS_LOCATION
1942,72,HAS_DATE
1942,113,MENTIONS_DISEASE
1942,114,MENTIONS_DISEASE
1942,59,MENTIONS_DISEASE
1942,6,MENTIONS_PATHOGEN
1943,43,MENTIONS_LOCATION
1943,72,HAS_DATE
1943,59,MENTIONS_DISEASE
1943,6,MENTIONS_PATHOGEN
1943,232,MENTIONS_PATHOGEN
1944,43,MENTIONS_LOCATION
1944,73,HAS_DATE
1944,72,HAS_DATE
1944,59,MENTIONS_DISEASE
1944,6,MENTIONS_PATHOGEN
1945,43,MENTIONS_LOCATION
1945,72,HAS_DATE
1945,59,MENTIONS_DISEASE
1945,6,MENTIONS_PATHOGEN
1945,64,MENTIONS_ANIMAL
1946,43,MENTIONS_LOCATION
1946,73,HAS_DATE
1946,72,HAS_DATE
1946,59,MENTIONS_DISEASE
1946,6,MENTIONS_PATHOGEN
1947,43,MENTIONS_LOCATION
1947,72,HAS_DATE
1947,59,MENTIONS_DISEASE
1947,6,MENTIONS_PATHOGEN
1948,43,MENTIONS_LOCATION
1948,72,HAS_DATE
1948,59,MENTIONS_DISEASE
1948,6,MENTIONS_PATHOGEN
1948,60,MENTIONS_ANIMAL
1949,43,MENTIONS_LOCATION
1949,72,HAS_DATE
1949,59,MENTIONS_DISEASE
1949,6,MENTIONS_PATHOGEN
1950,43,MENTIONS_LOCATION
1950,44,HAS_DATE
1950,73,HAS_DATE
1950,72,HAS_DATE
1950,59,MENTIONS_DISEASE
1950,6,MENTIONS_PATHOGEN
1950,12,MENTIONS_ANIMAL
1951,43,MENTIONS_LOCATION
1951,72,HAS_DATE
1951,59,MENTIONS_DISEASE
1951,6,MENTIONS_PATHOGEN
1952,43,MENTIONS_LOCATION
1952,46,HAS_DATE
1952,72,HAS_DATE
1952,59,MENTIONS_DISEASE
1952,6,MENTIONS_PATHOGEN
1953,43,MENTIONS_LOCATION
1953,72,HAS_DATE
1953,59,MENTIONS_DISEASE
1953,6,MENTIONS_PATHOGEN
1954,43,MENTIONS_LOCATION
1954,72,HAS_DATE
1954,59,MENTIONS_DISEASE
1954,6,MENTIONS_PATHOGEN
1955,43,MENTIONS_LOCATION
1955,83,HAS_DATE
1955,46,HAS_DATE
1955,72,HAS_DATE
1955,59,MENTIONS_DISEASE
1955,6,MENTIONS_PATHOGEN
1956,43,MENTIONS_LOCATION
1956,32,HAS_DATE
1956,50,HAS_DATE
1956,72,HAS_DATE
1956,59,MENTIONS_DISEASE
1956,6,MENTIONS_PATHOGEN
1956,12,MENTIONS_ANIMAL
1957,43,MENTIONS_LOCATION
1957,17,HAS_DATE
1957,72,HAS_DATE
1957,59,MENTIONS_DISEASE
1957,6,MENTIONS_PATHOGEN
1957,232,MENTIONS_PATHOGEN
1958,43,MENTIONS_LOCATION
1958,72,HAS_DATE
1958,59,MENTIONS_DISEASE
1958,6,MENTIONS_PATHOGEN
1959,43,MENTIONS_LOCATION
1959,72,HAS_DATE
1959,59,MENTIONS_DISEASE
1959,6,MENTIONS_PATHOGEN
1959,12,MENTIONS_ANIMAL
1959,64,MENTIONS_ANIMAL
1960,43,MENTIONS_LOCATION
1960,73,HAS_DATE
1960,113,MENTIONS_DISEASE
1960,114,MENTIONS_DISEASE
1960,59,MENTIONS_DISEASE
1960,6,MENTIONS_PATHOGEN
1960,12,MENTIONS_ANIMAL
1961,43,MENTIONS_LOCATION
1961,72,HAS_DATE
1961,88,MENTIONS_DISEASE
1961,59,MENTIONS_DISEASE
1961,6,MENTIONS_PATHOGEN
1961,12,MENTIONS_ANIMAL
1962,43,MENTIONS_LOCATION
1962,73,HAS_DATE
1962,59,MENTIONS_DISEASE
1962,6,MENTIONS_PATHOGEN
1963,43,MENTIONS_LOCATION
1963,73,HAS_DATE
1963,113,MENTIONS_DISEASE
1963,114,MENTIONS_DISEASE
1963,59,MENTIONS_DISEASE
1963,6,MENTIONS_PATHOGEN
1963,12,MENTIONS_ANIMAL
1964,43,MENTIONS_LOCATION
1964,49,HAS_DATE
1964,112,HAS_DATE
1964,73,HAS_DATE
1964,59,MENTIONS_DISEASE
1964,6,MENTIONS_PATHOGEN
1965,78,MENTIONS_LOCATION
1965,103,HAS_DATE
1965,109,HAS_DATE
1965,130,HAS_DATE
1965,217,MENTIONS_DISEASE
1965,226,MENTIONS_DISEASE
1965,6,MENTIONS_PATHOGEN
1965,227,MENTIONS_ANIMAL
1966,130,HAS_DATE
1966,217,MENTIONS_DISEASE
1966,226,MENTIONS_DISEASE
1966,6,MENTIONS_PATHOGEN
1966,227,MENTIONS_ANIMAL
1967,78,MENTIONS_LOCATION
1967,72,HAS_DATE
1967,130,HAS_DATE
1967,217,MENTIONS_DISEASE
1967,226,MENTIONS_DISEASE
1967,6,MENTIONS_PATHOGEN
1967,227,MENTIONS_ANIMAL
1968,72,HAS_DATE
1968,130,HAS_DATE
1968,217,MENTIONS_DISEASE
1968,226,MENTIONS_DISEASE
1968,6,MENTIONS_PATHOGEN
1968,227,MENTIONS_ANIMAL
1969,91,MENTIONS_LOCATION
1969,81,HAS_DATE
1969,109,HAS_DATE
1969,130,HAS_DATE
1969,217,MENTIONS_DISEASE
1969,226,MENTIONS_DISEASE
1969,6,MENTIONS_PATHOGEN
1969,227,MENTIONS_ANIMAL
1970,130,HAS_DATE
1970,217,MENTIONS_DISEASE
1970,226,MENTIONS_DISEASE
1970,6,MENTIONS_PATHOGEN
1970,227,MENTIONS_ANIMAL
1971,130,HAS_DATE
1971,217,MENTIONS_DISEASE
1971,226,MENTIONS_DISEASE
1971,6,MENTIONS_PATHOGEN
1971,227,MENTIONS_ANIMAL
1972,72,HAS_DATE
1972,130,HAS_DATE
1972,217,MENTIONS_DISEASE
1972,226,MENTIONS_DISEASE
1972,6,MENTIONS_PATHOGEN
1972,227,MENTIONS_ANIMAL
1973,78,MENTIONS_LOCATION
1973,81,HAS_DATE
1973,103,HAS_DATE
1973,130,HAS_DATE
1973,217,MENTIONS_DISEASE
1973,226,MENTIONS_DISEASE
1973,6,MENTIONS_PATHOGEN
1973,227,MENTIONS_ANIMAL
1974,26,MENTIONS_LOCATION
1974,72,HAS_DATE
1974,109,HAS_DATE
1974,130,HAS_DATE
1974,217,MENTIONS_DISEASE
1974,226,MENTIONS_DISEASE
1974,6,MENTIONS_PATHOGEN
1974,227,MENTIONS_ANIMAL
1975,130,HAS_DATE
1975,217,MENTIONS_DISEASE
1975,226,MENTIONS_DISEASE
1975,6,MENTIONS_PATHOGEN
1975,227,MENTIONS_ANIMAL
1976,130,HAS_DATE
1976,217,MENTIONS_DISEASE
1976,226,MENTIONS_DISEASE
1976,6,MENTIONS_PATHOGEN
1976,227,MENTIONS_ANIMAL
1977,130,HAS_DATE
1977,217,MENTIONS_DISEASE
1977,226,MENTIONS_DISEASE
1977,6,MENTIONS_PATHOGEN
1977,227,MENTIONS_ANIMAL
1978,109,HAS_DATE
1978,130,HAS_DATE
1978,217,MENTIONS_DISEASE
1978,226,MENTIONS_DISEASE
1978,6,MENTIONS_PATHOGEN
1978,227,MENTIONS_ANIMAL
1979,241,MENTIONS_LOCATION
1979,72,HAS_DATE
1979,130,HAS_DATE
1979,217,MENTIONS_DISEASE
1979,226,MENTIONS_DISEASE
1979,6,MENTIONS_PATHOGEN
1979,227,MENTIONS_ANIMAL
1980,130,HAS_DATE
1980,217,MENTIONS_DISEASE
1980,226,MENTIONS_DISEASE
1980,6,MENTIONS_PATHOGEN
1980,227,MENTIONS_ANIMAL
1981,130,HAS_DATE
1981,217,MENTIONS_DISEASE
1981,226,MENTIONS_DISEASE
1981,6,MENTIONS_PATHOGEN
1981,227,MENTIONS_ANIMAL
1982,130,HAS_DATE
1982,217,MENTIONS_DISEASE
1982,226,MENTIONS_DISEASE
1982,6,MENTIONS_PATHOGEN
1982,227,MENTIONS_ANIMAL
1983,26,MENTIONS_LOCATION
1983,130,HAS_DATE
1983,217,MENTIONS_DISEASE
1983,226,MENTIONS_DISEASE
1983,6,MENTIONS_PATHOGEN
1983,227,MENTIONS_ANIMAL
1984,130,HAS_DATE
1984,217,MENTIONS_DISEASE
1984,226,MENTIONS_DISEASE
1984,6,MENTIONS_PATHOGEN
1984,227,MENTIONS_ANIMAL
1985,130,HAS_DATE
1985,217,MENTIONS_DISEASE
1985,226,MENTIONS_DISEASE
1985,6,MENTIONS_PATHOGEN
1985,227,MENTIONS_ANIMAL
1986,130,HAS_DATE
1986,217,MENTIONS_DISEASE
1986,226,MENTIONS_DISEASE
1986,6,MENTIONS_PATHOGEN
1986,227,MENTIONS_ANIMAL
1987,429,HAS_DATE
1987,109,HAS_DATE
1987,130,HAS_DATE
1987,217,MENTIONS_DISEASE
1987,226,MENTIONS_DISEASE
1987,6,MENTIONS_PATHOGEN
1987,227,MENTIONS_ANIMAL
1988,34,MENTIONS_LOCATION
1988,103,HAS_DATE
1988,109,HAS_DATE
1988,130,HAS_DATE
1988,217,MENTIONS_DISEASE
1988,226,MENTIONS_DISEASE
1988,6,MENTIONS_PATHOGEN
1988,227,MENTIONS_ANIMAL
1989,130,HAS_DATE
1989,217,MENTIONS_DISEASE
1989,226,MENTIONS_DISEASE
1989,6,MENTIONS_PATHOGEN
1989,227,MENTIONS_ANIMAL
1990,130,HAS_DATE
1990,217,MENTIONS_DISEASE
1990,226,MENTIONS_DISEASE
1990,6,MENTIONS_PATHOGEN
1990,227,MENTIONS_ANIMAL
1991,130,HAS_DATE
1991,217,MENTIONS_DISEASE
1991,226,MENTIONS_DISEASE
1991,6,MENTIONS_PATHOGEN
1991,227,MENTIONS_ANIMAL
1992,16,MENTIONS_LOCATION
1992,130,HAS_DATE
1992,217,MENTIONS_DISEASE
1992,226,MENTIONS_DISEASE
1992,6,MENTIONS_PATHOGEN
1992,227,MENTIONS_ANIMAL
1993,130,HAS_DATE
1993,217,MENTIONS_DISEASE
1993,226,MENTIONS_DISEASE
1993,6,MENTIONS_PATHOGEN
1993,12,MENTIONS_ANIMAL
1993,227,MENTIONS_ANIMAL
1994,130,HAS_DATE
1994,217,MENTIONS_DISEASE
1994,226,MENTIONS_DISEASE
1994,260,MENTIONS_DISEASE
1994,6,MENTIONS_PATHOGEN
1994,227,MENTIONS_ANIMAL
1995,130,HAS_DATE
1995,217,MENTIONS_DISEASE
1995,226,MENTIONS_DISEASE
1995,6,MENTIONS_PATHOGEN
1995,227,MENTIONS_ANIMAL
1996,103,HAS_DATE
1996,130,HAS_DATE
1996,217,MENTIONS_DISEASE
1996,226,MENTIONS_DISEASE
1996,6,MENTIONS_PATHOGEN
1996,227,MENTIONS_ANIMAL
1997,130,HAS_DATE
1997,217,MENTIONS_DISEASE
1997,226,MENTIONS_DISEASE
1997,6,MENTIONS_PATHOGEN
1997,227,MENTIONS_ANIMAL
1998,130,HAS_DATE
1998,217,MENTIONS_DISEASE
1998,226,MENTIONS_DISEASE
1998,6,MENTIONS_PATHOGEN
1998,126,MENTIONS_ANIMAL
1998,227,MENTIONS_ANIMAL
1999,130,HAS_DATE
1999,217,MENTIONS_DISEASE
1999,226,MENTIONS_DISEASE
1999,6,MENTIONS_PATHOGEN
1999,227,MENTIONS_ANIMAL
2000,130,HAS_DATE
2000,217,MENTIONS_DISEASE
2000,226,MENTIONS_DISEASE
2000,6,MENTIONS_PATHOGEN
2000,227,MENTIONS_ANIMAL
2001,26,MENTIONS_LOCATION
2001,81,HAS_DATE
2001,109,HAS_DATE
2001,130,HAS_DATE
2001,217,MENTIONS_DISEASE
2001,226,MENTIONS_DISEASE
2001,6,MENTIONS_PATHOGEN
2001,227,MENTIONS_ANIMAL
2002,130,HAS_DATE
2002,217,MENTIONS_DISEASE
2002,226,MENTIONS_DISEASE
2002,6,MENTIONS_PATHOGEN
2002,227,MENTIONS_ANIMAL
2003,130,HAS_DATE
2003,217,MENTIONS_DISEASE
2003,226,MENTIONS_DISEASE
2003,6,MENTIONS_PATHOGEN
2003,227,MENTIONS_ANIMAL
2004,109,HAS_DATE
2004,130,HAS_DATE
2004,217,MENTIONS_DISEASE
2004,226,MENTIONS_DISEASE
2004,6,MENTIONS_PATHOGEN
2004,227,MENTIONS_ANIMAL
2005,130,HAS_DATE
2005,217,MENTIONS_DISEASE
2005,226,MENTIONS_DISEASE
2005,6,MENTIONS_PATHOGEN
2005,227,MENTIONS_ANIMAL
2006,130,HAS_DATE
2006,217,MENTIONS_DISEASE
2006,226,MENTIONS_DISEASE
2006,6,MENTIONS_PATHOGEN
2006,227,MENTIONS_ANIMAL
2007,130,HAS_DATE
2007,217,MENTIONS_DISEASE
2007,226,MENTIONS_DISEASE
2007,6,MENTIONS_PATHOGEN
2007,227,MENTIONS_ANIMAL
2008,130,HAS_DATE
2008,217,MENTIONS_DISEASE
2008,226,MENTIONS_DISEASE
2008,6,MENTIONS_PATHOGEN
2008,227,MENTIONS_ANIMAL
2009,130,HAS_DATE
2009,217,MENTIONS_DISEASE
2009,226,MENTIONS_DISEASE
2009,6,MENTIONS_PATHOGEN
2009,227,MENTIONS_ANIMAL
2010,130,HAS_DATE
2010,217,MENTIONS_DISEASE
2010,226,MENTIONS_DISEASE
2010,6,MENTIONS_PATHOGEN
2010,227,MENTIONS_ANIMAL
2011,26,MENTIONS_LOCATION
2011,130,HAS_DATE
2011,217,MENTIONS_DISEASE
2011,226,MENTIONS_DISEASE
2011,6,MENTIONS_PATHOGEN
2011,227,MENTIONS_ANIMAL
2012,103,HAS_DATE
2012,130,HAS_DATE
2012,217,MENTIONS_DISEASE
2012,226,MENTIONS_DISEASE
2012,6,MENTIONS_PATHOGEN
2012,227,MENTIONS_ANIMAL
2013,103,HAS_DATE
2013,109,HAS_DATE
2013,130,HAS_DATE
2013,217,MENTIONS_DISEASE
2013,226,MENTIONS_DISEASE
2013,6,MENTIONS_PATHOGEN
2013,227,MENTIONS_ANIMAL
2014,130,HAS_DATE
2014,217,MENTIONS_DISEASE
2014,226,MENTIONS_DISEASE
2014,6,MENTIONS_PATHOGEN
2014,227,MENTIONS_ANIMAL
2015,130,HAS_DATE
2015,217,MENTIONS_DISEASE
2015,226,MENTIONS_DISEASE
2015,6,MENTIONS_PATHOGEN
2015,227,MENTIONS_ANIMAL
2016,103,HAS_DATE
2016,109,HAS_DATE
2016,130,HAS_DATE
2016,217,MENTIONS_DISEASE
2016,226,MENTIONS_DISEASE
2016,6,MENTIONS_PATHOGEN
2016,227,MENTIONS_ANIMAL
2017,130,HAS_DATE
2017,217,MENTIONS_DISEASE
2017,226,MENTIONS_DISEASE
2017,6,MENTIONS_PATHOGEN
2017,227,MENTIONS_ANIMAL
2018,130,HAS_DATE
2018,217,MENTIONS_DISEASE
2018,226,MENTIONS_DISEASE
2018,6,MENTIONS_PATHOGEN
2018,227,MENTIONS_ANIMAL
2019,130,HAS_DATE
2019,217,MENTIONS_DISEASE
2019,226,MENTIONS_DISEASE
2019,6,MENTIONS_PATHOGEN
2019,227,MENTIONS_ANIMAL
2020,130,HAS_DATE
2020,217,MENTIONS_DISEASE
2020,226,MENTIONS_DISEASE
2020,6,MENTIONS_PATHOGEN
2020,227,MENTIONS_ANIMAL
2021,78,MENTIONS_LOCATION
2021,72,HAS_DATE
2021,130,HAS_DATE
2021,217,MENTIONS_DISEASE
2021,226,MENTIONS_DISEASE
2021,6,MENTIONS_PATHOGEN
2021,63,MENTIONS_ANIMAL
2021,227,MENTIONS_ANIMAL
2022,130,HAS_DATE
2022,217,MENTIONS_DISEASE
2022,226,MENTIONS_DISEASE
2022,6,MENTIONS_PATHOGEN
2022,227,MENTIONS_ANIMAL
2023,26,MENTIONS_LOCATION
2023,81,HAS_DATE
2023,130,HAS_DATE
2023,217,MENTIONS_DISEASE
2023,226,MENTIONS_DISEASE
2023,6,MENTIONS_PATHOGEN
2023,227,MENTIONS_ANIMAL
2024,26,MENTIONS_LOCATION
2024,72,HAS_DATE
2024,109,HAS_DATE
2024,130,HAS_DATE
2024,217,MENTIONS_DISEASE
2024,226,MENTIONS_DISEASE
2024,6,MENTIONS_PATHOGEN
2024,227,MENTIONS_ANIMAL
2025,26,MENTIONS_LOCATION
2025,130,HAS_DATE
2025,217,MENTIONS_DISEASE
2025,226,MENTIONS_DISEASE
2025,6,MENTIONS_PATHOGEN
2025,227,MENTIONS_ANIMAL
2026,130,HAS_DATE
2026,217,MENTIONS_DISEASE
2026,226,MENTIONS_DISEASE
2026,6,MENTIONS_PATHOGEN
2026,227,MENTIONS_ANIMAL
2027,130,HAS_DATE
2027,217,MENTIONS_DISEASE
2027,226,MENTIONS_DISEASE
2027,6,MENTIONS_PATHOGEN
2027,227,MENTIONS_ANIMAL
2028,130,HAS_DATE
2028,217,MENTIONS_DISEASE
2028,226,MENTIONS_DISEASE
2028,6,MENTIONS_PATHOGEN
2028,227,MENTIONS_ANIMAL
2029,109,HAS_DATE
2029,130,HAS_DATE
2029,217,MENTIONS_DISEASE
2029,226,MENTIONS_DISEASE
2029,6,MENTIONS_PATHOGEN
2029,227,MENTIONS_ANIMAL
2030,130,HAS_DATE
2030,217,MENTIONS_DISEASE
2030,226,MENTIONS_DISEASE
2030,6,MENTIONS_PATHOGEN
2030,227,MENTIONS_ANIMAL
2031,109,HAS_DATE
2031,130,HAS_DATE
2031,217,MENTIONS_DISEASE
2031,226,MENTIONS_DISEASE
2031,6,MENTIONS_PATHOGEN
2031,227,MENTIONS_ANIMAL
2032,130,HAS_DATE
2032,217,MENTIONS_DISEASE
2032,226,MENTIONS_DISEASE
2032,6,MENTIONS_PATHOGEN
2032,227,MENTIONS_ANIMAL
2033,130,HAS_DATE
2033,217,MENTIONS_DISEASE
2033,226,MENTIONS_DISEASE
2033,6,MENTIONS_PATHOGEN
2033,227,MENTIONS_ANIMAL
2034,130,HAS_DATE
2034,217,MENTIONS_DISEASE
2034,226,MENTIONS_DISEASE
2034,6,MENTIONS_PATHOGEN
2034,227,MENTIONS_ANIMAL
2035,130,HAS_DATE
2035,217,MENTIONS_DISEASE
2035,226,MENTIONS_DISEASE
2035,6,MENTIONS_PATHOGEN
2035,227,MENTIONS_ANIMAL
2036,130,HAS_DATE
2036,217,MENTIONS_DISEASE
2036,226,MENTIONS_DISEASE
2036,6,MENTIONS_PATHOGEN
2036,227,MENTIONS_ANIMAL
2037,109,HAS_DATE
2037,130,HAS_DATE
2037,217,MENTIONS_DISEASE
2037,226,MENTIONS_DISEASE
2037,6,MENTIONS_PATHOGEN
2037,227,MENTIONS_ANIMAL
2038,34,MENTIONS_LOCATION
2038,103,HAS_DATE
2038,109,HAS_DATE
2038,130,HAS_DATE
2038,217,MENTIONS_DISEASE
2038,226,MENTIONS_DISEASE
2038,6,MENTIONS_PATHOGEN
2038,227,MENTIONS_ANIMAL
2039,77,MENTIONS_LOCATION
2039,130,HAS_DATE
2039,217,MENTIONS_DISEASE
2039,226,MENTIONS_DISEASE
2039,6,MENTIONS_PATHOGEN
2039,227,MENTIONS_ANIMAL
2040,79,MENTIONS_LOCATION
2040,130,HAS_DATE
2040,217,MENTIONS_DISEASE
2040,226,MENTIONS_DISEASE
2040,6,MENTIONS_PATHOGEN
2040,227,MENTIONS_ANIMAL
2041,130,HAS_DATE
2041,217,MENTIONS_DISEASE
2041,226,MENTIONS_DISEASE
2041,6,MENTIONS_PATHOGEN
2041,227,MENTIONS_ANIMAL
2042,130,HAS_DATE
2042,217,MENTIONS_DISEASE
2042,226,MENTIONS_DISEASE
2042,6,MENTIONS_PATHOGEN
2042,12,MENTIONS_ANIMAL
2042,227,MENTIONS_ANIMAL
2043,130,HAS_DATE
2043,217,MENTIONS_DISEASE
2043,226,MENTIONS_DISEASE
2043,6,MENTIONS_PATHOGEN
2043,227,MENTIONS_ANIMAL
2044,130,HAS_DATE
2044,217,MENTIONS_DISEASE
2044,226,MENTIONS_DISEASE
2044,6,MENTIONS_PATHOGEN
2044,227,MENTIONS_ANIMAL
2045,130,HAS_DATE
2045,217,MENTIONS_DISEASE
2045,226,MENTIONS_DISEASE
2045,6,MENTIONS_PATHOGEN
2045,227,MENTIONS_ANIMAL
2046,130,HAS_DATE
2046,217,MENTIONS_DISEASE
2046,226,MENTIONS_DISEASE
2046,6,MENTIONS_PATHOGEN
2046,227,MENTIONS_ANIMAL
2047,130,HAS_DATE
2047,113,MENTIONS_DISEASE
2047,114,MENTIONS_DISEASE
2047,217,MENTIONS_DISEASE
2047,226,MENTIONS_DISEASE
2047,6,MENTIONS_PATHOGEN
2047,227,MENTIONS_ANIMAL
2048,109,HAS_DATE
2048,130,HAS_DATE
2048,217,MENTIONS_DISEASE
2048,226,MENTIONS_DISEASE
2048,6,MENTIONS_PATHOGEN
2048,227,MENTIONS_ANIMAL
2049,130,HAS_DATE
2049,217,MENTIONS_DISEASE
2049,226,MENTIONS_DISEASE
2049,6,MENTIONS_PATHOGEN
2049,227,MENTIONS_ANIMAL
2050,130,HAS_DATE
2050,217,MENTIONS_DISEASE
2050,226,MENTIONS_DISEASE
2050,6,MENTIONS_PATHOGEN
2050,227,MENTIONS_ANIMAL
2051,130,HAS_DATE
2051,217,MENTIONS_DISEASE
2051,226,MENTIONS_DISEASE
2051,6,MENTIONS_PATHOGEN
2051,227,MENTIONS_ANIMAL
2052,130,HAS_DATE
2052,217,MENTIONS_DISEASE
2052,226,MENTIONS_DISEASE
2052,6,MENTIONS_PATHOGEN
2052,12,MENTIONS_ANIMAL
2052,227,MENTIONS_ANIMAL
2053,130,HAS_DATE
2053,217,MENTIONS_DISEASE
2053,226,MENTIONS_DISEASE
2053,6,MENTIONS_PATHOGEN
2053,12,MENTIONS_ANIMAL
2053,227,MENTIONS_ANIMAL
2054,130,HAS_DATE
2054,217,MENTIONS_DISEASE
2054,226,MENTIONS_DISEASE
2054,6,MENTIONS_PATHOGEN
2054,126,MENTIONS_ANIMAL
2054,135,MENTIONS_ANIMAL
2054,227,MENTIONS_ANIMAL
2055,130,HAS_DATE
2055,217,MENTIONS_DISEASE
2055,226,MENTIONS_DISEASE
2055,6,MENTIONS_PATHOGEN
2055,227,MENTIONS_ANIMAL
2056,26,MENTIONS_LOCATION
2056,130,HAS_DATE
2056,217,MENTIONS_DISEASE
2056,226,MENTIONS_DISEASE
2056,6,MENTIONS_PATHOGEN
2056,227,MENTIONS_ANIMAL
2057,17,HAS_DATE
2057,103,HAS_DATE
2057,130,HAS_DATE
2057,217,MENTIONS_DISEASE
2057,226,MENTIONS_DISEASE
2057,6,MENTIONS_PATHOGEN
2057,227,MENTIONS_ANIMAL
2058,130,HAS_DATE
2058,217,MENTIONS_DISEASE
2058,226,MENTIONS_DISEASE
2058,6,MENTIONS_PATHOGEN
2058,227,MENTIONS_ANIMAL
2059,103,HAS_DATE
2059,130,HAS_DATE
2059,217,MENTIONS_DISEASE
2059,226,MENTIONS_DISEASE
2059,6,MENTIONS_PATHOGEN
2059,10,MENTIONS_ANIMAL
2059,227,MENTIONS_ANIMAL
2060,130,HAS_DATE
2060,217,MENTIONS_DISEASE
2060,226,MENTIONS_DISEASE
2060,6,MENTIONS_PATHOGEN
2060,227,MENTIONS_ANIMAL
2061,109,HAS_DATE
2061,217,MENTIONS_DISEASE
2061,226,MENTIONS_DISEASE
2061,6,MENTIONS_PATHOGEN
2061,227,MENTIONS_ANIMAL
2062,130,HAS_DATE
2062,217,MENTIONS_DISEASE
2062,226,MENTIONS_DISEASE
2062,6,MENTIONS_PATHOGEN
2062,227,MENTIONS_ANIMAL
2063,130,HAS_DATE
2063,217,MENTIONS_DISEASE
2063,226,MENTIONS_DISEASE
2063,6,MENTIONS_PATHOGEN
2063,12,MENTIONS_ANIMAL
2063,227,MENTIONS_ANIMAL
2064,130,HAS_DATE
2064,217,MENTIONS_DISEASE
2064,226,MENTIONS_DISEASE
2064,6,MENTIONS_PATHOGEN
2064,151,MENTIONS_ANIMAL
2064,12,MENTIONS_ANIMAL
2064,227,MENTIONS_ANIMAL
2065,72,HAS_DATE
2065,103,HAS_DATE
2065,109,HAS_DATE
2065,217,MENTIONS_DISEASE
2065,226,MENTIONS_DISEASE
2065,6,MENTIONS_PATHOGEN
2065,227,MENTIONS_ANIMAL
2066,130,HAS_DATE
2066,217,MENTIONS_DISEASE
2066,226,MENTIONS_DISEASE
2066,6,MENTIONS_PATHOGEN
2066,227,MENTIONS_ANIMAL
2067,130,HAS_DATE
2067,217,MENTIONS_DISEASE
2067,226,MENTIONS_DISEASE
2067,6,MENTIONS_PATHOGEN
2067,227,MENTIONS_ANIMAL
2068,130,HAS_DATE
2068,217,MENTIONS_DISEASE
2068,226,MENTIONS_DISEASE
2068,6,MENTIONS_PATHOGEN
2068,227,MENTIONS_ANIMAL
2069,130,HAS_DATE
2069,217,MENTIONS_DISEASE
2069,226,MENTIONS_DISEASE
2069,6,MENTIONS_PATHOGEN
2069,227,MENTIONS_ANIMAL
2070,130,HAS_DATE
2070,217,MENTIONS_DISEASE
2070,226,MENTIONS_DISEASE
2070,6,MENTIONS_PATHOGEN
2070,227,MENTIONS_ANIMAL
2071,130,HAS_DATE
2071,217,MENTIONS_DISEASE
2071,226,MENTIONS_DISEASE
2071,6,MENTIONS_PATHOGEN
2071,227,MENTIONS_ANIMAL
2072,130,HAS_DATE
2072,217,MENTIONS_DISEASE
2072,226,MENTIONS_DISEASE
2072,6,MENTIONS_PATHOGEN
2072,227,MENTIONS_ANIMAL
2073,130,HAS_DATE
2073,217,MENTIONS_DISEASE
2073,226,MENTIONS_DISEASE
2073,6,MENTIONS_PATHOGEN
2073,227,MENTIONS_ANIMAL
2074,130,HAS_DATE
2074,217,MENTIONS_DISEASE
2074,226,MENTIONS_DISEASE
2074,6,MENTIONS_PATHOGEN
2074,227,MENTIONS_ANIMAL
2075,130,HAS_DATE
2075,217,MENTIONS_DISEASE
2075,226,MENTIONS_DISEASE
2075,6,MENTIONS_PATHOGEN
2075,227,MENTIONS_ANIMAL
2076,130,HAS_DATE
2076,217,MENTIONS_DISEASE
2076,226,MENTIONS_DISEASE
2076,6,MENTIONS_PATHOGEN
2076,227,MENTIONS_ANIMAL
2077,130,HAS_DATE
2077,217,MENTIONS_DISEASE
2077,226,MENTIONS_DISEASE
2077,6,MENTIONS_PATHOGEN
2077,227,MENTIONS_ANIMAL
2078,130,HAS_DATE
2078,217,MENTIONS_DISEASE
2078,226,MENTIONS_DISEASE
2078,6,MENTIONS_PATHOGEN
2078,12,MENTIONS_ANIMAL
2078,227,MENTIONS_ANIMAL
2079,109,HAS_DATE
2079,130,HAS_DATE
2079,217,MENTIONS_DISEASE
2079,226,MENTIONS_DISEASE
2079,6,MENTIONS_PATHOGEN
2079,227,MENTIONS_ANIMAL
2080,130,HAS_DATE
2080,217,MENTIONS_DISEASE
2080,226,MENTIONS_DISEASE
2080,6,MENTIONS_PATHOGEN
2080,227,MENTIONS_ANIMAL
2081,130,HAS_DATE
2081,217,MENTIONS_DISEASE
2081,226,MENTIONS_DISEASE
2081,6,MENTIONS_PATHOGEN
2081,227,MENTIONS_ANIMAL
2082,103,HAS_DATE
2082,49,HAS_DATE
2082,130,HAS_DATE
2082,217,MENTIONS_DISEASE
2082,226,MENTIONS_DISEASE
2082,6,MENTIONS_PATHOGEN
2082,227,MENTIONS_ANIMAL
2083,81,HAS_DATE
2083,103,HAS_DATE
2083,130,HAS_DATE
2083,217,MENTIONS_DISEASE
2083,226,MENTIONS_DISEASE
2083,6,MENTIONS_PATHOGEN
2083,227,MENTIONS_ANIMAL
2084,109,HAS_DATE
2084,130,HAS_DATE
2084,217,MENTIONS_DISEASE
2084,226,MENTIONS_DISEASE
2084,6,MENTIONS_PATHOGEN
2084,227,MENTIONS_ANIMAL
2085,130,HAS_DATE
2085,217,MENTIONS_DISEASE
2085,226,MENTIONS_DISEASE
2085,6,MENTIONS_PATHOGEN
2085,227,MENTIONS_ANIMAL
2086,130,HAS_DATE
2086,217,MENTIONS_DISEASE
2086,226,MENTIONS_DISEASE
2086,6,MENTIONS_PATHOGEN
2086,227,MENTIONS_ANIMAL
2087,75,MENTIONS_LOCATION
2087,130,HAS_DATE
2087,217,MENTIONS_DISEASE
2087,226,MENTIONS_DISEASE
2087,6,MENTIONS_PATHOGEN
2087,227,MENTIONS_ANIMAL
2088,130,HAS_DATE
2088,217,MENTIONS_DISEASE
2088,226,MENTIONS_DISEASE
2088,6,MENTIONS_PATHOGEN
2088,227,MENTIONS_ANIMAL
2089,130,HAS_DATE
2089,217,MENTIONS_DISEASE
2089,226,MENTIONS_DISEASE
2089,6,MENTIONS_PATHOGEN
2089,227,MENTIONS_ANIMAL
2090,130,HAS_DATE
2090,217,MENTIONS_DISEASE
2090,226,MENTIONS_DISEASE
2090,6,MENTIONS_PATHOGEN
2090,227,MENTIONS_ANIMAL
2091,130,HAS_DATE
2091,217,MENTIONS_DISEASE
2091,226,MENTIONS_DISEASE
2091,6,MENTIONS_PATHOGEN
2091,12,MENTIONS_ANIMAL
2091,227,MENTIONS_ANIMAL
2092,109,HAS_DATE
2092,217,MENTIONS_DISEASE
2092,226,MENTIONS_DISEASE
2092,6,MENTIONS_PATHOGEN
2092,227,MENTIONS_ANIMAL
2093,72,HAS_DATE
2093,130,HAS_DATE
2093,217,MENTIONS_DISEASE
2093,226,MENTIONS_DISEASE
2093,6,MENTIONS_PATHOGEN
2093,227,MENTIONS_ANIMAL
2094,130,HAS_DATE
2094,217,MENTIONS_DISEASE
2094,226,MENTIONS_DISEASE
2094,6,MENTIONS_PATHOGEN
2094,227,MENTIONS_ANIMAL
2095,130,HAS_DATE
2095,217,MENTIONS_DISEASE
2095,226,MENTIONS_DISEASE
2095,6,MENTIONS_PATHOGEN
2095,12,MENTIONS_ANIMAL
2095,227,MENTIONS_ANIMAL
2096,109,HAS_DATE
2096,217,MENTIONS_DISEASE
2096,226,MENTIONS_DISEASE
2096,6,MENTIONS_PATHOGEN
2096,227,MENTIONS_ANIMAL
2097,109,HAS_DATE
2097,217,MENTIONS_DISEASE
2097,226,MENTIONS_DISEASE
2097,6,MENTIONS_PATHOGEN
2097,227,MENTIONS_ANIMAL
2098,130,HAS_DATE
2098,217,MENTIONS_DISEASE
2098,226,MENTIONS_DISEASE
2098,6,MENTIONS_PATHOGEN
2098,227,MENTIONS_ANIMAL
2099,83,HAS_DATE
2099,109,HAS_DATE
2099,217,MENTIONS_DISEASE
2099,226,MENTIONS_DISEASE
2099,6,MENTIONS_PATHOGEN
2099,227,MENTIONS_ANIMAL
2100,130,HAS_DATE
2100,217,MENTIONS_DISEASE
2100,226,MENTIONS_DISEASE
2100,6,MENTIONS_PATHOGEN
2100,227,MENTIONS_ANIMAL
2101,109,HAS_DATE
2101,217,MENTIONS_DISEASE
2101,226,MENTIONS_DISEASE
2101,6,MENTIONS_PATHOGEN
2101,227,MENTIONS_ANIMAL
2102,103,HAS_DATE
2102,109,HAS_DATE
2102,217,MENTIONS_DISEASE
2102,226,MENTIONS_DISEASE
2102,6,MENTIONS_PATHOGEN
2102,227,MENTIONS_ANIMAL
2103,109,HAS_DATE
2103,217,MENTIONS_DISEASE
2103,226,MENTIONS_DISEASE
2103,6,MENTIONS_PATHOGEN
2103,227,MENTIONS_ANIMAL
2104,34,MENTIONS_LOCATION
2104,130,HAS_DATE
2104,217,MENTIONS_DISEASE
2104,226,MENTIONS_DISEASE
2104,6,MENTIONS_PATHOGEN
2104,227,MENTIONS_ANIMAL
2105,130,HAS_DATE
2105,217,MENTIONS_DISEASE
2105,226,MENTIONS_DISEASE
2105,6,MENTIONS_PATHOGEN
2105,227,MENTIONS_ANIMAL
2106,109,HAS_DATE
2106,217,MENTIONS_DISEASE
2106,226,MENTIONS_DISEASE
2106,6,MENTIONS_PATHOGEN
2106,12,MENTIONS_ANIMAL
2106,227,MENTIONS_ANIMAL
2107,109,HAS_DATE
2107,217,MENTIONS_DISEASE
2107,226,MENTIONS_DISEASE
2107,6,MENTIONS_PATHOGEN
2107,227,MENTIONS_ANIMAL
2108,43,MENTIONS_LOCATION
2108,109,HAS_DATE
2108,217,MENTIONS_DISEASE
2108,226,MENTIONS_DISEASE
2108,6,MENTIONS_PATHOGEN
2108,227,MENTIONS_ANIMAL
2109,130,HAS_DATE
2109,217,MENTIONS_DISEASE
2109,226,MENTIONS_DISEASE
2109,6,MENTIONS_PATHOGEN
2109,60,MENTIONS_ANIMAL
2109,227,MENTIONS_ANIMAL
2110,109,HAS_DATE
2110,217,MENTIONS_DISEASE
2110,226,MENTIONS_DISEASE
2110,6,MENTIONS_PATHOGEN
2110,227,MENTIONS_ANIMAL
2111,109,HAS_DATE
2111,217,MENTIONS_DISEASE
2111,226,MENTIONS_DISEASE
2111,6,MENTIONS_PATHOGEN
2111,12,MENTIONS_ANIMAL
2111,227,MENTIONS_ANIMAL
2112,130,HAS_DATE
2112,217,MENTIONS_DISEASE
2112,226,MENTIONS_DISEASE
2112,6,MENTIONS_PATHOGEN
2112,227,MENTIONS_ANIMAL
2113,103,HAS_DATE
2113,130,HAS_DATE
2113,217,MENTIONS_DISEASE
2113,226,MENTIONS_DISEASE
2113,6,MENTIONS_PATHOGEN
2113,227,MENTIONS_ANIMAL
2114,79,MENTIONS_LOCATION
2114,109,HAS_DATE
2114,217,MENTIONS_DISEASE
2114,226,MENTIONS_DISEASE
2114,6,MENTIONS_PATHOGEN
2114,227,MENTIONS_ANIMAL
2115,109,HAS_DATE
2115,217,MENTIONS_DISEASE
2115,226,MENTIONS_DISEASE
2115,6,MENTIONS_PATHOGEN
2115,227,MENTIONS_ANIMAL
2116,109,HAS_DATE
2116,217,MENTIONS_DISEASE
2116,226,MENTIONS_DISEASE
2116,6,MENTIONS_PATHOGEN
2116,227,MENTIONS_ANIMAL
2117,43,MENTIONS_LOCATION
2117,109,HAS_DATE
2117,217,MENTIONS_DISEASE
2117,226,MENTIONS_DISEASE
2117,6,MENTIONS_PATHOGEN
2117,227,MENTIONS_ANIMAL
2118,109,HAS_DATE
2118,217,MENTIONS_DISEASE
2118,226,MENTIONS_DISEASE
2118,6,MENTIONS_PATHOGEN
2118,227,MENTIONS_ANIMAL
2119,130,HAS_DATE
2119,217,MENTIONS_DISEASE
2119,226,MENTIONS_DISEASE
2119,6,MENTIONS_PATHOGEN
2119,227,MENTIONS_ANIMAL
2120,72,HAS_DATE
2120,109,HAS_DATE
2120,217,MENTIONS_DISEASE
2120,226,MENTIONS_DISEASE
2120,6,MENTIONS_PATHOGEN
2120,227,MENTIONS_ANIMAL
2121,109,HAS_DATE
2121,217,MENTIONS_DISEASE
2121,226,MENTIONS_DISEASE
2121,6,MENTIONS_PATHOGEN
2121,227,MENTIONS_ANIMAL
2122,109,HAS_DATE
2122,217,MENTIONS_DISEASE
2122,226,MENTIONS_DISEASE
2122,6,MENTIONS_PATHOGEN
2122,227,MENTIONS_ANIMAL
2123,109,HAS_DATE
2123,217,MENTIONS_DISEASE
2123,226,MENTIONS_DISEASE
2123,6,MENTIONS_PATHOGEN
2123,227,MENTIONS_ANIMAL
2124,109,HAS_DATE
2124,217,MENTIONS_DISEASE
2124,226,MENTIONS_DISEASE
2124,6,MENTIONS_PATHOGEN
2124,227,MENTIONS_ANIMAL
2125,109,HAS_DATE
2125,217,MENTIONS_DISEASE
2125,226,MENTIONS_DISEASE
2125,6,MENTIONS_PATHOGEN
2125,227,MENTIONS_ANIMAL
2126,109,HAS_DATE
2126,217,MENTIONS_DISEASE
2126,226,MENTIONS_DISEASE
2126,6,MENTIONS_PATHOGEN
2126,227,MENTIONS_ANIMAL
2127,103,HAS_DATE
2127,109,HAS_DATE
2127,217,MENTIONS_DISEASE
2127,226,MENTIONS_DISEASE
2127,6,MENTIONS_PATHOGEN
2127,227,MENTIONS_ANIMAL
2128,109,HAS_DATE
2128,217,MENTIONS_DISEASE
2128,226,MENTIONS_DISEASE
2128,6,MENTIONS_PATHOGEN
2128,227,MENTIONS_ANIMAL
2129,109,HAS_DATE
2129,217,MENTIONS_DISEASE
2129,226,MENTIONS_DISEASE
2129,6,MENTIONS_PATHOGEN
2129,227,MENTIONS_ANIMAL
2130,34,MENTIONS_LOCATION
2130,109,HAS_DATE
2130,217,MENTIONS_DISEASE
2130,226,MENTIONS_DISEASE
2130,6,MENTIONS_PATHOGEN
2130,227,MENTIONS_ANIMAL
2131,109,HAS_DATE
2131,217,MENTIONS_DISEASE
2131,226,MENTIONS_DISEASE
2131,6,MENTIONS_PATHOGEN
2131,227,MENTIONS_ANIMAL
2132,103,HAS_DATE
2132,130,HAS_DATE
2132,217,MENTIONS_DISEASE
2132,226,MENTIONS_DISEASE
2132,6,MENTIONS_PATHOGEN
2132,12,MENTIONS_ANIMAL
2132,227,MENTIONS_ANIMAL
2133,109,HAS_DATE
2133,217,MENTIONS_DISEASE
2133,226,MENTIONS_DISEASE
2133,6,MENTIONS_PATHOGEN
2133,227,MENTIONS_ANIMAL
2134,130,HAS_DATE
2134,217,MENTIONS_DISEASE
2134,226,MENTIONS_DISEASE
2134,6,MENTIONS_PATHOGEN
2134,227,MENTIONS_ANIMAL
2135,109,HAS_DATE
2135,217,MENTIONS_DISEASE
2135,226,MENTIONS_DISEASE
2135,6,MENTIONS_PATHOGEN
2135,12,MENTIONS_ANIMAL
2135,227,MENTIONS_ANIMAL
2136,109,HAS_DATE
2136,217,MENTIONS_DISEASE
2136,226,MENTIONS_DISEASE
2136,6,MENTIONS_PATHOGEN
2136,227,MENTIONS_ANIMAL
2137,109,HAS_DATE
2137,217,MENTIONS_DISEASE
2137,226,MENTIONS_DISEASE
2137,6,MENTIONS_PATHOGEN
2137,227,MENTIONS_ANIMAL
2138,109,HAS_DATE
2138,217,MENTIONS_DISEASE
2138,226,MENTIONS_DISEASE
2138,6,MENTIONS_PATHOGEN
2138,227,MENTIONS_ANIMAL
2139,109,HAS_DATE
2139,217,MENTIONS_DISEASE
2139,226,MENTIONS_DISEASE
2139,6,MENTIONS_PATHOGEN
2139,227,MENTIONS_ANIMAL
2140,109,HAS_DATE
2140,217,MENTIONS_DISEASE
2140,226,MENTIONS_DISEASE
2140,6,MENTIONS_PATHOGEN
2140,227,MENTIONS_ANIMAL
2141,109,HAS_DATE
2141,217,MENTIONS_DISEASE
2141,226,MENTIONS_DISEASE
2141,6,MENTIONS_PATHOGEN
2141,227,MENTIONS_ANIMAL
2142,109,HAS_DATE
2142,217,MENTIONS_DISEASE
2142,226,MENTIONS_DISEASE
2142,6,MENTIONS_PATHOGEN
2142,227,MENTIONS_ANIMAL
2143,72,HAS_DATE
2143,109,HAS_DATE
2143,217,MENTIONS_DISEASE
2143,226,MENTIONS_DISEASE
2143,6,MENTIONS_PATHOGEN
2143,227,MENTIONS_ANIMAL
2144,130,HAS_DATE
2144,217,MENTIONS_DISEASE
2144,226,MENTIONS_DISEASE
2144,6,MENTIONS_PATHOGEN
2144,227,MENTIONS_ANIMAL
2145,109,HAS_DATE
2145,217,MENTIONS_DISEASE
2145,226,MENTIONS_DISEASE
2145,6,MENTIONS_PATHOGEN
2145,227,MENTIONS_ANIMAL
2146,109,HAS_DATE
2146,217,MENTIONS_DISEASE
2146,226,MENTIONS_DISEASE
2146,6,MENTIONS_PATHOGEN
2146,227,MENTIONS_ANIMAL
2147,109,HAS_DATE
2147,217,MENTIONS_DISEASE
2147,226,MENTIONS_DISEASE
2147,6,MENTIONS_PATHOGEN
2147,227,MENTIONS_ANIMAL
2148,109,HAS_DATE
2148,217,MENTIONS_DISEASE
2148,226,MENTIONS_DISEASE
2148,6,MENTIONS_PATHOGEN
2148,227,MENTIONS_ANIMAL
2149,109,HAS_DATE
2149,217,MENTIONS_DISEASE
2149,226,MENTIONS_DISEASE
2149,6,MENTIONS_PATHOGEN
2149,227,MENTIONS_ANIMAL
2150,109,HAS_DATE
2150,217,MENTIONS_DISEASE
2150,226,MENTIONS_DISEASE
2150,6,MENTIONS_PATHOGEN
2150,227,MENTIONS_ANIMAL
2151,26,MENTIONS_LOCATION
2151,81,HAS_DATE
2151,103,HAS_DATE
2151,109,HAS_DATE
2151,217,MENTIONS_DISEASE
2151,226,MENTIONS_DISEASE
2151,6,MENTIONS_PATHOGEN
2151,227,MENTIONS_ANIMAL
2152,72,HAS_DATE
2152,109,HAS_DATE
2152,217,MENTIONS_DISEASE
2152,226,MENTIONS_DISEASE
2152,6,MENTIONS_PATHOGEN
2152,12,MENTIONS_ANIMAL
2152,227,MENTIONS_ANIMAL
2153,109,HAS_DATE
2153,217,MENTIONS_DISEASE
2153,226,MENTIONS_DISEASE
2153,6,MENTIONS_PATHOGEN
2153,227,MENTIONS_ANIMAL
2154,130,HAS_DATE
2154,217,MENTIONS_DISEASE
2154,226,MENTIONS_DISEASE
2154,6,MENTIONS_PATHOGEN
2154,227,MENTIONS_ANIMAL
2155,26,MENTIONS_LOCATION
2155,81,HAS_DATE
2155,109,HAS_DATE
2155,217,MENTIONS_DISEASE
2155,226,MENTIONS_DISEASE
2155,6,MENTIONS_PATHOGEN
2155,227,MENTIONS_ANIMAL
2156,72,HAS_DATE
2156,109,HAS_DATE
2156,217,MENTIONS_DISEASE
2156,226,MENTIONS_DISEASE
2156,6,MENTIONS_PATHOGEN
2156,227,MENTIONS_ANIMAL
2157,109,HAS_DATE
2157,217,MENTIONS_DISEASE
2157,226,MENTIONS_DISEASE
2157,6,MENTIONS_PATHOGEN
2157,227,MENTIONS_ANIMAL
2158,77,MENTIONS_LOCATION
2158,109,HAS_DATE
2158,217,MENTIONS_DISEASE
2158,226,MENTIONS_DISEASE
2158,6,MENTIONS_PATHOGEN
2158,227,MENTIONS_ANIMAL
2159,109,HAS_DATE
2159,217,MENTIONS_DISEASE
2159,226,MENTIONS_DISEASE
2159,6,MENTIONS_PATHOGEN
2159,227,MENTIONS_ANIMAL
2160,109,HAS_DATE
2160,217,MENTIONS_DISEASE
2160,226,MENTIONS_DISEASE
2160,6,MENTIONS_PATHOGEN
2160,227,MENTIONS_ANIMAL
2161,130,HAS_DATE
2161,217,MENTIONS_DISEASE
2161,226,MENTIONS_DISEASE
2161,6,MENTIONS_PATHOGEN
2161,227,MENTIONS_ANIMAL
2162,109,HAS_DATE
2162,217,MENTIONS_DISEASE
2162,226,MENTIONS_DISEASE
2162,6,MENTIONS_PATHOGEN
2162,227,MENTIONS_ANIMAL
2163,109,HAS_DATE
2163,217,MENTIONS_DISEASE
2163,226,MENTIONS_DISEASE
2163,6,MENTIONS_PATHOGEN
2163,227,MENTIONS_ANIMAL
2164,72,HAS_DATE
2164,109,HAS_DATE
2164,217,MENTIONS_DISEASE
2164,226,MENTIONS_DISEASE
2164,6,MENTIONS_PATHOGEN
2164,227,MENTIONS_ANIMAL
2165,43,MENTIONS_LOCATION
2165,109,HAS_DATE
2165,217,MENTIONS_DISEASE
2165,226,MENTIONS_DISEASE
2165,6,MENTIONS_PATHOGEN
2165,227,MENTIONS_ANIMAL
2166,78,MENTIONS_LOCATION
2166,109,HAS_DATE
2166,217,MENTIONS_DISEASE
2166,226,MENTIONS_DISEASE
2166,6,MENTIONS_PATHOGEN
2166,227,MENTIONS_ANIMAL
2167,81,HAS_DATE
2167,103,HAS_DATE
2167,109,HAS_DATE
2167,217,MENTIONS_DISEASE
2167,226,MENTIONS_DISEASE
2167,6,MENTIONS_PATHOGEN
2167,227,MENTIONS_ANIMAL
2168,103,HAS_DATE
2168,109,HAS_DATE
2168,217,MENTIONS_DISEASE
2168,226,MENTIONS_DISEASE
2168,6,MENTIONS_PATHOGEN
2168,227,MENTIONS_ANIMAL
2169,130,HAS_DATE
2169,217,MENTIONS_DISEASE
2169,226,MENTIONS_DISEASE
2169,6,MENTIONS_PATHOGEN
2169,12,MENTIONS_ANIMAL
2169,227,MENTIONS_ANIMAL
2170,130,HAS_DATE
2170,217,MENTIONS_DISEASE
2170,226,MENTIONS_DISEASE
2170,6,MENTIONS_PATHOGEN
2170,227,MENTIONS_ANIMAL
2171,16,MENTIONS_LOCATION
2171,103,HAS_DATE
2171,109,HAS_DATE
2171,217,MENTIONS_DISEASE
2171,226,MENTIONS_DISEASE
2171,6,MENTIONS_PATHOGEN
2171,227,MENTIONS_ANIMAL
2172,109,HAS_DATE
2172,217,MENTIONS_DISEASE
2172,226,MENTIONS_DISEASE
2172,6,MENTIONS_PATHOGEN
2172,227,MENTIONS_ANIMAL
2173,130,HAS_DATE
2173,217,MENTIONS_DISEASE
2173,226,MENTIONS_DISEASE
2173,6,MENTIONS_PATHOGEN
2173,227,MENTIONS_ANIMAL
2174,109,HAS_DATE
2174,217,MENTIONS_DISEASE
2174,226,MENTIONS_DISEASE
2174,6,MENTIONS_PATHOGEN
2174,227,MENTIONS_ANIMAL
2175,109,HAS_DATE
2175,217,MENTIONS_DISEASE
2175,226,MENTIONS_DISEASE
2175,6,MENTIONS_PATHOGEN
2175,227,MENTIONS_ANIMAL
2176,109,HAS_DATE
2176,217,MENTIONS_DISEASE
2176,226,MENTIONS_DISEASE
2176,6,MENTIONS_PATHOGEN
2176,227,MENTIONS_ANIMAL
2177,43,MENTIONS_LOCATION
2177,109,HAS_DATE
2177,217,MENTIONS_DISEASE
2177,226,MENTIONS_DISEASE
2177,6,MENTIONS_PATHOGEN
2177,227,MENTIONS_ANIMAL
2178,109,HAS_DATE
2178,217,MENTIONS_DISEASE
2178,226,MENTIONS_DISEASE
2178,6,MENTIONS_PATHOGEN
2178,227,MENTIONS_ANIMAL
2179,109,HAS_DATE
2179,217,MENTIONS_DISEASE
2179,226,MENTIONS_DISEASE
2179,6,MENTIONS_PATHOGEN
2179,227,MENTIONS_ANIMAL
2180,109,HAS_DATE
2180,217,MENTIONS_DISEASE
2180,226,MENTIONS_DISEASE
2180,6,MENTIONS_PATHOGEN
2180,227,MENTIONS_ANIMAL
2181,109,HAS_DATE
2181,217,MENTIONS_DISEASE
2181,226,MENTIONS_DISEASE
2181,6,MENTIONS_PATHOGEN
2181,227,MENTIONS_ANIMAL
2181,64,MENTIONS_ANIMAL
2182,81,HAS_DATE
2182,103,HAS_DATE
2182,109,HAS_DATE
2182,217,MENTIONS_DISEASE
2182,226,MENTIONS_DISEASE
2182,6,MENTIONS_PATHOGEN
2182,227,MENTIONS_ANIMAL
2183,109,HAS_DATE
2183,217,MENTIONS_DISEASE
2183,226,MENTIONS_DISEASE
2183,6,MENTIONS_PATHOGEN
2183,227,MENTIONS_ANIMAL
2184,109,HAS_DATE
2184,217,MENTIONS_DISEASE
2184,226,MENTIONS_DISEASE
2184,6,MENTIONS_PATHOGEN
2184,227,MENTIONS_ANIMAL
2185,109,HAS_DATE
2185,217,MENTIONS_DISEASE
2185,226,MENTIONS_DISEASE
2185,6,MENTIONS_PATHOGEN
2185,227,MENTIONS_ANIMAL
2186,109,HAS_DATE
2186,217,MENTIONS_DISEASE
2186,226,MENTIONS_DISEASE
2186,6,MENTIONS_PATHOGEN
2186,227,MENTIONS_ANIMAL
2187,26,MENTIONS_LOCATION
2187,109,HAS_DATE
2187,217,MENTIONS_DISEASE
2187,226,MENTIONS_DISEASE
2187,6,MENTIONS_PATHOGEN
2187,227,MENTIONS_ANIMAL
2188,109,HAS_DATE
2188,217,MENTIONS_DISEASE
2188,226,MENTIONS_DISEASE
2188,6,MENTIONS_PATHOGEN
2188,227,MENTIONS_ANIMAL
2189,109,HAS_DATE
2189,217,MENTIONS_DISEASE
2189,226,MENTIONS_DISEASE
2189,6,MENTIONS_PATHOGEN
2189,12,MENTIONS_ANIMAL
2189,227,MENTIONS_ANIMAL
2190,109,HAS_DATE
2190,217,MENTIONS_DISEASE
2190,226,MENTIONS_DISEASE
2190,6,MENTIONS_PATHOGEN
2190,227,MENTIONS_ANIMAL
2191,109,HAS_DATE
2191,217,MENTIONS_DISEASE
2191,226,MENTIONS_DISEASE
2191,6,MENTIONS_PATHOGEN
2191,227,MENTIONS_ANIMAL
2192,109,HAS_DATE
2192,217,MENTIONS_DISEASE
2192,226,MENTIONS_DISEASE
2192,6,MENTIONS_PATHOGEN
2192,227,MENTIONS_ANIMAL
2193,109,HAS_DATE
2193,113,MENTIONS_DISEASE
2193,114,MENTIONS_DISEASE
2193,217,MENTIONS_DISEASE
2193,226,MENTIONS_DISEASE
2193,6,MENTIONS_PATHOGEN
2193,12,MENTIONS_ANIMAL
2193,227,MENTIONS_ANIMAL
2194,109,HAS_DATE
2194,217,MENTIONS_DISEASE
2194,226,MENTIONS_DISEASE
2194,6,MENTIONS_PATHOGEN
2194,227,MENTIONS_ANIMAL
2195,109,HAS_DATE
2195,217,MENTIONS_DISEASE
2195,226,MENTIONS_DISEASE
2195,6,MENTIONS_PATHOGEN
2195,227,MENTIONS_ANIMAL
2196,103,HAS_DATE
2196,217,MENTIONS_DISEASE
2196,226,MENTIONS_DISEASE
2196,6,MENTIONS_PATHOGEN
2196,227,MENTIONS_ANIMAL
2197,109,HAS_DATE
2197,217,MENTIONS_DISEASE
2197,226,MENTIONS_DISEASE
2197,6,MENTIONS_PATHOGEN
2197,227,MENTIONS_ANIMAL
2198,109,HAS_DATE
2198,217,MENTIONS_DISEASE
2198,226,MENTIONS_DISEASE
2198,6,MENTIONS_PATHOGEN
2198,227,MENTIONS_ANIMAL
2199,109,HAS_DATE
2199,217,MENTIONS_DISEASE
2199,226,MENTIONS_DISEASE
2199,6,MENTIONS_PATHOGEN
2199,227,MENTIONS_ANIMAL
2200,30,MENTIONS_LOCATION
2200,81,HAS_DATE
2200,103,HAS_DATE
2200,109,HAS_DATE
2200,217,MENTIONS_DISEASE
2200,226,MENTIONS_DISEASE
2200,6,MENTIONS_PATHOGEN
2200,227,MENTIONS_ANIMAL
2201,103,HAS_DATE
2201,109,HAS_DATE
2201,217,MENTIONS_DISEASE
2201,226,MENTIONS_DISEASE
2201,6,MENTIONS_PATHOGEN
2201,227,MENTIONS_ANIMAL
2202,72,HAS_DATE
2202,109,HAS_DATE
2202,217,MENTIONS_DISEASE
2202,226,MENTIONS_DISEASE
2202,6,MENTIONS_PATHOGEN
2202,12,MENTIONS_ANIMAL
2202,227,MENTIONS_ANIMAL
2203,109,HAS_DATE
2203,217,MENTIONS_DISEASE
2203,226,MENTIONS_DISEASE
2203,6,MENTIONS_PATHOGEN
2203,227,MENTIONS_ANIMAL
2204,109,HAS_DATE
2204,217,MENTIONS_DISEASE
2204,226,MENTIONS_DISEASE
2204,6,MENTIONS_PATHOGEN
2204,227,MENTIONS_ANIMAL
2205,78,MENTIONS_LOCATION
2205,103,HAS_DATE
2205,109,HAS_DATE
2205,217,MENTIONS_DISEASE
2205,226,MENTIONS_DISEASE
2205,6,MENTIONS_PATHOGEN
2205,227,MENTIONS_ANIMAL
2206,34,MENTIONS_LOCATION
2206,81,HAS_DATE
2206,109,HAS_DATE
2206,217,MENTIONS_DISEASE
2206,226,MENTIONS_DISEASE
2206,6,MENTIONS_PATHOGEN
2206,12,MENTIONS_ANIMAL
2206,227,MENTIONS_ANIMAL
2207,103,HAS_DATE
2207,109,HAS_DATE
2207,217,MENTIONS_DISEASE
2207,226,MENTIONS_DISEASE
2207,6,MENTIONS_PATHOGEN
2207,227,MENTIONS_ANIMAL
2208,26,MENTIONS_LOCATION
2208,81,HAS_DATE
2208,109,HAS_DATE
2208,217,MENTIONS_DISEASE
2208,226,MENTIONS_DISEASE
2208,6,MENTIONS_PATHOGEN
2208,227,MENTIONS_ANIMAL
2209,109,HAS_DATE
2209,217,MENTIONS_DISEASE
2209,226,MENTIONS_DISEASE
2209,6,MENTIONS_PATHOGEN
2209,227,MENTIONS_ANIMAL
2210,43,MENTIONS_LOCATION
2210,109,HAS_DATE
2210,217,MENTIONS_DISEASE
2210,226,MENTIONS_DISEASE
2210,6,MENTIONS_PATHOGEN
2210,227,MENTIONS_ANIMAL
2211,109,HAS_DATE
2211,217,MENTIONS_DISEASE
2211,226,MENTIONS_DISEASE
2211,6,MENTIONS_PATHOGEN
2211,227,MENTIONS_ANIMAL
2212,109,HAS_DATE
2212,217,MENTIONS_DISEASE
2212,226,MENTIONS_DISEASE
2212,6,MENTIONS_PATHOGEN
2212,227,MENTIONS_ANIMAL
2213,109,HAS_DATE
2213,217,MENTIONS_DISEASE
2213,226,MENTIONS_DISEASE
2213,6,MENTIONS_PATHOGEN
2213,227,MENTIONS_ANIMAL
2214,109,HAS_DATE
2214,217,MENTIONS_DISEASE
2214,226,MENTIONS_DISEASE
2214,6,MENTIONS_PATHOGEN
2214,227,MENTIONS_ANIMAL
2215,109,HAS_DATE
2215,217,MENTIONS_DISEASE
2215,226,MENTIONS_DISEASE
2215,6,MENTIONS_PATHOGEN
2215,227,MENTIONS_ANIMAL
2216,109,HAS_DATE
2216,217,MENTIONS_DISEASE
2216,226,MENTIONS_DISEASE
2216,6,MENTIONS_PATHOGEN
2216,227,MENTIONS_ANIMAL
2217,109,HAS_DATE
2217,217,MENTIONS_DISEASE
2217,226,MENTIONS_DISEASE
2217,6,MENTIONS_PATHOGEN
2217,139,MENTIONS_PATHOGEN
2217,227,MENTIONS_ANIMAL
2218,109,HAS_DATE
2218,217,MENTIONS_DISEASE
2218,226,MENTIONS_DISEASE
2218,6,MENTIONS_PATHOGEN
2218,227,MENTIONS_ANIMAL
2219,109,HAS_DATE
2219,217,MENTIONS_DISEASE
2219,226,MENTIONS_DISEASE
2219,6,MENTIONS_PATHOGEN
2219,227,MENTIONS_ANIMAL
2220,109,HAS_DATE
2220,217,MENTIONS_DISEASE
2220,226,MENTIONS_DISEASE
2220,6,MENTIONS_PATHOGEN
2220,227,MENTIONS_ANIMAL
2221,26,MENTIONS_LOCATION
2221,109,HAS_DATE
2221,217,MENTIONS_DISEASE
2221,226,MENTIONS_DISEASE
2221,6,MENTIONS_PATHOGEN
2221,227,MENTIONS_ANIMAL
2222,109,HAS_DATE
2222,217,MENTIONS_DISEASE
2222,226,MENTIONS_DISEASE
2222,6,MENTIONS_PATHOGEN
2222,227,MENTIONS_ANIMAL
2223,109,HAS_DATE
2223,217,MENTIONS_DISEASE
2223,226,MENTIONS_DISEASE
2223,6,MENTIONS_PATHOGEN
2223,227,MENTIONS_ANIMAL
2224,43,MENTIONS_LOCATION
2224,109,HAS_DATE
2224,217,MENTIONS_DISEASE
2224,226,MENTIONS_DISEASE
2224,6,MENTIONS_PATHOGEN
2224,227,MENTIONS_ANIMAL
2225,109,HAS_DATE
2225,217,MENTIONS_DISEASE
2225,226,MENTIONS_DISEASE
2225,6,MENTIONS_PATHOGEN
2225,227,MENTIONS_ANIMAL
2226,109,HAS_DATE
2226,217,MENTIONS_DISEASE
2226,226,MENTIONS_DISEASE
2226,6,MENTIONS_PATHOGEN
2226,227,MENTIONS_ANIMAL
2227,109,HAS_DATE
2227,217,MENTIONS_DISEASE
2227,226,MENTIONS_DISEASE
2227,6,MENTIONS_PATHOGEN
2227,227,MENTIONS_ANIMAL
2228,43,MENTIONS_LOCATION
2228,109,HAS_DATE
2228,217,MENTIONS_DISEASE
2228,226,MENTIONS_DISEASE
2228,6,MENTIONS_PATHOGEN
2228,227,MENTIONS_ANIMAL
2229,72,HAS_DATE
2229,109,HAS_DATE
2229,217,MENTIONS_DISEASE
2229,226,MENTIONS_DISEASE
2229,6,MENTIONS_PATHOGEN
2229,227,MENTIONS_ANIMAL
2230,109,HAS_DATE
2230,217,MENTIONS_DISEASE
2230,226,MENTIONS_DISEASE
2230,6,MENTIONS_PATHOGEN
2230,227,MENTIONS_ANIMAL
2231,109,HAS_DATE
2231,217,MENTIONS_DISEASE
2231,226,MENTIONS_DISEASE
2231,6,MENTIONS_PATHOGEN
2231,12,MENTIONS_ANIMAL
2231,227,MENTIONS_ANIMAL
2232,109,HAS_DATE
2232,217,MENTIONS_DISEASE
2232,226,MENTIONS_DISEASE
2232,6,MENTIONS_PATHOGEN
2232,227,MENTIONS_ANIMAL
2233,109,HAS_DATE
2233,217,MENTIONS_DISEASE
2233,226,MENTIONS_DISEASE
2233,6,MENTIONS_PATHOGEN
2233,227,MENTIONS_ANIMAL
2234,103,HAS_DATE
2234,109,HAS_DATE
2234,217,MENTIONS_DISEASE
2234,226,MENTIONS_DISEASE
2234,6,MENTIONS_PATHOGEN
2234,227,MENTIONS_ANIMAL
2235,72,HAS_DATE
2235,130,HAS_DATE
2235,217,MENTIONS_DISEASE
2235,226,MENTIONS_DISEASE
2235,6,MENTIONS_PATHOGEN
2235,227,MENTIONS_ANIMAL
2236,109,HAS_DATE
2236,217,MENTIONS_DISEASE
2236,226,MENTIONS_DISEASE
2236,6,MENTIONS_PATHOGEN
2236,12,MENTIONS_ANIMAL
2236,227,MENTIONS_ANIMAL
2237,130,HAS_DATE
2237,217,MENTIONS_DISEASE
2237,226,MENTIONS_DISEASE
2237,6,MENTIONS_PATHOGEN
2237,227,MENTIONS_ANIMAL
2238,109,HAS_DATE
2238,217,MENTIONS_DISEASE
2238,226,MENTIONS_DISEASE
2238,6,MENTIONS_PATHOGEN
2238,227,MENTIONS_ANIMAL
2239,109,HAS_DATE
2239,217,MENTIONS_DISEASE
2239,226,MENTIONS_DISEASE
2239,6,MENTIONS_PATHOGEN
2239,227,MENTIONS_ANIMAL
2240,109,HAS_DATE
2240,217,MENTIONS_DISEASE
2240,226,MENTIONS_DISEASE
2240,6,MENTIONS_PATHOGEN
2240,227,MENTIONS_ANIMAL
2241,109,HAS_DATE
2241,217,MENTIONS_DISEASE
2241,226,MENTIONS_DISEASE
2241,6,MENTIONS_PATHOGEN
2241,227,MENTIONS_ANIMAL
2242,109,HAS_DATE
2242,217,MENTIONS_DISEASE
2242,226,MENTIONS_DISEASE
2242,6,MENTIONS_PATHOGEN
2242,227,MENTIONS_ANIMAL
2243,109,HAS_DATE
2243,217,MENTIONS_DISEASE
2243,226,MENTIONS_DISEASE
2243,6,MENTIONS_PATHOGEN
2243,227,MENTIONS_ANIMAL
2244,109,HAS_DATE
2244,217,MENTIONS_DISEASE
2244,226,MENTIONS_DISEASE
2244,6,MENTIONS_PATHOGEN
2244,227,MENTIONS_ANIMAL
2245,109,HAS_DATE
2245,217,MENTIONS_DISEASE
2245,226,MENTIONS_DISEASE
2245,6,MENTIONS_PATHOGEN
2245,227,MENTIONS_ANIMAL
2246,109,HAS_DATE
2246,217,MENTIONS_DISEASE
2246,226,MENTIONS_DISEASE
2246,6,MENTIONS_PATHOGEN
2246,12,MENTIONS_ANIMAL
2246,227,MENTIONS_ANIMAL
2247,109,HAS_DATE
2247,217,MENTIONS_DISEASE
2247,226,MENTIONS_DISEASE
2247,6,MENTIONS_PATHOGEN
2247,12,MENTIONS_ANIMAL
2247,227,MENTIONS_ANIMAL
2248,109,HAS_DATE
2248,217,MENTIONS_DISEASE
2248,226,MENTIONS_DISEASE
2248,6,MENTIONS_PATHOGEN
2248,227,MENTIONS_ANIMAL
2249,109,HAS_DATE
2249,217,MENTIONS_DISEASE
2249,226,MENTIONS_DISEASE
2249,6,MENTIONS_PATHOGEN
2249,227,MENTIONS_ANIMAL
2250,109,HAS_DATE
2250,217,MENTIONS_DISEASE
2250,226,MENTIONS_DISEASE
2250,6,MENTIONS_PATHOGEN
2250,227,MENTIONS_ANIMAL
2251,109,HAS_DATE
2251,217,MENTIONS_DISEASE
2251,226,MENTIONS_DISEASE
2251,6,MENTIONS_PATHOGEN
2251,227,MENTIONS_ANIMAL
2251,64,MENTIONS_ANIMAL
2252,109,HAS_DATE
2252,217,MENTIONS_DISEASE
2252,226,MENTIONS_DISEASE
2252,6,MENTIONS_PATHOGEN
2252,227,MENTIONS_ANIMAL
2253,109,HAS_DATE
2253,217,MENTIONS_DISEASE
2253,226,MENTIONS_DISEASE
2253,6,MENTIONS_PATHOGEN
2253,227,MENTIONS_ANIMAL
2254,109,HAS_DATE
2254,217,MENTIONS_DISEASE
2254,226,MENTIONS_DISEASE
2254,6,MENTIONS_PATHOGEN
2254,227,MENTIONS_ANIMAL
2255,109,HAS_DATE
2255,217,MENTIONS_DISEASE
2255,226,MENTIONS_DISEASE
2255,6,MENTIONS_PATHOGEN
2255,227,MENTIONS_ANIMAL
2256,109,HAS_DATE
2256,217,MENTIONS_DISEASE
2256,226,MENTIONS_DISEASE
2256,6,MENTIONS_PATHOGEN
2256,227,MENTIONS_ANIMAL
2257,72,HAS_DATE
2257,109,HAS_DATE
2257,217,MENTIONS_DISEASE
2257,226,MENTIONS_DISEASE
2257,6,MENTIONS_PATHOGEN
2257,227,MENTIONS_ANIMAL
2258,109,HAS_DATE
2258,217,MENTIONS_DISEASE
2258,226,MENTIONS_DISEASE
2258,6,MENTIONS_PATHOGEN
2258,12,MENTIONS_ANIMAL
2258,227,MENTIONS_ANIMAL
2259,109,HAS_DATE
2259,217,MENTIONS_DISEASE
2259,226,MENTIONS_DISEASE
2259,6,MENTIONS_PATHOGEN
2259,227,MENTIONS_ANIMAL
2260,109,HAS_DATE
2260,217,MENTIONS_DISEASE
2260,226,MENTIONS_DISEASE
2260,6,MENTIONS_PATHOGEN
2260,227,MENTIONS_ANIMAL
2261,109,HAS_DATE
2261,217,MENTIONS_DISEASE
2261,226,MENTIONS_DISEASE
2261,6,MENTIONS_PATHOGEN
2261,227,MENTIONS_ANIMAL
2262,26,MENTIONS_LOCATION
2262,109,HAS_DATE
2262,217,MENTIONS_DISEASE
2262,226,MENTIONS_DISEASE
2262,6,MENTIONS_PATHOGEN
2262,12,MENTIONS_ANIMAL
2262,227,MENTIONS_ANIMAL
2263,72,HAS_DATE
2263,81,HAS_DATE
2263,109,HAS_DATE
2263,217,MENTIONS_DISEASE
2263,226,MENTIONS_DISEASE
2263,6,MENTIONS_PATHOGEN
2263,227,MENTIONS_ANIMAL
2264,109,HAS_DATE
2264,217,MENTIONS_DISEASE
2264,226,MENTIONS_DISEASE
2264,6,MENTIONS_PATHOGEN
2264,227,MENTIONS_ANIMAL
2265,130,HAS_DATE
2265,134,MENTIONS_PATHOGEN
2265,62,MENTIONS_ANIMAL
2265,63,MENTIONS_ANIMAL
2266,130,HAS_DATE
2266,62,MENTIONS_ANIMAL
2266,63,MENTIONS_ANIMAL
2267,75,MENTIONS_LOCATION
2267,130,HAS_DATE
2267,62,MENTIONS_ANIMAL
2267,63,MENTIONS_ANIMAL
2267,124,MENTIONS_ANIMAL
2267,213,MENTIONS_ANIMAL
2268,2269,HAS_DATE
2268,109,HAS_DATE
2268,130,HAS_DATE
2268,134,MENTIONS_PATHOGEN
2268,62,MENTIONS_ANIMAL
2268,63,MENTIONS_ANIMAL
2270,130,HAS_DATE
2270,62,MENTIONS_ANIMAL
2270,63,MENTIONS_ANIMAL
2271,43,MENTIONS_LOCATION
2271,130,HAS_DATE
2271,120,MENTIONS_DISEASE
2271,62,MENTIONS_ANIMAL
2271,63,MENTIONS_ANIMAL
2272,130,HAS_DATE
2272,120,MENTIONS_DISEASE
2272,62,MENTIONS_ANIMAL
2272,63,MENTIONS_ANIMAL
2273,130,HAS_DATE
2273,4,MENTIONS_DISEASE
2273,5,MENTIONS_DISEASE
2273,8,MENTIONS_PATHOGEN
2273,12,MENTIONS_ANIMAL
2273,62,MENTIONS_ANIMAL
2273,63,MENTIONS_ANIMAL
2274,130,HAS_DATE
2274,62,MENTIONS_ANIMAL
2274,63,MENTIONS_ANIMAL
2275,130,HAS_DATE
2275,62,MENTIONS_ANIMAL
2275,63,MENTIONS_ANIMAL
2276,130,HAS_DATE
2276,62,MENTIONS_ANIMAL
2276,63,MENTIONS_ANIMAL
2277,130,HAS_DATE
2277,12,MENTIONS_ANIMAL
2277,62,MENTIONS_ANIMAL
2277,63,MENTIONS_ANIMAL
2278,130,HAS_DATE
2278,62,MENTIONS_ANIMAL
2278,63,MENTIONS_ANIMAL
2279,130,HAS_DATE
2279,134,MENTIONS_PATHOGEN
2279,62,MENTIONS_ANIMAL
2279,63,MENTIONS_ANIMAL
2280,130,HAS_DATE
2280,62,MENTIONS_ANIMAL
2280,63,MENTIONS_ANIMAL
2281,241,MENTIONS_LOCATION
2281,130,HAS_DATE
2281,60,MENTIONS_ANIMAL
2281,62,MENTIONS_ANIMAL
2281,63,MENTIONS_ANIMAL
2282,26,MENTIONS_LOCATION
2282,130,HAS_DATE
2282,120,MENTIONS_DISEASE
2282,62,MENTIONS_ANIMAL
2282,63,MENTIONS_ANIMAL
2283,130,HAS_DATE
2283,6,MENTIONS_PATHOGEN
2283,62,MENTIONS_ANIMAL
2283,63,MENTIONS_ANIMAL
2284,130,HAS_DATE
2284,6,MENTIONS_PATHOGEN
2284,104,MENTIONS_ANIMAL
2284,62,MENTIONS_ANIMAL
2284,63,MENTIONS_ANIMAL
2285,130,HAS_DATE
2285,6,MENTIONS_PATHOGEN
2285,62,MENTIONS_ANIMAL
2285,63,MENTIONS_ANIMAL
2286,130,HAS_DATE
2286,62,MENTIONS_ANIMAL
2286,63,MENTIONS_ANIMAL
2287,130,HAS_DATE
2287,62,MENTIONS_ANIMAL
2287,63,MENTIONS_ANIMAL
2288,130,HAS_DATE
2288,62,MENTIONS_ANIMAL
2288,63,MENTIONS_ANIMAL
2289,130,HAS_DATE
2289,62,MENTIONS_ANIMAL
2289,63,MENTIONS_ANIMAL
2290,130,HAS_DATE
2290,62,MENTIONS_ANIMAL
2290,63,MENTIONS_ANIMAL
2291,130,HAS_DATE
2291,134,MENTIONS_PATHOGEN
2291,62,MENTIONS_ANIMAL
2291,63,MENTIONS_ANIMAL
2292,196,HAS_DATE
2292,81,HAS_DATE
2292,130,HAS_DATE
2292,62,MENTIONS_ANIMAL
2292,63,MENTIONS_ANIMAL
2293,26,MENTIONS_LOCATION
2293,130,HAS_DATE
2293,62,MENTIONS_ANIMAL
2293,63,MENTIONS_ANIMAL
2293,124,MENTIONS_ANIMAL
2293,213,MENTIONS_ANIMAL
2294,81,HAS_DATE
2294,109,HAS_DATE
2294,130,HAS_DATE
2294,62,MENTIONS_ANIMAL
2294,63,MENTIONS_ANIMAL
2295,44,HAS_DATE
2295,72,HAS_DATE
2295,130,HAS_DATE
2295,120,MENTIONS_DISEASE
2295,62,MENTIONS_ANIMAL
2295,63,MENTIONS_ANIMAL
2296,130,HAS_DATE
2296,62,MENTIONS_ANIMAL
2296,63,MENTIONS_ANIMAL
2296,165,MENTIONS_ANIMAL
2297,130,HAS_DATE
2297,62,MENTIONS_ANIMAL
2297,63,MENTIONS_ANIMAL
2298,26,MENTIONS_LOCATION
2298,130,HAS_DATE
2298,62,MENTIONS_ANIMAL
2298,63,MENTIONS_ANIMAL
2298,124,MENTIONS_ANIMAL
2298,213,MENTIONS_ANIMAL
2299,43,MENTIONS_LOCATION
2299,130,HAS_DATE
2299,62,MENTIONS_ANIMAL
2299,63,MENTIONS_ANIMAL
2300,130,HAS_DATE
2300,62,MENTIONS_ANIMAL
2300,63,MENTIONS_ANIMAL
2301,77,MENTIONS_LOCATION
2301,130,HAS_DATE
2301,120,MENTIONS_DISEASE
2301,12,MENTIONS_ANIMAL
2301,152,MENTIONS_ANIMAL
2301,62,MENTIONS_ANIMAL
2301,63,MENTIONS_ANIMAL
2302,130,HAS_DATE
2302,62,MENTIONS_ANIMAL
2302,63,MENTIONS_ANIMAL
2303,130,HAS_DATE
2303,62,MENTIONS_ANIMAL
2303,63,MENTIONS_ANIMAL
2304,130,HAS_DATE
2304,284,MENTIONS_DISEASE
2304,6,MENTIONS_PATHOGEN
2304,12,MENTIONS_ANIMAL
2304,62,MENTIONS_ANIMAL
2304,63,MENTIONS_ANIMAL
2305,18,HAS_DATE
2305,103,HAS_DATE
2305,130,HAS_DATE
2305,62,MENTIONS_ANIMAL
2305,63,MENTIONS_ANIMAL
2306,130,HAS_DATE
2306,62,MENTIONS_ANIMAL
2306,63,MENTIONS_ANIMAL
2307,130,HAS_DATE
2307,126,MENTIONS_ANIMAL
2307,62,MENTIONS_ANIMAL
2307,63,MENTIONS_ANIMAL
2308,130,HAS_DATE
2308,62,MENTIONS_ANIMAL
2308,63,MENTIONS_ANIMAL
2309,78,MENTIONS_LOCATION
2309,130,HAS_DATE
2309,358,MENTIONS_PATHOGEN
2309,126,MENTIONS_ANIMAL
2309,135,MENTIONS_ANIMAL
2309,12,MENTIONS_ANIMAL
2309,141,MENTIONS_ANIMAL
2309,62,MENTIONS_ANIMAL
2309,63,MENTIONS_ANIMAL
2310,130,HAS_DATE
2310,62,MENTIONS_ANIMAL
2310,63,MENTIONS_ANIMAL
2311,130,HAS_DATE
2311,62,MENTIONS_ANIMAL
2311,63,MENTIONS_ANIMAL
2312,109,HAS_DATE
2312,6,MENTIONS_PATHOGEN
2312,62,MENTIONS_ANIMAL
2312,63,MENTIONS_ANIMAL
2312,165,MENTIONS_ANIMAL
2313,43,MENTIONS_LOCATION
2313,109,HAS_DATE
2313,120,MENTIONS_DISEASE
2313,62,MENTIONS_ANIMAL
2313,63,MENTIONS_ANIMAL
2314,79,MENTIONS_LOCATION
2314,109,HAS_DATE
2314,62,MENTIONS_ANIMAL
2314,63,MENTIONS_ANIMAL
2315,75,MENTIONS_LOCATION
2315,130,HAS_DATE
2315,62,MENTIONS_ANIMAL
2315,63,MENTIONS_ANIMAL
2316,130,HAS_DATE
2316,62,MENTIONS_ANIMAL
2316,63,MENTIONS_ANIMAL
2317,130,HAS_DATE
2317,357,MENTIONS_DISEASE
2317,62,MENTIONS_ANIMAL
2317,63,MENTIONS_ANIMAL
2318,109,HAS_DATE
2318,134,MENTIONS_PATHOGEN
2318,62,MENTIONS_ANIMAL
2318,63,MENTIONS_ANIMAL
2319,130,HAS_DATE
2319,12,MENTIONS_ANIMAL
2319,62,MENTIONS_ANIMAL
2319,63,MENTIONS_ANIMAL
2320,43,MENTIONS_LOCATION
2320,109,HAS_DATE
2320,12,MENTIONS_ANIMAL
2320,62,MENTIONS_ANIMAL
2320,63,MENTIONS_ANIMAL
2321,130,HAS_DATE
2321,6,MENTIONS_PATHOGEN
2321,62,MENTIONS_ANIMAL
2321,242,MENTIONS_ANIMAL
2321,63,MENTIONS_ANIMAL
2322,109,HAS_DATE
2322,23,MENTIONS_DISEASE
2322,6,MENTIONS_PATHOGEN
2322,24,MENTIONS_PATHOGEN
2322,60,MENTIONS_ANIMAL
2322,62,MENTIONS_ANIMAL
2322,63,MENTIONS_ANIMAL
2323,43,MENTIONS_LOCATION
2323,109,HAS_DATE
2323,284,MENTIONS_DISEASE
2323,62,MENTIONS_ANIMAL
2323,63,MENTIONS_ANIMAL
2324,130,HAS_DATE
2324,27,MENTIONS_ANIMAL
2324,28,MENTIONS_ANIMAL
2324,62,MENTIONS_ANIMAL
2324,63,MENTIONS_ANIMAL
2325,130,HAS_DATE
2325,62,MENTIONS_ANIMAL
2325,63,MENTIONS_ANIMAL
2326,109,HAS_DATE
2326,139,MENTIONS_PATHOGEN
2326,62,MENTIONS_ANIMAL
2326,63,MENTIONS_ANIMAL
2327,109,HAS_DATE
2327,62,MENTIONS_ANIMAL
2327,63,MENTIONS_ANIMAL
2328,109,HAS_DATE
2328,62,MENTIONS_ANIMAL
2328,63,MENTIONS_ANIMAL
2329,109,HAS_DATE
2329,12,MENTIONS_ANIMAL
2329,62,MENTIONS_ANIMAL
2329,63,MENTIONS_ANIMAL
2329,165,MENTIONS_ANIMAL
2330,109,HAS_DATE
2330,189,MENTIONS_DISEASE
2330,62,MENTIONS_ANIMAL
2330,63,MENTIONS_ANIMAL
2331,43,MENTIONS_LOCATION
2331,109,HAS_DATE
2331,62,MENTIONS_ANIMAL
2331,63,MENTIONS_ANIMAL
2332,109,HAS_DATE
2332,173,MENTIONS_DISEASE
2332,6,MENTIONS_PATHOGEN
2332,60,MENTIONS_ANIMAL
2332,61,MENTIONS_ANIMAL
2332,62,MENTIONS_ANIMAL
2332,63,MENTIONS_ANIMAL
2333,109,HAS_DATE
2333,62,MENTIONS_ANIMAL
2333,63,MENTIONS_ANIMAL
2334,109,HAS_DATE
2334,62,MENTIONS_ANIMAL
2334,63,MENTIONS_ANIMAL
2335,109,HAS_DATE
2335,6,MENTIONS_PATHOGEN
2335,60,MENTIONS_ANIMAL
2335,62,MENTIONS_ANIMAL
2335,63,MENTIONS_ANIMAL
2336,109,HAS_DATE
2336,62,MENTIONS_ANIMAL
2336,63,MENTIONS_ANIMAL
2337,26,MENTIONS_LOCATION
2337,109,HAS_DATE
2337,23,MENTIONS_DISEASE
2337,6,MENTIONS_PATHOGEN
2337,24,MENTIONS_PATHOGEN
2337,104,MENTIONS_ANIMAL
2337,62,MENTIONS_ANIMAL
2337,63,MENTIONS_ANIMAL
2338,109,HAS_DATE
2338,120,MENTIONS_DISEASE
2338,62,MENTIONS_ANIMAL
2338,63,MENTIONS_ANIMAL
2339,109,HAS_DATE
2339,62,MENTIONS_ANIMAL
2339,63,MENTIONS_ANIMAL
2340,199,MENTIONS_LOCATION
2340,109,HAS_DATE
2340,284,MENTIONS_DISEASE
2340,6,MENTIONS_PATHOGEN
2340,62,MENTIONS_ANIMAL
2340,63,MENTIONS_ANIMAL
2341,109,HAS_DATE
2341,6,MENTIONS_PATHOGEN
2341,12,MENTIONS_ANIMAL
2341,62,MENTIONS_ANIMAL
2341,63,MENTIONS_ANIMAL
2342,109,HAS_DATE
2342,62,MENTIONS_ANIMAL
2342,63,MENTIONS_ANIMAL
2343,109,HAS_DATE
2343,120,MENTIONS_DISEASE
2343,62,MENTIONS_ANIMAL
2343,63,MENTIONS_ANIMAL
2344,109,HAS_DATE
2344,62,MENTIONS_ANIMAL
2344,63,MENTIONS_ANIMAL
2345,109,HAS_DATE
2345,23,MENTIONS_DISEASE
2345,6,MENTIONS_PATHOGEN
2345,24,MENTIONS_PATHOGEN
2345,62,MENTIONS_ANIMAL
2345,63,MENTIONS_ANIMAL
2345,165,MENTIONS_ANIMAL
2346,109,HAS_DATE
2346,189,MENTIONS_DISEASE
2346,62,MENTIONS_ANIMAL
2346,63,MENTIONS_ANIMAL
2347,109,HAS_DATE
2347,12,MENTIONS_ANIMAL
2347,62,MENTIONS_ANIMAL
2347,63,MENTIONS_ANIMAL
2348,109,HAS_DATE
2348,6,MENTIONS_PATHOGEN
2348,62,MENTIONS_ANIMAL
2348,63,MENTIONS_ANIMAL
2349,109,HAS_DATE
2349,62,MENTIONS_ANIMAL
2349,63,MENTIONS_ANIMAL
2350,109,HAS_DATE
2350,62,MENTIONS_ANIMAL
2350,63,MENTIONS_ANIMAL
2351,109,HAS_DATE
2351,62,MENTIONS_ANIMAL
2351,63,MENTIONS_ANIMAL
2352,109,HAS_DATE
2352,62,MENTIONS_ANIMAL
2352,63,MENTIONS_ANIMAL
2353,109,HAS_DATE
2353,151,MENTIONS_ANIMAL
2353,12,MENTIONS_ANIMAL
2353,62,MENTIONS_ANIMAL
2353,63,MENTIONS_ANIMAL
2354,75,MENTIONS_LOCATION
2354,72,HAS_DATE
2354,81,HAS_DATE
2354,109,HAS_DATE
2354,358,MENTIONS_PATHOGEN
2354,62,MENTIONS_ANIMAL
2354,63,MENTIONS_ANIMAL
2355,109,HAS_DATE
2355,62,MENTIONS_ANIMAL
2355,63,MENTIONS_ANIMAL
2356,34,MENTIONS_LOCATION
2356,14,HAS_DATE
2356,73,HAS_DATE
2356,109,HAS_DATE
2356,62,MENTIONS_ANIMAL
2356,63,MENTIONS_ANIMAL
2357,109,HAS_DATE
2357,62,MENTIONS_ANIMAL
2357,63,MENTIONS_ANIMAL
2358,109,HAS_DATE
2358,189,MENTIONS_DISEASE
2358,62,MENTIONS_ANIMAL
2358,63,MENTIONS_ANIMAL
2359,109,HAS_DATE
2359,126,MENTIONS_ANIMAL
2359,135,MENTIONS_ANIMAL
2359,62,MENTIONS_ANIMAL
2359,63,MENTIONS_ANIMAL
2360,109,HAS_DATE
2360,151,MENTIONS_ANIMAL
2360,62,MENTIONS_ANIMAL
2360,63,MENTIONS_ANIMAL
2361,109,HAS_DATE
2361,4,MENTIONS_DISEASE
2361,5,MENTIONS_DISEASE
2361,27,MENTIONS_ANIMAL
2361,62,MENTIONS_ANIMAL
2361,63,MENTIONS_ANIMAL
2362,109,HAS_DATE
2362,62,MENTIONS_ANIMAL
2362,63,MENTIONS_ANIMAL
2363,109,HAS_DATE
2363,284,MENTIONS_DISEASE
2363,6,MENTIONS_PATHOGEN
2363,62,MENTIONS_ANIMAL
2363,63,MENTIONS_ANIMAL
2364,109,HAS_DATE
2364,173,MENTIONS_DISEASE
2364,6,MENTIONS_PATHOGEN
2364,60,MENTIONS_ANIMAL
2364,62,MENTIONS_ANIMAL
2364,63,MENTIONS_ANIMAL
2365,109,HAS_DATE
2365,62,MENTIONS_ANIMAL
2365,63,MENTIONS_ANIMAL
2365,124,MENTIONS_ANIMAL
2365,213,MENTIONS_ANIMAL
2366,109,HAS_DATE
2366,62,MENTIONS_ANIMAL
2366,63,MENTIONS_ANIMAL
2367,109,HAS_DATE
2367,134,MENTIONS_PATHOGEN
2367,126,MENTIONS_ANIMAL
2367,135,MENTIONS_ANIMAL
2367,62,MENTIONS_ANIMAL
2367,63,MENTIONS_ANIMAL
2368,109,HAS_DATE
2368,62,MENTIONS_ANIMAL
2368,63,MENTIONS_ANIMAL
2369,103,HAS_DATE
2369,173,MENTIONS_DISEASE
2369,126,MENTIONS_ANIMAL
2369,62,MENTIONS_ANIMAL
2369,63,MENTIONS_ANIMAL
2370,77,MENTIONS_LOCATION
2370,109,HAS_DATE
2370,4,MENTIONS_DISEASE
2370,12,MENTIONS_ANIMAL
2370,62,MENTIONS_ANIMAL
2370,63,MENTIONS_ANIMAL
2371,109,HAS_DATE
2371,137,MENTIONS_DISEASE
2371,147,MENTIONS_PATHOGEN
2371,62,MENTIONS_ANIMAL
2371,63,MENTIONS_ANIMAL
2372,43,MENTIONS_LOCATION
2372,109,HAS_DATE
2372,126,MENTIONS_ANIMAL
2372,135,MENTIONS_ANIMAL
2372,62,MENTIONS_ANIMAL
2372,63,MENTIONS_ANIMAL
2373,109,HAS_DATE
2373,62,MENTIONS_ANIMAL
2373,63,MENTIONS_ANIMAL
2374,109,HAS_DATE
2374,357,MENTIONS_DISEASE
2374,62,MENTIONS_ANIMAL
2374,63,MENTIONS_ANIMAL
2375,103,HAS_DATE
2375,62,MENTIONS_ANIMAL
2375,63,MENTIONS_ANIMAL
2376,16,MENTIONS_LOCATION
2376,109,HAS_DATE
2376,120,MENTIONS_DISEASE
2376,62,MENTIONS_ANIMAL
2376,63,MENTIONS_ANIMAL
2377,109,HAS_DATE
2377,12,MENTIONS_ANIMAL
2377,62,MENTIONS_ANIMAL
2377,63,MENTIONS_ANIMAL
2378,109,HAS_DATE
2378,139,MENTIONS_PATHOGEN
2378,62,MENTIONS_ANIMAL
2378,63,MENTIONS_ANIMAL
2378,124,MENTIONS_ANIMAL
2378,213,MENTIONS_ANIMAL
2379,109,HAS_DATE
2379,60,MENTIONS_ANIMAL
2379,62,MENTIONS_ANIMAL
2379,63,MENTIONS_ANIMAL
2380,77,MENTIONS_LOCATION
2380,109,HAS_DATE
2380,134,MENTIONS_PATHOGEN
2380,62,MENTIONS_ANIMAL
2380,63,MENTIONS_ANIMAL
2381,103,HAS_DATE
2381,62,MENTIONS_ANIMAL
2381,63,MENTIONS_ANIMAL
2382,109,HAS_DATE
2382,173,MENTIONS_DISEASE
2382,62,MENTIONS_ANIMAL
2382,63,MENTIONS_ANIMAL
2383,103,HAS_DATE
2383,189,MENTIONS_DISEASE
2383,12,MENTIONS_ANIMAL
2383,62,MENTIONS_ANIMAL
2383,63,MENTIONS_ANIMAL
2384,103,HAS_DATE
2384,62,MENTIONS_ANIMAL
2384,63,MENTIONS_ANIMAL
2385,109,HAS_DATE
2385,120,MENTIONS_DISEASE
2385,62,MENTIONS_ANIMAL
2385,63,MENTIONS_ANIMAL
2385,124,MENTIONS_ANIMAL
2386,103,HAS_DATE
2386,62,MENTIONS_ANIMAL
2386,63,MENTIONS_ANIMAL
2387,103,HAS_DATE
2387,357,MENTIONS_DISEASE
2387,62,MENTIONS_ANIMAL
2387,63,MENTIONS_ANIMAL
2388,109,HAS_DATE
2388,4,MENTIONS_DISEASE
2388,6,MENTIONS_PATHOGEN
2388,9,MENTIONS_ANIMAL
2388,104,MENTIONS_ANIMAL
2388,62,MENTIONS_ANIMAL
2388,63,MENTIONS_ANIMAL
2389,103,HAS_DATE
2389,6,MENTIONS_PATHOGEN
2389,62,MENTIONS_ANIMAL
2389,63,MENTIONS_ANIMAL
2390,103,HAS_DATE
2390,62,MENTIONS_ANIMAL
2390,63,MENTIONS_ANIMAL
2391,103,HAS_DATE
2391,62,MENTIONS_ANIMAL
2391,63,MENTIONS_ANIMAL
2392,26,MENTIONS_LOCATION
2392,103,HAS_DATE
2392,62,MENTIONS_ANIMAL
2392,63,MENTIONS_ANIMAL
2393,103,HAS_DATE
2393,62,MENTIONS_ANIMAL
2393,63,MENTIONS_ANIMAL
2394,79,MENTIONS_LOCATION
2394,103,HAS_DATE
2394,134,MENTIONS_PATHOGEN
2394,62,MENTIONS_ANIMAL
2394,63,MENTIONS_ANIMAL
2394,227,MENTIONS_ANIMAL
2395,103,HAS_DATE
2395,62,MENTIONS_ANIMAL
2395,63,MENTIONS_ANIMAL
2396,103,HAS_DATE
2396,62,MENTIONS_ANIMAL
2396,63,MENTIONS_ANIMAL
2397,103,HAS_DATE
2397,226,MENTIONS_DISEASE
2397,6,MENTIONS_PATHOGEN
2397,474,MENTIONS_PATHOGEN
2397,62,MENTIONS_ANIMAL
2397,63,MENTIONS_ANIMAL
2397,227,MENTIONS_ANIMAL
2398,43,MENTIONS_LOCATION
2398,103,HAS_DATE
2398,62,MENTIONS_ANIMAL
2398,63,MENTIONS_ANIMAL
2399,103,HAS_DATE
2399,62,MENTIONS_ANIMAL
2399,63,MENTIONS_ANIMAL
2400,103,HAS_DATE
2400,134,MENTIONS_PATHOGEN
2400,62,MENTIONS_ANIMAL
2400,63,MENTIONS_ANIMAL
2401,103,HAS_DATE
2401,62,MENTIONS_ANIMAL
2401,63,MENTIONS_ANIMAL
2402,103,HAS_DATE
2402,62,MENTIONS_ANIMAL
2402,63,MENTIONS_ANIMAL
2403,103,HAS_DATE
2403,126,MENTIONS_ANIMAL
2403,135,MENTIONS_ANIMAL
2403,62,MENTIONS_ANIMAL
2403,63,MENTIONS_ANIMAL
2404,103,HAS_DATE
2404,62,MENTIONS_ANIMAL
2404,63,MENTIONS_ANIMAL
2405,103,HAS_DATE
2405,189,MENTIONS_DISEASE
2405,60,MENTIONS_ANIMAL
2405,62,MENTIONS_ANIMAL
2405,63,MENTIONS_ANIMAL
2406,43,MENTIONS_LOCATION
2406,81,HAS_DATE
2406,62,MENTIONS_ANIMAL
2406,63,MENTIONS_ANIMAL
2407,143,HAS_DATE
2407,72,HAS_DATE
2407,103,HAS_DATE
2407,62,MENTIONS_ANIMAL
2407,63,MENTIONS_ANIMAL
2408,81,HAS_DATE
2408,120,MENTIONS_DISEASE
2408,62,MENTIONS_ANIMAL
2408,63,MENTIONS_ANIMAL
2409,103,HAS_DATE
2409,27,MENTIONS_ANIMAL
2409,28,MENTIONS_ANIMAL
2409,62,MENTIONS_ANIMAL
2409,63,MENTIONS_ANIMAL
2410,81,HAS_DATE
2410,62,MENTIONS_ANIMAL
2410,63,MENTIONS_ANIMAL
2411,81,HAS_DATE
2411,60,MENTIONS_ANIMAL
2411,62,MENTIONS_ANIMAL
2411,63,MENTIONS_ANIMAL
2412,81,HAS_DATE
2412,62,MENTIONS_ANIMAL
2412,63,MENTIONS_ANIMAL
2413,81,HAS_DATE
2413,62,MENTIONS_ANIMAL
2413,63,MENTIONS_ANIMAL
2414,81,HAS_DATE
2414,12,MENTIONS_ANIMAL
2414,62,MENTIONS_ANIMAL
2414,63,MENTIONS_ANIMAL
2415,81,HAS_DATE
2415,62,MENTIONS_ANIMAL
2415,63,MENTIONS_ANIMAL
2416,81,HAS_DATE
2416,137,MENTIONS_DISEASE
2416,62,MENTIONS_ANIMAL
2416,63,MENTIONS_ANIMAL
2417,81,HAS_DATE
2417,6,MENTIONS_PATHOGEN
2417,62,MENTIONS_ANIMAL
2417,63,MENTIONS_ANIMAL
2418,81,HAS_DATE
2418,62,MENTIONS_ANIMAL
2418,63,MENTIONS_ANIMAL
2419,43,MENTIONS_LOCATION
2419,81,HAS_DATE
2419,134,MENTIONS_PATHOGEN
2419,60,MENTIONS_ANIMAL
2419,62,MENTIONS_ANIMAL
2419,63,MENTIONS_ANIMAL
2420,79,MENTIONS_LOCATION
2420,81,HAS_DATE
2420,134,MENTIONS_PATHOGEN
2420,62,MENTIONS_ANIMAL
2420,63,MENTIONS_ANIMAL
2421,81,HAS_DATE
2421,139,MENTIONS_PATHOGEN
2421,62,MENTIONS_ANIMAL
2421,63,MENTIONS_ANIMAL
2422,43,MENTIONS_LOCATION
2422,81,HAS_DATE
2422,62,MENTIONS_ANIMAL
2422,155,MENTIONS_ANIMAL
2422,63,MENTIONS_ANIMAL
2423,81,HAS_DATE
2423,62,MENTIONS_ANIMAL
2423,63,MENTIONS_ANIMAL
2424,81,HAS_DATE
2424,62,MENTIONS_ANIMAL
2424,63,MENTIONS_ANIMAL
2425,81,HAS_DATE
2425,139,MENTIONS_PATHOGEN
2425,62,MENTIONS_ANIMAL
2425,63,MENTIONS_ANIMAL
2426,76,MENTIONS_LOCATION
2426,81,HAS_DATE
2426,4,MENTIONS_DISEASE
2426,5,MENTIONS_DISEASE
2426,6,MENTIONS_PATHOGEN
2426,7,MENTIONS_PATHOGEN
2426,27,MENTIONS_ANIMAL
2426,62,MENTIONS_ANIMAL
2426,63,MENTIONS_ANIMAL
2427,81,HAS_DATE
2427,62,MENTIONS_ANIMAL
2427,63,MENTIONS_ANIMAL
2428,81,HAS_DATE
2428,62,MENTIONS_ANIMAL
2428,63,MENTIONS_ANIMAL
2429,81,HAS_DATE
2429,62,MENTIONS_ANIMAL
2429,63,MENTIONS_ANIMAL
2430,81,HAS_DATE
2430,6,MENTIONS_PATHOGEN
2430,151,MENTIONS_ANIMAL
2430,60,MENTIONS_ANIMAL
2430,61,MENTIONS_ANIMAL
2430,62,MENTIONS_ANIMAL
2430,63,MENTIONS_ANIMAL
2431,81,HAS_DATE
2431,139,MENTIONS_PATHOGEN
2431,60,MENTIONS_ANIMAL
2431,61,MENTIONS_ANIMAL
2431,62,MENTIONS_ANIMAL
2431,63,MENTIONS_ANIMAL
2432,50,HAS_DATE
2432,112,HAS_DATE
2432,81,HAS_DATE
2432,62,MENTIONS_ANIMAL
2432,63,MENTIONS_ANIMAL
2433,34,MENTIONS_LOCATION
2433,81,HAS_DATE
2433,120,MENTIONS_DISEASE
2433,62,MENTIONS_ANIMAL
2433,63,MENTIONS_ANIMAL
2434,81,HAS_DATE
2434,62,MENTIONS_ANIMAL
2434,63,MENTIONS_ANIMAL
2435,81,HAS_DATE
2435,6,MENTIONS_PATHOGEN
2435,12,MENTIONS_ANIMAL
2435,152,MENTIONS_ANIMAL
2435,62,MENTIONS_ANIMAL
2435,63,MENTIONS_ANIMAL
2436,43,MENTIONS_LOCATION
2436,81,HAS_DATE
2436,134,MENTIONS_PATHOGEN
2436,62,MENTIONS_ANIMAL
2436,63,MENTIONS_ANIMAL
2437,81,HAS_DATE
2437,62,MENTIONS_ANIMAL
2437,63,MENTIONS_ANIMAL
2438,81,HAS_DATE
2438,137,MENTIONS_DISEASE
2438,120,MENTIONS_DISEASE
2438,12,MENTIONS_ANIMAL
2438,62,MENTIONS_ANIMAL
2438,63,MENTIONS_ANIMAL
2439,81,HAS_DATE
2439,62,MENTIONS_ANIMAL
2439,63,MENTIONS_ANIMAL
2440,241,MENTIONS_LOCATION
2440,81,HAS_DATE
2440,62,MENTIONS_ANIMAL
2440,63,MENTIONS_ANIMAL
2441,75,MENTIONS_LOCATION
2441,81,HAS_DATE
2441,62,MENTIONS_ANIMAL
2441,63,MENTIONS_ANIMAL
2442,43,MENTIONS_LOCATION
2442,72,HAS_DATE
2442,62,MENTIONS_ANIMAL
2442,63,MENTIONS_ANIMAL
2443,72,HAS_DATE
2443,474,MENTIONS_PATHOGEN
2443,62,MENTIONS_ANIMAL
2443,63,MENTIONS_ANIMAL
2444,81,HAS_DATE
2444,62,MENTIONS_ANIMAL
2444,63,MENTIONS_ANIMAL
2445,79,MENTIONS_LOCATION
2445,81,HAS_DATE
2445,27,MENTIONS_ANIMAL
2445,28,MENTIONS_ANIMAL
2445,62,MENTIONS_ANIMAL
2445,63,MENTIONS_ANIMAL
2446,72,HAS_DATE
2446,62,MENTIONS_ANIMAL
2446,63,MENTIONS_ANIMAL
2447,72,HAS_DATE
2447,113,MENTIONS_DISEASE
2447,114,MENTIONS_DISEASE
2447,6,MENTIONS_PATHOGEN
2447,62,MENTIONS_ANIMAL
2447,63,MENTIONS_ANIMAL
2448,72,HAS_DATE
2448,62,MENTIONS_ANIMAL
2448,63,MENTIONS_ANIMAL
2449,81,HAS_DATE
2449,62,MENTIONS_ANIMAL
2449,63,MENTIONS_ANIMAL
2450,72,HAS_DATE
2450,6,MENTIONS_PATHOGEN
2450,474,MENTIONS_PATHOGEN
2450,62,MENTIONS_ANIMAL
2450,63,MENTIONS_ANIMAL
2451,72,HAS_DATE
2451,12,MENTIONS_ANIMAL
2451,62,MENTIONS_ANIMAL
2451,63,MENTIONS_ANIMAL
2452,72,HAS_DATE
2452,189,MENTIONS_DISEASE
2452,62,MENTIONS_ANIMAL
2452,63,MENTIONS_ANIMAL
2453,72,HAS_DATE
2453,6,MENTIONS_PATHOGEN
2453,62,MENTIONS_ANIMAL
2453,63,MENTIONS_ANIMAL
2454,72,HAS_DATE
2454,60,MENTIONS_ANIMAL
2454,61,MENTIONS_ANIMAL
2454,62,MENTIONS_ANIMAL
2454,63,MENTIONS_ANIMAL
2455,485,MENTIONS_LOCATION
2455,16,MENTIONS_LOCATION
2455,72,HAS_DATE
2455,62,MENTIONS_ANIMAL
2455,63,MENTIONS_ANIMAL
2456,78,MENTIONS_LOCATION
2456,72,HAS_DATE
2456,4,MENTIONS_DISEASE
2456,5,MENTIONS_DISEASE
2456,62,MENTIONS_ANIMAL
2456,63,MENTIONS_ANIMAL
2457,78,MENTIONS_LOCATION
2457,72,HAS_DATE
2457,260,MENTIONS_DISEASE
2457,6,MENTIONS_PATHOGEN
2457,60,MENTIONS_ANIMAL
2457,61,MENTIONS_ANIMAL
2457,62,MENTIONS_ANIMAL
2457,63,MENTIONS_ANIMAL
2458,43,MENTIONS_LOCATION
2458,72,HAS_DATE
2458,62,MENTIONS_ANIMAL
2458,63,MENTIONS_ANIMAL
2459,79,MENTIONS_LOCATION
2459,72,HAS_DATE
2459,113,MENTIONS_DISEASE
2459,114,MENTIONS_DISEASE
2459,62,MENTIONS_ANIMAL
2459,63,MENTIONS_ANIMAL
2460,22,HAS_DATE
2460,49,HAS_DATE
2460,72,HAS_DATE
2460,173,MENTIONS_DISEASE
2460,62,MENTIONS_ANIMAL
2460,63,MENTIONS_ANIMAL
2461,72,HAS_DATE
2461,6,MENTIONS_PATHOGEN
2461,62,MENTIONS_ANIMAL
2461,63,MENTIONS_ANIMAL
2462,78,MENTIONS_LOCATION
2462,72,HAS_DATE
2462,62,MENTIONS_ANIMAL
2462,63,MENTIONS_ANIMAL
2463,72,HAS_DATE
2463,12,MENTIONS_ANIMAL
2463,62,MENTIONS_ANIMAL
2463,63,MENTIONS_ANIMAL
2464,72,HAS_DATE
2464,62,MENTIONS_ANIMAL
2464,63,MENTIONS_ANIMAL
2464,124,MENTIONS_ANIMAL
2464,213,MENTIONS_ANIMAL
2465,72,HAS_DATE
2465,113,MENTIONS_DISEASE
2465,114,MENTIONS_DISEASE
2465,62,MENTIONS_ANIMAL
2465,63,MENTIONS_ANIMAL
2466,72,HAS_DATE
2466,62,MENTIONS_ANIMAL
2466,63,MENTIONS_ANIMAL
2467,78,MENTIONS_LOCATION
2467,72,HAS_DATE
2467,4,MENTIONS_DISEASE
2467,5,MENTIONS_DISEASE
2467,6,MENTIONS_PATHOGEN
2467,7,MENTIONS_PATHOGEN
2467,151,MENTIONS_ANIMAL
2467,62,MENTIONS_ANIMAL
2467,63,MENTIONS_ANIMAL
2468,72,HAS_DATE
2468,6,MENTIONS_PATHOGEN
2468,12,MENTIONS_ANIMAL
2468,152,MENTIONS_ANIMAL
2468,62,MENTIONS_ANIMAL
2468,63,MENTIONS_ANIMAL
2469,72,HAS_DATE
2469,6,MENTIONS_PATHOGEN
2469,12,MENTIONS_ANIMAL
2469,62,MENTIONS_ANIMAL
2469,63,MENTIONS_ANIMAL
2470,72,HAS_DATE
2470,62,MENTIONS_ANIMAL
2470,63,MENTIONS_ANIMAL
2471,73,HAS_DATE
2471,358,MENTIONS_PATHOGEN
2471,62,MENTIONS_ANIMAL
2471,63,MENTIONS_ANIMAL
2472,73,HAS_DATE
2472,4,MENTIONS_DISEASE
2472,6,MENTIONS_PATHOGEN
2472,62,MENTIONS_ANIMAL
2472,63,MENTIONS_ANIMAL
2473,73,HAS_DATE
2473,62,MENTIONS_ANIMAL
2473,63,MENTIONS_ANIMAL
2474,72,HAS_DATE
2474,62,MENTIONS_ANIMAL
2474,63,MENTIONS_ANIMAL
2475,73,HAS_DATE
2475,41,MENTIONS_DISEASE
2475,62,MENTIONS_ANIMAL
2475,63,MENTIONS_ANIMAL
2476,73,HAS_DATE
2476,113,MENTIONS_DISEASE
2476,114,MENTIONS_DISEASE
2476,12,MENTIONS_ANIMAL
2476,62,MENTIONS_ANIMAL
2476,63,MENTIONS_ANIMAL
2477,73,HAS_DATE
2477,12,MENTIONS_ANIMAL
2477,62,MENTIONS_ANIMAL
2477,63,MENTIONS_ANIMAL
2478,73,HAS_DATE
2478,23,MENTIONS_DISEASE
2478,6,MENTIONS_PATHOGEN
2478,24,MENTIONS_PATHOGEN
2478,62,MENTIONS_ANIMAL
2478,63,MENTIONS_ANIMAL
2478,165,MENTIONS_ANIMAL
2479,73,HAS_DATE
2479,62,MENTIONS_ANIMAL
2479,63,MENTIONS_ANIMAL
2480,73,HAS_DATE
2480,62,MENTIONS_ANIMAL
2480,63,MENTIONS_ANIMAL
2481,73,HAS_DATE
2481,62,MENTIONS_ANIMAL
2481,63,MENTIONS_ANIMAL
2482,73,HAS_DATE
2482,62,MENTIONS_ANIMAL
2482,63,MENTIONS_ANIMAL
2483,72,HAS_DATE
2483,12,MENTIONS_ANIMAL
2483,141,MENTIONS_ANIMAL
2483,62,MENTIONS_ANIMAL
2483,63,MENTIONS_ANIMAL
2484,73,HAS_DATE
2484,62,MENTIONS_ANIMAL
2484,63,MENTIONS_ANIMAL
2485,73,HAS_DATE
2485,60,MENTIONS_ANIMAL
2485,62,MENTIONS_ANIMAL
2485,63,MENTIONS_ANIMAL
2486,73,HAS_DATE
2486,62,MENTIONS_ANIMAL
2486,63,MENTIONS_ANIMAL
2487,73,HAS_DATE
2487,139,MENTIONS_PATHOGEN
2487,134,MENTIONS_PATHOGEN
2487,62,MENTIONS_ANIMAL
2487,63,MENTIONS_ANIMAL
2487,124,MENTIONS_ANIMAL
2487,213,MENTIONS_ANIMAL
2488,76,MENTIONS_LOCATION
2488,73,HAS_DATE
2488,62,MENTIONS_ANIMAL
2488,63,MENTIONS_ANIMAL
2489,73,HAS_DATE
2489,62,MENTIONS_ANIMAL
2489,63,MENTIONS_ANIMAL
2490,73,HAS_DATE
2490,62,MENTIONS_ANIMAL
2490,63,MENTIONS_ANIMAL
2491,72,HAS_DATE
2491,62,MENTIONS_ANIMAL
2491,63,MENTIONS_ANIMAL
2492,72,HAS_DATE
2492,62,MENTIONS_ANIMAL
2492,63,MENTIONS_ANIMAL
2493,73,HAS_DATE
2493,113,MENTIONS_DISEASE
2493,114,MENTIONS_DISEASE
2493,62,MENTIONS_ANIMAL
2493,63,MENTIONS_ANIMAL
2494,78,MENTIONS_LOCATION
2494,73,HAS_DATE
2494,260,MENTIONS_DISEASE
2494,6,MENTIONS_PATHOGEN
2494,62,MENTIONS_ANIMAL
2494,63,MENTIONS_ANIMAL
2495,73,HAS_DATE
2495,173,MENTIONS_DISEASE
2495,60,MENTIONS_ANIMAL
2495,126,MENTIONS_ANIMAL
2495,135,MENTIONS_ANIMAL
2495,62,MENTIONS_ANIMAL
2495,63,MENTIONS_ANIMAL
2496,73,HAS_DATE
2496,284,MENTIONS_DISEASE
2496,6,MENTIONS_PATHOGEN
2496,151,MENTIONS_ANIMAL
2496,62,MENTIONS_ANIMAL
2496,63,MENTIONS_ANIMAL
2497,73,HAS_DATE
2497,113,MENTIONS_DISEASE
2497,114,MENTIONS_DISEASE
2497,62,MENTIONS_ANIMAL
2497,63,MENTIONS_ANIMAL
2498,73,HAS_DATE
2498,62,MENTIONS_ANIMAL
2498,63,MENTIONS_ANIMAL
2499,73,HAS_DATE
2499,62,MENTIONS_ANIMAL
2499,63,MENTIONS_ANIMAL
2500,21,HAS_DATE
2500,50,HAS_DATE
2500,73,HAS_DATE
2500,62,MENTIONS_ANIMAL
2500,63,MENTIONS_ANIMAL
2501,43,MENTIONS_LOCATION
2501,73,HAS_DATE
2501,62,MENTIONS_ANIMAL
2501,63,MENTIONS_ANIMAL
2502,43,MENTIONS_LOCATION
2502,73,HAS_DATE
2502,6,MENTIONS_PATHOGEN
2502,12,MENTIONS_ANIMAL
2502,152,MENTIONS_ANIMAL
2502,62,MENTIONS_ANIMAL
2502,63,MENTIONS_ANIMAL
2503,73,HAS_DATE
2503,189,MENTIONS_DISEASE
2503,62,MENTIONS_ANIMAL
2503,63,MENTIONS_ANIMAL
2504,52,HAS_DATE
2504,17,HAS_DATE
2504,72,HAS_DATE
2504,6,MENTIONS_PATHOGEN
2504,62,MENTIONS_ANIMAL
2504,63,MENTIONS_ANIMAL
2505,73,HAS_DATE
2505,173,MENTIONS_DISEASE
2505,62,MENTIONS_ANIMAL
2505,63,MENTIONS_ANIMAL
2506,73,HAS_DATE
2506,284,MENTIONS_DISEASE
2506,6,MENTIONS_PATHOGEN
2506,62,MENTIONS_ANIMAL
2506,63,MENTIONS_ANIMAL
2507,73,HAS_DATE
2507,12,MENTIONS_ANIMAL
2507,152,MENTIONS_ANIMAL
2507,62,MENTIONS_ANIMAL
2507,156,MENTIONS_ANIMAL
2507,63,MENTIONS_ANIMAL
2508,73,HAS_DATE
2508,23,MENTIONS_DISEASE
2508,6,MENTIONS_PATHOGEN
2508,24,MENTIONS_PATHOGEN
2508,62,MENTIONS_ANIMAL
2508,63,MENTIONS_ANIMAL
2509,112,HAS_DATE
2509,73,HAS_DATE
2509,62,MENTIONS_ANIMAL
2509,63,MENTIONS_ANIMAL
2510,43,MENTIONS_LOCATION
2510,73,HAS_DATE
2510,120,MENTIONS_DISEASE
2510,62,MENTIONS_ANIMAL
2510,63,MENTIONS_ANIMAL
2511,72,HAS_DATE
2511,62,MENTIONS_ANIMAL
2511,63,MENTIONS_ANIMAL
2512,73,HAS_DATE
2512,62,MENTIONS_ANIMAL
2512,63,MENTIONS_ANIMAL
2513,76,MENTIONS_LOCATION
2513,73,HAS_DATE
2513,62,MENTIONS_ANIMAL
2513,63,MENTIONS_ANIMAL
2514,73,HAS_DATE
2514,120,MENTIONS_DISEASE
2514,62,MENTIONS_ANIMAL
2514,63,MENTIONS_ANIMAL
2515,73,HAS_DATE
2515,137,MENTIONS_DISEASE
2515,147,MENTIONS_PATHOGEN
2515,12,MENTIONS_ANIMAL
2515,62,MENTIONS_ANIMAL
2515,63,MENTIONS_ANIMAL
2516,73,HAS_DATE
2516,62,MENTIONS_ANIMAL
2516,63,MENTIONS_ANIMAL
2517,73,HAS_DATE
2517,113,MENTIONS_DISEASE
2517,114,MENTIONS_DISEASE
2517,62,MENTIONS_ANIMAL
2517,63,MENTIONS_ANIMAL
2518,39,HAS_DATE
2518,17,HAS_DATE
2518,73,HAS_DATE
2518,62,MENTIONS_ANIMAL
2518,63,MENTIONS_ANIMAL
2518,165,MENTIONS_ANIMAL
2519,17,HAS_DATE
2519,73,HAS_DATE
2519,113,MENTIONS_DISEASE
2519,114,MENTIONS_DISEASE
2519,23,MENTIONS_DISEASE
2519,6,MENTIONS_PATHOGEN
2519,24,MENTIONS_PATHOGEN
2519,62,MENTIONS_ANIMAL
2519,63,MENTIONS_ANIMAL
2520,112,HAS_DATE
2520,62,MENTIONS_ANIMAL
2520,63,MENTIONS_ANIMAL
2521,73,HAS_DATE
2521,62,MENTIONS_ANIMAL
2521,63,MENTIONS_ANIMAL
2522,112,HAS_DATE
2522,120,MENTIONS_DISEASE
2522,12,MENTIONS_ANIMAL
2522,62,MENTIONS_ANIMAL
2522,63,MENTIONS_ANIMAL
2523,112,HAS_DATE
2523,126,MENTIONS_ANIMAL
2523,62,MENTIONS_ANIMAL
2523,63,MENTIONS_ANIMAL
2524,112,HAS_DATE
2524,113,MENTIONS_DISEASE
2524,114,MENTIONS_DISEASE
2524,62,MENTIONS_ANIMAL
2524,63,MENTIONS_ANIMAL
2525,73,HAS_DATE
2525,62,MENTIONS_ANIMAL
2525,63,MENTIONS_ANIMAL
2526,112,HAS_DATE
2526,189,MENTIONS_DISEASE
2526,62,MENTIONS_ANIMAL
2526,63,MENTIONS_ANIMAL
2527,73,HAS_DATE
2527,62,MENTIONS_ANIMAL
2527,63,MENTIONS_ANIMAL
2528,112,HAS_DATE
2528,62,MENTIONS_ANIMAL
2528,63,MENTIONS_ANIMAL
2529,43,MENTIONS_LOCATION
2529,112,HAS_DATE
2529,62,MENTIONS_ANIMAL
2529,63,MENTIONS_ANIMAL
2530,73,HAS_DATE
2530,23,MENTIONS_DISEASE
2530,6,MENTIONS_PATHOGEN
2530,24,MENTIONS_PATHOGEN
2530,12,MENTIONS_ANIMAL
2530,62,MENTIONS_ANIMAL
2530,63,MENTIONS_ANIMAL
2531,485,MENTIONS_LOCATION
2531,16,MENTIONS_LOCATION
2531,112,HAS_DATE
2531,120,MENTIONS_DISEASE
2531,62,MENTIONS_ANIMAL
2531,63,MENTIONS_ANIMAL
2532,112,HAS_DATE
2532,62,MENTIONS_ANIMAL
2532,63,MENTIONS_ANIMAL
2533,112,HAS_DATE
2533,62,MENTIONS_ANIMAL
2533,63,MENTIONS_ANIMAL
2534,26,MENTIONS_LOCATION
2534,112,HAS_DATE
2534,62,MENTIONS_ANIMAL
2534,63,MENTIONS_ANIMAL
2535,112,HAS_DATE
2535,62,MENTIONS_ANIMAL
2535,63,MENTIONS_ANIMAL
2536,112,HAS_DATE
2536,62,MENTIONS_ANIMAL
2536,63,MENTIONS_ANIMAL
2537,112,HAS_DATE
2537,12,MENTIONS_ANIMAL
2537,62,MENTIONS_ANIMAL
2537,63,MENTIONS_ANIMAL
2538,73,HAS_DATE
2538,120,MENTIONS_DISEASE
2538,62,MENTIONS_ANIMAL
2538,63,MENTIONS_ANIMAL
2539,112,HAS_DATE
2539,62,MENTIONS_ANIMAL
2539,63,MENTIONS_ANIMAL
2540,112,HAS_DATE
2540,173,MENTIONS_DISEASE
2540,6,MENTIONS_PATHOGEN
2540,62,MENTIONS_ANIMAL
2540,63,MENTIONS_ANIMAL
2541,16,MENTIONS_LOCATION
2541,73,HAS_DATE
2541,120,MENTIONS_DISEASE
2541,62,MENTIONS_ANIMAL
2541,63,MENTIONS_ANIMAL
2542,112,HAS_DATE
2542,120,MENTIONS_DISEASE
2542,62,MENTIONS_ANIMAL
2542,63,MENTIONS_ANIMAL
2543,34,MENTIONS_LOCATION
2543,112,HAS_DATE
2543,357,MENTIONS_DISEASE
2543,12,MENTIONS_ANIMAL
2543,62,MENTIONS_ANIMAL
2543,63,MENTIONS_ANIMAL
2544,43,MENTIONS_LOCATION
2544,112,HAS_DATE
2544,62,MENTIONS_ANIMAL
2544,63,MENTIONS_ANIMAL
2545,112,HAS_DATE
2545,6,MENTIONS_PATHOGEN
2545,12,MENTIONS_ANIMAL
2545,62,MENTIONS_ANIMAL
2545,63,MENTIONS_ANIMAL
2546,112,HAS_DATE
2546,358,MENTIONS_PATHOGEN
2546,62,MENTIONS_ANIMAL
2546,63,MENTIONS_ANIMAL
2546,124,MENTIONS_ANIMAL
2546,213,MENTIONS_ANIMAL
2547,112,HAS_DATE
2547,62,MENTIONS_ANIMAL
2547,63,MENTIONS_ANIMAL
2548,112,HAS_DATE
2548,173,MENTIONS_DISEASE
2548,62,MENTIONS_ANIMAL
2548,63,MENTIONS_ANIMAL
2549,112,HAS_DATE
2549,62,MENTIONS_ANIMAL
2549,63,MENTIONS_ANIMAL
2550,75,MENTIONS_LOCATION
2550,130,HAS_DATE
2550,2551,MENTIONS_DISEASE
2552,75,MENTIONS_LOCATION
2552,130,HAS_DATE
2552,2551,MENTIONS_DISEASE
2552,63,MENTIONS_ANIMAL
2553,75,MENTIONS_LOCATION
2553,130,HAS_DATE
2553,2551,MENTIONS_DISEASE
2554,75,MENTIONS_LOCATION
2554,130,HAS_DATE
2554,2551,MENTIONS_DISEASE
2555,75,MENTIONS_LOCATION
2555,109,HAS_DATE
2555,2551,MENTIONS_DISEASE
2556,75,MENTIONS_LOCATION
2556,109,HAS_DATE
2556,2551,MENTIONS_DISEASE
2557,75,MENTIONS_LOCATION
2557,109,HAS_DATE
2557,2551,MENTIONS_DISEASE
2558,75,MENTIONS_LOCATION
2558,109,HAS_DATE
2558,2551,MENTIONS_DISEASE
2558,165,MENTIONS_ANIMAL
2559,75,MENTIONS_LOCATION
2559,109,HAS_DATE
2559,2551,MENTIONS_DISEASE
2559,6,MENTIONS_PATHOGEN
2560,75,MENTIONS_LOCATION
2560,109,HAS_DATE
2560,2551,MENTIONS_DISEASE
2561,75,MENTIONS_LOCATION
2561,109,HAS_DATE
2561,2551,MENTIONS_DISEASE
2561,6,MENTIONS_PATHOGEN
2562,75,MENTIONS_LOCATION
2562,109,HAS_DATE
2562,2551,MENTIONS_DISEASE
2562,12,MENTIONS_ANIMAL
2563,75,MENTIONS_LOCATION
2563,103,HAS_DATE
2563,2551,MENTIONS_DISEASE
2563,6,MENTIONS_PATHOGEN
2564,75,MENTIONS_LOCATION
2564,103,HAS_DATE
2564,2551,MENTIONS_DISEASE
2565,75,MENTIONS_LOCATION
2565,103,HAS_DATE
2565,2551,MENTIONS_DISEASE
2566,75,MENTIONS_LOCATION
2566,103,HAS_DATE
2566,2551,MENTIONS_DISEASE
2567,75,MENTIONS_LOCATION
2567,220,MENTIONS_LOCATION
2567,103,HAS_DATE
2567,2551,MENTIONS_DISEASE
2567,155,MENTIONS_ANIMAL
2568,75,MENTIONS_LOCATION
2568,312,MENTIONS_LOCATION
2568,2569,MENTIONS_LOCATION
2568,81,HAS_DATE
2568,2551,MENTIONS_DISEASE
2568,139,MENTIONS_PATHOGEN
2570,75,MENTIONS_LOCATION
2570,103,HAS_DATE
2570,2551,MENTIONS_DISEASE
2571,75,MENTIONS_LOCATION
2571,220,MENTIONS_LOCATION
2571,103,HAS_DATE
2571,2551,MENTIONS_DISEASE
2572,75,MENTIONS_LOCATION
2572,81,HAS_DATE
2572,2551,MENTIONS_DISEASE
2573,75,MENTIONS_LOCATION
2573,81,HAS_DATE
2573,2551,MENTIONS_DISEASE
2574,75,MENTIONS_LOCATION
2574,81,HAS_DATE
2574,2551,MENTIONS_DISEASE
2575,75,MENTIONS_LOCATION
2575,72,HAS_DATE
2575,2551,MENTIONS_DISEASE
2576,75,MENTIONS_LOCATION
2576,220,MENTIONS_LOCATION
2576,72,HAS_DATE
2576,2551,MENTIONS_DISEASE
2577,75,MENTIONS_LOCATION
2577,73,HAS_DATE
2577,2551,MENTIONS_DISEASE
2577,6,MENTIONS_PATHOGEN
2578,75,MENTIONS_LOCATION
2578,73,HAS_DATE
2578,2551,MENTIONS_DISEASE
2578,12,MENTIONS_ANIMAL
2579,75,MENTIONS_LOCATION
2579,220,MENTIONS_LOCATION
2579,72,HAS_DATE
2579,2551,MENTIONS_DISEASE
2580,75,MENTIONS_LOCATION
2580,73,HAS_DATE
2580,2551,MENTIONS_DISEASE
2580,6,MENTIONS_PATHOGEN
2581,75,MENTIONS_LOCATION
2581,2582,HAS_DATE
2581,112,HAS_DATE
2581,73,HAS_DATE
2581,2551,MENTIONS_DISEASE
2581,64,MENTIONS_ANIMAL
2583,75,MENTIONS_LOCATION
2583,220,MENTIONS_LOCATION
2583,73,HAS_DATE
2583,2551,MENTIONS_DISEASE
2584,75,MENTIONS_LOCATION
2584,73,HAS_DATE
2584,2551,MENTIONS_DISEASE
2585,75,MENTIONS_LOCATION
2585,73,HAS_DATE
2585,2551,MENTIONS_DISEASE
2586,75,MENTIONS_LOCATION
2586,73,HAS_DATE
2586,2551,MENTIONS_DISEASE
2587,75,MENTIONS_LOCATION
2587,112,HAS_DATE
2587,2551,MENTIONS_DISEASE
2587,6,MENTIONS_PATHOGEN
2588,75,MENTIONS_LOCATION
2588,17,HAS_DATE
2588,2551,MENTIONS_DISEASE
2588,6,MENTIONS_PATHOGEN
2589,75,MENTIONS_LOCATION
2589,112,HAS_DATE
2589,2551,MENTIONS_DISEASE
2589,6,MENTIONS_PATHOGEN
2590,75,MENTIONS_LOCATION
2590,17,HAS_DATE
2590,2551,MENTIONS_DISEASE
2590,6,MENTIONS_PATHOGEN
2590,165,MENTIONS_ANIMAL
2591,75,MENTIONS_LOCATION
2591,17,HAS_DATE
2591,2551,MENTIONS_DISEASE
2592,75,MENTIONS_LOCATION
2592,50,HAS_DATE
2592,49,HAS_DATE
2592,17,HAS_DATE
2592,2551,MENTIONS_DISEASE
2593,75,MENTIONS_LOCATION
2593,49,HAS_DATE
2593,2551,MENTIONS_DISEASE
2594,75,MENTIONS_LOCATION
2594,49,HAS_DATE
2594,2551,MENTIONS_DISEASE
2594,227,MENTIONS_ANIMAL
2595,75,MENTIONS_LOCATION
2595,49,HAS_DATE
2595,2551,MENTIONS_DISEASE
2595,6,MENTIONS_PATHOGEN
2596,75,MENTIONS_LOCATION
2596,19,HAS_DATE
2596,2551,MENTIONS_DISEASE
2597,75,MENTIONS_LOCATION
2597,50,HAS_DATE
2597,2551,MENTIONS_DISEASE
2598,75,MENTIONS_LOCATION
2598,220,MENTIONS_LOCATION
2598,50,HAS_DATE
2598,2551,MENTIONS_DISEASE
2599,75,MENTIONS_LOCATION
2599,19,HAS_DATE
2599,2551,MENTIONS_DISEASE
2599,6,MENTIONS_PATHOGEN
2600,75,MENTIONS_LOCATION
2600,83,HAS_DATE
2600,2551,MENTIONS_DISEASE
2601,75,MENTIONS_LOCATION
2601,83,HAS_DATE
2601,176,MENTIONS_DISEASE
2601,2551,MENTIONS_DISEASE
2601,12,MENTIONS_ANIMAL
2602,75,MENTIONS_LOCATION
2602,22,HAS_DATE
2602,2551,MENTIONS_DISEASE
2603,75,MENTIONS_LOCATION
2603,143,HAS_DATE
2603,2551,MENTIONS_DISEASE
2603,6,MENTIONS_PATHOGEN
2603,165,MENTIONS_ANIMAL
2604,75,MENTIONS_LOCATION
2604,14,HAS_DATE
2604,2551,MENTIONS_DISEASE
2604,6,MENTIONS_PATHOGEN
2605,75,MENTIONS_LOCATION
2605,52,HAS_DATE
2605,2551,MENTIONS_DISEASE
2606,75,MENTIONS_LOCATION
2606,69,HAS_DATE
2606,2551,MENTIONS_DISEASE
2606,156,MENTIONS_ANIMAL
2606,124,MENTIONS_ANIMAL
2606,213,MENTIONS_ANIMAL
2607,75,MENTIONS_LOCATION
2607,2608,HAS_DATE
2607,2609,HAS_DATE
2607,1521,HAS_DATE
2607,2551,MENTIONS_DISEASE
2607,227,MENTIONS_ANIMAL
2610,75,MENTIONS_LOCATION
2610,1637,HAS_DATE
2610,2551,MENTIONS_DISEASE
2611,75,MENTIONS_LOCATION
2611,472,HAS_DATE
2611,2551,MENTIONS_DISEASE
2611,6,MENTIONS_PATHOGEN
2612,75,MENTIONS_LOCATION
2612,2613,HAS_DATE
2612,2551,MENTIONS_DISEASE
2614,75,MENTIONS_LOCATION
2614,2609,HAS_DATE
2614,2551,MENTIONS_DISEASE
2614,6,MENTIONS_PATHOGEN
2615,75,MENTIONS_LOCATION
2615,1639,HAS_DATE
2615,2551,MENTIONS_DISEASE
2615,227,MENTIONS_ANIMAL
2616,75,MENTIONS_LOCATION
2616,1639,HAS_DATE
2616,176,MENTIONS_DISEASE
2616,2551,MENTIONS_DISEASE
2616,6,MENTIONS_PATHOGEN
2617,75,MENTIONS_LOCATION
2617,429,HAS_DATE
2617,2551,MENTIONS_DISEASE
2617,6,MENTIONS_PATHOGEN
2618,75,MENTIONS_LOCATION
2618,2619,HAS_DATE
2618,2551,MENTIONS_DISEASE
2620,75,MENTIONS_LOCATION
2620,2619,HAS_DATE
2620,2551,MENTIONS_DISEASE
2620,6,MENTIONS_PATHOGEN
2620,124,MENTIONS_ANIMAL
2621,75,MENTIONS_LOCATION
2621,891,HAS_DATE
2621,2551,MENTIONS_DISEASE
2621,6,MENTIONS_PATHOGEN
2622,75,MENTIONS_LOCATION
2622,891,HAS_DATE
2622,2551,MENTIONS_DISEASE
2622,6,MENTIONS_PATHOGEN
2623,75,MENTIONS_LOCATION
2623,2624,HAS_DATE
2623,891,HAS_DATE
2623,2551,MENTIONS_DISEASE
2623,6,MENTIONS_PATHOGEN
2625,75,MENTIONS_LOCATION
2625,2626,HAS_DATE
2625,2608,HAS_DATE
2625,891,HAS_DATE
2625,2551,MENTIONS_DISEASE
2627,75,MENTIONS_LOCATION
2627,2626,HAS_DATE
2627,2608,HAS_DATE
2627,891,HAS_DATE
2627,2551,MENTIONS_DISEASE
2627,6,MENTIONS_PATHOGEN
2628,75,MENTIONS_LOCATION
2628,2626,HAS_DATE
2628,891,HAS_DATE
2628,2551,MENTIONS_DISEASE
2628,165,MENTIONS_ANIMAL
2629,75,MENTIONS_LOCATION
2629,891,HAS_DATE
2629,2551,MENTIONS_DISEASE
2629,6,MENTIONS_PATHOGEN
2630,75,MENTIONS_LOCATION
2630,2631,HAS_DATE
2630,2551,MENTIONS_DISEASE
2630,6,MENTIONS_PATHOGEN
2632,75,MENTIONS_LOCATION
2632,2631,HAS_DATE
2632,2551,MENTIONS_DISEASE
2632,6,MENTIONS_PATHOGEN
2632,124,MENTIONS_ANIMAL
2632,213,MENTIONS_ANIMAL
2633,75,MENTIONS_LOCATION
2633,130,HAS_DATE
2633,487,MENTIONS_DISEASE
2633,488,MENTIONS_PATHOGEN
2634,75,MENTIONS_LOCATION
2634,130,HAS_DATE
2634,487,MENTIONS_DISEASE
2634,488,MENTIONS_PATHOGEN
2635,75,MENTIONS_LOCATION
2635,130,HAS_DATE
2635,487,MENTIONS_DISEASE
2635,488,MENTIONS_PATHOGEN
2636,75,MENTIONS_LOCATION
2636,14,HAS_DATE
2636,49,HAS_DATE
2636,130,HAS_DATE
2636,487,MENTIONS_DISEASE
2636,488,MENTIONS_PATHOGEN
2637,75,MENTIONS_LOCATION
2637,154,MENTIONS_LOCATION
2637,130,HAS_DATE
2637,487,MENTIONS_DISEASE
2637,488,MENTIONS_PATHOGEN
2638,75,MENTIONS_LOCATION
2638,130,HAS_DATE
2638,487,MENTIONS_DISEASE
2638,488,MENTIONS_PATHOGEN
2639,75,MENTIONS_LOCATION
2639,154,MENTIONS_LOCATION
2639,130,HAS_DATE
2639,487,MENTIONS_DISEASE
2639,488,MENTIONS_PATHOGEN
2640,75,MENTIONS_LOCATION
2640,130,HAS_DATE
2640,487,MENTIONS_DISEASE
2640,488,MENTIONS_PATHOGEN
2641,75,MENTIONS_LOCATION
2641,130,HAS_DATE
2641,487,MENTIONS_DISEASE
2641,488,MENTIONS_PATHOGEN
2642,75,MENTIONS_LOCATION
2642,130,HAS_DATE
2642,487,MENTIONS_DISEASE
2642,488,MENTIONS_PATHOGEN
2643,75,MENTIONS_LOCATION
2643,130,HAS_DATE
2643,487,MENTIONS_DISEASE
2643,488,MENTIONS_PATHOGEN
2644,75,MENTIONS_LOCATION
2644,130,HAS_DATE
2644,487,MENTIONS_DISEASE
2644,488,MENTIONS_PATHOGEN
2645,75,MENTIONS_LOCATION
2645,130,HAS_DATE
2645,487,MENTIONS_DISEASE
2645,488,MENTIONS_PATHOGEN
2646,75,MENTIONS_LOCATION
2646,130,HAS_DATE
2646,487,MENTIONS_DISEASE
2646,488,MENTIONS_PATHOGEN
2647,75,MENTIONS_LOCATION
2647,130,HAS_DATE
2647,487,MENTIONS_DISEASE
2647,488,MENTIONS_PATHOGEN
2647,124,MENTIONS_ANIMAL
2647,213,MENTIONS_ANIMAL
2648,75,MENTIONS_LOCATION
2648,130,HAS_DATE
2648,487,MENTIONS_DISEASE
2648,488,MENTIONS_PATHOGEN
2649,75,MENTIONS_LOCATION
2649,130,HAS_DATE
2649,487,MENTIONS_DISEASE
2649,488,MENTIONS_PATHOGEN
2650,75,MENTIONS_LOCATION
2650,130,HAS_DATE
2650,487,MENTIONS_DISEASE
2650,488,MENTIONS_PATHOGEN
2651,75,MENTIONS_LOCATION
2651,130,HAS_DATE
2651,487,MENTIONS_DISEASE
2651,488,MENTIONS_PATHOGEN
2651,12,MENTIONS_ANIMAL
2652,75,MENTIONS_LOCATION
2652,130,HAS_DATE
2652,487,MENTIONS_DISEASE
2652,488,MENTIONS_PATHOGEN
2653,75,MENTIONS_LOCATION
2653,130,HAS_DATE
2653,487,MENTIONS_DISEASE
2653,488,MENTIONS_PATHOGEN
2654,75,MENTIONS_LOCATION
2654,130,HAS_DATE
2654,487,MENTIONS_DISEASE
2654,488,MENTIONS_PATHOGEN
2655,75,MENTIONS_LOCATION
2655,130,HAS_DATE
2655,487,MENTIONS_DISEASE
2655,488,MENTIONS_PATHOGEN
2656,75,MENTIONS_LOCATION
2656,130,HAS_DATE
2656,487,MENTIONS_DISEASE
2656,488,MENTIONS_PATHOGEN
2657,75,MENTIONS_LOCATION
2657,130,HAS_DATE
2657,487,MENTIONS_DISEASE
2657,488,MENTIONS_PATHOGEN
2658,75,MENTIONS_LOCATION
2658,130,HAS_DATE
2658,487,MENTIONS_DISEASE
2658,488,MENTIONS_PATHOGEN
2659,75,MENTIONS_LOCATION
2659,130,HAS_DATE
2659,487,MENTIONS_DISEASE
2659,488,MENTIONS_PATHOGEN
2659,12,MENTIONS_ANIMAL
2660,75,MENTIONS_LOCATION
2660,130,HAS_DATE
2660,487,MENTIONS_DISEASE
2660,488,MENTIONS_PATHOGEN
2661,75,MENTIONS_LOCATION
2661,130,HAS_DATE
2661,487,MENTIONS_DISEASE
2661,488,MENTIONS_PATHOGEN
2661,134,MENTIONS_PATHOGEN
2661,124,MENTIONS_ANIMAL
2662,75,MENTIONS_LOCATION
2662,130,HAS_DATE
2662,487,MENTIONS_DISEASE
2662,488,MENTIONS_PATHOGEN
2663,75,MENTIONS_LOCATION
2663,130,HAS_DATE
2663,487,MENTIONS_DISEASE
2663,488,MENTIONS_PATHOGEN
2664,75,MENTIONS_LOCATION
2664,130,HAS_DATE
2664,487,MENTIONS_DISEASE
2664,488,MENTIONS_PATHOGEN
2665,75,MENTIONS_LOCATION
2665,130,HAS_DATE
2665,487,MENTIONS_DISEASE
2665,488,MENTIONS_PATHOGEN
2666,75,MENTIONS_LOCATION
2666,130,HAS_DATE
2666,487,MENTIONS_DISEASE
2666,488,MENTIONS_PATHOGEN
2667,75,MENTIONS_LOCATION
2667,130,HAS_DATE
2667,487,MENTIONS_DISEASE
2667,488,MENTIONS_PATHOGEN
2668,75,MENTIONS_LOCATION
2668,130,HAS_DATE
2668,487,MENTIONS_DISEASE
2668,488,MENTIONS_PATHOGEN
2668,358,MENTIONS_PATHOGEN
2668,60,MENTIONS_ANIMAL
2669,75,MENTIONS_LOCATION
2669,130,HAS_DATE
2669,487,MENTIONS_DISEASE
2669,488,MENTIONS_PATHOGEN
2670,75,MENTIONS_LOCATION
2670,130,HAS_DATE
2670,487,MENTIONS_DISEASE
2670,488,MENTIONS_PATHOGEN
2671,75,MENTIONS_LOCATION
2671,81,HAS_DATE
2671,130,HAS_DATE
2671,487,MENTIONS_DISEASE
2671,488,MENTIONS_PATHOGEN
2672,75,MENTIONS_LOCATION
2672,72,HAS_DATE
2672,81,HAS_DATE
2672,130,HAS_DATE
2672,487,MENTIONS_DISEASE
2672,488,MENTIONS_PATHOGEN
2673,75,MENTIONS_LOCATION
2673,130,HAS_DATE
2673,487,MENTIONS_DISEASE
2673,488,MENTIONS_PATHOGEN
2674,75,MENTIONS_LOCATION
2674,518,MENTIONS_LOCATION
2674,130,HAS_DATE
2674,487,MENTIONS_DISEASE
2674,488,MENTIONS_PATHOGEN
2675,75,MENTIONS_LOCATION
2675,130,HAS_DATE
2675,487,MENTIONS_DISEASE
2675,488,MENTIONS_PATHOGEN
2675,12,MENTIONS_ANIMAL
2676,75,MENTIONS_LOCATION
2676,109,HAS_DATE
2676,487,MENTIONS_DISEASE
2676,488,MENTIONS_PATHOGEN
2677,75,MENTIONS_LOCATION
2677,130,HAS_DATE
2677,487,MENTIONS_DISEASE
2677,488,MENTIONS_PATHOGEN
2677,124,MENTIONS_ANIMAL
2677,213,MENTIONS_ANIMAL
2678,75,MENTIONS_LOCATION
2678,109,HAS_DATE
2678,487,MENTIONS_DISEASE
2678,488,MENTIONS_PATHOGEN
2679,75,MENTIONS_LOCATION
2679,109,HAS_DATE
2679,487,MENTIONS_DISEASE
2679,488,MENTIONS_PATHOGEN
2680,75,MENTIONS_LOCATION
2680,109,HAS_DATE
2680,487,MENTIONS_DISEASE
2680,488,MENTIONS_PATHOGEN
2681,75,MENTIONS_LOCATION
2681,130,HAS_DATE
2681,487,MENTIONS_DISEASE
2681,488,MENTIONS_PATHOGEN
2682,75,MENTIONS_LOCATION
2682,109,HAS_DATE
2682,487,MENTIONS_DISEASE
2682,488,MENTIONS_PATHOGEN
2682,12,MENTIONS_ANIMAL
2683,75,MENTIONS_LOCATION
2683,109,HAS_DATE
2683,487,MENTIONS_DISEASE
2683,488,MENTIONS_PATHOGEN
2684,75,MENTIONS_LOCATION
2684,109,HAS_DATE
2684,487,MENTIONS_DISEASE
2684,488,MENTIONS_PATHOGEN
2685,75,MENTIONS_LOCATION
2685,130,HAS_DATE
2685,487,MENTIONS_DISEASE
2685,488,MENTIONS_PATHOGEN
2686,75,MENTIONS_LOCATION
2686,46,HAS_DATE
2686,109,HAS_DATE
2686,487,MENTIONS_DISEASE
2686,488,MENTIONS_PATHOGEN
2687,75,MENTIONS_LOCATION
2687,312,MENTIONS_LOCATION
2687,109,HAS_DATE
2687,487,MENTIONS_DISEASE
2687,488,MENTIONS_PATHOGEN
2688,75,MENTIONS_LOCATION
2688,109,HAS_DATE
2688,487,MENTIONS_DISEASE
2688,488,MENTIONS_PATHOGEN
2689,75,MENTIONS_LOCATION
2689,2690,MENTIONS_LOCATION
2689,109,HAS_DATE
2689,487,MENTIONS_DISEASE
2689,488,MENTIONS_PATHOGEN
2691,75,MENTIONS_LOCATION
2691,154,MENTIONS_LOCATION
2691,109,HAS_DATE
2691,487,MENTIONS_DISEASE
2691,488,MENTIONS_PATHOGEN
2692,75,MENTIONS_LOCATION
2692,109,HAS_DATE
2692,487,MENTIONS_DISEASE
2692,488,MENTIONS_PATHOGEN
2693,75,MENTIONS_LOCATION
2693,109,HAS_DATE
2693,487,MENTIONS_DISEASE
2693,488,MENTIONS_PATHOGEN
2694,75,MENTIONS_LOCATION
2694,130,HAS_DATE
2694,487,MENTIONS_DISEASE
2694,488,MENTIONS_PATHOGEN
2695,75,MENTIONS_LOCATION
2695,109,HAS_DATE
2695,487,MENTIONS_DISEASE
2695,488,MENTIONS_PATHOGEN
2696,75,MENTIONS_LOCATION
2696,109,HAS_DATE
2696,487,MENTIONS_DISEASE
2696,488,MENTIONS_PATHOGEN
2696,12,MENTIONS_ANIMAL
2697,75,MENTIONS_LOCATION
2697,109,HAS_DATE
2697,487,MENTIONS_DISEASE
2697,488,MENTIONS_PATHOGEN
2698,75,MENTIONS_LOCATION
2698,109,HAS_DATE
2698,487,MENTIONS_DISEASE
2698,488,MENTIONS_PATHOGEN
2699,75,MENTIONS_LOCATION
2699,109,HAS_DATE
2699,487,MENTIONS_DISEASE
2699,488,MENTIONS_PATHOGEN
2700,75,MENTIONS_LOCATION
2700,109,HAS_DATE
2700,487,MENTIONS_DISEASE
2700,488,MENTIONS_PATHOGEN
2701,75,MENTIONS_LOCATION
2701,130,HAS_DATE
2701,487,MENTIONS_DISEASE
2701,488,MENTIONS_PATHOGEN
2702,75,MENTIONS_LOCATION
2702,130,HAS_DATE
2702,487,MENTIONS_DISEASE
2702,488,MENTIONS_PATHOGEN
2703,75,MENTIONS_LOCATION
2703,130,HAS_DATE
2703,487,MENTIONS_DISEASE
2703,488,MENTIONS_PATHOGEN
2704,75,MENTIONS_LOCATION
2704,109,HAS_DATE
2704,487,MENTIONS_DISEASE
2704,488,MENTIONS_PATHOGEN
2705,75,MENTIONS_LOCATION
2705,109,HAS_DATE
2705,487,MENTIONS_DISEASE
2705,488,MENTIONS_PATHOGEN
2706,75,MENTIONS_LOCATION
2706,109,HAS_DATE
2706,487,MENTIONS_DISEASE
2706,488,MENTIONS_PATHOGEN
2707,75,MENTIONS_LOCATION
2707,109,HAS_DATE
2707,487,MENTIONS_DISEASE
2707,488,MENTIONS_PATHOGEN
2708,75,MENTIONS_LOCATION
2708,109,HAS_DATE
2708,487,MENTIONS_DISEASE
2708,488,MENTIONS_PATHOGEN
2709,75,MENTIONS_LOCATION
2709,109,HAS_DATE
2709,487,MENTIONS_DISEASE
2709,488,MENTIONS_PATHOGEN
2710,75,MENTIONS_LOCATION
2710,109,HAS_DATE
2710,487,MENTIONS_DISEASE
2710,488,MENTIONS_PATHOGEN
2711,75,MENTIONS_LOCATION
2711,2690,MENTIONS_LOCATION
2711,109,HAS_DATE
2711,487,MENTIONS_DISEASE
2711,488,MENTIONS_PATHOGEN
2712,75,MENTIONS_LOCATION
2712,109,HAS_DATE
2712,487,MENTIONS_DISEASE
2712,488,MENTIONS_PATHOGEN
2713,75,MENTIONS_LOCATION
2713,109,HAS_DATE
2713,487,MENTIONS_DISEASE
2713,488,MENTIONS_PATHOGEN
2714,75,MENTIONS_LOCATION
2714,109,HAS_DATE
2714,487,MENTIONS_DISEASE
2714,488,MENTIONS_PATHOGEN
2715,75,MENTIONS_LOCATION
2715,109,HAS_DATE
2715,487,MENTIONS_DISEASE
2715,488,MENTIONS_PATHOGEN
2716,75,MENTIONS_LOCATION
2716,109,HAS_DATE
2716,487,MENTIONS_DISEASE
2716,488,MENTIONS_PATHOGEN
2717,75,MENTIONS_LOCATION
2717,220,MENTIONS_LOCATION
2717,109,HAS_DATE
2717,487,MENTIONS_DISEASE
2717,488,MENTIONS_PATHOGEN
2718,75,MENTIONS_LOCATION
2718,109,HAS_DATE
2718,487,MENTIONS_DISEASE
2718,488,MENTIONS_PATHOGEN
2718,12,MENTIONS_ANIMAL
2719,75,MENTIONS_LOCATION
2719,109,HAS_DATE
2719,487,MENTIONS_DISEASE
2719,488,MENTIONS_PATHOGEN
2720,75,MENTIONS_LOCATION
2720,312,MENTIONS_LOCATION
2720,109,HAS_DATE
2720,487,MENTIONS_DISEASE
2720,488,MENTIONS_PATHOGEN
